Site,spec_code,site_code,trap_type,spec_no,spec_notes,class,order,fam,genus,specie,fun_group,month,start_date,end_date,lat,long,elevation_m,county
Applewood Community Garden,APP-V-1,APP,vane,1,UNK,Insecta,Hemiptera,,,,,June,17-06-2025,20-06-2025,39.76071279,-105.1446095,1687.57,Jefferson
Applewood Community Garden,APP-V-2,APP,vane,2,UNK,Insecta,Hemiptera,,,,,June,17-06-2025,20-06-2025,39.76071279,-105.1446095,1687.57,Jefferson
Applewood Community Garden,APP-V-3,APP,vane,3,UNK,Insecta,Hemiptera,,,,,June,17-06-2025,20-06-2025,39.76071279,-105.1446095,1687.57,Jefferson
Applewood Community Garden,APP-V-4,APP,vane,4,springtail,Entognatha,Collembola,,,,Detritivore,June,17-06-2025,20-06-2025,39.76071279,-105.1446095,1687.57,Jefferson
Applewood Community Garden,APP-V-5,APP,vane,5,fly,Insecta,Diptera,,,,,June,17-06-2025,20-06-2025,39.76071279,-105.1446095,1687.57,Jefferson
Applewood Community Garden,APP-V-6,APP,vane,6,fly,Insecta,Diptera,,,,,June,17-06-2025,20-06-2025,39.76071279,-105.1446095,1687.57,Jefferson
Applewood Community Garden,APP-V-7,APP,vane,7,UNK,Insecta,Hemiptera,,,,,June,17-06-2025,20-06-2025,39.76071279,-105.1446095,1687.57,Jefferson
Applewood Community Garden,APP-V-8,APP,vane,8,springtail,Entognatha,Collembola,,,,Detritivore,June,17-06-2025,20-06-2025,39.76071279,-105.1446095,1687.57,Jefferson
Applewood Community Garden,APP-V-9,APP,vane,9,springtail,Entognatha,Collembola,,,,Detritivore,June,17-06-2025,20-06-2025,39.76071279,-105.1446095,1687.57,Jefferson
Applewood Community Garden,APP-V-10,APP,vane,10,springtail,Entognatha,Collembola,,,,Detritivore,June,17-06-2025,20-06-2025,39.76071279,-105.1446095,1687.57,Jefferson
Applewood Community Garden,APP-V-11,APP,vane,11,springtail,Entognatha,Collembola,,,,Detritivore,June,17-06-2025,20-06-2025,39.76071279,-105.1446095,1687.57,Jefferson
Applewood Community Garden,APP-V-12,APP,vane,12,springtail,Entognatha,Collembola,,,,Detritivore,June,17-06-2025,20-06-2025,39.76071279,-105.1446095,1687.57,Jefferson
Applewood Community Garden,APP-V-13,APP,vane,13,springtail,Entognatha,Collembola,,,,Detritivore,June,17-06-2025,20-06-2025,39.76071279,-105.1446095,1687.57,Jefferson
Applewood Community Garden,APP-V-14,APP,vane,14,springtail,Entognatha,Collembola,,,,Detritivore,June,17-06-2025,20-06-2025,39.76071279,-105.1446095,1687.57,Jefferson
Applewood Community Garden,APP-V-15,APP,vane,15,springtail,Entognatha,Collembola,,,,Detritivore,June,17-06-2025,20-06-2025,39.76071279,-105.1446095,1687.57,Jefferson
Applewood Community Garden,APP-V-16,APP,vane,16,springtail,Entognatha,Collembola,,,,Detritivore,June,17-06-2025,20-06-2025,39.76071279,-105.1446095,1687.57,Jefferson
Applewood Community Garden,APP-V-17,APP,vane,17,springtail,Entognatha,Collembola,,,,Detritivore,June,17-06-2025,20-06-2025,39.76071279,-105.1446095,1687.57,Jefferson
Applewood Community Garden,APP-V-18,APP,vane,18,springtail,Entognatha,Collembola,,,,Detritivore,June,17-06-2025,20-06-2025,39.76071279,-105.1446095,1687.57,Jefferson
Applewood Community Garden,APP-V-19,APP,vane,19,springtail,Entognatha,Collembola,,,,Detritivore,June,17-06-2025,20-06-2025,39.76071279,-105.1446095,1687.57,Jefferson
Applewood Community Garden,APP-V-20,APP,vane,20,springtail,Entognatha,Collembola,,,,Detritivore,June,17-06-2025,20-06-2025,39.76071279,-105.1446095,1687.57,Jefferson
Applewood Community Garden,APP-V-21,APP,vane,21,springtail,Entognatha,Collembola,,,,Detritivore,June,17-06-2025,20-06-2025,39.76071279,-105.1446095,1687.57,Jefferson
Applewood Community Garden,APP-V-22,APP,vane,22,springtail,Entognatha,Collembola,,,,Detritivore,June,17-06-2025,20-06-2025,39.76071279,-105.1446095,1687.57,Jefferson
Applewood Community Garden,APP-V-23,APP,vane,23,springtail,Entognatha,Collembola,,,,Detritivore,June,17-06-2025,20-06-2025,39.76071279,-105.1446095,1687.57,Jefferson
Applewood Community Garden,APP-V-24,APP,vane,24,springtail,Entognatha,Collembola,,,,Detritivore,June,17-06-2025,20-06-2025,39.76071279,-105.1446095,1687.57,Jefferson
Applewood Community Garden,APP-V-25,APP,vane,25,springtail,Entognatha,Collembola,,,,Detritivore,June,17-06-2025,20-06-2025,39.76071279,-105.1446095,1687.57,Jefferson
Applewood Community Garden,APP-V-26,APP,vane,26,springtail,Entognatha,Collembola,,,,Detritivore,June,17-06-2025,20-06-2025,39.76071279,-105.1446095,1687.57,Jefferson
Applewood Community Garden,APP-V-27,APP,vane,27,springtail,Entognatha,Collembola,,,,Detritivore,June,17-06-2025,20-06-2025,39.76071279,-105.1446095,1687.57,Jefferson
Applewood Community Garden,APP-V-28,APP,vane,28,springtail,Entognatha,Collembola,,,,Detritivore,June,17-06-2025,20-06-2025,39.76071279,-105.1446095,1687.57,Jefferson
Applewood Community Garden,APP-V-29,APP,vane,29,springtail,Entognatha,Collembola,,,,Detritivore,June,17-06-2025,20-06-2025,39.76071279,-105.1446095,1687.57,Jefferson
Applewood Community Garden,APP-V-30,APP,vane,30,Thrips,Insecta,Thysanoptera,,,,Herbivore,June,17-06-2025,20-06-2025,39.76071279,-105.1446095,1687.57,Jefferson
Applewood Community Garden,APP-V-31,APP,vane,31,Thrips,Insecta,Thysanoptera,,,,Herbivore,June,17-06-2025,20-06-2025,39.76071279,-105.1446095,1687.57,Jefferson
Applewood Community Garden,APP-V-32,APP,vane,32,Thrips,Insecta,Thysanoptera,,,,Herbivore,June,17-06-2025,20-06-2025,39.76071279,-105.1446095,1687.57,Jefferson
Applewood Community Garden,APP-V-33,APP,vane,33,Thrips,Insecta,Thysanoptera,,,,Herbivore,June,17-06-2025,20-06-2025,39.76071279,-105.1446095,1687.57,Jefferson
Applewood Community Garden,APP-V-34,APP,vane,34,Thrips,Insecta,Thysanoptera,,,,Herbivore,June,17-06-2025,20-06-2025,39.76071279,-105.1446095,1687.57,Jefferson
Applewood Community Garden,APP-V-35,APP,vane,35,Thrips,Insecta,Thysanoptera,,,,Herbivore,June,17-06-2025,20-06-2025,39.76071279,-105.1446095,1687.57,Jefferson
Applewood Community Garden,APP-V-36,APP,vane,36,Aphids,Insecta,Hemiptera,Aphididae,,,Herbivore,June,17-06-2025,20-06-2025,39.76071279,-105.1446095,1687.57,Jefferson
Applewood Community Garden,APP-V-37,APP,vane,37,Thrips,Insecta,Thysanoptera,,,,Herbivore,June,17-06-2025,20-06-2025,39.76071279,-105.1446095,1687.57,Jefferson
Applewood Community Garden,APP-V-38,APP,vane,38,Earwig,Insecta,Dermaptera,Forficulidae,Forficula,auricularia,Omnivore,June,17-06-2025,20-06-2025,39.76071279,-105.1446095,1687.57,Jefferson
Applewood Community Garden,APP-V-39,APP,vane,39,Earwig,Insecta,Dermaptera,Forficulidae,Forficula,auricularia,Omnivore,June,17-06-2025,20-06-2025,39.76071279,-105.1446095,1687.57,Jefferson
Applewood Community Garden,APP-V-40,APP,vane,40,Earwig,Insecta,Dermaptera,Forficulidae,Forficula,auricularia,Omnivore,June,17-06-2025,20-06-2025,39.76071279,-105.1446095,1687.57,Jefferson
Applewood Community Garden,APP-V-41,APP,vane,41,Fly,Insecta,Diptera,Muscidae,,,Detritivore,June,17-06-2025,20-06-2025,39.76071279,-105.1446095,1687.57,Jefferson
Applewood Community Garden,APP-V-42,APP,vane,42,Beetle,Insecta,Coleoptera,,,,,June,17-06-2025,20-06-2025,39.76071279,-105.1446095,1687.57,Jefferson
Applewood Community Garden,APP-V-43,APP,vane,43,Beetle,Insecta,Coleoptera,,,,,June,17-06-2025,20-06-2025,39.76071279,-105.1446095,1687.57,Jefferson
Applewood Community Garden,APP-V-44,APP,vane,44,Harvestmen,Arachnida,Opiliones,,,,Predator/Scavenger,June,17-06-2025,20-06-2025,39.76071279,-105.1446095,1687.57,Jefferson
Applewood Community Garden,APP-V-45,APP,vane,45,Bug,Insecta,Hemiptera,Miridae,Orthops,scutellatus,Herbivore,June,17-06-2025,20-06-2025,39.76071279,-105.1446095,1687.57,Jefferson
Applewood Community Garden,APP-P-1,APP,pitfall_2,1,daddy long legs,Arachnida,Opiliones,,,,Predator/Scavenger,June,17-06-2025,20-06-2025,39.76071279,-105.1446095,1687.57,Jefferson
Applewood Community Garden,APP-P-2,APP,pitfall_2,2,beetle,Insecta,Coleoptera,,,,,June,17-06-2025,20-06-2025,39.76071279,-105.1446095,1687.57,Jefferson
Applewood Community Garden,APP-P-3,APP,pitfall_2,3,Centipede,Chilopoda,,,,,Predator,June,17-06-2025,20-06-2025,39.76071279,-105.1446095,1687.57,Jefferson
Applewood Community Garden,APP-P-4,APP,pitfall_2,4,small fly,Insecta,Diptera,,,,,June,17-06-2025,20-06-2025,39.76071279,-105.1446095,1687.57,Jefferson
Applewood Community Garden,APP-P-5,APP,pitfall_2,5,small spider,Arachnida,Araneae,,,,Predator,June,17-06-2025,20-06-2025,39.76071279,-105.1446095,1687.57,Jefferson
Applewood Community Garden,APP-P-6,APP,pitfall_2,6,Te,Diplopoda,,,,,Detritivore,June,17-06-2025,20-06-2025,39.76071279,-105.1446095,1687.57,Jefferson
Applewood Community Garden,APP-P-7,APP,pitfall_2,7,ant,Insecta,Hymenoptera,Formicidae,Tetramorium,immigrans,Omnivore,June,17-06-2025,20-06-2025,39.76071279,-105.1446095,1687.57,Jefferson
Applewood Community Garden,APP-P-8,APP,pitfall_2,8,ant,Insecta,Hymenoptera,Formicidae,Tetramorium,immigrans,Omnivore,June,17-06-2025,20-06-2025,39.76071279,-105.1446095,1687.57,Jefferson
Applewood Community Garden,APP-P-9,APP,pitfall_2,9,small spider,Arachnida,Araneae,,,,Predator,June,17-06-2025,20-06-2025,39.76071279,-105.1446095,1687.57,Jefferson
Applewood Community Garden,APP-P-10,APP,pitfall_2,10,small fly,Insecta,Diptera,Muscidae,,,Detritivore,June,17-06-2025,20-06-2025,39.76071279,-105.1446095,1687.57,Jefferson
Applewood Community Garden,APP-P-11,APP,pitfall_2,11,ant,Insecta,Hymenoptera,Formicidae,Tetramorium,immigrans,Omnivore,June,17-06-2025,20-06-2025,39.76071279,-105.1446095,1687.57,Jefferson
Applewood Community Garden,APP-P-12,APP,pitfall_2,12,milipede,Diplopoda,,,,,Detritivore,June,17-06-2025,20-06-2025,39.76071279,-105.1446095,1687.57,Jefferson
Applewood Community Garden,APP-P-13,APP,pitfall_2,13,milipede,Diplopoda,,,,,Detritivore,June,17-06-2025,20-06-2025,39.76071279,-105.1446095,1687.57,Jefferson
Applewood Community Garden,APP-P-14,APP,pitfall_2,14,milipede,Diplopoda,,,,,Detritivore,June,17-06-2025,20-06-2025,39.76071279,-105.1446095,1687.57,Jefferson
Applewood Community Garden,APP-P-15,APP,pitfall_2,15,milipede,Diplopoda,,,,,Detritivore,June,17-06-2025,20-06-2025,39.76071279,-105.1446095,1687.57,Jefferson
Applewood Community Garden,APP-P-16,APP,pitfall_2,16,ant,Insecta,Hymenoptera,Formicidae,Tetramorium,immigrans,Omnivore,June,17-06-2025,20-06-2025,39.76071279,-105.1446095,1687.57,Jefferson
Applewood Community Garden,APP-P-17,APP,pitfall_1,17,Centipede,Chilopoda,,,,,Predator,June,17-06-2025,20-06-2025,39.76071279,-105.1446095,1687.57,Jefferson
Applewood Community Garden,APP-P-18,APP,pitfall_1,18,milipede,Diplopoda,,,,,Detritivore,June,17-06-2025,20-06-2025,39.76071279,-105.1446095,1687.57,Jefferson
Applewood Community Garden,APP-P-19,APP,pitfall_1,19,milipede,Diplopoda,,,,,Detritivore,June,17-06-2025,20-06-2025,39.76071279,-105.1446095,1687.57,Jefferson
Applewood Community Garden,APP-P-20,APP,pitfall_1,20,milipede,Diplopoda,,,,,Detritivore,June,17-06-2025,20-06-2025,39.76071279,-105.1446095,1687.57,Jefferson
Applewood Community Garden,APP-P-21,APP,pitfall_1,21,ant,Insecta,Hymenoptera,Formicidae,,,Omnivore,June,17-06-2025,20-06-2025,39.76071279,-105.1446095,1687.57,Jefferson
Applewood Community Garden,APP-P-22,APP,pitfall_1,22,rolly-polly,Malacostraca,Isopoda,Armadillidae,,,Detritivore,June,17-06-2025,20-06-2025,39.76071279,-105.1446095,1687.57,Jefferson
Applewood Community Garden,APP-P-23,APP,pitfall_1,23,rolly-polly,Malacostraca,Isopoda,Armadillidae,,,Detritivore,June,17-06-2025,20-06-2025,39.76071279,-105.1446095,1687.57,Jefferson
Applewood Community Garden,APP-P-24,APP,pitfall_1,24,rolly-polly,Malacostraca,Isopoda,Armadillidae,,,Detritivore,June,17-06-2025,20-06-2025,39.76071279,-105.1446095,1687.57,Jefferson
Applewood Community Garden,APP-P-25,APP,pitfall_1,25,rolly-polly,Malacostraca,Isopoda,Armadillidae,,,Detritivore,June,17-06-2025,20-06-2025,39.76071279,-105.1446095,1687.57,Jefferson
Applewood Community Garden,APP-P-26,APP,pitfall_1,26,rolly-polly,Malacostraca,Isopoda,Armadillidae,,,Detritivore,June,17-06-2025,20-06-2025,39.76071279,-105.1446095,1687.57,Jefferson
Applewood Community Garden,APP-P-27,APP,pitfall_1,27,rolly-polly,Malacostraca,Isopoda,Armadillidae,,,Detritivore,June,17-06-2025,20-06-2025,39.76071279,-105.1446095,1687.57,Jefferson
Applewood Community Garden,APP-P-28,APP,pitfall_1,28,rolly-polly,Malacostraca,Isopoda,Armadillidae,,,Detritivore,June,17-06-2025,20-06-2025,39.76071279,-105.1446095,1687.57,Jefferson
Applewood Community Garden,APP-P-29,APP,pitfall_1,29,rolly-polly,Malacostraca,Isopoda,Armadillidae,,,Detritivore,June,17-06-2025,20-06-2025,39.76071279,-105.1446095,1687.57,Jefferson
Applewood Community Garden,APP-P-30,APP,pitfall_1,30,rolly-polly,Malacostraca,Isopoda,Armadillidae,,,Detritivore,June,17-06-2025,20-06-2025,39.76071279,-105.1446095,1687.57,Jefferson
Applewood Community Garden,APP-P-31,APP,pitfall_1,31,rolly-polly,Malacostraca,Isopoda,Armadillidae,,,Detritivore,June,17-06-2025,20-06-2025,39.76071279,-105.1446095,1687.57,Jefferson
Applewood Community Garden,APP-P-32,APP,pitfall_1,32,rolly-polly,Malacostraca,Isopoda,Armadillidae,,,Detritivore,June,17-06-2025,20-06-2025,39.76071279,-105.1446095,1687.57,Jefferson
Applewood Community Garden,APP-P-33,APP,pitfall_1,33,rolly-polly,Malacostraca,Isopoda,Armadillidae,,,Detritivore,June,17-06-2025,20-06-2025,39.76071279,-105.1446095,1687.57,Jefferson
Applewood Community Garden,APP-P-34,APP,pitfall_1,34,rolly-polly,Malacostraca,Isopoda,Armadillidae,,,Detritivore,June,17-06-2025,20-06-2025,39.76071279,-105.1446095,1687.57,Jefferson
Applewood Community Garden,APP-P-35,APP,pitfall_1,35,rolly-polly,Malacostraca,Isopoda,Armadillidae,,,Detritivore,June,17-06-2025,20-06-2025,39.76071279,-105.1446095,1687.57,Jefferson
Charles Hay,CHA-V-70,CHA,vane,70,mosquito,Insecta,Diptera,Culicidae,,,Sanguivore,June,17-06-2025,20-06-2025,39.65845813,-104.9720575,1635,Arapahoe
Charles Hay,CHA-V-1,CHA,vane,1,Aphids,Insecta,Hemiptera,Aphididae,,,Herbivore,June,17-06-2025,20-06-2025,39.65845813,-104.9720575,1635,Arapahoe
Charles Hay,CHA-V-2,CHA,vane,2,Aphids,Insecta,Hemiptera,Aphididae,,,Herbivore,June,17-06-2025,20-06-2025,39.65845813,-104.9720575,1635,Arapahoe
Charles Hay,CHA-V-3,CHA,vane,3,UNK hemi,Insecta,Hemiptera,,,,,June,17-06-2025,20-06-2025,39.65845813,-104.9720575,1635,Arapahoe
Charles Hay,CHA-V-4,CHA,vane,4,Fly,Insecta,Diptera,,,,,June,17-06-2025,20-06-2025,39.65845813,-104.9720575,1635,Arapahoe
Charles Hay,CHA-V-5,CHA,vane,5,Aphids,Insecta,Hemiptera,Aphididae,,,Herbivore,June,17-06-2025,20-06-2025,39.65845813,-104.9720575,1635,Arapahoe
Charles Hay,CHA-V-6,CHA,vane,6,UNK hemi,Insecta,Hemiptera,,,,,June,17-06-2025,20-06-2025,39.65845813,-104.9720575,1635,Arapahoe
Charles Hay,CHA-V-7,CHA,vane,7,springtail,Entognatha,Collembola,,,,Detritivore,June,17-06-2025,20-06-2025,39.65845813,-104.9720575,1635,Arapahoe
Charles Hay,CHA-V-8,CHA,vane,8,mosquito,Insecta,Diptera,Culicidae,,,Sanguivore,June,17-06-2025,20-06-2025,39.65845813,-104.9720575,1635,Arapahoe
Charles Hay,CHA-V-9,CHA,vane,9,mosquito or fly,Insecta,Diptera,,,,Sanguivore,June,17-06-2025,20-06-2025,39.65845813,-104.9720575,1635,Arapahoe
Charles Hay,CHA-V-10,CHA,vane,10,UNK hemi,Insecta,Hemiptera,,,,,June,17-06-2025,20-06-2025,39.65845813,-104.9720575,1635,Arapahoe
Charles Hay,CHA-V-11,CHA,vane,11,beetle,Insecta,Coleoptera,,,,,June,17-06-2025,20-06-2025,39.65845813,-104.9720575,1635,Arapahoe
Charles Hay,CHA-V-12,CHA,vane,12,UNK hemi,Insecta,Hemiptera,,,,,June,17-06-2025,20-06-2025,39.65845813,-104.9720575,1635,Arapahoe
Charles Hay,CHA-V-13,CHA,vane,13,beetle,Insecta,Coleoptera,,,,,June,17-06-2025,20-06-2025,39.65845813,-104.9720575,1635,Arapahoe
Charles Hay,CHA-V-14,CHA,vane,14,Thrips,Insecta,Thysanoptera,,,,Herbivore,June,17-06-2025,20-06-2025,39.65845813,-104.9720575,1635,Arapahoe
Charles Hay,CHA-V-15,CHA,vane,15,Thrips,Insecta,Thysanoptera,,,,Herbivore,June,17-06-2025,20-06-2025,39.65845813,-104.9720575,1635,Arapahoe
Charles Hay,CHA-V-16,CHA,vane,16,Thrips,Insecta,Thysanoptera,,,,Herbivore,June,17-06-2025,20-06-2025,39.65845813,-104.9720575,1635,Arapahoe
Charles Hay,CHA-V-17,CHA,vane,17,Thrips,Insecta,Thysanoptera,,,,Herbivore,June,17-06-2025,20-06-2025,39.65845813,-104.9720575,1635,Arapahoe
Charles Hay,CHA-V-18,CHA,vane,18,Thrips,Insecta,Thysanoptera,,,,Herbivore,June,17-06-2025,20-06-2025,39.65845813,-104.9720575,1635,Arapahoe
Charles Hay,CHA-V-19,CHA,vane,19,Thrips,Insecta,Thysanoptera,,,,Herbivore,June,17-06-2025,20-06-2025,39.65845813,-104.9720575,1635,Arapahoe
Charles Hay,CHA-V-20,CHA,vane,20,Thrips,Insecta,Thysanoptera,,,,Herbivore,June,17-06-2025,20-06-2025,39.65845813,-104.9720575,1635,Arapahoe
Charles Hay,CHA-V-21,CHA,vane,21,Thrips,Insecta,Thysanoptera,,,,Herbivore,June,17-06-2025,20-06-2025,39.65845813,-104.9720575,1635,Arapahoe
Charles Hay,CHA-V-22,CHA,vane,22,Thrips,Insecta,Thysanoptera,,,,Herbivore,June,17-06-2025,20-06-2025,39.65845813,-104.9720575,1635,Arapahoe
Charles Hay,CHA-V-23,CHA,vane,23,Thrips,Insecta,Thysanoptera,,,,Herbivore,June,17-06-2025,20-06-2025,39.65845813,-104.9720575,1635,Arapahoe
Charles Hay,CHA-V-24,CHA,vane,24,Thrips,Insecta,Thysanoptera,,,,Herbivore,June,17-06-2025,20-06-2025,39.65845813,-104.9720575,1635,Arapahoe
Charles Hay,CHA-V-25,CHA,vane,25,Thrips,Insecta,Thysanoptera,,,,Herbivore,June,17-06-2025,20-06-2025,39.65845813,-104.9720575,1635,Arapahoe
Charles Hay,CHA-V-26,CHA,vane,26,Thrips,Insecta,Thysanoptera,,,,Herbivore,June,17-06-2025,20-06-2025,39.65845813,-104.9720575,1635,Arapahoe
Charles Hay,CHA-V-27,CHA,vane,27,Thrips,Insecta,Thysanoptera,,,,Herbivore,June,17-06-2025,20-06-2025,39.65845813,-104.9720575,1635,Arapahoe
Charles Hay,CHA-V-28,CHA,vane,28,Thrips,Insecta,Thysanoptera,,,,Herbivore,June,17-06-2025,20-06-2025,39.65845813,-104.9720575,1635,Arapahoe
Charles Hay,CHA-V-29,CHA,vane,29,Thrips,Insecta,Thysanoptera,,,,Herbivore,June,17-06-2025,20-06-2025,39.65845813,-104.9720575,1635,Arapahoe
Charles Hay,CHA-V-30,CHA,vane,30,Thrips,Insecta,Thysanoptera,,,,Herbivore,June,17-06-2025,20-06-2025,39.65845813,-104.9720575,1635,Arapahoe
Charles Hay,CHA-V-31,CHA,vane,31,Springtails,Entognatha,Collembola,,,,Detritivore,June,17-06-2025,20-06-2025,39.65845813,-104.9720575,1635,Arapahoe
Charles Hay,CHA-V-32,CHA,vane,32,Springtails,Entognatha,Collembola,,,,Detritivore,June,17-06-2025,20-06-2025,39.65845813,-104.9720575,1635,Arapahoe
Charles Hay,CHA-V-33,CHA,vane,33,Springtails,Entognatha,Collembola,,,,Detritivore,June,17-06-2025,20-06-2025,39.65845813,-104.9720575,1635,Arapahoe
Charles Hay,CHA-V-34,CHA,vane,34,Springtails,Entognatha,Collembola,,,,Detritivore,June,17-06-2025,20-06-2025,39.65845813,-104.9720575,1635,Arapahoe
Charles Hay,CHA-V-35,CHA,vane,35,Springtails,Entognatha,Collembola,,,,Detritivore,June,17-06-2025,20-06-2025,39.65845813,-104.9720575,1635,Arapahoe
Charles Hay,CHA-V-36,CHA,vane,36,Springtails,Entognatha,Collembola,,,,Detritivore,June,17-06-2025,20-06-2025,39.65845813,-104.9720575,1635,Arapahoe
Charles Hay,CHA-V-37,CHA,vane,37,Springtails,Entognatha,Collembola,,,,Detritivore,June,17-06-2025,20-06-2025,39.65845813,-104.9720575,1635,Arapahoe
Charles Hay,CHA-V-38,CHA,vane,38,Springtails,Entognatha,Collembola,,,,Detritivore,June,17-06-2025,20-06-2025,39.65845813,-104.9720575,1635,Arapahoe
Charles Hay,CHA-V-39,CHA,vane,39,Springtails,Entognatha,Collembola,,,,Detritivore,June,17-06-2025,20-06-2025,39.65845813,-104.9720575,1635,Arapahoe
Charles Hay,CHA-V-40,CHA,vane,40,Springtails,Entognatha,Collembola,,,,Detritivore,June,17-06-2025,20-06-2025,39.65845813,-104.9720575,1635,Arapahoe
Charles Hay,CHA-V-41,CHA,vane,41,Springtails,Entognatha,Collembola,,,,Detritivore,June,17-06-2025,20-06-2025,39.65845813,-104.9720575,1635,Arapahoe
Charles Hay,CHA-V-42,CHA,vane,42,Springtails,Entognatha,Collembola,,,,Detritivore,June,17-06-2025,20-06-2025,39.65845813,-104.9720575,1635,Arapahoe
Charles Hay,CHA-V-43,CHA,vane,43,Springtails,Entognatha,Collembola,,,,Detritivore,June,17-06-2025,20-06-2025,39.65845813,-104.9720575,1635,Arapahoe
Charles Hay,CHA-V-44,CHA,vane,44,Springtails,Entognatha,Collembola,,,,Detritivore,June,17-06-2025,20-06-2025,39.65845813,-104.9720575,1635,Arapahoe
Charles Hay,CHA-V-45,CHA,vane,45,Springtails,Entognatha,Collembola,,,,Detritivore,June,17-06-2025,20-06-2025,39.65845813,-104.9720575,1635,Arapahoe
Charles Hay,CHA-V-46,CHA,vane,46,Springtails,Entognatha,Collembola,,,,Detritivore,June,17-06-2025,20-06-2025,39.65845813,-104.9720575,1635,Arapahoe
Charles Hay,CHA-V-47,CHA,vane,47,Springtails,Entognatha,Collembola,,,,Detritivore,June,17-06-2025,20-06-2025,39.65845813,-104.9720575,1635,Arapahoe
Charles Hay,CHA-V-48,CHA,vane,48,Springtails,Entognatha,Collembola,,,,Detritivore,June,17-06-2025,20-06-2025,39.65845813,-104.9720575,1635,Arapahoe
Charles Hay,CHA-V-49,CHA,vane,49,Springtails,Entognatha,Collembola,,,,Detritivore,June,17-06-2025,20-06-2025,39.65845813,-104.9720575,1635,Arapahoe
Charles Hay,CHA-V-50,CHA,vane,50,Springtails,Entognatha,Collembola,,,,Detritivore,June,17-06-2025,20-06-2025,39.65845813,-104.9720575,1635,Arapahoe
Charles Hay,CHA-V-51,CHA,vane,51,Springtails,Entognatha,Collembola,,,,Detritivore,June,17-06-2025,20-06-2025,39.65845813,-104.9720575,1635,Arapahoe
Charles Hay,CHA-V-52,CHA,vane,52,Springtails,Entognatha,Collembola,,,,Detritivore,June,17-06-2025,20-06-2025,39.65845813,-104.9720575,1635,Arapahoe
Charles Hay,CHA-V-53,CHA,vane,53,Springtails,Entognatha,Collembola,,,,Detritivore,June,17-06-2025,20-06-2025,39.65845813,-104.9720575,1635,Arapahoe
Charles Hay,CHA-V-54,CHA,vane,54,Springtails,Entognatha,Collembola,,,,Detritivore,June,17-06-2025,20-06-2025,39.65845813,-104.9720575,1635,Arapahoe
Charles Hay,CHA-V-55,CHA,vane,55,sweatbee,Insecta,Hymenoptera,Halictidae,Agapostemon,,Pollinator,June,17-06-2025,20-06-2025,39.65845813,-104.9720575,1635,Arapahoe
Charles Hay,CHA-V-56,CHA,vane,56,sweatbee,Insecta,Hymenoptera,Halictidae,Agapostemon,,Pollinator,June,17-06-2025,20-06-2025,39.65845813,-104.9720575,1635,Arapahoe
Charles Hay,CHA-V-57,CHA,vane,57,sweatbee,Insecta,Hymenoptera,Halictidae,Agapostemon,,Pollinator,June,17-06-2025,20-06-2025,39.65845813,-104.9720575,1635,Arapahoe
Charles Hay,CHA-V-58,CHA,vane,58,sweatbee,Insecta,Hymenoptera,Halictidae,Agapostemon,virescens,Pollinator,June,17-06-2025,20-06-2025,39.65845813,-104.9720575,1635,Arapahoe
Charles Hay,CHA-V-59,CHA,vane,59,bee,Insecta,Hymenoptera,,,,Pollinator,June,17-06-2025,20-06-2025,39.65845813,-104.9720575,1635,Arapahoe
Charles Hay,CHA-V-60,CHA,vane,60,bee,Insecta,Hymenoptera,,,,Pollinator,June,17-06-2025,20-06-2025,39.65845813,-104.9720575,1635,Arapahoe
Charles Hay,CHA-V-61,CHA,vane,61,bee,Insecta,Hymenoptera,,,,Pollinator,June,17-06-2025,20-06-2025,39.65845813,-104.9720575,1635,Arapahoe
Charles Hay,CHA-V-62,CHA,vane,62,fly,Insecta,Diptera,Muscidae,Musca,domestica,Detritivore,June,17-06-2025,20-06-2025,39.65845813,-104.9720575,1635,Arapahoe
Charles Hay,CHA-V-63,CHA,vane,63,unk hemi,Insecta,Hemiptera,,,,,June,17-06-2025,20-06-2025,39.65845813,-104.9720575,1635,Arapahoe
Charles Hay,CHA-V-55,CHA,vane,55,Springtails,Entognatha,Collembola,,,,Detritivore,June,17-06-2025,20-06-2025,39.65845813,-104.9720575,1635,Arapahoe
Charles Hay,CHA-V-64,CHA,vane,64,Potato Mirid?,Insecta,Hemiptera,Miridae,,,Herbivore,June,17-06-2025,20-06-2025,39.65845813,-104.9720575,1635,Arapahoe
Charles Hay,CHA-V-65,CHA,vane,65,leaf hopper,Insecta,Hemiptera,Cicadellidae,,,Herbivore,June,17-06-2025,20-06-2025,39.65845813,-104.9720575,1635,Arapahoe
Charles Hay,CHA-V-66,CHA,vane,66,unk hemi,Insecta,Hemiptera,,,,,June,17-06-2025,20-06-2025,39.65845813,-104.9720575,1635,Arapahoe
Charles Hay,CHA-V-67,CHA,vane,67,unk hemi,Insecta,Hemiptera,,,,,June,17-06-2025,20-06-2025,39.65845813,-104.9720575,1635,Arapahoe
Charles Hay,CHA-V-68,CHA,vane,68,unk hemi,Insecta,Hemiptera,,,,,June,17-06-2025,20-06-2025,39.65845813,-104.9720575,1635,Arapahoe
Charles Hay,CHA-V-69,CHA,vane,69,unk hemi,Insecta,Hemiptera,,,,,June,17-06-2025,20-06-2025,39.65845813,-104.9720575,1635,Arapahoe
Charles Hay,CHA-P-1,CHA,pitfall_1,1,centipede,Chilopoda,,,,,Predator,June,17-06-2025,20-06-2025,39.65845813,-104.9720575,1635,Arapahoe
Charles Hay,CHA-P-2,CHA,pitfall_1,2,ant,Insecta,Hymenoptera,Formicidae,,,Omnivore,June,17-06-2025,20-06-2025,39.65845813,-104.9720575,1635,Arapahoe
Charles Hay,CHA-P-3,CHA,pitfall_1,3,ant,Insecta,Hymenoptera,Formicidae,,,Omnivore,June,17-06-2025,20-06-2025,39.65845813,-104.9720575,1635,Arapahoe
Charles Hay,CHA-P-4,CHA,pitfall_1,4,ant,Insecta,Hymenoptera,Formicidae,,,Omnivore,June,17-06-2025,20-06-2025,39.65845813,-104.9720575,1635,Arapahoe
Charles Hay,CHA-P-5,CHA,pitfall_1,5,ant,Insecta,Hymenoptera,Formicidae,,,Omnivore,June,17-06-2025,20-06-2025,39.65845813,-104.9720575,1635,Arapahoe
Charles Hay,CHA-P-6,CHA,pitfall_1,6,ant,Insecta,Hymenoptera,Formicidae,,,Omnivore,June,17-06-2025,20-06-2025,39.65845813,-104.9720575,1635,Arapahoe
Charles Hay,CHA-P-7,CHA,pitfall_1,7,ant,Insecta,Hymenoptera,Formicidae,,,Omnivore,June,17-06-2025,20-06-2025,39.65845813,-104.9720575,1635,Arapahoe
Charles Hay,CHA-P-8,CHA,pitfall_1,8,ant,Insecta,Hymenoptera,Formicidae,,,Omnivore,June,17-06-2025,20-06-2025,39.65845813,-104.9720575,1635,Arapahoe
Charles Hay,CHA-P-9,CHA,pitfall_1,9,ant,Insecta,Hymenoptera,Formicidae,,,Omnivore,June,17-06-2025,20-06-2025,39.65845813,-104.9720575,1635,Arapahoe
Charles Hay,CHA-P-10,CHA,pitfall_1,10,ant,Insecta,Hymenoptera,Formicidae,,,Omnivore,June,17-06-2025,20-06-2025,39.65845813,-104.9720575,1635,Arapahoe
Charles Hay,CHA-P-11,CHA,pitfall_1,11,ant,Insecta,Hymenoptera,Formicidae,,,Omnivore,June,17-06-2025,20-06-2025,39.65845813,-104.9720575,1635,Arapahoe
Charles Hay,CHA-P-12,CHA,pitfall_1,12,leafhopper,Insecta,Hemiptera,Cicadellidae,,,Herbivore,June,17-06-2025,20-06-2025,39.65845813,-104.9720575,1635,Arapahoe
Charles Hay,CHA-P-13,CHA,pitfall_1,13,spider,Arachnida,Araneae,,,,Predator,June,17-06-2025,20-06-2025,39.65845813,-104.9720575,1635,Arapahoe
Charles Hay,CHA-P-14,CHA,pitfall_1,14,unk beetle,Insecta,Coleoptera,,,,,June,17-06-2025,20-06-2025,39.65845813,-104.9720575,1635,Arapahoe
Charles Hay,CHA-P-15,CHA,pitfall_1,15,mite,Insecta,Acari,,,,,June,17-06-2025,20-06-2025,39.65845813,-104.9720575,1635,Arapahoe
Charles Hay,CHA-P-16,CHA,pitfall_1,16,mite,Insecta,Acari,,,,,June,17-06-2025,20-06-2025,39.65845813,-104.9720575,1635,Arapahoe
Charles Hay,CHA-P-17,CHA,pitfall_1,17,rove beetle,Insecta,Coleoptera,Staphylinidae,,,Predator,June,17-06-2025,20-06-2025,39.65845813,-104.9720575,1635,Arapahoe
Charles Hay,CHA-P-18,CHA,pitfall_1,18,mosquito,Insecta,Diptera,Culicidae,,,Sanguivore,June,17-06-2025,20-06-2025,39.65845813,-104.9720575,1635,Arapahoe
Charles Hay,CHA-P-19,CHA,pitfall_1,19,mite,Arachnida,Acari,,,,,June,17-06-2025,20-06-2025,39.65845813,-104.9720575,1635,Arapahoe
Charles Hay,CHA-P-20,CHA,pitfall_1,20,mite,Arachnida,Acari,,,,,June,17-06-2025,20-06-2025,39.65845813,-104.9720575,1635,Arapahoe
Charles Hay,CHA-P-21,CHA,pitfall_1,21,mite,Arachnida,Acari,,,,,June,17-06-2025,20-06-2025,39.65845813,-104.9720575,1635,Arapahoe
Charles Hay,CHA-P-22,CHA,pitfall_1,22,aphid,Insecta,Hemiptera,Aphididae,,,Herbivore,June,17-06-2025,20-06-2025,39.65845813,-104.9720575,1635,Arapahoe
Charles Hay,CHA-P-23,CHA,pitfall_1,23,rove beetle,Insecta,Coleoptera,Staphylinidae,,,Predator,June,17-06-2025,20-06-2025,39.65845813,-104.9720575,1635,Arapahoe
Charles Hay,CHA-P-24,CHA,pitfall_1,24,spider,Arachnida,Araneae,,,,Predator,June,17-06-2025,20-06-2025,39.65845813,-104.9720575,1635,Arapahoe
Charles Hay,CHA-P-25,CHA,pitfall_1,25,mite,Arachnida,Acari,,,,,June,17-06-2025,20-06-2025,39.65845813,-104.9720575,1635,Arapahoe
Charles Hay,CHA-P-26,CHA,pitfall_1,26,aphid,Insecta,Hemiptera,Aphididae,,,Herbivore,June,17-06-2025,20-06-2025,39.65845813,-104.9720575,1635,Arapahoe
Charles Hay,CHA-P-27,CHA,pitfall_1,27,fairy wasp,Insecta,Hymenoptera,Mymaridae,,,Parasitoid,June,17-06-2025,20-06-2025,39.65845813,-104.9720575,1635,Arapahoe
Charles Hay,CHA-P-28,CHA,pitfall_1,28,aphid,Insecta,Hemiptera,Aphididae,,,Herbivore,June,17-06-2025,20-06-2025,39.65845813,-104.9720575,1635,Arapahoe
Charles Hay,CHA-P-1,CHA,pitfall_2,1,beetle,Insecta,Coleoptera,,,,,June,17-06-2025,20-06-2025,39.65845813,-104.9720575,1635,Arapahoe
Charles Hay,CHA-P-2,CHA,pitfall_2,2,leaf hopper,Insecta,Hemiptera,,,,,June,17-06-2025,20-06-2025,39.65845813,-104.9720575,1635,Arapahoe
Charles Hay,CHA-P-3,CHA,pitfall_2,3,ant,Insecta,Hymenoptera,,,,,June,17-06-2025,20-06-2025,39.65845813,-104.9720575,1635,Arapahoe
Charles Hay,CHA-P-4,CHA,pitfall_2,4,ant,Insecta,Hymenoptera,,,,,June,17-06-2025,20-06-2025,39.65845813,-104.9720575,1635,Arapahoe
Charles Hay,CHA-P-5,CHA,pitfall_2,5,aphid,Insecta,Hemiptera,Aphididae,,,Herbivore,June,17-06-2025,20-06-2025,39.65845813,-104.9720575,1635,Arapahoe
Charles Hay,CHA-P-6,CHA,pitfall_2,6,beetle larva,Insecta,Coleoptera,,,,Predator,June,17-06-2025,20-06-2025,39.65845813,-104.9720575,1635,Arapahoe
Charles Hay,CHA-P-7,CHA,pitfall_2,7,beelte larva,Insecta,Coleoptera,,,,,June,17-06-2025,20-06-2025,39.65845813,-104.9720575,1635,Arapahoe
Cook Park Community Garden,COO-V-1,COO,vane,1,beetle,Insecta,Coleoptera,,,,,June,17-06-2025,20-06-2025,39.6858968,-104.9202609,1630,Denver
Cook Park Community Garden,COO-V-2,COO,vane,2,Aphids,Insecta,Hemiptera,Aphididae,,,Herbivore,June,17-06-2025,20-06-2025,39.6858968,-104.9202609,1630,Denver
Cook Park Community Garden,COO-V-3,COO,vane,3,bug,Insecta,Hemiptera,,,,,June,17-06-2025,20-06-2025,39.6858968,-104.9202609,1630,Denver
Cook Park Community Garden,COO-V-4,COO,vane,4,beetle,Insecta,Coleoptera,,,,,June,17-06-2025,20-06-2025,39.6858968,-104.9202609,1630,Denver
Cook Park Community Garden,COO-V-5,COO,vane,5,Aphids,Insecta,Hemiptera,Aphididae,,,Herbivore,June,17-06-2025,20-06-2025,39.6858968,-104.9202609,1630,Denver
Cook Park Community Garden,COO-V-6,COO,vane,6,Aphids,Insecta,Hemiptera,Aphididae,,,Herbivore,June,17-06-2025,20-06-2025,39.6858968,-104.9202609,1630,Denver
Cook Park Community Garden,COO-V-7,COO,vane,7,Aphids,Insecta,Hemiptera,Aphididae,,,Herbivore,June,17-06-2025,20-06-2025,39.6858968,-104.9202609,1630,Denver
Cook Park Community Garden,COO-V-8,COO,vane,8,Aphids,Insecta,Hemiptera,Aphididae,,,Herbivore,June,17-06-2025,20-06-2025,39.6858968,-104.9202609,1630,Denver
Cook Park Community Garden,COO-V-9,COO,vane,9,Beetle,Insecta,Coleoptera,,,,,June,17-06-2025,20-06-2025,39.6858968,-104.9202609,1630,Denver
Cook Park Community Garden,COO-V-10,COO,vane,10,Fly,Insecta,Diptera,,,,,June,17-06-2025,20-06-2025,39.6858968,-104.9202609,1630,Denver
Cook Park Community Garden,COO-V-11,COO,vane,11,thrips,Insecta,Thysanoptera,,,,Herbivore,June,17-06-2025,20-06-2025,39.6858968,-104.9202609,1630,Denver
Cook Park Community Garden,COO-V-12,COO,vane,12,thrips,Insecta,Thysanoptera,,,,Herbivore,June,17-06-2025,20-06-2025,39.6858968,-104.9202609,1630,Denver
Cook Park Community Garden,COO-V-13,COO,vane,13,thrips,Insecta,Thysanoptera,,,,Herbivore,June,17-06-2025,20-06-2025,39.6858968,-104.9202609,1630,Denver
Cook Park Community Garden,COO-V-14,COO,vane,14,thrips,Insecta,Thysanoptera,,,,Herbivore,June,17-06-2025,20-06-2025,39.6858968,-104.9202609,1630,Denver
Cook Park Community Garden,COO-V-15,COO,vane,15,thrips,Insecta,Thysanoptera,,,,Herbivore,June,17-06-2025,20-06-2025,39.6858968,-104.9202609,1630,Denver
Cook Park Community Garden,COO-V-16,COO,vane,16,thrips,Insecta,Thysanoptera,,,,Herbivore,June,17-06-2025,20-06-2025,39.6858968,-104.9202609,1630,Denver
Cook Park Community Garden,COO-V-17,COO,vane,17,thrips,Insecta,Thysanoptera,,,,Herbivore,June,17-06-2025,20-06-2025,39.6858968,-104.9202609,1630,Denver
Cook Park Community Garden,COO-V-18,COO,vane,18,thrips,Insecta,Thysanoptera,,,,Herbivore,June,17-06-2025,20-06-2025,39.6858968,-104.9202609,1630,Denver
Cook Park Community Garden,COO-V-19,COO,vane,19,thrips,Insecta,Thysanoptera,,,,Herbivore,June,17-06-2025,20-06-2025,39.6858968,-104.9202609,1630,Denver
Cook Park Community Garden,COO-V-20,COO,vane,20,thrips,Insecta,Thysanoptera,,,,Herbivore,June,17-06-2025,20-06-2025,39.6858968,-104.9202609,1630,Denver
Cook Park Community Garden,COO-V-21,COO,vane,21,thrips,Insecta,Thysanoptera,,,,Herbivore,June,17-06-2025,20-06-2025,39.6858968,-104.9202609,1630,Denver
Cook Park Community Garden,COO-V-22,COO,vane,22,thrips,Insecta,Thysanoptera,,,,Herbivore,June,17-06-2025,20-06-2025,39.6858968,-104.9202609,1630,Denver
Cook Park Community Garden,COO-V-23,COO,vane,23,thrips,Insecta,Thysanoptera,,,,Herbivore,June,17-06-2025,20-06-2025,39.6858968,-104.9202609,1630,Denver
Cook Park Community Garden,COO-V-24,COO,vane,24,thrips,Insecta,Thysanoptera,,,,Herbivore,June,17-06-2025,20-06-2025,39.6858968,-104.9202609,1630,Denver
Cook Park Community Garden,COO-V-25,COO,vane,25,thrips,Insecta,Thysanoptera,,,,Herbivore,June,17-06-2025,20-06-2025,39.6858968,-104.9202609,1630,Denver
Cook Park Community Garden,COO-V-26,COO,vane,26,thrips,Insecta,Thysanoptera,,,,Herbivore,June,17-06-2025,20-06-2025,39.6858968,-104.9202609,1630,Denver
Cook Park Community Garden,COO-V-27,COO,vane,27,thrips,Insecta,Thysanoptera,,,,Herbivore,June,17-06-2025,20-06-2025,39.6858968,-104.9202609,1630,Denver
Cook Park Community Garden,COO-V-28,COO,vane,28,thrips,Insecta,Thysanoptera,,,,Herbivore,June,17-06-2025,20-06-2025,39.6858968,-104.9202609,1630,Denver
Cook Park Community Garden,COO-V-29,COO,vane,29,thrips,Insecta,Thysanoptera,,,,Herbivore,June,17-06-2025,20-06-2025,39.6858968,-104.9202609,1630,Denver
Cook Park Community Garden,COO-V-30,COO,vane,30,thrips,Insecta,Thysanoptera,,,,Herbivore,June,17-06-2025,20-06-2025,39.6858968,-104.9202609,1630,Denver
Cook Park Community Garden,COO-V-31,COO,vane,31,thrips,Insecta,Thysanoptera,,,,Herbivore,June,17-06-2025,20-06-2025,39.6858968,-104.9202609,1630,Denver
Cook Park Community Garden,COO-V-32,COO,vane,32,thrips,Insecta,Thysanoptera,,,,Herbivore,June,17-06-2025,20-06-2025,39.6858968,-104.9202609,1630,Denver
Cook Park Community Garden,COO-V-33,COO,vane,33,thrips,Insecta,Thysanoptera,,,,Herbivore,June,17-06-2025,20-06-2025,39.6858968,-104.9202609,1630,Denver
Cook Park Community Garden,COO-V-34,COO,vane,34,thrips,Insecta,Thysanoptera,,,,Herbivore,June,17-06-2025,20-06-2025,39.6858968,-104.9202609,1630,Denver
Cook Park Community Garden,COO-V-35,COO,vane,35,thrips,Insecta,Thysanoptera,,,,Herbivore,June,17-06-2025,20-06-2025,39.6858968,-104.9202609,1630,Denver
Cook Park Community Garden,COO-V-36,COO,vane,36,thrips,Insecta,Thysanoptera,,,,Herbivore,June,17-06-2025,20-06-2025,39.6858968,-104.9202609,1630,Denver
Cook Park Community Garden,COO-V-37,COO,vane,37,thrips,Insecta,Thysanoptera,,,,Herbivore,June,17-06-2025,20-06-2025,39.6858968,-104.9202609,1630,Denver
Cook Park Community Garden,COO-V-38,COO,vane,38,thrips,Insecta,Thysanoptera,,,,Herbivore,June,17-06-2025,20-06-2025,39.6858968,-104.9202609,1630,Denver
Cook Park Community Garden,COO-V-39,COO,vane,39,thrips,Insecta,Thysanoptera,,,,Herbivore,June,17-06-2025,20-06-2025,39.6858968,-104.9202609,1630,Denver
Cook Park Community Garden,COO-V-40,COO,vane,40,thrips,Insecta,Thysanoptera,,,,Herbivore,June,17-06-2025,20-06-2025,39.6858968,-104.9202609,1630,Denver
Cook Park Community Garden,COO-V-41,COO,vane,41,thrips,Insecta,Thysanoptera,,,,Herbivore,June,17-06-2025,20-06-2025,39.6858968,-104.9202609,1630,Denver
Cook Park Community Garden,COO-V-42,COO,vane,42,thrips,Insecta,Thysanoptera,,,,Herbivore,June,17-06-2025,20-06-2025,39.6858968,-104.9202609,1630,Denver
Cook Park Community Garden,COO-V-43,COO,vane,43,thrips,Insecta,Thysanoptera,,,,Herbivore,June,17-06-2025,20-06-2025,39.6858968,-104.9202609,1630,Denver
Cook Park Community Garden,COO-V-44,COO,vane,44,thrips,Insecta,Thysanoptera,,,,Herbivore,June,17-06-2025,20-06-2025,39.6858968,-104.9202609,1630,Denver
Cook Park Community Garden,COO-V-45,COO,vane,45,thrips,Insecta,Thysanoptera,,,,Herbivore,June,17-06-2025,20-06-2025,39.6858968,-104.9202609,1630,Denver
Cook Park Community Garden,COO-V-46,COO,vane,46,thrips,Insecta,Thysanoptera,,,,Herbivore,June,17-06-2025,20-06-2025,39.6858968,-104.9202609,1630,Denver
Cook Park Community Garden,COO-V-47,COO,vane,47,thrips,Insecta,Thysanoptera,,,,Herbivore,June,17-06-2025,20-06-2025,39.6858968,-104.9202609,1630,Denver
Cook Park Community Garden,COO-V-48,COO,vane,48,thrips,Insecta,Thysanoptera,,,,Herbivore,June,17-06-2025,20-06-2025,39.6858968,-104.9202609,1630,Denver
Cook Park Community Garden,COO-V-49,COO,vane,49,thrips,Insecta,Thysanoptera,,,,Herbivore,June,17-06-2025,20-06-2025,39.6858968,-104.9202609,1630,Denver
Cook Park Community Garden,COO-V-50,COO,vane,50,thrips,Insecta,Thysanoptera,,,,Herbivore,June,17-06-2025,20-06-2025,39.6858968,-104.9202609,1630,Denver
Cook Park Community Garden,COO-V-51,COO,vane,51,thrips,Insecta,Thysanoptera,,,,Herbivore,June,17-06-2025,20-06-2025,39.6858968,-104.9202609,1630,Denver
Cook Park Community Garden,COO-V-52,COO,vane,52,thrips,Insecta,Thysanoptera,,,,Herbivore,June,17-06-2025,20-06-2025,39.6858968,-104.9202609,1630,Denver
Cook Park Community Garden,COO-V-53,COO,vane,53,thrips,Insecta,Thysanoptera,,,,Herbivore,June,17-06-2025,20-06-2025,39.6858968,-104.9202609,1630,Denver
Cook Park Community Garden,COO-V-54,COO,vane,54,thrips,Insecta,Thysanoptera,,,,Herbivore,June,17-06-2025,20-06-2025,39.6858968,-104.9202609,1630,Denver
Cook Park Community Garden,COO-V-55,COO,vane,55,thrips,Insecta,Thysanoptera,,,,Herbivore,June,17-06-2025,20-06-2025,39.6858968,-104.9202609,1630,Denver
Cook Park Community Garden,COO-V-56,COO,vane,56,thrips,Insecta,Thysanoptera,,,,Herbivore,June,17-06-2025,20-06-2025,39.6858968,-104.9202609,1630,Denver
Cook Park Community Garden,COO-V-57,COO,vane,57,thrips,Insecta,Thysanoptera,,,,Herbivore,June,17-06-2025,20-06-2025,39.6858968,-104.9202609,1630,Denver
Cook Park Community Garden,COO-V-58,COO,vane,58,thrips,Insecta,Thysanoptera,,,,Herbivore,June,17-06-2025,20-06-2025,39.6858968,-104.9202609,1630,Denver
Cook Park Community Garden,COO-V-59,COO,vane,59,thrips,Insecta,Thysanoptera,,,,Herbivore,June,17-06-2025,20-06-2025,39.6858968,-104.9202609,1630,Denver
Cook Park Community Garden,COO-V-60,COO,vane,60,thrips,Insecta,Thysanoptera,,,,Herbivore,June,17-06-2025,20-06-2025,39.6858968,-104.9202609,1630,Denver
Cook Park Community Garden,COO-V-61,COO,vane,61,thrips,Insecta,Thysanoptera,,,,Herbivore,June,17-06-2025,20-06-2025,39.6858968,-104.9202609,1630,Denver
Cook Park Community Garden,COO-V-62,COO,vane,62,thrips,Insecta,Thysanoptera,,,,Herbivore,June,17-06-2025,20-06-2025,39.6858968,-104.9202609,1630,Denver
Cook Park Community Garden,COO-V-63,COO,vane,63,thrips,Insecta,Thysanoptera,,,,Herbivore,June,17-06-2025,20-06-2025,39.6858968,-104.9202609,1630,Denver
Cook Park Community Garden,COO-V-64,COO,vane,64,thrips,Insecta,Thysanoptera,,,,Herbivore,June,17-06-2025,20-06-2025,39.6858968,-104.9202609,1630,Denver
Cook Park Community Garden,COO-V-65,COO,vane,65,thrips,Insecta,Thysanoptera,,,,Herbivore,June,17-06-2025,20-06-2025,39.6858968,-104.9202609,1630,Denver
Cook Park Community Garden,COO-V-66,COO,vane,66,thrips,Insecta,Thysanoptera,,,,Herbivore,June,17-06-2025,20-06-2025,39.6858968,-104.9202609,1630,Denver
Cook Park Community Garden,COO-V-67,COO,vane,67,thrips,Insecta,Thysanoptera,,,,Herbivore,June,17-06-2025,20-06-2025,39.6858968,-104.9202609,1630,Denver
Cook Park Community Garden,COO-V-68,COO,vane,68,thrips,Insecta,Thysanoptera,,,,Herbivore,June,17-06-2025,20-06-2025,39.6858968,-104.9202609,1630,Denver
Cook Park Community Garden,COO-V-69,COO,vane,69,thrips,Insecta,Thysanoptera,,,,Herbivore,June,17-06-2025,20-06-2025,39.6858968,-104.9202609,1630,Denver
Cook Park Community Garden,COO-V-70,COO,vane,70,thrips,Insecta,Thysanoptera,,,,Herbivore,June,17-06-2025,20-06-2025,39.6858968,-104.9202609,1630,Denver
Cook Park Community Garden,COO-V-71,COO,vane,71,thrips,Insecta,Thysanoptera,,,,Herbivore,June,17-06-2025,20-06-2025,39.6858968,-104.9202609,1630,Denver
Cook Park Community Garden,COO-V-72,COO,vane,72,thrips,Insecta,Thysanoptera,,,,Herbivore,June,17-06-2025,20-06-2025,39.6858968,-104.9202609,1630,Denver
Cook Park Community Garden,COO-V-73,COO,vane,73,thrips,Insecta,Thysanoptera,,,,Herbivore,June,17-06-2025,20-06-2025,39.6858968,-104.9202609,1630,Denver
Cook Park Community Garden,COO-V-74,COO,vane,74,thrips,Insecta,Thysanoptera,,,,Herbivore,June,17-06-2025,20-06-2025,39.6858968,-104.9202609,1630,Denver
Cook Park Community Garden,COO-V-75,COO,vane,75,thrips,Insecta,Thysanoptera,,,,Herbivore,June,17-06-2025,20-06-2025,39.6858968,-104.9202609,1630,Denver
Cook Park Community Garden,COO-V-76,COO,vane,76,thrips,Insecta,Thysanoptera,,,,Herbivore,June,17-06-2025,20-06-2025,39.6858968,-104.9202609,1630,Denver
Cook Park Community Garden,COO-V-77,COO,vane,77,thrips,Insecta,Thysanoptera,,,,Herbivore,June,17-06-2025,20-06-2025,39.6858968,-104.9202609,1630,Denver
Cook Park Community Garden,COO-V-78,COO,vane,78,thrips,Insecta,Thysanoptera,,,,Herbivore,June,17-06-2025,20-06-2025,39.6858968,-104.9202609,1630,Denver
Cook Park Community Garden,COO-V-79,COO,vane,79,thrips,Insecta,Thysanoptera,,,,Herbivore,June,17-06-2025,20-06-2025,39.6858968,-104.9202609,1630,Denver
Cook Park Community Garden,COO-V-80,COO,vane,80,thrips,Insecta,Thysanoptera,,,,Herbivore,June,17-06-2025,20-06-2025,39.6858968,-104.9202609,1630,Denver
Cook Park Community Garden,COO-V-81,COO,vane,81,thrips,Insecta,Thysanoptera,,,,Herbivore,June,17-06-2025,20-06-2025,39.6858968,-104.9202609,1630,Denver
Cook Park Community Garden,COO-V-82,COO,vane,82,thrips,Insecta,Thysanoptera,,,,Herbivore,June,17-06-2025,20-06-2025,39.6858968,-104.9202609,1630,Denver
Cook Park Community Garden,COO-V-83,COO,vane,83,thrips,Insecta,Thysanoptera,,,,Herbivore,June,17-06-2025,20-06-2025,39.6858968,-104.9202609,1630,Denver
Cook Park Community Garden,COO-V-84,COO,vane,84,bee,Insecta,Hymenoptera,Halictidae,Agapostemon,,Pollinator,June,17-06-2025,20-06-2025,39.6858968,-104.9202609,1630,Denver
Cook Park Community Garden,COO-V-84,COO,vane,84,thrips,Insecta,Thysanoptera,,,,Herbivore,June,17-06-2025,20-06-2025,39.6858968,-104.9202609,1630,Denver
Cook Park Community Garden,COO-V-85,COO,vane,85,bark beetle,Insecta,Coleoptera,Curculionidae,Scolytus,,Herbivore,June,17-06-2025,20-06-2025,39.6858968,-104.9202609,1630,Denver
Cook Park Community Garden,COO-V-86,COO,vane,86,bark beetle,Insecta,Coleoptera,Curculionidae,Scolytus,,Herbivore,June,17-06-2025,20-06-2025,39.6858968,-104.9202609,1630,Denver
Cook Park Community Garden,COO-V-87,COO,vane,87,bark beetle,Insecta,Coleoptera,Curculionidae,Scolytus,,Herbivore,June,17-06-2025,20-06-2025,39.6858968,-104.9202609,1630,Denver
Cook Park Community Garden,COO-V-88,COO,vane,88,bark beetle,Insecta,Coleoptera,Curculionidae,Scolytus,,Herbivore,June,17-06-2025,20-06-2025,39.6858968,-104.9202609,1630,Denver
Cook Park Community Garden,COO-V-89,COO,vane,89,bark beetle,Insecta,Coleoptera,Curculionidae,Scolytus,,Herbivore,June,17-06-2025,20-06-2025,39.6858968,-104.9202609,1630,Denver
Cook Park Community Garden,COO-V-90,COO,vane,90,bark beetle,Insecta,Coleoptera,Curculionidae,Scolytus,,Herbivore,June,17-06-2025,20-06-2025,39.6858968,-104.9202609,1630,Denver
Cook Park Community Garden,COO-V-91,COO,vane,91,bark beetle,Insecta,Coleoptera,Curculionidae,Scolytus,,Herbivore,June,17-06-2025,20-06-2025,39.6858968,-104.9202609,1630,Denver
Cook Park Community Garden,COO-V-92,COO,vane,92,bark beetle,Insecta,Coleoptera,Curculionidae,Scolytus,,Herbivore,June,17-06-2025,20-06-2025,39.6858968,-104.9202609,1630,Denver
Cook Park Community Garden,COO-V-93,COO,vane,93,bark beetle,Insecta,Coleoptera,Curculionidae,Scolytus,,Herbivore,June,17-06-2025,20-06-2025,39.6858968,-104.9202609,1630,Denver
Cook Park Community Garden,COO-V-94,COO,vane,94,bark beetle,Insecta,Coleoptera,Curculionidae,Scolytus,,Herbivore,June,17-06-2025,20-06-2025,39.6858968,-104.9202609,1630,Denver
Cook Park Community Garden,COO-V-95,COO,vane,95,damsel Bug,Insecta,Hemiptera,Nabidae,Nabis,,Predator,June,17-06-2025,20-06-2025,39.6858968,-104.9202609,1630,Denver
Cook Park Community Garden,COO-V-96,COO,vane,96,bark beetle,Insecta,Coleoptera,Curculionidae,Scolytus,,Herbivore,June,17-06-2025,20-06-2025,39.6858968,-104.9202609,1630,Denver
Cook Park Community Garden,COO-V-97,COO,vane,97,bug,Insecta,Hemiptera,Miridae,Chlamydatus,,Herbivore,June,17-06-2025,20-06-2025,39.6858968,-104.9202609,1630,Denver
Cook Park Community Garden,COO-V-98,COO,vane,98,bug,Insecta,Hemiptera,Miridae,Chlamydatus,,Herbivore,June,17-06-2025,20-06-2025,39.6858968,-104.9202609,1630,Denver
Cook Park Community Garden,COO-V-99,COO,vane,99,parasitic wasp,Insecta,Hymenoptera,,,,Parasitoid,June,17-06-2025,20-06-2025,39.6858968,-104.9202609,1630,Denver
Cook Park Community Garden,COO-V-100,COO,vane,100,bug,Insecta,Hemiptera,Miridae,Chlamydatus,,Herbivore,June,17-06-2025,20-06-2025,39.6858968,-104.9202609,1630,Denver
Cook Park Community Garden,COO-P-1,COO,pitfall_1,1,centipede,Chilopoda,,,,,Predator,June,17-06-2025,20-06-2025,39.6858968,-104.9202609,1630,Denver
Cook Park Community Garden,COO-P-2,COO,pitfall_1,2,ant,Insecta,Hymenoptera,Formicidae,,,Omnivore,June,17-06-2025,20-06-2025,39.6858968,-104.9202609,1630,Denver
Cook Park Community Garden,COO-P-3,COO,pitfall_1,3,ant,Insecta,Hymenoptera,Formicidae,,,Omnivore,June,17-06-2025,20-06-2025,39.6858968,-104.9202609,1630,Denver
Cook Park Community Garden,COO-P-4,COO,pitfall_1,4,spider,Arachnida,Araneae,,,,Predator,June,17-06-2025,20-06-2025,39.6858968,-104.9202609,1630,Denver
Cook Park Community Garden,COO-P-5,COO,pitfall_1,5,pillbug,Malacostraca,Isopoda,Armadillidae,,,Detritivore,June,17-06-2025,20-06-2025,39.6858968,-104.9202609,1630,Denver
Cook Park Community Garden,COO-P-6,COO,pitfall_1,6,pillbug,Malacostraca,Isopoda,Armadillidae,,,Detritivore,June,17-06-2025,20-06-2025,39.6858968,-104.9202609,1630,Denver
Cook Park Community Garden,COO-P-7,COO,pitfall_1,7,spider,Arachnida,Araneae,,,,Predator,June,17-06-2025,20-06-2025,39.6858968,-104.9202609,1630,Denver
Cook Park Community Garden,COO-P-8,COO,pitfall_1,8,rove beetle,Insecta,Coleoptera,Staphylinidae,,,Predator,June,17-06-2025,20-06-2025,39.6858968,-104.9202609,1630,Denver
Cook Park Community Garden,COO-P-9,COO,pitfall_1,9,beetle,Insecta,Coleoptera,,,,,June,17-06-2025,20-06-2025,39.6858968,-104.9202609,1630,Denver
Cook Park Community Garden,COO-P-10,COO,pitfall_1,10,spider,Arachnida,Araneae,,,,Predator,June,17-06-2025,20-06-2025,39.6858968,-104.9202609,1630,Denver
Cook Park Community Garden,COO-P-11,COO,pitfall_1,11,centipede,Chilopoda,,,,,Predator,June,17-06-2025,20-06-2025,39.6858968,-104.9202609,1630,Denver
Cook Park Community Garden,COO-P-12,COO,pitfall_1,12,centipede,Chilopoda,,,,,Predator,June,17-06-2025,20-06-2025,39.6858968,-104.9202609,1630,Denver
Cook Park Community Garden,COO-P-13,COO,pitfall_1,13,wasp with ovipositor,Insecta,Hymenoptera,Braconidae,,,Parasitoid,June,17-06-2025,20-06-2025,39.6858968,-104.9202609,1630,Denver
Cook Park Community Garden,COO-P-1,COO,pitfall_2,1,spider,Arachnida,Araneae,,,,Predator,June,17-06-2025,20-06-2025,39.6858968,-104.9202609,1630,Denver
Cook Park Community Garden,COO-P-2,COO,pitfall_2,2,spider,Arachnida,Araneae,,,,Predator,June,17-06-2025,20-06-2025,39.6858968,-104.9202609,1630,Denver
Cook Park Community Garden,COO-P-3,COO,pitfall_2,3,spider,Arachnida,Araneae,,,,Predator,June,17-06-2025,20-06-2025,39.6858968,-104.9202609,1630,Denver
Cook Park Community Garden,COO-P-4,COO,pitfall_2,4,spider,Arachnida,Araneae,,,,Predator,June,17-06-2025,20-06-2025,39.6858968,-104.9202609,1630,Denver
Cook Park Community Garden,COO-P-5,COO,pitfall_2,5,spider,Arachnida,Araneae,,,,Predator,June,17-06-2025,20-06-2025,39.6858968,-104.9202609,1630,Denver
Cook Park Community Garden,COO-P-6,COO,pitfall_2,6,spider,Arachnida,Araneae,,,,Predator,June,17-06-2025,20-06-2025,39.6858968,-104.9202609,1630,Denver
Cook Park Community Garden,COO-P-7,COO,pitfall_2,7,spider,Arachnida,Araneae,,,,Predator,June,17-06-2025,20-06-2025,39.6858968,-104.9202609,1630,Denver
Cook Park Community Garden,COO-P-8,COO,pitfall_2,8,spider,Arachnida,Araneae,,,,Predator,June,17-06-2025,20-06-2025,39.6858968,-104.9202609,1630,Denver
Cook Park Community Garden,COO-P-9,COO,pitfall_2,9,pillbug,Malacostraca,Isopoda,Armadillidae,,,Detritivore,June,17-06-2025,20-06-2025,39.6858968,-104.9202609,1630,Denver
Cook Park Community Garden,COO-P-10,COO,pitfall_2,10,pillbug,Malacostraca,Isopoda,Armadillidae,,,Detritivore,June,17-06-2025,20-06-2025,39.6858968,-104.9202609,1630,Denver
Cook Park Community Garden,COO-P-11,COO,pitfall_2,11,pillbug,Malacostraca,Isopoda,Armadillidae,,,Detritivore,June,17-06-2025,20-06-2025,39.6858968,-104.9202609,1630,Denver
Cook Park Community Garden,COO-P-12,COO,pitfall_2,12,pillbug,Malacostraca,Isopoda,Armadillidae,,,Detritivore,June,17-06-2025,20-06-2025,39.6858968,-104.9202609,1630,Denver
Cook Park Community Garden,COO-P-13,COO,pitfall_2,13,pillbug,Malacostraca,Isopoda,Armadillidae,,,Detritivore,June,17-06-2025,20-06-2025,39.6858968,-104.9202609,1630,Denver
Cook Park Community Garden,COO-P-14,COO,pitfall_2,14,pillbug,Malacostraca,Isopoda,Armadillidae,,,Detritivore,June,17-06-2025,20-06-2025,39.6858968,-104.9202609,1630,Denver
Cook Park Community Garden,COO-P-15,COO,pitfall_2,15,pillbug,Malacostraca,Isopoda,Armadillidae,,,Detritivore,June,17-06-2025,20-06-2025,39.6858968,-104.9202609,1630,Denver
Cook Park Community Garden,COO-P-16,COO,pitfall_2,16,pillbug,Malacostraca,Isopoda,Armadillidae,,,Detritivore,June,17-06-2025,20-06-2025,39.6858968,-104.9202609,1630,Denver
Cook Park Community Garden,COO-P-17,COO,pitfall_2,17,pillbug,Malacostraca,Isopoda,Armadillidae,,,Detritivore,June,17-06-2025,20-06-2025,39.6858968,-104.9202609,1630,Denver
Cook Park Community Garden,COO-P-18,COO,pitfall_2,18,pillbug,Malacostraca,Isopoda,Armadillidae,,,Detritivore,June,17-06-2025,20-06-2025,39.6858968,-104.9202609,1630,Denver
Cook Park Community Garden,COO-P-19,COO,pitfall_2,19,pillbug,Malacostraca,Isopoda,Armadillidae,,,Detritivore,June,17-06-2025,20-06-2025,39.6858968,-104.9202609,1630,Denver
Cook Park Community Garden,COO-P-20,COO,pitfall_2,20,pillbug,Malacostraca,Isopoda,Armadillidae,,,Detritivore,June,17-06-2025,20-06-2025,39.6858968,-104.9202609,1630,Denver
Cook Park Community Garden,COO-P-21,COO,pitfall_2,21,ant,Insecta,Hymenoptera,Formicidae,,,Omnivore,June,17-06-2025,20-06-2025,39.6858968,-104.9202609,1630,Denver
Cook Park Community Garden,COO-P-22,COO,pitfall_2,22,ant,Insecta,Hymenoptera,Formicidae,,,Omnivore,June,17-06-2025,20-06-2025,39.6858968,-104.9202609,1630,Denver
Cook Park Community Garden,COO-P-23,COO,pitfall_2,23,ant,Insecta,Hymenoptera,Formicidae,,,Omnivore,June,17-06-2025,20-06-2025,39.6858968,-104.9202609,1630,Denver
Cook Park Community Garden,COO-P-24,COO,pitfall_2,24,ant,Insecta,Hymenoptera,Formicidae,,,Omnivore,June,17-06-2025,20-06-2025,39.6858968,-104.9202609,1630,Denver
Cook Park Community Garden,COO-P-25,COO,pitfall_2,25,millipede,Diplopoda,,,,,Detritivore,June,17-06-2025,20-06-2025,39.6858968,-104.9202609,1630,Denver
Cook Park Community Garden,COO-P-26,COO,pitfall_2,26,millipede,Diplopoda,,,,,Detritivore,June,17-06-2025,20-06-2025,39.6858968,-104.9202609,1630,Denver
Cook Park Community Garden,COO-P-27,COO,pitfall_2,27,millipede,Diplopoda,,,,,Detritivore,June,17-06-2025,20-06-2025,39.6858968,-104.9202609,1630,Denver
Cook Park Community Garden,COO-P-28,COO,pitfall_2,28,millipede,Diplopoda,,,,,Detritivore,June,17-06-2025,20-06-2025,39.6858968,-104.9202609,1630,Denver
Edison School Community Garden,EDI-V-1,EDI,vane,1,beetle,Insecta,Coleoptera,,,,,June,17-06-2025,20-06-2025,39.76548756,-105.0395583,1659,Denver
Edison School Community Garden,EDI-V-2,EDI,vane,2,thrips,Insecta,Thysanoptera,,,,Herbivore,June,17-06-2025,20-06-2025,39.76548756,-105.0395583,1659,Denver
Edison School Community Garden,EDI-V-3,EDI,vane,3,UNK hemi,Insecta,Hemiptera,,,,,June,17-06-2025,20-06-2025,39.76548756,-105.0395583,1659,Denver
Edison School Community Garden,EDI-V-4,EDI,vane,4,thrips,Insecta,Thysanoptera,,,,Herbivore,June,17-06-2025,20-06-2025,39.76548756,-105.0395583,1659,Denver
Edison School Community Garden,EDI-V-5,EDI,vane,5,thrips,Insecta,Thysanoptera,,,,Herbivore,June,17-06-2025,20-06-2025,39.76548756,-105.0395583,1659,Denver
Edison School Community Garden,EDI-V-6,EDI,vane,6,thrips,Insecta,Thysanoptera,,,,Herbivore,June,17-06-2025,20-06-2025,39.76548756,-105.0395583,1659,Denver
Edison School Community Garden,EDI-V-7,EDI,vane,7,paperwasp,Insecta,Hymenoptera,Vespidae,Polistes,dominula,Predator,June,17-06-2025,20-06-2025,39.76548756,-105.0395583,1659,Denver
Edison School Community Garden,EDI-V-8,EDI,vane,8,bee,Insecta,Hymenoptera,,,,Pollinator,June,17-06-2025,20-06-2025,39.76548756,-105.0395583,1659,Denver
Edison School Community Garden,EDI-V-9,EDI,vane,9,bumblebee,Insecta,Hymenoptera,Apidae,Bombus,fervidus,Pollinator,June,17-06-2025,20-06-2025,39.76548756,-105.0395583,1659,Denver
Edison School Community Garden,EDI-V-10,EDI,vane,10,bee,Insecta,Hymenoptera,Apidae,Melissodes,bimaculatus,Pollinator,June,17-06-2025,20-06-2025,39.76548756,-105.0395583,1659,Denver
Edison School Community Garden,EDI-V-11,EDI,vane,11,longhorn bee,Insecta,Hymenoptera,Apidae,Melissodes,,Pollinator,June,17-06-2025,20-06-2025,39.76548756,-105.0395583,1659,Denver
Edison School Community Garden,EDI-V-12,EDI,vane,12,bee,Insecta,Hymenoptera,Halictidae,Halictus,rubicundus,Pollinator,June,17-06-2025,20-06-2025,39.76548756,-105.0395583,1659,Denver
Edison School Community Garden,EDI-V-13,EDI,vane,13,longhorn bee,Insecta,Hymenoptera,Apidae,,,Pollinator,June,17-06-2025,20-06-2025,39.76548756,-105.0395583,1659,Denver
Edison School Community Garden,EDI-V-14,EDI,vane,14,longhorn bee,Insecta,Hymenoptera,Apidae,,,Pollinator,June,17-06-2025,20-06-2025,39.76548756,-105.0395583,1659,Denver
Edison School Community Garden,EDI-V-15,EDI,vane,15,bee,Insecta,Hymenoptera,,,,Pollinator,June,17-06-2025,20-06-2025,39.76548756,-105.0395583,1659,Denver
Edison School Community Garden,EDI-V-16,EDI,vane,16,longhorn bee,Insecta,Hymenoptera,Apidae,,,Pollinator,June,17-06-2025,20-06-2025,39.76548756,-105.0395583,1659,Denver
Edison School Community Garden,EDI-V-17,EDI,vane,17,bee,Insecta,Hymenoptera,,,,Pollinator,June,17-06-2025,20-06-2025,39.76548756,-105.0395583,1659,Denver
Edison School Community Garden,EDI-V-18,EDI,vane,18,bee,Insecta,Hymenoptera,,,,Pollinator,June,17-06-2025,20-06-2025,39.76548756,-105.0395583,1659,Denver
Edison School Community Garden,EDI-V-19,EDI,vane,19,bee,Insecta,Hymenoptera,,,,Pollinator,June,17-06-2025,20-06-2025,39.76548756,-105.0395583,1659,Denver
Edison School Community Garden,EDI-V-20,EDI,vane,20,longhorn bee,Insecta,Hymenoptera,Apidae,,,Pollinator,June,17-06-2025,20-06-2025,39.76548756,-105.0395583,1659,Denver
Edison School Community Garden,EDI-V-21,EDI,vane,21,bee,Insecta,Hymenoptera,Halictidae,Halictus,rubicundus,Pollinator,June,17-06-2025,20-06-2025,39.76548756,-105.0395583,1659,Denver
Edison School Community Garden,EDI-V-22,EDI,vane,22,longhorn bee,Insecta,Hymenoptera,Apidae,,,Pollinator,June,17-06-2025,20-06-2025,39.76548756,-105.0395583,1659,Denver
Edison School Community Garden,EDI-V-23,EDI,vane,23,green lacewing,Insecta,Neuroptera,Chrysopidae,,,Predator,June,17-06-2025,20-06-2025,39.76548756,-105.0395583,1659,Denver
Edison School Community Garden,EDI-V-24,EDI,vane,24,weevil,Insecta,Coleoptera,Curculionidae,,,Herbivore,June,17-06-2025,20-06-2025,39.76548756,-105.0395583,1659,Denver
Edison School Community Garden,EDI-V-25,EDI,vane,25,weevil,Insecta,Coleoptera,Curculionidae,,,Herbivore,June,17-06-2025,20-06-2025,39.76548756,-105.0395583,1659,Denver
Edison School Community Garden,EDI-V-26,EDI,vane,26,weevil,Insecta,Coleoptera,Curculionidae,,,Herbivore,June,17-06-2025,20-06-2025,39.76548756,-105.0395583,1659,Denver
Edison School Community Garden,EDI-V-27,EDI,vane,27,weevil,Insecta,Coleoptera,Curculionidae,,,Herbivore,June,17-06-2025,20-06-2025,39.76548756,-105.0395583,1659,Denver
Edison School Community Garden,EDI-V-28,EDI,vane,28,tiny beetle,Insecta,Coleoptera,Scarabaeidae,Pleurophorus,,Detritivore,June,17-06-2025,20-06-2025,39.76548756,-105.0395583,1659,Denver
Edison School Community Garden,EDI-V-29,EDI,vane,29,swallowtail,Insecta,Lepidoptera,Papilionidae,Papilio,,Pollinator,June,17-06-2025,20-06-2025,39.76548756,-105.0395583,1659,Denver
Edison School Community Garden,EDI-V-30,EDI,vane,30,metallic green sweatbee,Insecta,Hymenoptera,Halictidae,,,Pollinator,June,17-06-2025,20-06-2025,39.76548756,-105.0395583,1659,Denver
Edison School Community Garden,EDI-P-1,EDI,pitfall_2,1,Ant,Insecta,Hymenoptera,Formicidae,Tetramorium,immigrans,Omnivore,June,17-06-2025,20-06-2025,39.76548756,-105.0395583,1659,Denver
Edison School Community Garden,EDI-P-2,EDI,pitfall_2,2,Ant,Insecta,Hymenoptera,Formicidae,Tetramorium,immigrans,Omnivore,June,17-06-2025,20-06-2025,39.76548756,-105.0395583,1659,Denver
Edison School Community Garden,EDI-P-3,EDI,pitfall_2,3,Ant,Insecta,Hymenoptera,Formicidae,Tetramorium,immigrans,Omnivore,June,17-06-2025,20-06-2025,39.76548756,-105.0395583,1659,Denver
Edison School Community Garden,EDI-P-4,EDI,pitfall_2,4,Ant,Insecta,Hymenoptera,Formicidae,Tetramorium,immigrans,Omnivore,June,17-06-2025,20-06-2025,39.76548756,-105.0395583,1659,Denver
Edison School Community Garden,EDI-P-5,EDI,pitfall_2,5,Ant,Insecta,Hymenoptera,Formicidae,Tetramorium,immigrans,Omnivore,June,17-06-2025,20-06-2025,39.76548756,-105.0395583,1659,Denver
Edison School Community Garden,EDI-P-6,EDI,pitfall_2,6,Ant,Insecta,Hymenoptera,Formicidae,Tetramorium,immigrans,Omnivore,June,17-06-2025,20-06-2025,39.76548756,-105.0395583,1659,Denver
Edison School Community Garden,EDI-P-7,EDI,pitfall_2,7,woodlouse spider,Arachnida,Araneae,,,,Predator,June,17-06-2025,20-06-2025,39.76548756,-105.0395583,1659,Denver
Edison School Community Garden,EDI-P-8,EDI,pitfall_2,8,tiny beetle,Insecta,Coleoptera,,,,,June,17-06-2025,20-06-2025,39.76548756,-105.0395583,1659,Denver
Edison School Community Garden,EDI-P-9,EDI,pitfall_2,9,tiny milipede,Diplopoda,,,,,Detritivore,June,17-06-2025,20-06-2025,39.76548756,-105.0395583,1659,Denver
Edison School Community Garden,EDI-P-1,EDI,pitfall_1,1,spider,Arachnida,Araneae,,,,Predator,June,17-06-2025,20-06-2025,39.76548756,-105.0395583,1659,Denver
Edison School Community Garden,EDI-P-2,EDI,pitfall_1,2,spider,Arachnida,Araneae,,,,Predator,June,17-06-2025,20-06-2025,39.76548756,-105.0395583,1659,Denver
Edison School Community Garden,EDI-P-3,EDI,pitfall_1,3,spider,Arachnida,Araneae,,,,Predator,June,17-06-2025,20-06-2025,39.76548756,-105.0395583,1659,Denver
Edison School Community Garden,EDI-P-4,EDI,pitfall_1,4,winged ant,Insecta,Hymenoptera,Formicidae,,,Omnivore,June,17-06-2025,20-06-2025,39.76548756,-105.0395583,1659,Denver
Edison School Community Garden,EDI-P-5,EDI,pitfall_1,5,ant,Insecta,Hymenoptera,Formicidae,,,Omnivore,June,17-06-2025,20-06-2025,39.76548756,-105.0395583,1659,Denver
Edison School Community Garden,EDI-P-6,EDI,pitfall_1,6,earwig,Insecta,Dermaptera,,,,Omnivore,June,17-06-2025,20-06-2025,39.76548756,-105.0395583,1659,Denver
Edison School Community Garden,EDI-P-7,EDI,pitfall_1,7,aphid,Insecta,Hemiptera,Aphididae,,,Herbivore,June,17-06-2025,20-06-2025,39.76548756,-105.0395583,1659,Denver
Edison School Community Garden,EDI-P-8,EDI,pitfall_1,8,bug,Insecta,Hemiptera,,,,,June,17-06-2025,20-06-2025,39.76548756,-105.0395583,1659,Denver
Edison School Community Garden,EDI-P-1,EDI,pitfall_1,1,earwig ( was listed as pitfall 3?),Insecta,Dermaptera,,,,Omnivore,June,17-06-2025,20-06-2025,39.76548756,-105.0395583,1659,Denver
Edison School Community Garden,EDI-P-2,EDI,pitfall_1,2,earwig ( was listed as pitfall 3?),Insecta,Dermaptera,,,,Omnivore,June,17-06-2025,20-06-2025,39.76548756,-105.0395583,1659,Denver
Edison School Community Garden,EDI-P-3,EDI,pitfall_1,3,earwig ( was listed as pitfall 3?),Insecta,Dermaptera,,,,Omnivore,June,17-06-2025,20-06-2025,39.76548756,-105.0395583,1659,Denver
Edison School Community Garden,EDI-P-4,EDI,pitfall_1,4,earwig ( was listed as pitfall 3?),Insecta,Dermaptera,,,,Omnivore,June,17-06-2025,20-06-2025,39.76548756,-105.0395583,1659,Denver
Edison School Community Garden,EDI-P-5,EDI,pitfall_1,5,earwig ( was listed as pitfall 3?),Insecta,Dermaptera,,,,Omnivore,June,17-06-2025,20-06-2025,39.76548756,-105.0395583,1659,Denver
Edison School Community Garden,EDI-P-6,EDI,pitfall_1,6,ladybug ( was listed as pitfall 3?),Insecta,Coleoptera,Coccinellidae,,,Predator,June,17-06-2025,20-06-2025,39.76548756,-105.0395583,1659,Denver
Edison School Community Garden,EDI-P-7,EDI,pitfall_1,7,big ant ( was listed as pitfall 3?),Insecta,Hymenoptera,Formicidae,,,Omnivore,June,17-06-2025,20-06-2025,39.76548756,-105.0395583,1659,Denver
Edison School Community Garden,EDI-P-8,EDI,pitfall_1,8,big ant ( was listed as pitfall 3?),Insecta,Hymenoptera,Formicidae,,,Omnivore,June,17-06-2025,20-06-2025,39.76548756,-105.0395583,1659,Denver
Edison School Community Garden,EDI-P-9,EDI,pitfall_1,9,weevil ( was listed as pitfall 3?),Insecta,Coleoptera,Curculionidae,,,Herbivore,June,17-06-2025,20-06-2025,39.76548756,-105.0395583,1659,Denver
Edison School Community Garden,EDI-P-10,EDI,pitfall_1,10,weevil ( was listed as pitfall 3?),Insecta,Coleoptera,Curculionidae,,,Herbivore,June,17-06-2025,20-06-2025,39.76548756,-105.0395583,1659,Denver
Edison School Community Garden,EDI-P-11,EDI,pitfall_1,11,weevil ( was listed as pitfall 3?),Insecta,Coleoptera,Curculionidae,,,Herbivore,June,17-06-2025,20-06-2025,39.76548756,-105.0395583,1659,Denver
Edison School Community Garden,EDI-P-12,EDI,pitfall_1,12,small ant ( was listed as pitfall 3?),Insecta,Hymenoptera,Formicidae,,,Omnivore,June,17-06-2025,20-06-2025,39.76548756,-105.0395583,1659,Denver
Edison School Community Garden,EDI-P-13,EDI,pitfall_1,13,spider ( was listed as pitfall 3?),Arachnida,Araneae,,,,Predator,June,17-06-2025,20-06-2025,39.76548756,-105.0395583,1659,Denver
Edison School Community Garden,EDI-P-14,EDI,pitfall_1,14,fly ( was listed as pitfall 3?),Insecta,Diptera,,,,,June,17-06-2025,20-06-2025,39.76548756,-105.0395583,1659,Denver
Edison School Community Garden,EDI-P-15,EDI,pitfall_1,15,fly ( was listed as pitfall 3?),Insecta,Diptera,,,,,June,17-06-2025,20-06-2025,39.76548756,-105.0395583,1659,Denver
Eiber School Community Garden,EIB-V-1,EIB,vane,1,Springtails,Entognatha,Collembola,,,,Detritivore,June,17-06-2025,20-06-2025,39.7370155,-105.1062374,1691,Jefferson
Eiber School Community Garden,EIB-V-2,EIB,vane,2,Springtails,Entognatha,Collembola,,,,Detritivore,June,17-06-2025,20-06-2025,39.7370155,-105.1062374,1691,Jefferson
Eiber School Community Garden,EIB-V-3,EIB,vane,3,Springtails,Entognatha,Collembola,,,,Detritivore,June,17-06-2025,20-06-2025,39.7370155,-105.1062374,1691,Jefferson
Eiber School Community Garden,EIB-V-4,EIB,vane,4,Springtails,Entognatha,Collembola,,,,Detritivore,June,17-06-2025,20-06-2025,39.7370155,-105.1062374,1691,Jefferson
Eiber School Community Garden,EIB-V-5,EIB,vane,5,Springtails,Entognatha,Collembola,,,,Detritivore,June,17-06-2025,20-06-2025,39.7370155,-105.1062374,1691,Jefferson
Eiber School Community Garden,EIB-V-6,EIB,vane,6,Green mite,Arachnida,,,,,Predator,June,17-06-2025,20-06-2025,39.7370155,-105.1062374,1691,Jefferson
Eiber School Community Garden,EIB-V-7,EIB,vane,7,Rove Beetle,Insecta,Coleoptera,Staphylinidae,,,Predator,June,17-06-2025,20-06-2025,39.7370155,-105.1062374,1691,Jefferson
Eiber School Community Garden,EIB-V-8,EIB,vane,8,Beetle,Insecta,Coleoptera,,,,,June,17-06-2025,20-06-2025,39.7370155,-105.1062374,1691,Jefferson
Eiber School Community Garden,EIB-V-9,EIB,vane,9,Beetle,Insecta,Coleoptera,,,,,June,17-06-2025,20-06-2025,39.7370155,-105.1062374,1691,Jefferson
Eiber School Community Garden,EIB-V-10,EIB,vane,10,Beetle,Insecta,Coleoptera,,,,,June,17-06-2025,20-06-2025,39.7370155,-105.1062374,1691,Jefferson
Eiber School Community Garden,EIB-V-11,EIB,vane,11,bumblebee,Insecta,Hymenoptera,Apidae,Bombus,fervidus,Pollinator,June,17-06-2025,20-06-2025,39.7370155,-105.1062374,1691,Jefferson
Eiber School Community Garden,EIB-V-12,EIB,vane,12,sweatbee,Insecta,Hymenoptera,Halictidae,Agapostemon,,Pollinator,June,17-06-2025,20-06-2025,39.7370155,-105.1062374,1691,Jefferson
Eiber School Community Garden,EIB-V-13,EIB,vane,13,sweatbee,Insecta,Hymenoptera,Halictidae,Halictus,rubicundus,Pollinator,June,17-06-2025,20-06-2025,39.7370155,-105.1062374,1691,Jefferson
Eiber School Community Garden,EIB-V-14,EIB,vane,14,sweatbee,Insecta,Hymenoptera,Halictidae,,,Pollinator,June,17-06-2025,20-06-2025,39.7370155,-105.1062374,1691,Jefferson
Eiber School Community Garden,EIB-V-15,EIB,vane,15,sweatbee,Insecta,Hymenoptera,Halictidae,Halictus,,Pollinator,June,17-06-2025,20-06-2025,39.7370155,-105.1062374,1691,Jefferson
Eiber School Community Garden,EIB-V-16,EIB,vane,16,click beetle,Insecta,Coleoptera,Elateridae,,,Herbivore,June,17-06-2025,20-06-2025,39.7370155,-105.1062374,1691,Jefferson
Eiber School Community Garden,EIB-V-17,EIB,vane,17,click beetle,Insecta,Coleoptera,Elateridae,,,Herbivore,June,17-06-2025,20-06-2025,39.7370155,-105.1062374,1691,Jefferson
Eiber School Community Garden,EIB-V-18,EIB,vane,18,green lacewing,Insecta,Neuroptera,Chrysopidae,,,Predator,June,17-06-2025,20-06-2025,39.7370155,-105.1062374,1691,Jefferson
Eiber School Community Garden,EIB-V-19,EIB,vane,19,beetle,Insecta,Coleoptera,,,,,June,17-06-2025,20-06-2025,39.7370155,-105.1062374,1691,Jefferson
Eiber School Community Garden,EIB-V-20,EIB,vane,20,hemiptera,Insecta,Hemiptera,Miridae,Ceratocapsus,,Herbivore,June,17-06-2025,20-06-2025,39.7370155,-105.1062374,1691,Jefferson
Eiber School Community Garden,EIB-V-21,EIB,vane,21,hoverfly,Insecta,Diptera,Syrphidae,Toxomerus,,Pollinator,June,17-06-2025,20-06-2025,39.7370155,-105.1062374,1691,Jefferson
Eiber School Community Garden,EIB-V-22,EIB,vane,22,dermestid,Insecta,Coleoptera,Dermestidae,,,Detritivore,June,17-06-2025,20-06-2025,39.7370155,-105.1062374,1691,Jefferson
Eiber School Community Garden,EIB-V-23,EIB,vane,23,small fly,Insecta,Diptera,,,,,June,17-06-2025,20-06-2025,39.7370155,-105.1062374,1691,Jefferson
Eiber School Community Garden,EIB-V-24,EIB,vane,24,small beetle,Insecta,Coleoptera,,,,,June,17-06-2025,20-06-2025,39.7370155,-105.1062374,1691,Jefferson
Eiber School Community Garden,EIB-V-25,EIB,vane,25,small beetle,Insecta,Coleoptera,,,,,June,17-06-2025,20-06-2025,39.7370155,-105.1062374,1691,Jefferson
Eiber School Community Garden,EIB-V-26,EIB,vane,26,dermestid,Insecta,Coleoptera,Dermestidae,,,Detritivore,June,17-06-2025,20-06-2025,39.7370155,-105.1062374,1691,Jefferson
Eiber School Community Garden,EIB-P-1,EIB,pitfall_1,1,spider,Arachnida,Araneae,,,,Predator,June,17-06-2025,20-06-2025,39.7370155,-105.1062374,1691,Jefferson
Eiber School Community Garden,EIB-P-2,EIB,pitfall_1,2,spider,Arachnida,Araneae,,,,Predator,June,17-06-2025,20-06-2025,39.7370155,-105.1062374,1691,Jefferson
Eiber School Community Garden,EIB-P-3,EIB,pitfall_1,3,pillbug,Malacostraca,Isopoda,Armadillidae,,,Detritivore,June,17-06-2025,20-06-2025,39.7370155,-105.1062374,1691,Jefferson
Eiber School Community Garden,EIB-P-4,EIB,pitfall_1,4,pillbug,Malacostraca,Isopoda,Armadillidae,,,Detritivore,June,17-06-2025,20-06-2025,39.7370155,-105.1062374,1691,Jefferson
Eiber School Community Garden,EIB-P-5,EIB,pitfall_1,5,earwig,Insecta,Dermaptera,,,,Predator,June,17-06-2025,20-06-2025,39.7370155,-105.1062374,1691,Jefferson
Eiber School Community Garden,EIB-P-6,EIB,pitfall_1,6,ant,Insecta,Hymenoptera,Formicidae,,,Omnivore,June,17-06-2025,20-06-2025,39.7370155,-105.1062374,1691,Jefferson
Eiber School Community Garden,EIB-P-7,EIB,pitfall_1,7,ant,Insecta,Hymenoptera,Formicidae,,,Omnivore,June,17-06-2025,20-06-2025,39.7370155,-105.1062374,1691,Jefferson
Eiber School Community Garden,EIB-P-8,EIB,pitfall_1,8,rove beetle,Insecta,Coleoptera,Staphylinidae,,,Predator,June,17-06-2025,20-06-2025,39.7370155,-105.1062374,1691,Jefferson
Eiber School Community Garden,EIB-P-9,EIB,pitfall_2,9,woodlouse spider,Arachnida,Araneae,,,,Predator,June,17-06-2025,20-06-2025,39.7370155,-105.1062374,1691,Jefferson
Eiber School Community Garden,EIB-P-10,EIB,pitfall_2,10,woodlouse spider,Arachnida,Araneae,,,,Predator,June,17-06-2025,20-06-2025,39.7370155,-105.1062374,1691,Jefferson
Eiber School Community Garden,EIB-P-11,EIB,pitfall_2,11,Ant,Insecta,Hymenoptera,Formicidae,,,Omnivore,June,17-06-2025,20-06-2025,39.7370155,-105.1062374,1691,Jefferson
Eiber School Community Garden,EIB-P-12,EIB,pitfall_2,12,Ant,Insecta,Hymenoptera,Formicidae,,,Omnivore,June,17-06-2025,20-06-2025,39.7370155,-105.1062374,1691,Jefferson
Eiber School Community Garden,EIB-P-13,EIB,pitfall_2,13,Ant,Insecta,Hymenoptera,Formicidae,,,Omnivore,June,17-06-2025,20-06-2025,39.7370155,-105.1062374,1691,Jefferson
Eiber School Community Garden,EIB-P-14,EIB,pitfall_2,14,Ant,Insecta,Hymenoptera,Formicidae,,,Omnivore,June,17-06-2025,20-06-2025,39.7370155,-105.1062374,1691,Jefferson
Eiber School Community Garden,EIB-P-15,EIB,pitfall_2,15,Ant,Insecta,Hymenoptera,Formicidae,,,Omnivore,June,17-06-2025,20-06-2025,39.7370155,-105.1062374,1691,Jefferson
Eiber School Community Garden,EIB-P-16,EIB,pitfall_2,16,Ant,Insecta,Hymenoptera,Formicidae,,,Omnivore,June,17-06-2025,20-06-2025,39.7370155,-105.1062374,1691,Jefferson
Eiber School Community Garden,EIB-P-17,EIB,pitfall_2,17,Ant,Insecta,Hymenoptera,Formicidae,,,Omnivore,June,17-06-2025,20-06-2025,39.7370155,-105.1062374,1691,Jefferson
Eiber School Community Garden,EIB-P-18,EIB,pitfall_2,18,Ant,Insecta,Hymenoptera,Formicidae,,,Omnivore,June,17-06-2025,20-06-2025,39.7370155,-105.1062374,1691,Jefferson
Eiber School Community Garden,EIB-P-19,EIB,pitfall_2,19,Ant,Insecta,Hymenoptera,Formicidae,,,Omnivore,June,17-06-2025,20-06-2025,39.7370155,-105.1062374,1691,Jefferson
Eiber School Community Garden,EIB-P-20,EIB,pitfall_2,20,Ant,Insecta,Hymenoptera,Formicidae,,,Omnivore,June,17-06-2025,20-06-2025,39.7370155,-105.1062374,1691,Jefferson
Eiber School Community Garden,EIB-P-21,EIB,pitfall_2,21,Ant,Insecta,Hymenoptera,Formicidae,,,Omnivore,June,17-06-2025,20-06-2025,39.7370155,-105.1062374,1691,Jefferson
Eiber School Community Garden,EIB-P-22,EIB,pitfall_2,22,Ant,Insecta,Hymenoptera,Formicidae,,,Omnivore,June,17-06-2025,20-06-2025,39.7370155,-105.1062374,1691,Jefferson
Eiber School Community Garden,EIB-P-23,EIB,pitfall_2,23,Spider,Arachnida,Araneae,,,,Predator,June,17-06-2025,20-06-2025,39.7370155,-105.1062374,1691,Jefferson
Eiber School Community Garden,EIB-P-24,EIB,pitfall_2,24,UNK Hemipteran,Insecta,Hemiptera,,,,,June,17-06-2025,20-06-2025,39.7370155,-105.1062374,1691,Jefferson
Eiber School Community Garden,EIB-P-25,EIB,pitfall_2,25,UNK Hemipteran,Insecta,Hemiptera,,,,,June,17-06-2025,20-06-2025,39.7370155,-105.1062374,1691,Jefferson
Eiber School Community Garden,EIB-P-26,EIB,pitfall_2,26,Spider,Arachnida,Araneae,,,,Predator,June,17-06-2025,20-06-2025,39.7370155,-105.1062374,1691,Jefferson
Eiber School Community Garden,EIB-P-27,EIB,pitfall_2,27,Spider,Arachnida,Araneae,,,,Predator,June,17-06-2025,20-06-2025,39.7370155,-105.1062374,1691,Jefferson
Eiber School Community Garden,EIB-P-28,EIB,pitfall_2,28,UNK Hemipteran,Insecta,Hemiptera,,,,,June,17-06-2025,20-06-2025,39.7370155,-105.1062374,1691,Jefferson
Eiber School Community Garden,EIB-P-29,EIB,pitfall_2,29,ant,Insecta,Hymenoptera,Formicidae,,,Omnivore,June,17-06-2025,20-06-2025,39.7370155,-105.1062374,1691,Jefferson
Eiber School Community Garden,EIB-P-30,EIB,pitfall_2,30,Aphid,Insecta,Hemiptera,Aphididae,,,Herbivore,June,17-06-2025,20-06-2025,39.7370155,-105.1062374,1691,Jefferson
Eiber School Community Garden,EIB-P-45,EIB,pitfall_1,45,leaf hopper,Insecta,Hemiptera,Cicadellidae,,,Herbivore,June,17-06-2025,20-06-2025,39.7370155,-105.1062374,1691,Jefferson
Gables School and Community Garden,GABL-V-1,GABL,vane,1,Aphids,Insecta,Hemiptera,Aphididae,,,Herbivore,June,17-06-2025,20-06-2025,39.67926421,-105.0937713,1700,Jefferson
Gables School and Community Garden,GABL-V-2,GABL,vane,2,Aphids,Insecta,Hemiptera,Aphididae,,,Herbivore,June,17-06-2025,20-06-2025,39.67926421,-105.0937713,1700,Jefferson
Gables School and Community Garden,GABL-V-3,GABL,vane,3,Aphids,Insecta,Hemiptera,Aphididae,,,Herbivore,June,17-06-2025,20-06-2025,39.67926421,-105.0937713,1700,Jefferson
Gables School and Community Garden,GABL-V-4,GABL,vane,4,Aphids,Insecta,Hemiptera,Aphididae,,,Herbivore,June,17-06-2025,20-06-2025,39.67926421,-105.0937713,1700,Jefferson
Gables School and Community Garden,GABL-V-5,GABL,vane,5,Aphids,Insecta,Hemiptera,Aphididae,,,Herbivore,June,17-06-2025,20-06-2025,39.67926421,-105.0937713,1700,Jefferson
Gables School and Community Garden,GABL-V-6,GABL,vane,6,Fly,Insecta,Diptera,,,,,June,17-06-2025,20-06-2025,39.67926421,-105.0937713,1700,Jefferson
Gables School and Community Garden,GABL-V-7,GABL,vane,7,Fly,Insecta,Diptera,,,,,June,17-06-2025,20-06-2025,39.67926421,-105.0937713,1700,Jefferson
Gables School and Community Garden,GABL-V-8,GABL,vane,8,Fly,Insecta,Diptera,,,,,June,17-06-2025,20-06-2025,39.67926421,-105.0937713,1700,Jefferson
Gables School and Community Garden,GABL-V-9,GABL,vane,9,Fly,Insecta,Diptera,,,,,June,17-06-2025,20-06-2025,39.67926421,-105.0937713,1700,Jefferson
Gables School and Community Garden,GABL-V-10,GABL,vane,10,Rove Beetle,Insecta,Coleoptera,Staphylinidae,,,Predator,June,17-06-2025,20-06-2025,39.67926421,-105.0937713,1700,Jefferson
Gables School and Community Garden,GABL-V-11,GABL,vane,11,Thrips,Insecta,Thysanoptera,,,,Herbivore,June,17-06-2025,20-06-2025,39.67926421,-105.0937713,1700,Jefferson
Gables School and Community Garden,GABL-V-12,GABL,vane,12,Thrips,Insecta,Thysanoptera,,,,Herbivore,June,17-06-2025,20-06-2025,39.67926421,-105.0937713,1700,Jefferson
Gables School and Community Garden,GABL-V-13,GABL,vane,13,Thrips,Insecta,Thysanoptera,,,,Herbivore,June,17-06-2025,20-06-2025,39.67926421,-105.0937713,1700,Jefferson
Gables School and Community Garden,GABL-V-14,GABL,vane,14,Thrips,Insecta,Thysanoptera,,,,Herbivore,June,17-06-2025,20-06-2025,39.67926421,-105.0937713,1700,Jefferson
Gables School and Community Garden,GABL-V-15,GABL,vane,15,Thrips,Insecta,Thysanoptera,,,,Herbivore,June,17-06-2025,20-06-2025,39.67926421,-105.0937713,1700,Jefferson
Gables School and Community Garden,GABL-V-16,GABL,vane,16,Thrips,Insecta,Thysanoptera,,,,Herbivore,June,17-06-2025,20-06-2025,39.67926421,-105.0937713,1700,Jefferson
Gables School and Community Garden,GABL-V-17,GABL,vane,17,Thrips,Insecta,Thysanoptera,,,,Herbivore,June,17-06-2025,20-06-2025,39.67926421,-105.0937713,1700,Jefferson
Gables School and Community Garden,GABL-V-18,GABL,vane,18,Thrips,Insecta,Thysanoptera,,,,Herbivore,June,17-06-2025,20-06-2025,39.67926421,-105.0937713,1700,Jefferson
Gables School and Community Garden,GABL-V-19,GABL,vane,19,Bee,Insecta,Hymenoptera,,,,Pollinator,June,17-06-2025,20-06-2025,39.67926421,-105.0937713,1700,Jefferson
Gables School and Community Garden,GABL-V-20,GABL,vane,20,Bee,Insecta,Hymenoptera,,,,Pollinator,June,17-06-2025,20-06-2025,39.67926421,-105.0937713,1700,Jefferson
Gables School and Community Garden,GABL-V-21,GABL,vane,21,Bee,Insecta,Hymenoptera,,,,Pollinator,June,17-06-2025,20-06-2025,39.67926421,-105.0937713,1700,Jefferson
Gables School and Community Garden,GABL-V-22,GABL,vane,22,wasp,Insecta,Hymenoptera,,,,Predator,June,17-06-2025,20-06-2025,39.67926421,-105.0937713,1700,Jefferson
Gables School and Community Garden,GABL-V-23,GABL,vane,23,Bee,Insecta,Hymenoptera,,,,Pollinator,June,17-06-2025,20-06-2025,39.67926421,-105.0937713,1700,Jefferson
Gables School and Community Garden,GABL-V-24,GABL,vane,24,? - check box,,,,,,,June,17-06-2025,20-06-2025,39.67926421,-105.0937713,1700,Jefferson
Gables School and Community Garden,GABL-V-25,GABL,vane,25,Bee,Insecta,Hymenoptera,,,,Pollinator,June,17-06-2025,20-06-2025,39.67926421,-105.0937713,1700,Jefferson
Gables School and Community Garden,GABL-V-26,GABL,vane,26,Bee,Insecta,Hymenoptera,,,,Pollinator,June,17-06-2025,20-06-2025,39.67926421,-105.0937713,1700,Jefferson
Gables School and Community Garden,GABL-V-27,GABL,vane,27,Bee,Insecta,Hymenoptera,,,,Pollinator,June,17-06-2025,20-06-2025,39.67926421,-105.0937713,1700,Jefferson
Gables School and Community Garden,GABL-V-28,GABL,vane,28,Bug,Insecta,,,,,,June,17-06-2025,20-06-2025,39.67926421,-105.0937713,1700,Jefferson
Gables School and Community Garden,GABL-V-29,GABL,vane,29,Bug,Insecta,,,,,,June,17-06-2025,20-06-2025,39.67926421,-105.0937713,1700,Jefferson
Gables School and Community Garden,GABL-V-30,GABL,vane,30,Bee,Insecta,Hymenoptera,,,,Pollinator,June,17-06-2025,20-06-2025,39.67926421,-105.0937713,1700,Jefferson
Gables School and Community Garden,GABL-V-31,GABL,vane,31,Bee,Insecta,Hymenoptera,,,,Pollinator,June,17-06-2025,20-06-2025,39.67926421,-105.0937713,1700,Jefferson
Gables School and Community Garden,GABL-V-32,GABL,vane,32,Bee,Insecta,Hymenoptera,,,,Pollinator,June,17-06-2025,20-06-2025,39.67926421,-105.0937713,1700,Jefferson
Gables School and Community Garden,GABL-V-33,GABL,vane,33,Bug,Insecta,Hemiptera,,,,,June,17-06-2025,20-06-2025,39.67926421,-105.0937713,1700,Jefferson
Gables School and Community Garden,GABL-V-34,GABL,vane,34,Bug,Insecta,Hemiptera,,,,,June,17-06-2025,20-06-2025,39.67926421,-105.0937713,1700,Jefferson
Gables School and Community Garden,GABL-V-35,GABL,vane,35,Thrips,Insecta,Thysanoptera,,,,Herbivore,June,17-06-2025,20-06-2025,39.67926421,-105.0937713,1700,Jefferson
Gables School and Community Garden,GABL-V-36,GABL,vane,36,leaf hopper,Insecta,Hemiptera,Cicadellidae,Agallia,,Herbivore,June,17-06-2025,20-06-2025,39.67926421,-105.0937713,1700,Jefferson
Gables School and Community Garden,GABL-V-37,GABL,vane,37,leaf hopper,Insecta,Hemiptera,Cicadellidae,Agallia,,Herbivore,June,17-06-2025,20-06-2025,39.67926421,-105.0937713,1700,Jefferson
Gables School and Community Garden,GABL-V-38,GABL,vane,38,Daddy long legs,Arachnida,Opiliones,,,,Predator/Scavenger,June,17-06-2025,20-06-2025,39.67926421,-105.0937713,1700,Jefferson
Gables School and Community Garden,GABL-V-39,GABL,vane,39,leaf hopper,Insecta,Hemiptera,Cicadellidae,Ceratagallia,,Herbivore,June,17-06-2025,20-06-2025,39.67926421,-105.0937713,1700,Jefferson
Gables School and Community Garden,GABL-V-40,GABL,vane,40,leaf hopper,Insecta,Hemiptera,Cicadellidae,Ceratagallia,,Herbivore,June,17-06-2025,20-06-2025,39.67926421,-105.0937713,1700,Jefferson
Gables School and Community Garden,GABL-V-41,GABL,vane,41,ant,Insecta,Hymenoptera,Formicidae,Tetramorium,immigrans,Omnivore,June,17-06-2025,20-06-2025,39.67926421,-105.0937713,1700,Jefferson
Gables School and Community Garden,GABL-V-42,GABL,vane,42,Unk hemi,Insecta,Hemiptera,,,,,June,17-06-2025,20-06-2025,39.67926421,-105.0937713,1700,Jefferson
Gables School and Community Garden,GABL-V-43,GABL,vane,43,ant,Insecta,Hymenoptera,Formicidae,Tetramorium,immigrans,Omnivore,June,17-06-2025,20-06-2025,39.67926421,-105.0937713,1700,Jefferson
Gables School and Community Garden,GABL-V-44,GABL,vane,44,aphid,Insecta,Hemiptera,Aphididae,,,Herbivore,June,17-06-2025,20-06-2025,39.67926421,-105.0937713,1700,Jefferson
Gables School and Community Garden,GABL-V-45,GABL,vane,45,aphid,Insecta,Hemiptera,Aphididae,,,Herbivore,June,17-06-2025,20-06-2025,39.67926421,-105.0937713,1700,Jefferson
Gables School and Community Garden,GABL-P-46,GABL,pitfall_1,46,Daddy long legs,Arachnida,Opiliones,,,,Predator/Scavenger,June,17-06-2025,20-06-2025,39.67926421,-105.0937713,1700,Jefferson
Gables School and Community Garden,GABL-P-47,GABL,pitfall_1,47,Spider,Arachnida,Araneae,,,,Predator,June,17-06-2025,20-06-2025,39.67926421,-105.0937713,1700,Jefferson
Gables School and Community Garden,GABL-P-48,GABL,pitfall_1,48,ant,Insecta,Hymenoptera,Formicidae,,,Omnivore,June,17-06-2025,20-06-2025,39.67926421,-105.0937713,1700,Jefferson
Gables School and Community Garden,GABL-P-49,GABL,pitfall_1,49,ant,Insecta,Hymenoptera,Formicidae,,,Omnivore,June,17-06-2025,20-06-2025,39.67926421,-105.0937713,1700,Jefferson
Gables School and Community Garden,GABL-P-50,GABL,pitfall_1,50,UNK Hemi,Insecta,Hemiptera,,,,Herbivore,June,17-06-2025,20-06-2025,39.67926421,-105.0937713,1700,Jefferson
Gables School and Community Garden,GABL-P-51,GABL,pitfall_1,51,leaf hopper,Insecta,Hemiptera,Cicadellidae,,,Herbivore,June,17-06-2025,20-06-2025,39.67926421,-105.0937713,1700,Jefferson
Gables School and Community Garden,GABL-P-52,GABL,pitfall_1,52,aphid,Insecta,Hemiptera,Aphididae,,,Herbivore,June,17-06-2025,20-06-2025,39.67926421,-105.0937713,1700,Jefferson
Gabriel Cam Memorial Community Garden,GABR-V-1,GABR,vane,1,Aphid,Insecta,Hemiptera,Aphididae,,,Herbivore,June,17-06-2025,20-06-2025,39.72381522,-104.8309439,1655,Arapahoe
Gabriel Cam Memorial Community Garden,GABR-V-2,GABR,vane,2,Aphid,Insecta,Hemiptera,Aphididae,,,Herbivore,June,17-06-2025,20-06-2025,39.72381522,-104.8309439,1655,Arapahoe
Gabriel Cam Memorial Community Garden,GABR-V-3,GABR,vane,3,Aphid,Insecta,Hemiptera,Aphididae,,,Herbivore,June,17-06-2025,20-06-2025,39.72381522,-104.8309439,1655,Arapahoe
Gabriel Cam Memorial Community Garden,GABR-V-4,GABR,vane,4,Aphid,Insecta,Hemiptera,Aphididae,,,Herbivore,June,17-06-2025,20-06-2025,39.72381522,-104.8309439,1655,Arapahoe
Gabriel Cam Memorial Community Garden,GABR-V-5,GABR,vane,5,Aphid,Insecta,Hemiptera,Aphididae,,,Herbivore,June,17-06-2025,20-06-2025,39.72381522,-104.8309439,1655,Arapahoe
Gabriel Cam Memorial Community Garden,GABR-V-6,GABR,vane,6,Aphid,Insecta,Hemiptera,Aphididae,,,Herbivore,June,17-06-2025,20-06-2025,39.72381522,-104.8309439,1655,Arapahoe
Gabriel Cam Memorial Community Garden,GABR-V-7,GABR,vane,7,Bug,Insecta,Hemiptera,,,,,June,17-06-2025,20-06-2025,39.72381522,-104.8309439,1655,Arapahoe
Gabriel Cam Memorial Community Garden,GABR-V-8,GABR,vane,8,Bug,Insecta,Hemiptera,,,,,June,17-06-2025,20-06-2025,39.72381522,-104.8309439,1655,Arapahoe
Gabriel Cam Memorial Community Garden,GABR-V-9,GABR,vane,9,Bug,Insecta,Hemiptera,,,,,June,17-06-2025,20-06-2025,39.72381522,-104.8309439,1655,Arapahoe
Gabriel Cam Memorial Community Garden,GABR-V-10,GABR,vane,10,Thrips,Insecta,Thysanoptera,,,,Herbivore,June,17-06-2025,20-06-2025,39.72381522,-104.8309439,1655,Arapahoe
Gabriel Cam Memorial Community Garden,GABR-V-11,GABR,vane,11,Thrips,Insecta,Thysanoptera,,,,Herbivore,June,17-06-2025,20-06-2025,39.72381522,-104.8309439,1655,Arapahoe
Gabriel Cam Memorial Community Garden,GABR-V-12,GABR,vane,12,Thrips,Insecta,Thysanoptera,,,,Herbivore,June,17-06-2025,20-06-2025,39.72381522,-104.8309439,1655,Arapahoe
Gabriel Cam Memorial Community Garden,GABR-V-13,GABR,vane,13,Thrips,Insecta,Thysanoptera,,,,Herbivore,June,17-06-2025,20-06-2025,39.72381522,-104.8309439,1655,Arapahoe
Gabriel Cam Memorial Community Garden,GABR-V-14,GABR,vane,14,Thrips,Insecta,Thysanoptera,,,,Herbivore,June,17-06-2025,20-06-2025,39.72381522,-104.8309439,1655,Arapahoe
Gabriel Cam Memorial Community Garden,GABR-V-15,GABR,vane,15,Thrips,Insecta,Thysanoptera,,,,Herbivore,June,17-06-2025,20-06-2025,39.72381522,-104.8309439,1655,Arapahoe
Gabriel Cam Memorial Community Garden,GABR-V-16,GABR,vane,16,Thrips,Insecta,Thysanoptera,,,,Herbivore,June,17-06-2025,20-06-2025,39.72381522,-104.8309439,1655,Arapahoe
Gabriel Cam Memorial Community Garden,GABR-V-17,GABR,vane,17,Thrips,Insecta,Thysanoptera,,,,Herbivore,June,17-06-2025,20-06-2025,39.72381522,-104.8309439,1655,Arapahoe
Gabriel Cam Memorial Community Garden,GABR-V-18,GABR,vane,18,Bug,Insecta,Hemiptera,,,,,June,17-06-2025,20-06-2025,39.72381522,-104.8309439,1655,Arapahoe
Gabriel Cam Memorial Community Garden,GABR-V-19,GABR,vane,19,Beetle,Insecta,Coleoptera,,,,,June,17-06-2025,20-06-2025,39.72381522,-104.8309439,1655,Arapahoe
Gabriel Cam Memorial Community Garden,GABR-V-30,GABR,vane,30,Beetle,Insecta,Coleoptera,,,,,June,17-06-2025,20-06-2025,39.72381522,-104.8309439,1655,Arapahoe
Gabriel Cam Memorial Community Garden,GABR-V-21,GABR,vane,21,Beetle,Insecta,Coleoptera,,,,,June,17-06-2025,20-06-2025,39.72381522,-104.8309439,1655,Arapahoe
Gabriel Cam Memorial Community Garden,GABR-V-22,GABR,vane,22,Mosquito,Insecta,Diptera,Culicidae,,,Sanguivore,June,17-06-2025,20-06-2025,39.72381522,-104.8309439,1655,Arapahoe
Gabriel Cam Memorial Community Garden,GABR-V-23,GABR,vane,23,Bee mimic,Insecta,Diptera,,,,,June,17-06-2025,20-06-2025,39.72381522,-104.8309439,1655,Arapahoe
Gabriel Cam Memorial Community Garden,GABR-V-24,GABR,vane,24,Aphids,Insecta,Hemiptera,Aphididae,,,Herbivore,June,17-06-2025,20-06-2025,39.72381522,-104.8309439,1655,Arapahoe
Gabriel Cam Memorial Community Garden,GABR-V-25,GABR,vane,25,anthophora bee?,Insecta,Hymenoptera,Apidae,,,Pollinator,June,17-06-2025,20-06-2025,39.72381522,-104.8309439,1655,Arapahoe
Gabriel Cam Memorial Community Garden,GABR-V-26,GABR,vane,26,sweatbee,Insecta,Hymenoptera,Halictidae,Halictus,,Pollinator,June,17-06-2025,20-06-2025,39.72381522,-104.8309439,1655,Arapahoe
Gabriel Cam Memorial Community Garden,GABR-V-27,GABR,vane,27,green lacewing,Insecta,Neuroptera,Chrysopidae,,,Predator,June,17-06-2025,20-06-2025,39.72381522,-104.8309439,1655,Arapahoe
Gabriel Cam Memorial Community Garden,GABR-V-28,GABR,vane,28,beetle,Insecta,Coleoptera,,,,,June,17-06-2025,20-06-2025,39.72381522,-104.8309439,1655,Arapahoe
Gabriel Cam Memorial Community Garden,GABR-V-29,GABR,vane,29,fly,Insecta,Diptera,,,,,June,17-06-2025,20-06-2025,39.72381522,-104.8309439,1655,Arapahoe
Gabriel Cam Memorial Community Garden,GABR-V-30,GABR,vane,30,plantbug,Insecta,Hemiptera,Miridae,Orthops,,Herbivore,June,17-06-2025,20-06-2025,39.72381522,-104.8309439,1655,Arapahoe
Gabriel Cam Memorial Community Garden,GABR-P-1,GABR,pitfall_1,1,harvest man,Arachnida,Opiliones,,,,Predator/Scavenger,June,17-06-2025,20-06-2025,39.72381522,-104.8309439,1655,Arapahoe
Gabriel Cam Memorial Community Garden,GABR-P-2,GABR,pitfall_1,2,milipede,Diplopoda,,,,,Detritivore,June,17-06-2025,20-06-2025,39.72381522,-104.8309439,1655,Arapahoe
Gabriel Cam Memorial Community Garden,GABR-P-3,GABR,pitfall_1,3,milipede,Diplopoda,,,,,Detritivore,June,17-06-2025,20-06-2025,39.72381522,-104.8309439,1655,Arapahoe
Gabriel Cam Memorial Community Garden,GABR-P-4,GABR,pitfall_1,4,small spider,Arachnida,Araneae,,,,Predator,June,17-06-2025,20-06-2025,39.72381522,-104.8309439,1655,Arapahoe
Gabriel Cam Memorial Community Garden,GABR-P-5,GABR,pitfall_1,5,small spider,Arachnida,Araneae,,,,Predator,June,17-06-2025,20-06-2025,39.72381522,-104.8309439,1655,Arapahoe
Gabriel Cam Memorial Community Garden,GABR-P-6,GABR,pitfall_1,6,small spider,Arachnida,Araneae,,,,Predator,June,17-06-2025,20-06-2025,39.72381522,-104.8309439,1655,Arapahoe
Gabriel Cam Memorial Community Garden,GABR-P-7,GABR,pitfall_1,7,small mosquito,Insecta,Diptera,,,,Sanguivore,June,17-06-2025,20-06-2025,39.72381522,-104.8309439,1655,Arapahoe
Gabriel Cam Memorial Community Garden,GABR-P-8,GABR,pitfall_1,8,small mosquito,Insecta,Diptera,,,,Sanguivore,June,17-06-2025,20-06-2025,39.72381522,-104.8309439,1655,Arapahoe
Gabriel Cam Memorial Community Garden,GABR-P-9,GABR,pitfall_1,9,ant,Insecta,Hymenoptera,Formicidae,Tetramorium,immigrans,Omnivore,June,17-06-2025,20-06-2025,39.72381522,-104.8309439,1655,Arapahoe
Gabriel Cam Memorial Community Garden,GABR-P-10,GABR,pitfall_1,10,ant,Insecta,Hymenoptera,Formicidae,Tetramorium,immigrans,Omnivore,June,17-06-2025,20-06-2025,39.72381522,-104.8309439,1655,Arapahoe
Gabriel Cam Memorial Community Garden,GABR-P-11,GABR,pitfall_1,11,ant,Insecta,Hymenoptera,Formicidae,Tetramorium,immigrans,Omnivore,June,17-06-2025,20-06-2025,39.72381522,-104.8309439,1655,Arapahoe
Gabriel Cam Memorial Community Garden,GABR-P-12,GABR,pitfall_1,12,ant,Insecta,Hymenoptera,Formicidae,,,Omnivore,June,17-06-2025,20-06-2025,39.72381522,-104.8309439,1655,Arapahoe
Gabriel Cam Memorial Community Garden,GABR-P-13,GABR,pitfall_1,13,ant,Insecta,Hymenoptera,Formicidae,Tetramorium,immigrans,Omnivore,June,17-06-2025,20-06-2025,39.72381522,-104.8309439,1655,Arapahoe
Gabriel Cam Memorial Community Garden,GABR-P-14,GABR,pitfall_1,14,Fly,Insecta,Diptera,Muscidae,Musca,domestica,Detritivore,June,17-06-2025,20-06-2025,39.72381522,-104.8309439,1655,Arapahoe
Gabriel Cam Memorial Community Garden,GABR-P-15,GABR,pitfall_1,15,pill bug,Malacostraca,Isopoda,Armadillidae,Armadillidium,,Detritivore,June,17-06-2025,20-06-2025,39.72381522,-104.8309439,1655,Arapahoe
Gabriel Cam Memorial Community Garden,GABR-P-16,GABR,pitfall_1,16,pill bug,Malacostraca,Isopoda,Armadillidae,Armadillidium,,Detritivore,June,17-06-2025,20-06-2025,39.72381522,-104.8309439,1655,Arapahoe
Gabriel Cam Memorial Community Garden,GABR-P-17,GABR,pitfall_1,17,pill bug,Malacostraca,Isopoda,Armadillidae,Armadillidium,,Detritivore,June,17-06-2025,20-06-2025,39.72381522,-104.8309439,1655,Arapahoe
Gabriel Cam Memorial Community Garden,GABR-P-18,GABR,pitfall_1,18,pill bug,Malacostraca,Isopoda,Armadillidae,Armadillidium,,Detritivore,June,17-06-2025,20-06-2025,39.72381522,-104.8309439,1655,Arapahoe
Gabriel Cam Memorial Community Garden,GABR-P-19,GABR,pitfall_1,19,pill bug ,Malacostraca,Isopoda,Armadillidae,Armadillidium,,Detritivore,June,17-06-2025,20-06-2025,39.72381522,-104.8309439,1655,Arapahoe
Gabriel Cam Memorial Community Garden,GABR-P-20,GABR,pitfall_1,20,pill bug,Malacostraca,Isopoda,Armadillidae,Armadillidium,,Detritivore,June,17-06-2025,20-06-2025,39.72381522,-104.8309439,1655,Arapahoe
Gabriel Cam Memorial Community Garden,GABR-P-21,GABR,pitfall_1,21,pill bug,Malacostraca,Isopoda,Armadillidae,Armadillidium,,Detritivore,June,17-06-2025,20-06-2025,39.72381522,-104.8309439,1655,Arapahoe
Gabriel Cam Memorial Community Garden,GABR-P-22,GABR,pitfall_1,22,pill bug,Malacostraca,Isopoda,Armadillidae,Armadillidium,,Detritivore,June,17-06-2025,20-06-2025,39.72381522,-104.8309439,1655,Arapahoe
Gabriel Cam Memorial Community Garden,GABR-P-23,GABR,pitfall_1,23,pill bug,Malacostraca,Isopoda,Armadillidae,Armadillidium,,Detritivore,June,17-06-2025,20-06-2025,39.72381522,-104.8309439,1655,Arapahoe
Gabriel Cam Memorial Community Garden,GABR-P-24,GABR,pitfall_1,24,pill bug,Malacostraca,Isopoda,Armadillidae,Armadillidium,,Detritivore,June,17-06-2025,20-06-2025,39.72381522,-104.8309439,1655,Arapahoe
Gabriel Cam Memorial Community Garden,GABR-P-25,GABR,pitfall_1,25,pill bug,Malacostraca,Isopoda,Armadillidae,Armadillidium,,Detritivore,June,17-06-2025,20-06-2025,39.72381522,-104.8309439,1655,Arapahoe
Gabriel Cam Memorial Community Garden,GABR-P-26,GABR,pitfall_1,26,pill bug,Malacostraca,Isopoda,Armadillidae,Armadillidium,,Detritivore,June,17-06-2025,20-06-2025,39.72381522,-104.8309439,1655,Arapahoe
Gabriel Cam Memorial Community Garden,GABR-P-27,GABR,pitfall_1,27,pill bug,Malacostraca,Isopoda,Armadillidae,Armadillidium,,Detritivore,June,17-06-2025,20-06-2025,39.72381522,-104.8309439,1655,Arapahoe
Gabriel Cam Memorial Community Garden,GABR-P-28,GABR,pitfall_1,28,pill bug,Malacostraca,Isopoda,Armadillidae,Armadillidium,,Detritivore,June,17-06-2025,20-06-2025,39.72381522,-104.8309439,1655,Arapahoe
Gabriel Cam Memorial Community Garden,GABR-P-29,GABR,pitfall_1,29,pill bug,Malacostraca,Isopoda,Armadillidae,Armadillidium,,Detritivore,June,17-06-2025,20-06-2025,39.72381522,-104.8309439,1655,Arapahoe
Gabriel Cam Memorial Community Garden,GABR-P-30,GABR,pitfall_1,30,pill bug,Malacostraca,Isopoda,Armadillidae,Armadillidium,,Detritivore,June,17-06-2025,20-06-2025,39.72381522,-104.8309439,1655,Arapahoe
Gabriel Cam Memorial Community Garden,GABR-P-31,GABR,pitfall_1,31,pill bug,Malacostraca,Isopoda,Armadillidae,Armadillidium,,Detritivore,June,17-06-2025,20-06-2025,39.72381522,-104.8309439,1655,Arapahoe
Gabriel Cam Memorial Community Garden,GABR-P-32,GABR,pitfall_1,32,milipede,Diplopoda,,,,,Detritivore,June,17-06-2025,20-06-2025,39.72381522,-104.8309439,1655,Arapahoe
Gabriel Cam Memorial Community Garden,GABR-P-33,GABR,pitfall_1,33,milipede,Diplopoda,,,,,Detritivore,June,17-06-2025,20-06-2025,39.72381522,-104.8309439,1655,Arapahoe
Gabriel Cam Memorial Community Garden,GABR-P-34,GABR,pitfall_1,34,milipede,Diplopoda,,,,,Detritivore,June,17-06-2025,20-06-2025,39.72381522,-104.8309439,1655,Arapahoe
Gabriel Cam Memorial Community Garden,GABR-P-35,GABR,pitfall_1,35,pill bug,Malacostraca,Isopoda,Armadillidae,Armadillidium,,Detritivore,June,17-06-2025,20-06-2025,39.72381522,-104.8309439,1655,Arapahoe
Gabriel Cam Memorial Community Garden,GABR-P-36,GABR,pitfall_1,36,wolf spider,Arachnida,Araneae,Lycosidae,Schizocosa,mccooki,Predator,June,17-06-2025,20-06-2025,39.72381522,-104.8309439,1655,Arapahoe
Gabriel Cam Memorial Community Garden,GABR-P-,GABR,pitfall_2,,(no pitfall 2 in spreadsheet and abundance of pitfall 1 suspicious),,,,,,,June,17-06-2025,20-06-2025,39.72381522,-104.8309439,1655,Arapahoe
Greenway Community Garden,GRE-V-1,GRE,vane,1,Beetle,Insecta,Coleoptera,,,,,June,17-06-2025,20-06-2025,39.75074088,-104.8969895,1625,Denver
Greenway Community Garden,GRE-V-2,GRE,vane,2,Beetle,Insecta,Coleoptera,,,,,June,17-06-2025,20-06-2025,39.75074088,-104.8969895,1625,Denver
Greenway Community Garden,GRE-V-3,GRE,vane,3,Beetle,Insecta,Coleoptera,,,,,June,17-06-2025,20-06-2025,39.75074088,-104.8969895,1625,Denver
Greenway Community Garden,GRE-V-4,GRE,vane,4,Beetle,Insecta,Coleoptera,,,,,June,17-06-2025,20-06-2025,39.75074088,-104.8969895,1625,Denver
Greenway Community Garden,GRE-V-5,GRE,vane,5,Beetle,Insecta,Coleoptera,,,,,June,17-06-2025,20-06-2025,39.75074088,-104.8969895,1625,Denver
Greenway Community Garden,GRE-V-6,GRE,vane,6,Bug,Insecta,Hemiptera,,,,,June,17-06-2025,20-06-2025,39.75074088,-104.8969895,1625,Denver
Greenway Community Garden,GRE-V-7,GRE,vane,7,Aphids,Insecta,Hemiptera,Aphididae,,,Herbivore,June,17-06-2025,20-06-2025,39.75074088,-104.8969895,1625,Denver
Greenway Community Garden,GRE-V-8,GRE,vane,8,Aphids,Insecta,Hemiptera,Aphididae,,,Herbivore,June,17-06-2025,20-06-2025,39.75074088,-104.8969895,1625,Denver
Greenway Community Garden,GRE-V-9,GRE,vane,9,Aphids,Insecta,Hemiptera,Aphididae,,,Herbivore,June,17-06-2025,20-06-2025,39.75074088,-104.8969895,1625,Denver
Greenway Community Garden,GRE-V-3,GRE,vane,3,Aphids,Insecta,Hemiptera,Aphididae,,,Herbivore,June,17-06-2025,20-06-2025,39.75074088,-104.8969895,1625,Denver
Greenway Community Garden,GRE-V-11,GRE,vane,11,Fly,Insecta,Diptera,,,,,June,17-06-2025,20-06-2025,39.75074088,-104.8969895,1625,Denver
Greenway Community Garden,GRE-V-12,GRE,vane,12,Thrips,Insecta,Thysanoptera,,,,Herbivore,June,17-06-2025,20-06-2025,39.75074088,-104.8969895,1625,Denver
Greenway Community Garden,GRE-V-13,GRE,vane,13,Thrips,Insecta,Thysanoptera,,,,Herbivore,June,17-06-2025,20-06-2025,39.75074088,-104.8969895,1625,Denver
Greenway Community Garden,GRE-V-14,GRE,vane,14,Thrips,Insecta,Thysanoptera,,,,Herbivore,June,17-06-2025,20-06-2025,39.75074088,-104.8969895,1625,Denver
Greenway Community Garden,GRE-V-15,GRE,vane,15,Thrips,Insecta,Thysanoptera,,,,Herbivore,June,17-06-2025,20-06-2025,39.75074088,-104.8969895,1625,Denver
Greenway Community Garden,GRE-V-16,GRE,vane,16,Thrips,Insecta,Thysanoptera,,,,Herbivore,June,17-06-2025,20-06-2025,39.75074088,-104.8969895,1625,Denver
Greenway Community Garden,GRE-V-17,GRE,vane,17,Thrips,Insecta,Thysanoptera,,,,Herbivore,June,17-06-2025,20-06-2025,39.75074088,-104.8969895,1625,Denver
Greenway Community Garden,GRE-V-18,GRE,vane,18,Thrips,Insecta,Thysanoptera,,,,Herbivore,June,17-06-2025,20-06-2025,39.75074088,-104.8969895,1625,Denver
Greenway Community Garden,GRE-V-19,GRE,vane,19,Thrips,Insecta,Thysanoptera,,,,Herbivore,June,17-06-2025,20-06-2025,39.75074088,-104.8969895,1625,Denver
Greenway Community Garden,GRE-V-20,GRE,vane,20,Springtail,Entognatha,Collembola,,,,Detritivore,June,17-06-2025,20-06-2025,39.75074088,-104.8969895,1625,Denver
Greenway Community Garden,GRE-V-21,GRE,vane,21,Mites,Arachnida,,,,,Predator,June,17-06-2025,20-06-2025,39.75074088,-104.8969895,1625,Denver
Greenway Community Garden,GRE-V-22,GRE,vane,22,Mites,Arachnida,,,,,Predator,June,17-06-2025,20-06-2025,39.75074088,-104.8969895,1625,Denver
Greenway Community Garden,GRE-V-23,GRE,vane,23,Mites,Arachnida,,,,,Predator,June,17-06-2025,20-06-2025,39.75074088,-104.8969895,1625,Denver
Greenway Community Garden,GRE-V-24,GRE,vane,24,Bee,Insecta,Hymenoptera,,,,Pollinator,June,17-06-2025,20-06-2025,39.75074088,-104.8969895,1625,Denver
Greenway Community Garden,GRE-V-25,GRE,vane,25,Bee,Insecta,Hymenoptera,,,,Pollinator,June,17-06-2025,20-06-2025,39.75074088,-104.8969895,1625,Denver
Greenway Community Garden,GRE-V-26,GRE,vane,26,Bee,Insecta,Hymenoptera,,,,Pollinator,June,17-06-2025,20-06-2025,39.75074088,-104.8969895,1625,Denver
Greenway Community Garden,GRE-V-27,GRE,vane,27,lace wing,Insecta,Neuroptera,Chrysopidae,,,Predator,June,17-06-2025,20-06-2025,39.75074088,-104.8969895,1625,Denver
Greenway Community Garden,GRE-V-28,GRE,vane,28,Unk hemi,Insecta,Hemiptera,,,,,June,17-06-2025,20-06-2025,39.75074088,-104.8969895,1625,Denver
Greenway Community Garden,GRE-V-29,GRE,vane,29,Unk hemi,Insecta,Hemiptera,,,,,June,17-06-2025,20-06-2025,39.75074088,-104.8969895,1625,Denver
Greenway Community Garden,GRE-P-30,GRE,pitfall_1,30,WolfSpider,Arachnida,Araneae,Lycosidae,Schizocosa,mccooki,Predator,June,17-06-2025,20-06-2025,39.75074088,-104.8969895,1625,Denver
Greenway Community Garden,GRE-P-31,GRE,pitfall_1,31,Beetle,Insecta,Coleoptera,,,,,June,17-06-2025,20-06-2025,39.75074088,-104.8969895,1625,Denver
Greenway Community Garden,GRE-P-32,GRE,pitfall_1,32,Roly-poly,Malacostraca,Isopoda,Armadillidae,,,Detritivore,June,17-06-2025,20-06-2025,39.75074088,-104.8969895,1625,Denver
Greenway Community Garden,GRE-P-33,GRE,pitfall_1,33,Roly-poly,Malacostraca,Isopoda,Armadillidae,,,Detritivore,June,17-06-2025,20-06-2025,39.75074088,-104.8969895,1625,Denver
Greenway Community Garden,GRE-P-34,GRE,pitfall_1,34,Roly-poly,Malacostraca,Isopoda,Armadillidae,,,Detritivore,June,17-06-2025,20-06-2025,39.75074088,-104.8969895,1625,Denver
Greenway Community Garden,GRE-P-35,GRE,pitfall_1,35,Roly-poly,Malacostraca,Isopoda,Armadillidae,,,Detritivore,June,17-06-2025,20-06-2025,39.75074088,-104.8969895,1625,Denver
Greenway Community Garden,GRE-P-36,GRE,pitfall_1,36,Roly-poly,Malacostraca,Isopoda,Armadillidae,,,Detritivore,June,17-06-2025,20-06-2025,39.75074088,-104.8969895,1625,Denver
Greenway Community Garden,GRE-P-37,GRE,pitfall_1,37,Roly-poly,Malacostraca,Isopoda,Armadillidae,,,Detritivore,June,17-06-2025,20-06-2025,39.75074088,-104.8969895,1625,Denver
Greenway Community Garden,GRE-P-38,GRE,pitfall_1,38,leaf hopper,Insecta,Hemiptera,Cicadellidae,Ceratagallia,,Herbivore,June,17-06-2025,20-06-2025,39.75074088,-104.8969895,1625,Denver
Greenway Community Garden,GRE-P-39,GRE,pitfall_1,39,spider,Arachnida,Araneae,,,,Predator,June,17-06-2025,20-06-2025,39.75074088,-104.8969895,1625,Denver
Greenway Community Garden,GRE-P-40,GRE,pitfall_1,40,spider,Arachnida,Araneae,,,,Predator,June,17-06-2025,20-06-2025,39.75074088,-104.8969895,1625,Denver
Greenway Community Garden,GRE-P-41,GRE,pitfall_1,41,spider,Arachnida,Araneae,,,,Predator,June,17-06-2025,20-06-2025,39.75074088,-104.8969895,1625,Denver
Greenway Community Garden,GRE-P-42,GRE,pitfall_1,42,daddy long legs,Arachnida,Opiliones,,,,Predator/Scavenger,June,17-06-2025,20-06-2025,39.75074088,-104.8969895,1625,Denver
Greenway Community Garden,GRE-P-43,GRE,pitfall_1,43,Unk hemi,Insecta,,,,,,June,17-06-2025,20-06-2025,39.75074088,-104.8969895,1625,Denver
Greenway Community Garden,GRE-P-44,GRE,pitfall_1,44,beetle,Insecta,Coleoptera,,,,,June,17-06-2025,20-06-2025,39.75074088,-104.8969895,1625,Denver
Greenway Community Garden,GRE-P-45,GRE,pitfall_1,45,leaf hopper,Insecta,Hemiptera,Cicadellidae,,,Herbivore,June,17-06-2025,20-06-2025,39.75074088,-104.8969895,1625,Denver
Greenway Community Garden,GRE-P-1,GRE,pitfall_2,1,pillbug,Malacostraca,Isopoda,Armadillidae,,,Detritivore,June,17-06-2025,20-06-2025,39.75074088,-104.8969895,1625,Denver
Greenway Community Garden,GRE-P-2,GRE,pitfall_2,2,pillbug,Malacostraca,Isopoda,Armadillidae,,,Detritivore,June,17-06-2025,20-06-2025,39.75074088,-104.8969895,1625,Denver
Greenway Community Garden,GRE-P-3,GRE,pitfall_2,3,pillbug,Malacostraca,Isopoda,Armadillidae,,,Detritivore,June,17-06-2025,20-06-2025,39.75074088,-104.8969895,1625,Denver
Greenway Community Garden,GRE-P-4,GRE,pitfall_2,4,pillbug,Malacostraca,Isopoda,Armadillidae,,,Detritivore,June,17-06-2025,20-06-2025,39.75074088,-104.8969895,1625,Denver
Greenway Community Garden,GRE-P-5,GRE,pitfall_2,5,pillbug,Malacostraca,Isopoda,Armadillidae,,,Detritivore,June,17-06-2025,20-06-2025,39.75074088,-104.8969895,1625,Denver
Greenway Community Garden,GRE-P-6,GRE,pitfall_2,6,pillbug,Malacostraca,Isopoda,Armadillidae,,,Detritivore,June,17-06-2025,20-06-2025,39.75074088,-104.8969895,1625,Denver
Greenway Community Garden,GRE-P-7,GRE,pitfall_2,7,spider,Arachnida,Araneae,,,,Predator,June,17-06-2025,20-06-2025,39.75074088,-104.8969895,1625,Denver
Greenway Community Garden,GRE-P-8,GRE,pitfall_2,8,woodlouse spider,Arachnida,Araneae,Dysderidae,,,Predator,June,17-06-2025,20-06-2025,39.75074088,-104.8969895,1625,Denver
Greenway Community Garden,GRE-P-9,GRE,pitfall_2,9,pillbug,Malacostraca,Isopoda,Armadillidae,,,Detritivore,June,17-06-2025,20-06-2025,39.75074088,-104.8969895,1625,Denver
Greenway Community Garden,GRE-P-10,GRE,pitfall_2,10,spider,Arachnida,Araneae,,,,Predator,June,17-06-2025,20-06-2025,39.75074088,-104.8969895,1625,Denver
Greenway Community Garden,GRE-P-11,GRE,pitfall_2,11,spider,Arachnida,Araneae,,,,Predator,June,17-06-2025,20-06-2025,39.75074088,-104.8969895,1625,Denver
Greenway Community Garden,GRE-P-12,GRE,pitfall_2,12,spider,Arachnida,Araneae,,,,Predator,June,17-06-2025,20-06-2025,39.75074088,-104.8969895,1625,Denver
Greenway Community Garden,GRE-P-13,GRE,pitfall_2,13,leaf hopper,Insecta,Hemiptera,Cicadellidae,,,Herbivore,June,17-06-2025,20-06-2025,39.75074088,-104.8969895,1625,Denver
Greenway Community Garden,GRE-P-14,GRE,pitfall_2,14,fly,Insecta,Diptera,,,,,June,17-06-2025,20-06-2025,39.75074088,-104.8969895,1625,Denver
Greenway Community Garden,GRE-P-15,GRE,pitfall_2,15,ant,Insecta,Hymenoptera,Formicidae,,,Omnivore,June,17-06-2025,20-06-2025,39.75074088,-104.8969895,1625,Denver
GW School and Community Garden,GW-V-1,GW,vane,1,Aphids,Insecta,Hemiptera,Aphididae,,,Herbivore,June,17-06-2025,20-06-2025,39.70479323,-104.9149051,1644,Denver
GW School and Community Garden,GW-V-2,GW,vane,2,Aphids,Insecta,Hemiptera,Aphididae,,,Herbivore,June,17-06-2025,20-06-2025,39.70479323,-104.9149051,1644,Denver
GW School and Community Garden,GW-V-3,GW,vane,3,Aphids,Insecta,Hemiptera,Aphididae,,,Herbivore,June,17-06-2025,20-06-2025,39.70479323,-104.9149051,1644,Denver
GW School and Community Garden,GW-V-4,GW,vane,4,Aphids,Insecta,Hemiptera,Aphididae,,,Herbivore,June,17-06-2025,20-06-2025,39.70479323,-104.9149051,1644,Denver
GW School and Community Garden,GW-V-5,GW,vane,5,Aphids,Insecta,Hemiptera,Aphididae,,,Herbivore,June,17-06-2025,20-06-2025,39.70479323,-104.9149051,1644,Denver
GW School and Community Garden,GW-V-6,GW,vane,6,Aphids,Insecta,Hemiptera,Aphididae,,,Herbivore,June,17-06-2025,20-06-2025,39.70479323,-104.9149051,1644,Denver
GW School and Community Garden,GW-V-7,GW,vane,7,thrips,Insecta,Thysanoptera,,,,Herbivore,June,17-06-2025,20-06-2025,39.70479323,-104.9149051,1644,Denver
GW School and Community Garden,GW-V-8,GW,vane,8,thrips,Insecta,Thysanoptera,,,,Herbivore,June,17-06-2025,20-06-2025,39.70479323,-104.9149051,1644,Denver
GW School and Community Garden,GW-V-9,GW,vane,9,thrips,Insecta,Thysanoptera,,,,Herbivore,June,17-06-2025,20-06-2025,39.70479323,-104.9149051,1644,Denver
GW School and Community Garden,GW-V-10,GW,vane,10,UNK hemi,Insecta,Hemiptera,,,,,June,17-06-2025,20-06-2025,39.70479323,-104.9149051,1644,Denver
GW School and Community Garden,GW-V-11,GW,vane,11,UNK hemi,Insecta,Hemiptera,,,,,June,17-06-2025,20-06-2025,39.70479323,-104.9149051,1644,Denver
GW School and Community Garden,GW-V-12,GW,vane,12,bumblebee,Insecta,Hymenoptera,Apidae,Bombus,fervidus,Pollinator,June,17-06-2025,20-06-2025,39.70479323,-104.9149051,1644,Denver
GW School and Community Garden,GW-V-13,GW,vane,13,bee,Insecta,Hymenoptera,,,,Pollinator,June,17-06-2025,20-06-2025,39.70479323,-104.9149051,1644,Denver
GW School and Community Garden,GW-V-14,GW,vane,14,sweatbee,Insecta,Hymenoptera,Halictidae,Agapostemon,,Pollinator,June,17-06-2025,20-06-2025,39.70479323,-104.9149051,1644,Denver
GW School and Community Garden,GW-V-15,GW,vane,15,green sweatbee,Insecta,Hymenoptera,Halictidae,,,Pollinator,June,17-06-2025,20-06-2025,39.70479323,-104.9149051,1644,Denver
GW School and Community Garden,GW-V-16,GW,vane,16,fly,Insecta,Diptera,,,,,June,17-06-2025,20-06-2025,39.70479323,-104.9149051,1644,Denver
GW School and Community Garden,GW-V-17,GW,vane,17,parisitic wasp,Insecta,Hymenoptera,,,,Parasitoid,June,17-06-2025,20-06-2025,39.70479323,-104.9149051,1644,Denver
GW School and Community Garden,GW-V-18,GW,vane,18,beetle,Insecta,Coleoptera,Carabidae,Bradycellus,,Predator,June,17-06-2025,20-06-2025,39.70479323,-104.9149051,1644,Denver
GW School and Community Garden,GW-V-19,GW,vane,19,beetle,Insecta,Coleoptera,Nitidulidae,Nitops,,Detritivore,June,17-06-2025,20-06-2025,39.70479323,-104.9149051,1644,Denver
GW School and Community Garden,GW-V-20,GW,vane,20,leafhopper,Insecta,Hemiptera,Cicadellidae,,,Herbivore,June,17-06-2025,20-06-2025,39.70479323,-104.9149051,1644,Denver
GW School and Community Garden,GW-V-21,GW,vane,21,plantbug,Insecta,Hemiptera,Miridae,,,Herbivore,June,17-06-2025,20-06-2025,39.70479323,-104.9149051,1644,Denver
GW School and Community Garden,GW-V-22,GW,vane,22,unknown insect,Insecta,,,,,,June,17-06-2025,20-06-2025,39.70479323,-104.9149051,1644,Denver
GW School and Community Garden,GW-V-23,GW,vane,23,leafhopper,Insecta,Hemiptera,Cicadellidae,,,Herbivore,June,17-06-2025,20-06-2025,39.70479323,-104.9149051,1644,Denver
GW School and Community Garden,GW-V-24,GW,vane,24,beetle,Insecta,Coleoptera,Nitidulidae,Nitops,,Detritivore,June,17-06-2025,20-06-2025,39.70479323,-104.9149051,1644,Denver
GW School and Community Garden,GW-V-25,GW,vane,25,tiny beetle,Insecta,Coleoptera,,,,,June,17-06-2025,20-06-2025,39.70479323,-104.9149051,1644,Denver
GW School and Community Garden,GW-V-26,GW,vane,26,unknown insect,Insecta,,,,,,June,17-06-2025,20-06-2025,39.70479323,-104.9149051,1644,Denver
GW School and Community Garden,GW-P-27,GW,pitfall_1,27,daddy- long legs,Arachnida,Opiliones,,,,Predator/Scavenger,June,17-06-2025,20-06-2025,39.70479323,-104.9149051,1644,Denver
GW School and Community Garden,GW-P-28,GW,pitfall_1,28,daddy- long legs,Arachnida,Opiliones,,,,Predator/Scavenger,June,17-06-2025,20-06-2025,39.70479323,-104.9149051,1644,Denver
GW School and Community Garden,GW-P-29,GW,pitfall_1,29,daddy- long legs,Arachnida,Opiliones,,,,Predator/Scavenger,June,17-06-2025,20-06-2025,39.70479323,-104.9149051,1644,Denver
GW School and Community Garden,GW-P-30,GW,pitfall_1,30,grasshopper,Insecta,Orthoptera,Acrididae,,,Herbivore,June,17-06-2025,20-06-2025,39.70479323,-104.9149051,1644,Denver
GW School and Community Garden,GW-P-31,GW,pitfall_1,31,Ant,Insecta,Hymenoptera,Formicidae,,,Omnivore,June,17-06-2025,20-06-2025,39.70479323,-104.9149051,1644,Denver
GW School and Community Garden,GW-P-32,GW,pitfall_1,32,Ant,Insecta,Hymenoptera,Formicidae,,,Omnivore,June,17-06-2025,20-06-2025,39.70479323,-104.9149051,1644,Denver
GW School and Community Garden,GW-P-33,GW,pitfall_1,33,Ant,Insecta,Hymenoptera,Formicidae,,,Omnivore,June,17-06-2025,20-06-2025,39.70479323,-104.9149051,1644,Denver
GW School and Community Garden,GW-P-34,GW,pitfall_1,34,Ant,Insecta,Hymenoptera,Formicidae,,,Omnivore,June,17-06-2025,20-06-2025,39.70479323,-104.9149051,1644,Denver
GW School and Community Garden,GW-P-35,GW,pitfall_1,35,Ant,Insecta,Hymenoptera,Formicidae,,,Omnivore,June,17-06-2025,20-06-2025,39.70479323,-104.9149051,1644,Denver
GW School and Community Garden,GW-P-36,GW,pitfall_1,36,pillbug,Malacostraca,Isopoda,Armadillidae,,,Detritivore,June,17-06-2025,20-06-2025,39.70479323,-104.9149051,1644,Denver
GW School and Community Garden,GW-P-37,GW,pitfall_1,37,pillbug,Malacostraca,Isopoda,Armadillidae,,,Detritivore,June,17-06-2025,20-06-2025,39.70479323,-104.9149051,1644,Denver
GW School and Community Garden,GW-P-38,GW,pitfall_1,38,beetle,Insecta,Coleoptera,,,,,June,17-06-2025,20-06-2025,39.70479323,-104.9149051,1644,Denver
GW School and Community Garden,GW-P-39,GW,pitfall_1,39,beetle,Insecta,Coleoptera,,,,,June,17-06-2025,20-06-2025,39.70479323,-104.9149051,1644,Denver
GW School and Community Garden,GW-P-40,GW,pitfall_1,40,beetle,Insecta,Coleoptera,,,,,June,17-06-2025,20-06-2025,39.70479323,-104.9149051,1644,Denver
GW School and Community Garden,GW-P-41,GW,pitfall_1,41,Spider,Arachnida,Araneae,,,,Predator,June,17-06-2025,20-06-2025,39.70479323,-104.9149051,1644,Denver
GW School and Community Garden,GW-P-42,GW,pitfall_2,42,woodlouse spider,Arachnida,Araneae,,Dysdera,crocata,Predator,June,17-06-2025,20-06-2025,39.70479323,-104.9149051,1644,Denver
GW School and Community Garden,GW-P-43,GW,pitfall_2,43,Ant,Insecta,Hymenoptera,Formicidae,,,Omnivore,June,17-06-2025,20-06-2025,39.70479323,-104.9149051,1644,Denver
GW School and Community Garden,GW-P-44,GW,pitfall_2,44,Ant,Insecta,Hymenoptera,Formicidae,,,Omnivore,June,17-06-2025,20-06-2025,39.70479323,-104.9149051,1644,Denver
GW School and Community Garden,GW-P-45,GW,pitfall_2,45,Ant,Insecta,Hymenoptera,Formicidae,,,Omnivore,June,17-06-2025,20-06-2025,39.70479323,-104.9149051,1644,Denver
GW School and Community Garden,GW-P-46,GW,pitfall_2,46,Ant,Insecta,Hymenoptera,Formicidae,,,Omnivore,June,17-06-2025,20-06-2025,39.70479323,-104.9149051,1644,Denver
GW School and Community Garden,GW-P-47,GW,pitfall_2,47,Ant,Insecta,Hymenoptera,Formicidae,,,Omnivore,June,17-06-2025,20-06-2025,39.70479323,-104.9149051,1644,Denver
GW School and Community Garden,GW-P-48,GW,pitfall_2,48,milipede ( tiny),Diplopoda,,,,,Detritivore,June,17-06-2025,20-06-2025,39.70479323,-104.9149051,1644,Denver
GW School and Community Garden,GW-P-49,GW,pitfall_2,49,milipede ( tiny),Diplopoda,,,,,Detritivore,June,17-06-2025,20-06-2025,39.70479323,-104.9149051,1644,Denver
GW School and Community Garden,GW-P-50,GW,pitfall_2,50,milipede ( tiny),Diplopoda,,,,,Detritivore,June,17-06-2025,20-06-2025,39.70479323,-104.9149051,1644,Denver
GW School and Community Garden,GW-P-51,GW,pitfall_2,51,milipede ( tiny),Diplopoda,,,,,Detritivore,June,17-06-2025,20-06-2025,39.70479323,-104.9149051,1644,Denver
GW School and Community Garden,GW-P-52,GW,pitfall_2,52,milipede ( tiny),Diplopoda,,,,,Detritivore,June,17-06-2025,20-06-2025,39.70479323,-104.9149051,1644,Denver
GW School and Community Garden,GW-P-53,GW,pitfall_2,53,milipede ( tiny),Diplopoda,,,,,Detritivore,June,17-06-2025,20-06-2025,39.70479323,-104.9149051,1644,Denver
GW School and Community Garden,GW-P-54,GW,pitfall_2,54,milipede ( tiny),Diplopoda,,,,,Detritivore,June,17-06-2025,20-06-2025,39.70479323,-104.9149051,1644,Denver
GW School and Community Garden,GW-P-55,GW,pitfall_2,55,Centipede,Chilopoda,,,,,Predator,June,17-06-2025,20-06-2025,39.70479323,-104.9149051,1644,Denver
GW School and Community Garden,GW-V-56,GW,vane,56,aphid,Insecta,Hemiptera,Aphididae,,,Herbivore,June,17-06-2025,20-06-2025,39.70479323,-104.9149051,1644,Denver
Jefferson Green Community Garden,JEF-V-1,JEF,vane,1,Thrips,Insecta,Thysanoptera,,,,Herbivore,June,17-06-2025,20-06-2025,39.65720004,-105.0984888,1671,Jefferson
Jefferson Green Community Garden,JEF-V-2,JEF,vane,2,Thrips,Insecta,Thysanoptera,,,,Herbivore,June,17-06-2025,20-06-2025,39.65720004,-105.0984888,1671,Jefferson
Jefferson Green Community Garden,JEF-V-3,JEF,vane,3,Aphids,Insecta,Hemiptera,Aphididae,,,Herbivore,June,17-06-2025,20-06-2025,39.65720004,-105.0984888,1671,Jefferson
Jefferson Green Community Garden,JEF-V-4,JEF,vane,4,Aphids,Insecta,Hemiptera,Aphididae,,,Herbivore,June,17-06-2025,20-06-2025,39.65720004,-105.0984888,1671,Jefferson
Jefferson Green Community Garden,JEF-V-5,JEF,vane,5,Beetle,Insecta,Coleoptera,,,,,June,17-06-2025,20-06-2025,39.65720004,-105.0984888,1671,Jefferson
Jefferson Green Community Garden,JEF-V-6,JEF,vane,6,Beetle,Insecta,Coleoptera,,,,,June,17-06-2025,20-06-2025,39.65720004,-105.0984888,1671,Jefferson
Jefferson Green Community Garden,JEF-V-7,JEF,vane,7,Fly,Insecta,Diptera,,,,,June,17-06-2025,20-06-2025,39.65720004,-105.0984888,1671,Jefferson
Jefferson Green Community Garden,JEF-V-8,JEF,vane,8,Fly,Insecta,Diptera,,,,,June,17-06-2025,20-06-2025,39.65720004,-105.0984888,1671,Jefferson
Jefferson Green Community Garden,JEF-V-9,JEF,vane,9,Fly,Insecta,Diptera,,,,,June,17-06-2025,20-06-2025,39.65720004,-105.0984888,1671,Jefferson
Jefferson Green Community Garden,JEF-V-10,JEF,vane,10,Fly,Insecta,Diptera,,,,,June,17-06-2025,20-06-2025,39.65720004,-105.0984888,1671,Jefferson
Jefferson Green Community Garden,JEF-V-11,JEF,vane,11,Fly,Insecta,Diptera,,,,,June,17-06-2025,20-06-2025,39.65720004,-105.0984888,1671,Jefferson
Jefferson Green Community Garden,JEF-V-12,JEF,vane,12,Fly,Insecta,Diptera,,,,,June,17-06-2025,20-06-2025,39.65720004,-105.0984888,1671,Jefferson
Jefferson Green Community Garden,JEF-V-13,JEF,vane,13,Beetle,Insecta,Coleoptera,,,,,June,17-06-2025,20-06-2025,39.65720004,-105.0984888,1671,Jefferson
Jefferson Green Community Garden,JEF-V-14,JEF,vane,14,Bug,Insecta,Hemiptera,,,,,June,17-06-2025,20-06-2025,39.65720004,-105.0984888,1671,Jefferson
Jefferson Green Community Garden,JEF-V-15,JEF,vane,15,Bug,Insecta,Hemiptera,,,,,June,17-06-2025,20-06-2025,39.65720004,-105.0984888,1671,Jefferson
Jefferson Green Community Garden,JEF-V-16,JEF,vane,16,Bug,Insecta,Hemiptera,,,,,June,17-06-2025,20-06-2025,39.65720004,-105.0984888,1671,Jefferson
Jefferson Green Community Garden,JEF-V-17,JEF,vane,17,Bug,Insecta,Hemiptera,,,,,June,17-06-2025,20-06-2025,39.65720004,-105.0984888,1671,Jefferson
Jefferson Green Community Garden,JEF-V-18,JEF,vane,18,Fly,Insecta,Diptera,,,,,June,17-06-2025,20-06-2025,39.65720004,-105.0984888,1671,Jefferson
Jefferson Green Community Garden,JEF-V-19,JEF,vane,19,Bug,Insecta,Hemiptera,,,,,June,17-06-2025,20-06-2025,39.65720004,-105.0984888,1671,Jefferson
Jefferson Green Community Garden,JEF-V-22,JEF,vane,22,Bee,Insecta,Hymenoptera,,,,Pollinator,June,17-06-2025,20-06-2025,39.65720004,-105.0984888,1671,Jefferson
Jefferson Green Community Garden,JEF-V-23,JEF,vane,23,Margined Cal.,Insecta,Diptera,Syrphidae,Toxomerus,marginatus,Pollinator,June,17-06-2025,20-06-2025,39.65720004,-105.0984888,1671,Jefferson
Jefferson Green Community Garden,JEF-V-24,JEF,vane,24,hemipteran,Insecta,Hemiptera,,,,,June,17-06-2025,20-06-2025,39.65720004,-105.0984888,1671,Jefferson
Jefferson Green Community Garden,JEF-V-25,JEF,vane,25,fly,Insecta,Diptera,Muscidae,,,Detritivore,June,17-06-2025,20-06-2025,39.65720004,-105.0984888,1671,Jefferson
Jefferson Green Community Garden,JEF-V-26,JEF,vane,26,Damsel Bug,Insecta,Hemiptera,Nabidae,Nabis,americoferus,Predator,June,17-06-2025,20-06-2025,39.65720004,-105.0984888,1671,Jefferson
Jefferson Green Community Garden,JEF-V-27,JEF,vane,27,Ant,Insecta,Hymenoptera,Formicidae,,,Omnivore,June,17-06-2025,20-06-2025,39.65720004,-105.0984888,1671,Jefferson
Jefferson Green Community Garden,JEF-V-28,JEF,vane,28,Spider,Arachnida,,,,,Predator,June,17-06-2025,20-06-2025,39.65720004,-105.0984888,1671,Jefferson
Jefferson Green Community Garden,JEF-V-29,JEF,vane,29,Thrips,Insecta,Thysanoptera,,,,Herbivore,June,17-06-2025,20-06-2025,39.65720004,-105.0984888,1671,Jefferson
Jefferson Green Community Garden,JEF-P-1,JEF,pitfall_1,1,Daddy-long-legs,Arachnida,Opiliones,,,,Predator/Scavenger,June,17-06-2025,20-06-2025,39.65720004,-105.0984888,1671,Jefferson
Jefferson Green Community Garden,JEF-P-2,JEF,pitfall_1,2,Daddy-long-legs,Arachnida,Opiliones,,,,Predator/Scavenger,June,17-06-2025,20-06-2025,39.65720004,-105.0984888,1671,Jefferson
Jefferson Green Community Garden,JEF-P-3,JEF,pitfall_1,3,Assasin bug,Insecta,Hemiptera,,,,,June,17-06-2025,20-06-2025,39.65720004,-105.0984888,1671,Jefferson
Jefferson Green Community Garden,JEF-P-4,JEF,pitfall_1,4,Spider,Arachnida,Araneae,,,,Predator,June,17-06-2025,20-06-2025,39.65720004,-105.0984888,1671,Jefferson
Jefferson Green Community Garden,JEF-P-5,JEF,pitfall_1,5,ant,Insecta,Hymenoptera,Formicidae,,,Omnivore,June,17-06-2025,20-06-2025,39.65720004,-105.0984888,1671,Jefferson
Jefferson Green Community Garden,JEF-P-1,JEF,pitfall_2,1,grub,Insecta,Lepidoptera,,,,,June,17-06-2025,20-06-2025,39.65720004,-105.0984888,1671,Jefferson
Jefferson Green Community Garden,JEF-P-2,JEF,pitfall_2,2,fly,Insecta,Diptera,,,,,June,17-06-2025,20-06-2025,39.65720004,-105.0984888,1671,Jefferson
Jefferson Green Community Garden,JEF-P-3,JEF,pitfall_2,3,ant,Insecta,Hymenoptera,Formicidae,,,Omnivore,June,17-06-2025,20-06-2025,39.65720004,-105.0984888,1671,Jefferson
Jefferson Green Community Garden,JEF-P-4,JEF,pitfall_2,4,leaf hopper,Insecta,Hemiptera,Cicadellidae,,,Herbivore,June,17-06-2025,20-06-2025,39.65720004,-105.0984888,1671,Jefferson
Jefferson Green Community Garden,JEF-P-5,JEF,pitfall_2,5,earwig,Insecta,Dermaptera,,,,,June,17-06-2025,20-06-2025,39.65720004,-105.0984888,1671,Jefferson
KCAA Community Studio Garden,KCA-V-1,KCA,vane,1,Aphids,Insecta,Hemiptera,Aphididae,,,Herbivore,June,17-06-2025,20-06-2025,39.67568994,-105.038795,1666,Denver
KCAA Community Studio Garden,KCA-V-2,KCA,vane,2,Aphids,Insecta,Hemiptera,Aphididae,,,Herbivore,June,17-06-2025,20-06-2025,39.67568994,-105.038795,1666,Denver
KCAA Community Studio Garden,KCA-V-3,KCA,vane,3,Aphids,Insecta,Hemiptera,Aphididae,,,Herbivore,June,17-06-2025,20-06-2025,39.67568994,-105.038795,1666,Denver
KCAA Community Studio Garden,KCA-V-4,KCA,vane,4,Aphids,Insecta,Hemiptera,Aphididae,,,Herbivore,June,17-06-2025,20-06-2025,39.67568994,-105.038795,1666,Denver
KCAA Community Studio Garden,KCA-V-5,KCA,vane,5,Aphids,Insecta,Hemiptera,Aphididae,,,Herbivore,June,17-06-2025,20-06-2025,39.67568994,-105.038795,1666,Denver
KCAA Community Studio Garden,KCA-V-6,KCA,vane,6,Aphids,Insecta,Hemiptera,Aphididae,,,Herbivore,June,17-06-2025,20-06-2025,39.67568994,-105.038795,1666,Denver
KCAA Community Studio Garden,KCA-V-7,KCA,vane,7,Aphids,Insecta,Hemiptera,Aphididae,,,Herbivore,June,17-06-2025,20-06-2025,39.67568994,-105.038795,1666,Denver
KCAA Community Studio Garden,KCA-V-8,KCA,vane,8,Beetle,Insecta,Coleoptera,,,,,June,17-06-2025,20-06-2025,39.67568994,-105.038795,1666,Denver
KCAA Community Studio Garden,KCA-V-9,KCA,vane,9,Thrips,Insecta,Thysanoptera,,,,Herbivore,June,17-06-2025,20-06-2025,39.67568994,-105.038795,1666,Denver
KCAA Community Studio Garden,KCA-V-10,KCA,vane,10,Long-bodied fly,Insecta,Diptera,,,,,June,17-06-2025,20-06-2025,39.67568994,-105.038795,1666,Denver
KCAA Community Studio Garden,KCA-V-11,KCA,vane,11,Long-bodied fly,Insecta,Diptera,,,,,June,17-06-2025,20-06-2025,39.67568994,-105.038795,1666,Denver
KCAA Community Studio Garden,KCA-V-12,KCA,vane,12,Long-bodied fly,Insecta,Diptera,,,,,June,17-06-2025,20-06-2025,39.67568994,-105.038795,1666,Denver
KCAA Community Studio Garden,KCA-V-13,KCA,vane,13,Long-bodied fly,Insecta,Diptera,,,,,June,17-06-2025,20-06-2025,39.67568994,-105.038795,1666,Denver
KCAA Community Studio Garden,KCA-V-14,KCA,vane,14,Beetle,Insecta,Coleoptera,,,,,June,17-06-2025,20-06-2025,39.67568994,-105.038795,1666,Denver
KCAA Community Studio Garden,KCA-V-15,KCA,vane,15,Bee( maybe sp frater?),Insecta,Hymenoptera,Apidae,Eucera,frater,Pollinator,June,17-06-2025,20-06-2025,39.67568994,-105.038795,1666,Denver
KCAA Community Studio Garden,KCA-V-16,KCA,vane,16,Bee,Insecta,Hymenoptera,Megachilidae,Megachile,inermis,Pollinator,June,17-06-2025,20-06-2025,39.67568994,-105.038795,1666,Denver
KCAA Community Studio Garden,KCA-V-17,KCA,vane,17,Bee ( female),Insecta,Hymenoptera,Halictidae,Agapostemon,virescens,Pollinator,June,17-06-2025,20-06-2025,39.67568994,-105.038795,1666,Denver
KCAA Community Studio Garden,KCA-V-18,KCA,vane,18,Bee,Insecta,Hymenoptera,Megachilidae,Megachile,inermis,Pollinator,June,17-06-2025,20-06-2025,39.67568994,-105.038795,1666,Denver
KCAA Community Studio Garden,KCA-V-19,KCA,vane,19,bee(super family),Insecta,Hymenoptera,,,,Pollinator,June,17-06-2025,20-06-2025,39.67568994,-105.038795,1666,Denver
KCAA Community Studio Garden,KCA-V-20,KCA,vane,20,Ant,Insecta,Hymenoptera,Formicidae,Tetramorium,immigrans,Omnivore,June,17-06-2025,20-06-2025,39.67568994,-105.038795,1666,Denver
KCAA Community Studio Garden,KCA-V-21,KCA,vane,21,lady bug,Insecta,Coleoptera,Coccinellidae,Coccinella,septempunctata,Predator,June,17-06-2025,20-06-2025,39.67568994,-105.038795,1666,Denver
KCAA Community Studio Garden,KCA-V-22,KCA,vane,22,Beetle,Insecta,Coleoptera,,,,,June,17-06-2025,20-06-2025,39.67568994,-105.038795,1666,Denver
KCAA Community Studio Garden,KCA-V-23,KCA,vane,23,Spider,Arachnida,Araneae,Thomisidae,,,Predator,June,17-06-2025,20-06-2025,39.67568994,-105.038795,1666,Denver
KCAA Community Studio Garden,KCA-V-24,KCA,vane,24,Leaf hopper,Insecta,Hemiptera,Cicadellidae,Ceratagallia,,Herbivore,June,17-06-2025,20-06-2025,39.67568994,-105.038795,1666,Denver
KCAA Community Studio Garden,KCA-V-25,KCA,vane,25,Backswimmer,Insecta,Hemiptera,Notonectidae,Buenoa,,Predator,June,17-06-2025,20-06-2025,39.67568994,-105.038795,1666,Denver
KCAA Community Studio Garden,KCA-V-26,KCA,vane,26,Bug,Insecta,Hemiptera,Rhyparochromidae,Megaolonotus,sabulicola,Herbivore,June,17-06-2025,20-06-2025,39.67568994,-105.038795,1666,Denver
KCAA Community Studio Garden,KCA-V-27,KCA,vane,27,Weevil,Insecta,Coleoptera,Curculionidae,,,Herbivore,June,17-06-2025,20-06-2025,39.67568994,-105.038795,1666,Denver
KCAA Community Studio Garden,KCA-V-28,KCA,vane,28,Moth/Butterfly,Insecta,Lepidoptera,,,,Pollinator,June,17-06-2025,20-06-2025,39.67568994,-105.038795,1666,Denver
KCAA Community Studio Garden,KCA-V-29,KCA,vane,29,Daddy long legs,Arachnida,Opiliones,,,,Predator/Scavenger,June,17-06-2025,20-06-2025,39.67568994,-105.038795,1666,Denver
KCAA Community Studio Garden,KCA-V-30,KCA,vane,30,Leaf hopper,Insecta,Hemiptera,,,,,June,17-06-2025,20-06-2025,39.67568994,-105.038795,1666,Denver
KCAA Community Studio Garden,KCA-V-31,KCA,vane,31,Ant,Insecta,Hymenoptera,,,,,June,17-06-2025,20-06-2025,39.67568994,-105.038795,1666,Denver
KCAA Community Studio Garden,KCA-P-1,KCA,pitfall_1,1,leaf hopper,Insecta,Hemiptera,Cicadellidae,,,Herbivore,June,17-06-2025,20-06-2025,39.67568994,-105.038795,1666,Denver
KCAA Community Studio Garden,KCA-P-2,KCA,pitfall_1,2,fly,Insecta,Diptera,,,,,June,17-06-2025,20-06-2025,39.67568994,-105.038795,1666,Denver
KCAA Community Studio Garden,KCA-P-3,KCA,pitfall_1,3,fly,Insecta,Diptera,,,,,June,17-06-2025,20-06-2025,39.67568994,-105.038795,1666,Denver
KCAA Community Studio Garden,KCA-P-1,KCA,pitfall_2,1,spider,Arachnida,Araneae,,,,Predator,June,17-06-2025,20-06-2025,39.67568994,-105.038795,1666,Denver
KCAA Community Studio Garden,KCA-P-2,KCA,pitfall_2,2,harvestmen,Arachnida,Opiliones,,,,Predator/Scavenger,June,17-06-2025,20-06-2025,39.67568994,-105.038795,1666,Denver
KCAA Community Studio Garden,KCA-P-3,KCA,pitfall_2,3,leaf hopper,Insecta,Hemiptera,Cicadellidae,,,Herbivore,June,17-06-2025,20-06-2025,39.67568994,-105.038795,1666,Denver
KCAA Community Studio Garden,KCA-P-4,KCA,pitfall_2,4,fly,Insecta,Diptera,,,,,June,17-06-2025,20-06-2025,39.67568994,-105.038795,1666,Denver
Market Station Community Garden,MAR-V-1,MAR,vane,1,UNK hemi,Insecta,Hemiptera,,,,,June,17-06-2025,20-06-2025,39.75069957,-104.9979256,1584,Denver
Market Station Community Garden,MAR-V-2,MAR,vane,2,beetle,Insecta,Coleoptera,,,,,June,17-06-2025,20-06-2025,39.75069957,-104.9979256,1584,Denver
Market Station Community Garden,MAR-V-3,MAR,vane,3,Aphids,Insecta,Hemiptera,Aphididae,,,Herbivore,June,17-06-2025,20-06-2025,39.75069957,-104.9979256,1584,Denver
Market Station Community Garden,MAR-V-4,MAR,vane,4,Aphids,Insecta,Hemiptera,Aphididae,,,Herbivore,June,17-06-2025,20-06-2025,39.75069957,-104.9979256,1584,Denver
Market Station Community Garden,MAR-V-5,MAR,vane,5,Aphids,Insecta,Hemiptera,Aphididae,,,Herbivore,June,17-06-2025,20-06-2025,39.75069957,-104.9979256,1584,Denver
Market Station Community Garden,MAR-V-6,MAR,vane,6,thrips,Insecta,Thysanoptera,,,,Herbivore,June,17-06-2025,20-06-2025,39.75069957,-104.9979256,1584,Denver
Market Station Community Garden,MAR-V-7,MAR,vane,7,bee,Insecta,Hymenoptera,,,,Pollinator,June,17-06-2025,20-06-2025,39.75069957,-104.9979256,1584,Denver
Market Station Community Garden,MAR-V-8,MAR,vane,8,Hemipteran,Insecta,Hemiptera,Miridae,Lygus,,Herbivore,June,17-06-2025,20-06-2025,39.75069957,-104.9979256,1584,Denver
Market Station Community Garden,MAR-V-9,MAR,vane,9,small bee,Insecta,Hymenoptera,Halictidae,Lasioglossum,,Pollinator,June,17-06-2025,20-06-2025,39.75069957,-104.9979256,1584,Denver
Market Station Community Garden,MAR-V-10,MAR,vane,10,thrips,Insecta,Thysanoptera,,,,Herbivore,June,17-06-2025,20-06-2025,39.75069957,-104.9979256,1584,Denver
Market Station Community Garden,MAR-V-11,MAR,vane,11,Big- eyed- bug,Insecta,Hemiptera,Geocoridae,Geocoris,pallens,Predator,June,17-06-2025,20-06-2025,39.75069957,-104.9979256,1584,Denver
Palmer School Community Garden,PAL-V-1,PAL,vane,1,Bug,Insecta,Hemiptera,,,,,June,17-06-2025,20-06-2025,39.73170041,-104.9249383,1632,Denver
Palmer School Community Garden,PAL-V-2,PAL,vane,2,Bug,Insecta,Hemiptera,,,,,June,17-06-2025,20-06-2025,39.73170041,-104.9249383,1632,Denver
Palmer School Community Garden,PAL-V-3,PAL,vane,3,Aphids,Insecta,Hemiptera,Aphididae,,,Herbivore,June,17-06-2025,20-06-2025,39.73170041,-104.9249383,1632,Denver
Palmer School Community Garden,PAL-V-4,PAL,vane,4,Aphids,Insecta,Hemiptera,Aphididae,,,Herbivore,June,17-06-2025,20-06-2025,39.73170041,-104.9249383,1632,Denver
Palmer School Community Garden,PAL-V-5,PAL,vane,5,Springtail,Entognatha,Collembola,,,,Detritivore,June,17-06-2025,20-06-2025,39.73170041,-104.9249383,1632,Denver
Palmer School Community Garden,PAL-V-6,PAL,vane,6,fly,Insecta,Diptera,,,,,June,17-06-2025,20-06-2025,39.73170041,-104.9249383,1632,Denver
Palmer School Community Garden,PAL-V-7,PAL,vane,7,beetle,Insecta,Coleoptera,,,,,June,17-06-2025,20-06-2025,39.73170041,-104.9249383,1632,Denver
Palmer School Community Garden,PAL-V-8,PAL,vane,8,mosquito,Insecta,Diptera,Culicidae,,,Sanguivore,June,17-06-2025,20-06-2025,39.73170041,-104.9249383,1632,Denver
Palmer School Community Garden,PAL-V-9,PAL,vane,9,small bee,Insecta,Hymenoptera,,,,Pollinator,June,17-06-2025,20-06-2025,39.73170041,-104.9249383,1632,Denver
Palmer School Community Garden,PAL-V-10,PAL,vane,10,small bee,Insecta,Hymenoptera,,,,Pollinator,June,17-06-2025,20-06-2025,39.73170041,-104.9249383,1632,Denver
Palmer School Community Garden,PAL-V-11,PAL,vane,11,small bee,Insecta,Hymenoptera,,,,Pollinator,June,17-06-2025,20-06-2025,39.73170041,-104.9249383,1632,Denver
Palmer School Community Garden,PAL-V-12,PAL,vane,12,bee,Insecta,Hymenoptera,,,,Pollinator,June,17-06-2025,20-06-2025,39.73170041,-104.9249383,1632,Denver
Palmer School Community Garden,PAL-V-13,PAL,vane,13,bee,Insecta,Hymenoptera,,,,Pollinator,June,17-06-2025,20-06-2025,39.73170041,-104.9249383,1632,Denver
Palmer School Community Garden,PAL-V-14,PAL,vane,14,bee,Insecta,Hymenoptera,,,,Pollinator,June,17-06-2025,20-06-2025,39.73170041,-104.9249383,1632,Denver
Palmer School Community Garden,PAL-V-15,PAL,vane,15,bee,Insecta,Hymenoptera,,,,Pollinator,June,17-06-2025,20-06-2025,39.73170041,-104.9249383,1632,Denver
Palmer School Community Garden,PAL-V-16,PAL,vane,16,beetle,Insecta,Coleoptera,,,,,June,17-06-2025,20-06-2025,39.73170041,-104.9249383,1632,Denver
Palmer School Community Garden,PAL-V-17,PAL,vane,17,syrphid fly,Insecta,Diptera,Syrphidae,,,Pollinator,June,17-06-2025,20-06-2025,39.73170041,-104.9249383,1632,Denver
Palmer School Community Garden,PAL-V-18,PAL,vane,18,House fly,Insecta,Diptera,Muscidae,Musca,domestica,Detritivore,June,17-06-2025,20-06-2025,39.73170041,-104.9249383,1632,Denver
Palmer School Community Garden,PAL-V-19,PAL,vane,19,Hemipteran,Insecta,Hemiptera,,,,,June,17-06-2025,20-06-2025,39.73170041,-104.9249383,1632,Denver
Palmer School Community Garden,PAL-V-20,PAL,vane,20,mite,Arachnida,,,,,Predator,June,17-06-2025,20-06-2025,39.73170041,-104.9249383,1632,Denver
Palmer School Community Garden,PAL-V-21,PAL,vane,21,mosquito,Insecta,Diptera,Culicidae,,,Sanguivore,June,17-06-2025,20-06-2025,39.73170041,-104.9249383,1632,Denver
Palmer School Community Garden,PAL-V-22,PAL,vane,22,mosquito,Insecta,Diptera,Culicidae,,,Sanguivore,June,17-06-2025,20-06-2025,39.73170041,-104.9249383,1632,Denver
Palmer School Community Garden,PAL-V-23,PAL,vane,23,mite,Arachnida,,,,,Predator,June,17-06-2025,20-06-2025,39.73170041,-104.9249383,1632,Denver
Palmer School Community Garden,PAL-V-24,PAL,vane,24,bug,Insecta,Hemiptera,,,,,June,17-06-2025,20-06-2025,39.73170041,-104.9249383,1632,Denver
Palmer School Community Garden,PAL-V-25,PAL,vane,25,Aphids,Insecta,Hemiptera,,,,Herbivore,June,17-06-2025,20-06-2025,39.73170041,-104.9249383,1632,Denver
Palmer School Community Garden,PAL-V-26,PAL,vane,26,Mite,Arachnida,,,,,Predator,June,17-06-2025,20-06-2025,39.73170041,-104.9249383,1632,Denver
Palmer School Community Garden,PAL-P-27,PAL,pitfall_1,27,ant,Insecta,Hymenoptera,Formicidae,,,Omnivore,June,17-06-2025,20-06-2025,39.73170041,-104.9249383,1632,Denver
Palmer School Community Garden,PAL-P-28,PAL,pitfall_1,28,ant,Insecta,Hymenoptera,Formicidae,,,Omnivore,June,17-06-2025,20-06-2025,39.73170041,-104.9249383,1632,Denver
Palmer School Community Garden,PAL-P-29,PAL,pitfall_1,29,ant,Insecta,Hymenoptera,Formicidae,,,Omnivore,June,17-06-2025,20-06-2025,39.73170041,-104.9249383,1632,Denver
Palmer School Community Garden,PAL-P-30,PAL,pitfall_1,30,ant,Insecta,Hymenoptera,Formicidae,,,Omnivore,June,17-06-2025,20-06-2025,39.73170041,-104.9249383,1632,Denver
Palmer School Community Garden,PAL-P-31,PAL,pitfall_1,31,ant,Insecta,Hymenoptera,Formicidae,,,Omnivore,June,17-06-2025,20-06-2025,39.73170041,-104.9249383,1632,Denver
Palmer School Community Garden,PAL-P-32,PAL,pitfall_1,32,ant,Insecta,Hymenoptera,Formicidae,,,Omnivore,June,17-06-2025,20-06-2025,39.73170041,-104.9249383,1632,Denver
Palmer School Community Garden,PAL-P-33,PAL,pitfall_1,33,ant,Insecta,Hymenoptera,Formicidae,,,Omnivore,June,17-06-2025,20-06-2025,39.73170041,-104.9249383,1632,Denver
Palmer School Community Garden,PAL-P-34,PAL,pitfall_1,34,ant,Insecta,Hymenoptera,Formicidae,,,Omnivore,June,17-06-2025,20-06-2025,39.73170041,-104.9249383,1632,Denver
Palmer School Community Garden,PAL-P-35,PAL,pitfall_1,35,rolly polly,Malacostraca,Isopoda,Armadillidae,,,Detritivore,June,17-06-2025,20-06-2025,39.73170041,-104.9249383,1632,Denver
Palmer School Community Garden,PAL-P-36,PAL,pitfall_1,36,rolly polly,Malacostraca,Isopoda,Armadillidae,,,Detritivore,June,17-06-2025,20-06-2025,39.73170041,-104.9249383,1632,Denver
Palmer School Community Garden,PAL-P-37,PAL,pitfall_1,37,rolly polly,Malacostraca,Isopoda,Armadillidae,,,Detritivore,June,17-06-2025,20-06-2025,39.73170041,-104.9249383,1632,Denver
Palmer School Community Garden,PAL-P-38,PAL,pitfall_1,38,rolly polly,Malacostraca,Isopoda,Armadillidae,,,Detritivore,June,17-06-2025,20-06-2025,39.73170041,-104.9249383,1632,Denver
Palmer School Community Garden,PAL-P-39,PAL,pitfall_1,39,rolly polly,Malacostraca,Isopoda,Armadillidae,,,Detritivore,June,17-06-2025,20-06-2025,39.73170041,-104.9249383,1632,Denver
Palmer School Community Garden,PAL-P-40,PAL,pitfall_1,40,rolly polly,Malacostraca,Isopoda,Armadillidae,,,Detritivore,June,17-06-2025,20-06-2025,39.73170041,-104.9249383,1632,Denver
Palmer School Community Garden,PAL-P-41,PAL,pitfall_1,41,rolly polly,Malacostraca,Isopoda,Armadillidae,,,Detritivore,June,17-06-2025,20-06-2025,39.73170041,-104.9249383,1632,Denver
Palmer School Community Garden,PAL-P-42,PAL,pitfall_1,42,rolly polly,Malacostraca,Isopoda,Armadillidae,,,Detritivore,June,17-06-2025,20-06-2025,39.73170041,-104.9249383,1632,Denver
Palmer School Community Garden,PAL-P-43,PAL,pitfall_1,43,rolly polly,Malacostraca,Isopoda,Armadillidae,,,Detritivore,June,17-06-2025,20-06-2025,39.73170041,-104.9249383,1632,Denver
Palmer School Community Garden,PAL-P-44,PAL,pitfall_1,44,Leaf hopper,Insecta,Hemiptera,Cicadellidae,,,Herbivore,June,17-06-2025,20-06-2025,39.73170041,-104.9249383,1632,Denver
Palmer School Community Garden,PAL-P-45,PAL,pitfall_1,45,Daddy long legs,Arachnida,Opiliones,,,,Predator/Scavenger,June,17-06-2025,20-06-2025,39.73170041,-104.9249383,1632,Denver
Palmer School Community Garden,PAL-P-46,PAL,pitfall_1,46,Leaf hopper,Insecta,Hemiptera,Cicadellidae,,,Herbivore,June,17-06-2025,20-06-2025,39.73170041,-104.9249383,1632,Denver
Palmer School Community Garden,PAL-P-47,PAL,pitfall_1,47,Small mosquito,Insecta,Diptera,Culicidae,,,Sanguivore,June,17-06-2025,20-06-2025,39.73170041,-104.9249383,1632,Denver
Palmer School Community Garden,PAL-V-27,PAL,vane,27,small mosquito,Insecta,Diptera,Culicidae,,,Sanguivore,June,17-06-2025,20-06-2025,39.73170041,-104.9249383,1632,Denver
Palmer School Community Garden,PAL-P-1,PAL,pitfall_2,1,european paper wasp,Insecta,Hymenoptera,Vespidae,,,Predator,June,17-06-2025,20-06-2025,39.73170041,-104.9249383,1632,Denver
Palmer School Community Garden,PAL-P-2,PAL,pitfall_2,2,spider,Arachnida,Araneae,,,,Predator,June,17-06-2025,20-06-2025,39.73170041,-104.9249383,1632,Denver
Palmer School Community Garden,PAL-P-3,PAL,pitfall_2,3,beetle larva,Insecta,Coleoptera,,,,,June,17-06-2025,20-06-2025,39.73170041,-104.9249383,1632,Denver
Palmer School Community Garden,PAL-P-4,PAL,pitfall_2,4,beetle larva,Insecta,Coleoptera,,,,,June,17-06-2025,20-06-2025,39.73170041,-104.9249383,1632,Denver
Palmer School Community Garden,PAL-P-5,PAL,pitfall_2,5,beetle,Insecta,Coleoptera,,,,,June,17-06-2025,20-06-2025,39.73170041,-104.9249383,1632,Denver
Palmer School Community Garden,PAL-P-6,PAL,pitfall_2,6,beetle,Insecta,Coleoptera,,,,,June,17-06-2025,20-06-2025,39.73170041,-104.9249383,1632,Denver
Palmer School Community Garden,PAL-P-7,PAL,pitfall_2,7,pillbug,Malacostraca,Isopoda,Armadillidae,,,Detritivore,June,17-06-2025,20-06-2025,39.73170041,-104.9249383,1632,Denver
Palmer School Community Garden,PAL-P-8,PAL,pitfall_2,8,millipede,Diplopoda,,,,,Detritivore,June,17-06-2025,20-06-2025,39.73170041,-104.9249383,1632,Denver
Palmer School Community Garden,PAL-P-9,PAL,pitfall_2,9,fly,Insecta,Diptera,,,,,June,17-06-2025,20-06-2025,39.73170041,-104.9249383,1632,Denver
Palmer School Community Garden,PAL-P-10,PAL,pitfall_2,10,beetle,Insecta,Coleoptera,,,,,June,17-06-2025,20-06-2025,39.73170041,-104.9249383,1632,Denver
Park Hill School Garden,PAR-V-1,PAR,vane,1,Aphid,Insecta,Hemiptera,Aphididae,,,Herbivore,June,17-06-2025,20-06-2025,39.74455504,-104.9288718,1623,Denver
Park Hill School Garden,PAR-V-2,PAR,vane,2,Aphid,Insecta,Hemiptera,Aphididae,,,Herbivore,June,17-06-2025,20-06-2025,39.74455504,-104.9288718,1623,Denver
Park Hill School Garden,PAR-V-3,PAR,vane,3,Aphid,Insecta,Hemiptera,Aphididae,,,Herbivore,June,17-06-2025,20-06-2025,39.74455504,-104.9288718,1623,Denver
Park Hill School Garden,PAR-V-4,PAR,vane,4,Fly,Insecta,Diptera,,,,,June,17-06-2025,20-06-2025,39.74455504,-104.9288718,1623,Denver
Park Hill School Garden,PAR-V-5,PAR,vane,5,Long-bodied fly,Insecta,Diptera,,,,,June,17-06-2025,20-06-2025,39.74455504,-104.9288718,1623,Denver
Park Hill School Garden,PAR-V-6,PAR,vane,6,Fly,Insecta,Diptera,,,,,June,17-06-2025,20-06-2025,39.74455504,-104.9288718,1623,Denver
Park Hill School Garden,PAR-V-7,PAR,vane,7,Rove Beetle,Insecta,Coleoptera,Staphylinidae,,,Predator,June,17-06-2025,20-06-2025,39.74455504,-104.9288718,1623,Denver
Park Hill School Garden,PAR-V-8,PAR,vane,8,Rove Beetle,Insecta,Coleoptera,Staphylinidae,,,Predator,June,17-06-2025,20-06-2025,39.74455504,-104.9288718,1623,Denver
Park Hill School Garden,PAR-V-9,PAR,vane,9,Leaf Hopper,Insecta,Hemiptera,Cicadellidae,,,Herbivore,June,17-06-2025,20-06-2025,39.74455504,-104.9288718,1623,Denver
Park Hill School Garden,PAR-V-10,PAR,vane,10,Leaf Hopper,Insecta,Hemiptera,Cicadellidae,,,Herbivore,June,17-06-2025,20-06-2025,39.74455504,-104.9288718,1623,Denver
Park Hill School Garden,PAR-V-11,PAR,vane,11,Leaf Hopper,Insecta,Hemiptera,Cicadellidae,,,Herbivore,June,17-06-2025,20-06-2025,39.74455504,-104.9288718,1623,Denver
Park Hill School Garden,PAR-V-12,PAR,vane,12,Aphid,Insecta,Hemiptera,Aphididae,,,Herbivore,June,17-06-2025,20-06-2025,39.74455504,-104.9288718,1623,Denver
Park Hill School Garden,PAR-V-13,PAR,vane,13,Aphid,Insecta,Hemiptera,Aphididae,,,Herbivore,June,17-06-2025,20-06-2025,39.74455504,-104.9288718,1623,Denver
Park Hill School Garden,PAR-V-14,PAR,vane,14,Thrip,Insecta,Thysanoptera,,,,Herbivore,June,17-06-2025,20-06-2025,39.74455504,-104.9288718,1623,Denver
Park Hill School Garden,PAR-V-15,PAR,vane,15,Aphid,Insecta,Hemiptera,Cicadellidae,,,Herbivore,June,17-06-2025,20-06-2025,39.74455504,-104.9288718,1623,Denver
Park Hill School Garden,PAR-V-16,PAR,vane,16,Beetle,Insecta,Coleoptera,,,,,June,17-06-2025,20-06-2025,39.74455504,-104.9288718,1623,Denver
Park Hill School Garden,PAR-V-17,PAR,vane,17,Aphid,Insecta,Hemiptera,Aphididae,,,Herbivore,June,17-06-2025,20-06-2025,39.74455504,-104.9288718,1623,Denver
Park Hill School Garden,PAR-V-18,PAR,vane,18,Bee,Insecta,Hymenoptera,Apidae,,,Predator,June,17-06-2025,20-06-2025,39.74455504,-104.9288718,1623,Denver
Park Hill School Garden,PAR-V-19,PAR,vane,19,Bee,Insecta,Hymenoptera,,,,Pollinator,June,17-06-2025,20-06-2025,39.74455504,-104.9288718,1623,Denver
Park Hill School Garden,PAR-V-20,PAR,vane,20,bee ( maybe agilis),Insecta,Hymenoptera,Apidae,Melissodes,agilis,Pollinator,June,17-06-2025,20-06-2025,39.74455504,-104.9288718,1623,Denver
Park Hill School Garden,PAR-V-21,PAR,vane,21,lacewing,Insecta,Neuroptera,Chrysopidae,,,Predator,June,17-06-2025,20-06-2025,39.74455504,-104.9288718,1623,Denver
Park Hill School Garden,PAR-V-22,PAR,vane,22,Unk him,Insecta,Hemiptera,,,,,June,17-06-2025,20-06-2025,39.74455504,-104.9288718,1623,Denver
Park Hill School Garden,PAR-V-23,PAR,vane,23,beetle,Insecta,Coleoptera,,,,,June,17-06-2025,20-06-2025,39.74455504,-104.9288718,1623,Denver
Park Hill School Garden,PAR-V-24,PAR,vane,24,unk hemi,Insecta,Hemiptera,,,,,June,17-06-2025,20-06-2025,39.74455504,-104.9288718,1623,Denver
Park Hill School Garden,PAR-V-25,PAR,vane,25,unk hemi,Insecta,Hemiptera,,,,,June,17-06-2025,20-06-2025,39.74455504,-104.9288718,1623,Denver
Park Hill School Garden,PAR-P-26,PAR,pitfall_1,26,Ant,Insecta,Hymenoptera,Formicidae,Tetramorium,immigrans,Omnivore,June,17-06-2025,20-06-2025,39.74455504,-104.9288718,1623,Denver
Park Hill School Garden,PAR-P-27,PAR,pitfall_1,27,Ant,Insecta,Hymenoptera,Formicidae,,,Omnivore,June,17-06-2025,20-06-2025,39.74455504,-104.9288718,1623,Denver
Park Hill School Garden,PAR-P-28,PAR,pitfall_1,28,Ant,Insecta,Hymenoptera,Formicidae,Tetramorium,immigrans,Omnivore,June,17-06-2025,20-06-2025,39.74455504,-104.9288718,1623,Denver
Park Hill School Garden,PAR-P-29,PAR,pitfall_1,29,Ant,Insecta,Hymenoptera,Formicidae,Tetramorium,immigrans,Omnivore,June,17-06-2025,20-06-2025,39.74455504,-104.9288718,1623,Denver
Park Hill School Garden,PAR-P-30,PAR,pitfall_1,30,beetle larvae,Insecta,Coleoptera,,,,,June,17-06-2025,20-06-2025,39.74455504,-104.9288718,1623,Denver
Park Hill School Garden,PAR-P-31,PAR,pitfall_1,31,unk hemi,Insecta,Hemiptera,,,,,June,17-06-2025,20-06-2025,39.74455504,-104.9288718,1623,Denver
Park Hill School Garden,PAR-P-32,PAR,pitfall_1,32,small spider,Arachnida,Araneae,,,,Predator,June,17-06-2025,20-06-2025,39.74455504,-104.9288718,1623,Denver
Park Hill School Garden,PAR-P-33,PAR,pitfall_1,33,small spider,Arachnida,Araneae,,,,Predator,June,17-06-2025,20-06-2025,39.74455504,-104.9288718,1623,Denver
Park Hill School Garden,PAR-P-34,PAR,pitfall_1,34,Ant,Insecta,Hymenoptera,Formicidae,Tetramorium,immigrans,Omnivore,June,17-06-2025,20-06-2025,39.74455504,-104.9288718,1623,Denver
Park Hill School Garden,PAR-P-35,PAR,pitfall_1,35,beetle,Insecta,Coleoptera,Scarabaeidae,Ataenius,,Detritivore,June,17-06-2025,20-06-2025,39.74455504,-104.9288718,1623,Denver
Park Hill School Garden,PAR-P-36,PAR,pitfall_1,36,Fly,Insecta,Diptera,Muscidae,Musca,domestica,Detritivore,June,17-06-2025,20-06-2025,39.74455504,-104.9288718,1623,Denver
Park Hill School Garden,PAR-P-37,PAR,pitfall_1,37,Leaf hopper,Insecta,Hemiptera,Cicadellidae,,,Herbivore,June,17-06-2025,20-06-2025,39.74455504,-104.9288718,1623,Denver
Park Hill School Garden,PAR-P-38,PAR,pitfall_1,38,beetle,Insecta,Coleoptera,Carabidae,,,Predator,June,17-06-2025,20-06-2025,39.74455504,-104.9288718,1623,Denver
Park Hill School Garden,PAR-V-39,PAR,vane,39,unk hemi,Insecta,Hemiptera,,,,,June,17-06-2025,20-06-2025,39.74455504,-104.9288718,1623,Denver
Park Hill School Garden,PAR-P-40,PAR,pitfall_2,40,weevil,Insecta,Coleoptera,Curculionidae,,,Herbivore,June,17-06-2025,20-06-2025,39.74455504,-104.9288718,1623,Denver
Park Hill School Garden,PAR-P-41,PAR,pitfall_2,41,fly,Insecta,Diptera,Muscidae,,,Detritivore,June,17-06-2025,20-06-2025,39.74455504,-104.9288718,1623,Denver
Park Hill School Garden,PAR-P-42,PAR,pitfall_2,42,Ant,Insecta,Hymenoptera,Formicidae,,,Omnivore,June,17-06-2025,20-06-2025,39.74455504,-104.9288718,1623,Denver
Park Hill School Garden,PAR-P-43,PAR,pitfall_2,43,Ant,Insecta,Hymenoptera,Formicidae,,,Omnivore,June,17-06-2025,20-06-2025,39.74455504,-104.9288718,1623,Denver
Park Hill School Garden,PAR-P-44,PAR,pitfall_2,44,Ant,Insecta,Hymenoptera,Formicidae,,,Omnivore,June,17-06-2025,20-06-2025,39.74455504,-104.9288718,1623,Denver
Park Hill School Garden,PAR-P-45,PAR,pitfall_2,45,Ant,Insecta,Hymenoptera,Formicidae,,,Omnivore,June,17-06-2025,20-06-2025,39.74455504,-104.9288718,1623,Denver
Park Hill School Garden,PAR-P-46,PAR,pitfall_2,46,Ant,Insecta,Hymenoptera,Formicidae,,,Omnivore,June,17-06-2025,20-06-2025,39.74455504,-104.9288718,1623,Denver
Park Hill School Garden,PAR-P-47,PAR,pitfall_2,47,Ant,Insecta,Hymenoptera,Formicidae,,,Omnivore,June,17-06-2025,20-06-2025,39.74455504,-104.9288718,1623,Denver
Park Hill School Garden,PAR-P-48,PAR,pitfall_2,48,fly,Insecta,Diptera,,,,,June,17-06-2025,20-06-2025,39.74455504,-104.9288718,1623,Denver
Park Hill School Garden,PAR-P-49,PAR,pitfall_2,49,leaf hopper,Insecta,Hemiptera,Cicadellidae,,,Herbivore,June,17-06-2025,20-06-2025,39.74455504,-104.9288718,1623,Denver
Park Hill School Garden,PAR-P-50,PAR,pitfall_2,50,Beetle,Coleoptera,,,,,,June,17-06-2025,20-06-2025,39.74455504,-104.9288718,1623,Denver
Park Hill School Garden,PAR-P-51,PAR,pitfall_2,51,leaf hopper,Insecta,Hemiptera,Cicadellidae,,,Herbivore,June,17-06-2025,20-06-2025,39.74455504,-104.9288718,1623,Denver
Park Hill School Garden,PAR-P-52,PAR,pitfall_2,52,milipede ( tiny),Diplopoda,,,,,Detritivore,June,17-06-2025,20-06-2025,39.74455504,-104.9288718,1623,Denver
Ruby Hill Park Community Garden,RUB-V-1,RUB,vane,1,Leaf hopper,Insecta,Hemiptera,Cicadellidae,,,Herbivore,June,17-06-2025,20-06-2025,39.68543288,-105.0059947,1629,Denver
Ruby Hill Park Community Garden,RUB-V-2,RUB,vane,2,Bug,Insecta,Hemiptera,,,,,June,17-06-2025,20-06-2025,39.68543288,-105.0059947,1629,Denver
Ruby Hill Park Community Garden,RUB-V-3,RUB,vane,3,Bug,Insecta,Hemiptera,,,,,June,17-06-2025,20-06-2025,39.68543288,-105.0059947,1629,Denver
Ruby Hill Park Community Garden,RUB-V-4,RUB,vane,4,Beetle,Insecta,Coleoptera,,,,,June,17-06-2025,20-06-2025,39.68543288,-105.0059947,1629,Denver
Ruby Hill Park Community Garden,RUB-V-5,RUB,vane,5,Beetle,Insecta,Coleoptera,,,,,June,17-06-2025,20-06-2025,39.68543288,-105.0059947,1629,Denver
Ruby Hill Park Community Garden,RUB-V-6,RUB,vane,6,Weevil,Insecta,Coleoptera,Curculionidae,,,Herbivore,June,17-06-2025,20-06-2025,39.68543288,-105.0059947,1629,Denver
Ruby Hill Park Community Garden,RUB-V-7,RUB,vane,7,Leaf hopper,Insecta,Hemiptera,Cicadellidae,,,Herbivore,June,17-06-2025,20-06-2025,39.68543288,-105.0059947,1629,Denver
Ruby Hill Park Community Garden,RUB-V-8,RUB,vane,8,Aphids,Insecta,Hemiptera,Aphididae,,,Herbivore,June,17-06-2025,20-06-2025,39.68543288,-105.0059947,1629,Denver
Ruby Hill Park Community Garden,RUB-V-9,RUB,vane,9,Aphids,Insecta,Hemiptera,Aphididae,,,Herbivore,June,17-06-2025,20-06-2025,39.68543288,-105.0059947,1629,Denver
Ruby Hill Park Community Garden,RUB-V-10,RUB,vane,10,Aphids,Insecta,Hemiptera,Aphididae,,,Herbivore,June,17-06-2025,20-06-2025,39.68543288,-105.0059947,1629,Denver
Ruby Hill Park Community Garden,RUB-V-11,RUB,vane,11,Aphids,Insecta,Hemiptera,Aphididae,,,Herbivore,June,17-06-2025,20-06-2025,39.68543288,-105.0059947,1629,Denver
Ruby Hill Park Community Garden,RUB-V-12,RUB,vane,12,Aphids,Insecta,Hemiptera,Aphididae,,,Herbivore,June,17-06-2025,20-06-2025,39.68543288,-105.0059947,1629,Denver
Ruby Hill Park Community Garden,RUB-V-13,RUB,vane,13,Springtail,Entognatha,Collembola,,,,Detritivore,June,17-06-2025,20-06-2025,39.68543288,-105.0059947,1629,Denver
Ruby Hill Park Community Garden,RUB-V-14,RUB,vane,14,Springtail,Entognatha,Collembola,,,,Detritivore,June,17-06-2025,20-06-2025,39.68543288,-105.0059947,1629,Denver
Ruby Hill Park Community Garden,RUB-V-15,RUB,vane,15,Springtail,Entognatha,Collembola,,,,Detritivore,June,17-06-2025,20-06-2025,39.68543288,-105.0059947,1629,Denver
Ruby Hill Park Community Garden,RUB-V-16,RUB,vane,16,Springtail,Entognatha,Collembola,,,,Detritivore,June,17-06-2025,20-06-2025,39.68543288,-105.0059947,1629,Denver
Ruby Hill Park Community Garden,RUB-V-17,RUB,vane,17,Aphids,Insecta,Hemiptera,Aphididae,,,Herbivore,June,17-06-2025,20-06-2025,39.68543288,-105.0059947,1629,Denver
Ruby Hill Park Community Garden,RUB-V-18,RUB,vane,18,Thrips,Insecta,Thysanoptera,,,,Herbivore,June,17-06-2025,20-06-2025,39.68543288,-105.0059947,1629,Denver
Ruby Hill Park Community Garden,RUB-V-19,RUB,vane,19,Thrips,Insecta,Thysanoptera,,,,Herbivore,June,17-06-2025,20-06-2025,39.68543288,-105.0059947,1629,Denver
Ruby Hill Park Community Garden,RUB-V-20,RUB,vane,20,Thrips,Insecta,Thysanoptera,,,,Herbivore,June,17-06-2025,20-06-2025,39.68543288,-105.0059947,1629,Denver
Ruby Hill Park Community Garden,RUB-V-21,RUB,vane,21,Thrips,Insecta,Thysanoptera,,,,Herbivore,June,17-06-2025,20-06-2025,39.68543288,-105.0059947,1629,Denver
Ruby Hill Park Community Garden,RUB-V-22,RUB,vane,22,Thrips,Insecta,Thysanoptera,,,,Herbivore,June,17-06-2025,20-06-2025,39.68543288,-105.0059947,1629,Denver
Ruby Hill Park Community Garden,RUB-V-23,RUB,vane,23,Thrips,Insecta,Thysanoptera,,,,Herbivore,June,17-06-2025,20-06-2025,39.68543288,-105.0059947,1629,Denver
Ruby Hill Park Community Garden,RUB-V-24,RUB,vane,24,Thrips,Insecta,Thysanoptera,,,,Herbivore,June,17-06-2025,20-06-2025,39.68543288,-105.0059947,1629,Denver
Ruby Hill Park Community Garden,RUB-V-25,RUB,vane,25,Thrips,Insecta,Thysanoptera,,,,Herbivore,June,17-06-2025,20-06-2025,39.68543288,-105.0059947,1629,Denver
Ruby Hill Park Community Garden,RUB-V-26,RUB,vane,26,Thrips,Insecta,Thysanoptera,,,,Herbivore,June,17-06-2025,20-06-2025,39.68543288,-105.0059947,1629,Denver
Ruby Hill Park Community Garden,RUB-V-27,RUB,vane,27,Thrips,Insecta,Thysanoptera,,,,Herbivore,June,17-06-2025,20-06-2025,39.68543288,-105.0059947,1629,Denver
Ruby Hill Park Community Garden,RUB-V-28,RUB,vane,28,Thrips,Insecta,Thysanoptera,,,,Herbivore,June,17-06-2025,20-06-2025,39.68543288,-105.0059947,1629,Denver
Ruby Hill Park Community Garden,RUB-V-29,RUB,vane,29,Thrips,Insecta,Thysanoptera,,,,Herbivore,June,17-06-2025,20-06-2025,39.68543288,-105.0059947,1629,Denver
Ruby Hill Park Community Garden,RUB-V-30,RUB,vane,30,Thrips,Insecta,Thysanoptera,,,,Herbivore,June,17-06-2025,20-06-2025,39.68543288,-105.0059947,1629,Denver
Ruby Hill Park Community Garden,RUB-V-31,RUB,vane,31,Thrips,Insecta,Thysanoptera,,,,Herbivore,June,17-06-2025,20-06-2025,39.68543288,-105.0059947,1629,Denver
Ruby Hill Park Community Garden,RUB-V-32,RUB,vane,32,Wasp,Insecta,Hymenoptera,Braconidae,,,Parasitoid,June,17-06-2025,20-06-2025,39.68543288,-105.0059947,1629,Denver
Ruby Hill Park Community Garden,RUB-V-33,RUB,vane,33,Fly,Insecta,Diptera,,,,,June,17-06-2025,20-06-2025,39.68543288,-105.0059947,1629,Denver
Ruby Hill Park Community Garden,RUB-V-34,RUB,vane,34,Fly,Insecta,Diptera,,,,,June,17-06-2025,20-06-2025,39.68543288,-105.0059947,1629,Denver
Ruby Hill Park Community Garden,RUB-V-35,RUB,vane,35,Fly,Insecta,Diptera,,,,,June,17-06-2025,20-06-2025,39.68543288,-105.0059947,1629,Denver
Ruby Hill Park Community Garden,RUB-V-36,RUB,vane,36,Beetle,Insecta,Coleoptera,,,,,June,17-06-2025,20-06-2025,39.68543288,-105.0059947,1629,Denver
Ruby Hill Park Community Garden,RUB-V-37,RUB,vane,37,sweatbee,Insecta,Hymenoptera,Halictidae,,,Pollinator,June,17-06-2025,20-06-2025,39.68543288,-105.0059947,1629,Denver
Ruby Hill Park Community Garden,RUB-V-38,RUB,vane,38,bee,Insecta,Hymenoptera,,,,Pollinator,June,17-06-2025,20-06-2025,39.68543288,-105.0059947,1629,Denver
Ruby Hill Park Community Garden,RUB-V-39,RUB,vane,39,bee,Insecta,Hymenoptera,,,,Pollinator,June,17-06-2025,20-06-2025,39.68543288,-105.0059947,1629,Denver
Ruby Hill Park Community Garden,RUB-V-40,RUB,vane,40,long horn beetle,Insecta,Coleoptera,Cerambycidae,,,Herbivore,June,17-06-2025,20-06-2025,39.68543288,-105.0059947,1629,Denver
Ruby Hill Park Community Garden,RUB-V-41,RUB,vane,41,small beetle,Insecta,Coleoptera,,,,,June,17-06-2025,20-06-2025,39.68543288,-105.0059947,1629,Denver
Ruby Hill Park Community Garden,RUB-V-42,RUB,vane,42,weevil,Insecta,Coleoptera,Curculionidae,,,Herbivore,June,17-06-2025,20-06-2025,39.68543288,-105.0059947,1629,Denver
Ruby Hill Park Community Garden,RUB-V-43,RUB,vane,43,tiny parasitic wasp,Insecta,Hymenoptera,,,,Parasitoid,June,17-06-2025,20-06-2025,39.68543288,-105.0059947,1629,Denver
Ruby Hill Park Community Garden,RUB-V-44,RUB,vane,44,small hemiptera,Insecta,Hemiptera,,,,,June,17-06-2025,20-06-2025,39.68543288,-105.0059947,1629,Denver
Ruby Hill Park Community Garden,RUB-P-45,RUB,pitfall_1,45,spider,Arachnida,Araneae,,,,Predator,June,17-06-2025,20-06-2025,39.68543288,-105.0059947,1629,Denver
Ruby Hill Park Community Garden,RUB-P-46,RUB,pitfall_1,46,spider,Arachnida,Araneae,,,,Predator,June,17-06-2025,20-06-2025,39.68543288,-105.0059947,1629,Denver
Ruby Hill Park Community Garden,RUB-P-47,RUB,pitfall_1,47,spider,Arachnida,Araneae,,,,Predator,June,17-06-2025,20-06-2025,39.68543288,-105.0059947,1629,Denver
Ruby Hill Park Community Garden,RUB-P-48,RUB,pitfall_1,48,Daddy long legs,Arachnida,Opiliones,,,,Predator/Scavenger,June,17-06-2025,20-06-2025,39.68543288,-105.0059947,1629,Denver
Ruby Hill Park Community Garden,RUB-P-49,RUB,pitfall_1,49,Aphid,Insecta,Hemiptera,Aphididae,,,Herbivore,June,17-06-2025,20-06-2025,39.68543288,-105.0059947,1629,Denver
Ruby Hill Park Community Garden,RUB-P-50,RUB,pitfall_1,50,Ant,Insecta,Hymenoptera,Formicidae,,,Omnivore,June,17-06-2025,20-06-2025,39.68543288,-105.0059947,1629,Denver
Ruby Hill Park Community Garden,RUB-P-51,RUB,pitfall_1,51,Ant,Insecta,Hymenoptera,Formicidae,,,Omnivore,June,17-06-2025,20-06-2025,39.68543288,-105.0059947,1629,Denver
Ruby Hill Park Community Garden,RUB-P-52,RUB,pitfall_1,52,Ant,Insecta,Hymenoptera,Formicidae,,,Omnivore,June,17-06-2025,20-06-2025,39.68543288,-105.0059947,1629,Denver
Ruby Hill Park Community Garden,RUB-P-53,RUB,pitfall_1,53,Ant,Insecta,Hymenoptera,Formicidae,,,Omnivore,June,17-06-2025,20-06-2025,39.68543288,-105.0059947,1629,Denver
Ruby Hill Park Community Garden,RUB-P-1,RUB,pitfall_2,1,moth,Insecta,Lepidoptera,,,,Pollinator,June,17-06-2025,20-06-2025,39.68543288,-105.0059947,1629,Denver
Ruby Hill Park Community Garden,RUB-P-2,RUB,pitfall_2,2,roly poly,Malacostraca,Isopoda,Armadillidae,,,Detritivore,June,17-06-2025,20-06-2025,39.68543288,-105.0059947,1629,Denver
Ruby Hill Park Community Garden,RUB-P-3,RUB,pitfall_2,3,roly poly,Malacostraca,Isopoda,Armadillidae,,,Detritivore,June,17-06-2025,20-06-2025,39.68543288,-105.0059947,1629,Denver
Ruby Hill Park Community Garden,RUB-P-4,RUB,pitfall_2,4,roly poly,Malacostraca,Isopoda,Armadillidae,,,Detritivore,June,17-06-2025,20-06-2025,39.68543288,-105.0059947,1629,Denver
Ruby Hill Park Community Garden,RUB-P-5,RUB,pitfall_2,5,roly poly,Malacostraca,Isopoda,Armadillidae,,,Detritivore,June,17-06-2025,20-06-2025,39.68543288,-105.0059947,1629,Denver
Ruby Hill Park Community Garden,RUB-P-6,RUB,pitfall_2,6,roly poly,Malacostraca,Isopoda,Armadillidae,,,Detritivore,June,17-06-2025,20-06-2025,39.68543288,-105.0059947,1629,Denver
Ruby Hill Park Community Garden,RUB-P-7,RUB,pitfall_2,7,roly poly,Malacostraca,Isopoda,Armadillidae,,,Detritivore,June,17-06-2025,20-06-2025,39.68543288,-105.0059947,1629,Denver
Ruby Hill Park Community Garden,RUB-P-8,RUB,pitfall_2,8,roly poly,Malacostraca,Isopoda,Armadillidae,,,Detritivore,June,17-06-2025,20-06-2025,39.68543288,-105.0059947,1629,Denver
Ruby Hill Park Community Garden,RUB-P-9,RUB,pitfall_2,9,centipede,Chilopoda,,,,,Predator,June,17-06-2025,20-06-2025,39.68543288,-105.0059947,1629,Denver
Ruby Hill Park Community Garden,RUB-P-10,RUB,pitfall_2,10,centipede,Chilopoda,,,,,Predator,June,17-06-2025,20-06-2025,39.68543288,-105.0059947,1629,Denver
Ruby Hill Park Community Garden,RUB-P-11,RUB,pitfall_2,11,fly,Insecta,Diptera,Muscidae,,,Detritivore,June,17-06-2025,20-06-2025,39.68543288,-105.0059947,1629,Denver
Ruby Hill Park Community Garden,RUB-P-12,RUB,pitfall_2,12,harvestman,Arachnida,Opiliones,,,,Predator/Scavenger,June,17-06-2025,20-06-2025,39.68543288,-105.0059947,1629,Denver
Ruby Hill Park Community Garden,RUB-P-13,RUB,pitfall_2,13,harvestman,Arachnida,Opiliones,,,,Predator/Scavenger,June,17-06-2025,20-06-2025,39.68543288,-105.0059947,1629,Denver
Ruby Hill Park Community Garden,RUB-P-14,RUB,pitfall_2,14,harvestman,Arachnida,Opiliones,,,,Predator/Scavenger,June,17-06-2025,20-06-2025,39.68543288,-105.0059947,1629,Denver
Ruby Hill Park Community Garden,RUB-P-15,RUB,pitfall_2,15,harvestman,Arachnida,Opiliones,,,,Predator/Scavenger,June,17-06-2025,20-06-2025,39.68543288,-105.0059947,1629,Denver
Ruby Hill Park Community Garden,RUB-P-16,RUB,pitfall_2,16,harvestman,Arachnida,Opiliones,,,,Predator/Scavenger,June,17-06-2025,20-06-2025,39.68543288,-105.0059947,1629,Denver
Ruby Hill Park Community Garden,RUB-P-17,RUB,pitfall_2,17,spider mite,Arachnida,Trombidiformes,,,,Herbivore,June,17-06-2025,20-06-2025,39.68543288,-105.0059947,1629,Denver
Ruby Hill Park Community Garden,RUB-P-18,RUB,pitfall_2,18,spider mite,Arachnida,Trombidiformes,,,,Herbivore,June,17-06-2025,20-06-2025,39.68543288,-105.0059947,1629,Denver
Ruby Hill Park Community Garden,RUB-P-19,RUB,pitfall_2,19,spider mite,Arachnida,Trombidiformes,,,,Herbivore,June,17-06-2025,20-06-2025,39.68543288,-105.0059947,1629,Denver
Ruby Hill Park Community Garden,RUB-P-20,RUB,pitfall_2,20,spider mite,Arachnida,Trombidiformes,,,,Herbivore,June,17-06-2025,20-06-2025,39.68543288,-105.0059947,1629,Denver
Ruby Hill Park Community Garden,RUB-P-21,RUB,pitfall_2,21,spider mite,Arachnida,Trombidiformes,,,,Herbivore,June,17-06-2025,20-06-2025,39.68543288,-105.0059947,1629,Denver
Ruby Hill Park Community Garden,RUB-P-22,RUB,pitfall_2,22,spider,Arachnida,Araneae,,,,Predator,June,17-06-2025,20-06-2025,39.68543288,-105.0059947,1629,Denver
Ruby Hill Park Community Garden,RUB-P-23,RUB,pitfall_2,23,Leaf hopper,Insecta,Hemiptera,Cicadellidae,,,Herbivore,June,17-06-2025,20-06-2025,39.68543288,-105.0059947,1629,Denver
Ruby Hill Park Community Garden,RUB-P-24,RUB,pitfall_2,24,fly,Insecta,Diptera,,,,,June,17-06-2025,20-06-2025,39.68543288,-105.0059947,1629,Denver
Ruby Hill Park Community Garden,RUB-P-25,RUB,pitfall_2,25,dark brown aphid,Insecta,Hemiptera,Aphididae,,,Herbivore,June,17-06-2025,20-06-2025,39.68543288,-105.0059947,1629,Denver
Ruby Hill Park Community Garden,RUB-P-26,RUB,pitfall_2,26,spider mite,Arachnida,Trombidiformes,,,,Herbivore,June,17-06-2025,20-06-2025,39.68543288,-105.0059947,1629,Denver
Ruby Hill Park Community Garden,RUB-P-27,RUB,pitfall_2,27,spider mite,Arachnida,Trombidiformes,,,,Herbivore,June,17-06-2025,20-06-2025,39.68543288,-105.0059947,1629,Denver
Ruby Hill Park Community Garden,RUB-P-28,RUB,pitfall_2,28,fairy wasp,Insecta,Hymenoptera,,,,Parasitoid,June,17-06-2025,20-06-2025,39.68543288,-105.0059947,1629,Denver
Ruby Hill Park Community Garden,RUB-P-29,RUB,pitfall_2,29,ant,Insecta,Formicidae,,,,,June,17-06-2025,20-06-2025,39.68543288,-105.0059947,1629,Denver
Ruby Hill Park Community Garden,RUB-P-30,RUB,pitfall_2,30,ant,Insecta,Formicidae,,,,,June,17-06-2025,20-06-2025,39.68543288,-105.0059947,1629,Denver
Ruby Hill Park Community Garden,RUB-P-31,RUB,pitfall_2,31,ant,Insecta,Formicidae,,,,,June,17-06-2025,20-06-2025,39.68543288,-105.0059947,1629,Denver
Ruby Hill Park Community Garden,RUB-P-32,RUB,pitfall_2,32,spider mite,Arachnida,Trombidiformes,,,,Herbivore,June,17-06-2025,20-06-2025,39.68543288,-105.0059947,1629,Denver
Ruby Hill Park Community Garden,RUB-P-33,RUB,pitfall_2,33,spider mite,Arachnida,Trombidiformes,,,,Herbivore,June,17-06-2025,20-06-2025,39.68543288,-105.0059947,1629,Denver
Ruby Hill Park Community Garden,RUB-P-34,RUB,pitfall_2,34,biting midge,Insecta,Diptera,Ceratopogonidae,,,Sanguivore,June,17-06-2025,20-06-2025,39.68543288,-105.0059947,1629,Denver
Sabin School Garden,SAB-V-1,SAB,vane,1,Aphid,Insecta,Hemiptera,Aphididae,,,Herbivore,June,17-06-2025,20-06-2025,39.6597862,-105.0462203,1638,Denver
Sabin School Garden,SAB-V-2,SAB,vane,2,Aphid,Insecta,Hemiptera,Aphididae,,,Herbivore,June,17-06-2025,20-06-2025,39.6597862,-105.0462203,1638,Denver
Sabin School Garden,SAB-V-3,SAB,vane,3,Aphid,Insecta,Hemiptera,Aphididae,,,Herbivore,June,17-06-2025,20-06-2025,39.6597862,-105.0462203,1638,Denver
Sabin School Garden,SAB-V-4,SAB,vane,4,Bug,Insecta,Hemiptera,,,,,June,17-06-2025,20-06-2025,39.6597862,-105.0462203,1638,Denver
Sabin School Garden,SAB-V-5,SAB,vane,5,Bug,Insecta,Hemiptera,,,,,June,17-06-2025,20-06-2025,39.6597862,-105.0462203,1638,Denver
Sabin School Garden,SAB-V-6,SAB,vane,6,Strange bug/no wings,Insecta,Hemiptera,,,,,June,17-06-2025,20-06-2025,39.6597862,-105.0462203,1638,Denver
Sabin School Garden,SAB-V-7,SAB,vane,7,Springtail,Entognatha,Collembola,,,,Detritivore,June,17-06-2025,20-06-2025,39.6597862,-105.0462203,1638,Denver
Sabin School Garden,SAB-V-8,SAB,vane,8,Fly,Insecta,Diptera,,,,,June,17-06-2025,20-06-2025,39.6597862,-105.0462203,1638,Denver
Sabin School Garden,SAB-V-9,SAB,vane,9,Fly,Insecta,Diptera,,,,,June,17-06-2025,20-06-2025,39.6597862,-105.0462203,1638,Denver
Sabin School Garden,SAB-V-10,SAB,vane,10,Wasp,Insecta,Hymenoptera,Braconidae,,,Parasitoid,June,17-06-2025,20-06-2025,39.6597862,-105.0462203,1638,Denver
Sabin School Garden,SAB-V-11,SAB,vane,11,Springtail,Entognatha,Collembola,,,,Detritivore,June,17-06-2025,20-06-2025,39.6597862,-105.0462203,1638,Denver
Sabin School Garden,SAB-P-12,SAB,pitfall_1,12,ant,Insecta,Hymenoptera,Formicidae,Tetramorium,immigrans,Omnivore,June,17-06-2025,20-06-2025,39.6597862,-105.0462203,1638,Denver
Sabin School Garden,SAB-P-13,SAB,pitfall_1,13,ant,Insecta,Hymenoptera,Formicidae,Tetramorium,immigrans,Omnivore,June,17-06-2025,20-06-2025,39.6597862,-105.0462203,1638,Denver
Sabin School Garden,SAB-P-14,SAB,pitfall_1,14,ant,Insecta,Hymenoptera,Formicidae,Tetramorium,immigrans,Omnivore,June,17-06-2025,20-06-2025,39.6597862,-105.0462203,1638,Denver
Sabin School Garden,SAB-P-15,SAB,pitfall_1,15,ant,Insecta,Hymenoptera,Formicidae,Tetramorium,immigrans,Omnivore,June,17-06-2025,20-06-2025,39.6597862,-105.0462203,1638,Denver
Sabin School Garden,SAB-P-16,SAB,pitfall_1,16,ant,Insecta,Hymenoptera,Formicidae,Tetramorium,immigrans,Omnivore,June,17-06-2025,20-06-2025,39.6597862,-105.0462203,1638,Denver
Sabin School Garden,SAB-P-17,SAB,pitfall_1,17,pill bug,Malacostraca,Isopoda,Armadillidae,,,Detritivore,June,17-06-2025,20-06-2025,39.6597862,-105.0462203,1638,Denver
Sabin School Garden,SAB-V-12,SAB,vane,12,Fly,Insecta,Diptera,Muscidae,,,Detritivore,June,17-06-2025,20-06-2025,39.6597862,-105.0462203,1638,Denver
Sabin School Garden,SAB-P-1,SAB,pitfall_2,1,ant,Insecta,Hymenoptera,Formicidae,,,Omnivore,June,17-06-2025,20-06-2025,39.6597862,-105.0462203,1638,Denver
Sabin School Garden,SAB-P-2,SAB,pitfall_2,2,ant,Insecta,Hymenoptera,Formicidae,,,Omnivore,June,17-06-2025,20-06-2025,39.6597862,-105.0462203,1638,Denver
Sabin School Garden,SAB-P-3,SAB,pitfall_2,3,ant,Insecta,Hymenoptera,Formicidae,,,Omnivore,June,17-06-2025,20-06-2025,39.6597862,-105.0462203,1638,Denver
Sabin School Garden,SAB-P-4,SAB,pitfall_2,4,ant,Insecta,Hymenoptera,Formicidae,,,Omnivore,June,17-06-2025,20-06-2025,39.6597862,-105.0462203,1638,Denver
Sabin School Garden,SAB-P-5,SAB,pitfall_2,5,ant,Insecta,Hymenoptera,Formicidae,,,Omnivore,June,17-06-2025,20-06-2025,39.6597862,-105.0462203,1638,Denver
Sabin School Garden,SAB-P-6,SAB,pitfall_2,6,ant,Insecta,Hymenoptera,Formicidae,,,Omnivore,June,17-06-2025,20-06-2025,39.6597862,-105.0462203,1638,Denver
Sabin School Garden,SAB-P-7,SAB,pitfall_2,7,ant,Insecta,Hymenoptera,Formicidae,,,Omnivore,June,17-06-2025,20-06-2025,39.6597862,-105.0462203,1638,Denver
Sabin School Garden,SAB-P-8,SAB,pitfall_2,8,ant,Insecta,Hymenoptera,Formicidae,,,Omnivore,June,17-06-2025,20-06-2025,39.6597862,-105.0462203,1638,Denver
Sabin School Garden,SAB-P-9,SAB,pitfall_2,9,ant,Insecta,Hymenoptera,Formicidae,,,Omnivore,June,17-06-2025,20-06-2025,39.6597862,-105.0462203,1638,Denver
Sabin School Garden,SAB-P-10,SAB,pitfall_2,10,ant,Insecta,Hymenoptera,Formicidae,,,Omnivore,June,17-06-2025,20-06-2025,39.6597862,-105.0462203,1638,Denver
Sabin School Garden,SAB-P-11,SAB,pitfall_2,11,ant,Insecta,Hymenoptera,Formicidae,,,Omnivore,June,17-06-2025,20-06-2025,39.6597862,-105.0462203,1638,Denver
Sabin School Garden,SAB-P-12,SAB,pitfall_2,12,ant,Insecta,Hymenoptera,Formicidae,,,Omnivore,June,17-06-2025,20-06-2025,39.6597862,-105.0462203,1638,Denver
Sabin School Garden,SAB-P-13,SAB,pitfall_2,13,ant,Insecta,Hymenoptera,Formicidae,,,Omnivore,June,17-06-2025,20-06-2025,39.6597862,-105.0462203,1638,Denver
Sabin School Garden,SAB-P-14,SAB,pitfall_2,14,ant,Insecta,Hymenoptera,Formicidae,,,Omnivore,June,17-06-2025,20-06-2025,39.6597862,-105.0462203,1638,Denver
Sabin School Garden,SAB-P-15,SAB,pitfall_2,15,ant,Insecta,Hymenoptera,Formicidae,,,Omnivore,June,17-06-2025,20-06-2025,39.6597862,-105.0462203,1638,Denver
Sabin School Garden,SAB-P-16,SAB,pitfall_2,16,ant,Insecta,Hymenoptera,Formicidae,,,Omnivore,June,17-06-2025,20-06-2025,39.6597862,-105.0462203,1638,Denver
Sabin School Garden,SAB-P-17,SAB,pitfall_2,17,ant,Insecta,Hymenoptera,Formicidae,,,Omnivore,June,17-06-2025,20-06-2025,39.6597862,-105.0462203,1638,Denver
Sabin School Garden,SAB-P-18,SAB,pitfall_2,18,ant,Insecta,Hymenoptera,Formicidae,,,Omnivore,June,17-06-2025,20-06-2025,39.6597862,-105.0462203,1638,Denver
Sabin School Garden,SAB-P-19,SAB,pitfall_2,19,ant,Insecta,Hymenoptera,Formicidae,,,Omnivore,June,17-06-2025,20-06-2025,39.6597862,-105.0462203,1638,Denver
Sabin School Garden,SAB-P-20,SAB,pitfall_2,20,ant,Insecta,Hymenoptera,Formicidae,,,Omnivore,June,17-06-2025,20-06-2025,39.6597862,-105.0462203,1638,Denver
Sabin School Garden,SAB-P-21,SAB,pitfall_2,21,ant,Insecta,Hymenoptera,Formicidae,,,Omnivore,June,17-06-2025,20-06-2025,39.6597862,-105.0462203,1638,Denver
Sabin School Garden,SAB-P-22,SAB,pitfall_2,22,ant,Insecta,Hymenoptera,Formicidae,,,Omnivore,June,17-06-2025,20-06-2025,39.6597862,-105.0462203,1638,Denver
Sabin School Garden,SAB-P-23,SAB,pitfall_2,23,ant,Insecta,Hymenoptera,Formicidae,,,Omnivore,June,17-06-2025,20-06-2025,39.6597862,-105.0462203,1638,Denver
Sabin School Garden,SAB-P-24,SAB,pitfall_2,24,ant,Insecta,Hymenoptera,Formicidae,,,Omnivore,June,17-06-2025,20-06-2025,39.6597862,-105.0462203,1638,Denver
Sabin School Garden,SAB-P-25,SAB,pitfall_2,25,ant,Insecta,Hymenoptera,Formicidae,,,Omnivore,June,17-06-2025,20-06-2025,39.6597862,-105.0462203,1638,Denver
Sabin School Garden,SAB-P-26,SAB,pitfall_2,26,harvestmen,Arachnida,Opiliones,,,,Predator/Scavenger,June,17-06-2025,20-06-2025,39.6597862,-105.0462203,1638,Denver
Sabin School Garden,SAB-P-27,SAB,pitfall_2,27,fly,Insecta,Diptera,,,,,June,17-06-2025,20-06-2025,39.6597862,-105.0462203,1638,Denver
Sabin School Garden,SAB-P-28,SAB,pitfall_2,28,leafhopper,Insecta,Hemiptera,Cicadellidae,,,Herbivore,June,17-06-2025,20-06-2025,39.6597862,-105.0462203,1638,Denver
Sabin School Garden,SAB-P-29,SAB,pitfall_2,29,beetle,Insecta,Coleoptera,,,,,June,17-06-2025,20-06-2025,39.6597862,-105.0462203,1638,Denver
Sabin School Garden,SAB-P-30,SAB,pitfall_2,30,mite,Arachnida,Acari,,,,,June,17-06-2025,20-06-2025,39.6597862,-105.0462203,1638,Denver
Sabin School Garden,SAB-P-31,SAB,pitfall_2,31,mite,Arachnida,Acari,,,,,June,17-06-2025,20-06-2025,39.6597862,-105.0462203,1638,Denver
Sabin School Garden,SAB-P-32,SAB,pitfall_2,32,mite,Arachnida,Acari,,,,,June,17-06-2025,20-06-2025,39.6597862,-105.0462203,1638,Denver
Sabin School Garden,SAB-P-33,SAB,pitfall_2,33,mite,Arachnida,Acari,,,,,June,17-06-2025,20-06-2025,39.6597862,-105.0462203,1638,Denver
Sabin School Garden,SAB-P-34,SAB,pitfall_2,34,mite,Arachnida,Acari,,,,,June,17-06-2025,20-06-2025,39.6597862,-105.0462203,1638,Denver
Sabin School Garden,SAB-P-35,SAB,pitfall_2,35,fly,Insecta,Diptera,,,,,June,17-06-2025,20-06-2025,39.6597862,-105.0462203,1638,Denver
Sabin School Garden,SAB-P-36,SAB,pitfall_2,36,ant,Insecta,Hymenoptera,Formicidae,,,Omnivore,June,17-06-2025,20-06-2025,39.6597862,-105.0462203,1638,Denver
Samuels School Community Garden,SAM-V-1,SAM,vane,1,Thrips,Insecta,Thysanoptera,,,,Herbivore,June,17-06-2025,20-06-2025,39.6434894,-104.8925304,1696,Denver
Samuels School Community Garden,SAM-V-2,SAM,vane,2,Thrips,Insecta,Thysanoptera,,,,Herbivore,June,17-06-2025,20-06-2025,39.6434894,-104.8925304,1696,Denver
Samuels School Community Garden,SAM-V-3,SAM,vane,3,Thrips,Insecta,Thysanoptera,,,,Herbivore,June,17-06-2025,20-06-2025,39.6434894,-104.8925304,1696,Denver
Samuels School Community Garden,SAM-V-4,SAM,vane,4,Thrips,Insecta,Thysanoptera,,,,Herbivore,June,17-06-2025,20-06-2025,39.6434894,-104.8925304,1696,Denver
Samuels School Community Garden,SAM-V-5,SAM,vane,5,Thrips,Insecta,Thysanoptera,,,,Herbivore,June,17-06-2025,20-06-2025,39.6434894,-104.8925304,1696,Denver
Samuels School Community Garden,SAM-V-6,SAM,vane,6,Thrips,Insecta,Thysanoptera,,,,Herbivore,June,17-06-2025,20-06-2025,39.6434894,-104.8925304,1696,Denver
Samuels School Community Garden,SAM-V-7,SAM,vane,7,Thrips,Insecta,Thysanoptera,,,,Herbivore,June,17-06-2025,20-06-2025,39.6434894,-104.8925304,1696,Denver
Samuels School Community Garden,SAM-V-8,SAM,vane,8,Thrips,Insecta,Thysanoptera,,,,Herbivore,June,17-06-2025,20-06-2025,39.6434894,-104.8925304,1696,Denver
Samuels School Community Garden,SAM-V-9,SAM,vane,9,Thrips,Insecta,Thysanoptera,,,,Herbivore,June,17-06-2025,20-06-2025,39.6434894,-104.8925304,1696,Denver
Samuels School Community Garden,SAM-V-10,SAM,vane,10,Thrips,Insecta,Thysanoptera,,,,Herbivore,June,17-06-2025,20-06-2025,39.6434894,-104.8925304,1696,Denver
Samuels School Community Garden,SAM-V-11,SAM,vane,11,Thrips,Insecta,Thysanoptera,,,,Herbivore,June,17-06-2025,20-06-2025,39.6434894,-104.8925304,1696,Denver
Samuels School Community Garden,SAM-V-12,SAM,vane,12,Thrips,Insecta,Thysanoptera,,,,Herbivore,June,17-06-2025,20-06-2025,39.6434894,-104.8925304,1696,Denver
Samuels School Community Garden,SAM-V-13,SAM,vane,13,Thrips,Insecta,Thysanoptera,,,,Herbivore,June,17-06-2025,20-06-2025,39.6434894,-104.8925304,1696,Denver
Samuels School Community Garden,SAM-V-14,SAM,vane,14,Thrips,Insecta,Thysanoptera,,,,Herbivore,June,17-06-2025,20-06-2025,39.6434894,-104.8925304,1696,Denver
Samuels School Community Garden,SAM-V-15,SAM,vane,15,bumblebee,Insecta,Hymenoptera,Apidae,Bombus,fervidus,Pollinator,June,17-06-2025,20-06-2025,39.6434894,-104.8925304,1696,Denver
Samuels School Community Garden,SAM-V-16,SAM,vane,16,bumblebee,Insecta,Hymenoptera,Apidae,Bombus,fervidus,Pollinator,June,17-06-2025,20-06-2025,39.6434894,-104.8925304,1696,Denver
Samuels School Community Garden,SAM-V-17,SAM,vane,17,bee,Insecta,Hymenoptera,,,,Pollinator,June,17-06-2025,20-06-2025,39.6434894,-104.8925304,1696,Denver
Samuels School Community Garden,SAM-V-18,SAM,vane,18,bee,Insecta,Hymenoptera,,,,Pollinator,June,17-06-2025,20-06-2025,39.6434894,-104.8925304,1696,Denver
Samuels School Community Garden,SAM-V-19,SAM,vane,19,bee,Insecta,Hymenoptera,,,,Pollinator,June,17-06-2025,20-06-2025,39.6434894,-104.8925304,1696,Denver
Samuels School Community Garden,SAM-V-20,SAM,vane,20,bee,Insecta,Hymenoptera,,,,Pollinator,June,17-06-2025,20-06-2025,39.6434894,-104.8925304,1696,Denver
Samuels School Community Garden,SAM-V-21,SAM,vane,21,longhorn bee,Insecta,Hymenoptera,Apidae,,,Pollinator,June,17-06-2025,20-06-2025,39.6434894,-104.8925304,1696,Denver
Samuels School Community Garden,SAM-V-22,SAM,vane,22,sweat bee,Insecta,Hymenoptera,Halictidae,Agapostemon,,Pollinator,June,17-06-2025,20-06-2025,39.6434894,-104.8925304,1696,Denver
Samuels School Community Garden,SAM-V-23,SAM,vane,23,bee,Insecta,Hymenoptera,Halictidae,Halictus,rubicundus,Pollinator,June,17-06-2025,20-06-2025,39.6434894,-104.8925304,1696,Denver
Samuels School Community Garden,SAM-V-24,SAM,vane,24,bee,Insecta,Hymenoptera,Halictidae,Halictus,rubicundus,Pollinator,June,17-06-2025,20-06-2025,39.6434894,-104.8925304,1696,Denver
Samuels School Community Garden,SAM-V-25,SAM,vane,25,bee,Insecta,Hymenoptera,Halictidae,Halictus,ligatus,Pollinator,June,17-06-2025,20-06-2025,39.6434894,-104.8925304,1696,Denver
Samuels School Community Garden,SAM-V-26,SAM,vane,26,bee,Insecta,Hymenoptera,Halictidae,Halictus,rubicundus,Pollinator,June,17-06-2025,20-06-2025,39.6434894,-104.8925304,1696,Denver
Samuels School Community Garden,SAM-V-27,SAM,vane,27,bee,Insecta,Hymenoptera,Halictidae,Halictus,rubicundus,Pollinator,June,17-06-2025,20-06-2025,39.6434894,-104.8925304,1696,Denver
Samuels School Community Garden,SAM-V-28,SAM,vane,28,bee,Insecta,Hymenoptera,Halictidae,Halictus,rubicundus,Pollinator,June,17-06-2025,20-06-2025,39.6434894,-104.8925304,1696,Denver
Samuels School Community Garden,SAM-V-29,SAM,vane,29,sweat bee,Insecta,Hymenoptera,Halictidae,Halictus,,Pollinator,June,17-06-2025,20-06-2025,39.6434894,-104.8925304,1696,Denver
Samuels School Community Garden,SAM-V-30,SAM,vane,30,sweat bee,Insecta,Hymenoptera,Halictidae,,,Pollinator,June,17-06-2025,20-06-2025,39.6434894,-104.8925304,1696,Denver
Samuels School Community Garden,SAM-V-31,SAM,vane,31,green lace wing,Insecta,Neuroptera,Chrysopidae,,,Predator,June,17-06-2025,20-06-2025,39.6434894,-104.8925304,1696,Denver
Samuels School Community Garden,SAM-V-32,SAM,vane,32,small hemiptera,Insecta,Hemiptera,,,,,June,17-06-2025,20-06-2025,39.6434894,-104.8925304,1696,Denver
Samuels School Community Garden,SAM-V-33,SAM,vane,33,weevil,Insecta,Coleoptera,Curculionidae,,,Herbivore,June,17-06-2025,20-06-2025,39.6434894,-104.8925304,1696,Denver
Samuels School Community Garden,SAM-V-34,SAM,vane,34,rove beetle,Insecta,Coleoptera,Staphylinidae,,,Predator,June,17-06-2025,20-06-2025,39.6434894,-104.8925304,1696,Denver
Samuels School Community Garden,SAM-V-35,SAM,vane,35,thin beetle,Insecta,Coleoptera,,,,,June,17-06-2025,20-06-2025,39.6434894,-104.8925304,1696,Denver
Samuels School Community Garden,SAM-V-36,SAM,vane,36,very small fly,Insecta,Diptera,,,,,June,17-06-2025,20-06-2025,39.6434894,-104.8925304,1696,Denver
Samuels School Community Garden,SAM-V-36,SAM,vane,36,very small beetle,Insecta,Coleoptera,,,,,June,17-06-2025,20-06-2025,39.6434894,-104.8925304,1696,Denver
Samuels School Community Garden,SAM-P-1,SAM,pitfall_1,1,pillbug,Malacostraca,Isopoda,Armadillidae,,,Detritivore,June,17-06-2025,20-06-2025,39.6434894,-104.8925304,1696,Denver
Samuels School Community Garden,SAM-P-2,SAM,pitfall_1,2,pillbug,Malacostraca,Isopoda,Armadillidae,,,Detritivore,June,17-06-2025,20-06-2025,39.6434894,-104.8925304,1696,Denver
Samuels School Community Garden,SAM-P-3,SAM,pitfall_1,3,pillbug,Malacostraca,Isopoda,Armadillidae,,,Detritivore,June,17-06-2025,20-06-2025,39.6434894,-104.8925304,1696,Denver
Samuels School Community Garden,SAM-P-4,SAM,pitfall_1,4,pillbug,Malacostraca,Isopoda,Armadillidae,,,Detritivore,June,17-06-2025,20-06-2025,39.6434894,-104.8925304,1696,Denver
Samuels School Community Garden,SAM-P-5,SAM,pitfall_1,5,pillbug,Malacostraca,Isopoda,Armadillidae,,,Detritivore,June,17-06-2025,20-06-2025,39.6434894,-104.8925304,1696,Denver
Samuels School Community Garden,SAM-P-6,SAM,pitfall_1,6,pillbug,Malacostraca,Isopoda,Armadillidae,,,Detritivore,June,17-06-2025,20-06-2025,39.6434894,-104.8925304,1696,Denver
Samuels School Community Garden,SAM-P-7,SAM,pitfall_1,7,pillbug,Malacostraca,Isopoda,Armadillidae,,,Detritivore,June,17-06-2025,20-06-2025,39.6434894,-104.8925304,1696,Denver
Samuels School Community Garden,SAM-P-8,SAM,pitfall_1,8,pillbug,Malacostraca,Isopoda,Armadillidae,,,Detritivore,June,17-06-2025,20-06-2025,39.6434894,-104.8925304,1696,Denver
Samuels School Community Garden,SAM-P-9,SAM,pitfall_1,9,pillbug,Malacostraca,Isopoda,Armadillidae,,,Detritivore,June,17-06-2025,20-06-2025,39.6434894,-104.8925304,1696,Denver
Samuels School Community Garden,SAM-P-10,SAM,pitfall_1,10,pillbug,Malacostraca,Isopoda,Armadillidae,,,Detritivore,June,17-06-2025,20-06-2025,39.6434894,-104.8925304,1696,Denver
Samuels School Community Garden,SAM-P-11,SAM,pitfall_1,11,pillbug,Malacostraca,Isopoda,Armadillidae,,,Detritivore,June,17-06-2025,20-06-2025,39.6434894,-104.8925304,1696,Denver
Samuels School Community Garden,SAM-P-12,SAM,pitfall_1,12,pillbug,Malacostraca,Isopoda,Armadillidae,,,Detritivore,June,17-06-2025,20-06-2025,39.6434894,-104.8925304,1696,Denver
Samuels School Community Garden,SAM-P-13,SAM,pitfall_1,13,millipede,Diplopoda,,,,,Detritivore,June,17-06-2025,20-06-2025,39.6434894,-104.8925304,1696,Denver
Samuels School Community Garden,SAM-P-14,SAM,pitfall_1,14,centipede,Chilopoda,,,,,Predator,June,17-06-2025,20-06-2025,39.6434894,-104.8925304,1696,Denver
Samuels School Community Garden,SAM-P-15,SAM,pitfall_1,15,harvestmen,Arachnida,Opiliones,,,,Predator/Scavenger,June,17-06-2025,20-06-2025,39.6434894,-104.8925304,1696,Denver
Samuels School Community Garden,SAM-P-16,SAM,pitfall_1,16,harvestmen,Arachnida,Opiliones,,,,Predator/Scavenger,June,17-06-2025,20-06-2025,39.6434894,-104.8925304,1696,Denver
Samuels School Community Garden,SAM-P-1,SAM,pitfall_2,1,millipede,Diplopoda,,,,,Detritivore,June,17-06-2025,20-06-2025,39.6434894,-104.8925304,1696,Denver
Samuels School Community Garden,SAM-P-2,SAM,pitfall_2,2,millipede,Diplopoda,,,,,Detritivore,June,17-06-2025,20-06-2025,39.6434894,-104.8925304,1696,Denver
Samuels School Community Garden,SAM-P-3,SAM,pitfall_2,3,millipede,Diplopoda,,,,,Detritivore,June,17-06-2025,20-06-2025,39.6434894,-104.8925304,1696,Denver
Samuels School Community Garden,SAM-P-4,SAM,pitfall_2,4,millipede,Diplopoda,,,,,Detritivore,June,17-06-2025,20-06-2025,39.6434894,-104.8925304,1696,Denver
Samuels School Community Garden,SAM-P-5,SAM,pitfall_2,5,millipede,Diplopoda,,,,,Detritivore,June,17-06-2025,20-06-2025,39.6434894,-104.8925304,1696,Denver
Samuels School Community Garden,SAM-P-6,SAM,pitfall_2,6,millipede,Diplopoda,,,,,Detritivore,June,17-06-2025,20-06-2025,39.6434894,-104.8925304,1696,Denver
Samuels School Community Garden,SAM-P-7,SAM,pitfall_2,7,earthworm,Clitellata,,,,,Detritivore,June,17-06-2025,20-06-2025,39.6434894,-104.8925304,1696,Denver
Samuels School Community Garden,SAM-P-8,SAM,pitfall_2,8,pillbug,Malacostraca,Isopoda,Armadillidae,,,Detritivore,June,17-06-2025,20-06-2025,39.6434894,-104.8925304,1696,Denver
Samuels School Community Garden,SAM-P-9,SAM,pitfall_2,9,pillbug,Malacostraca,Isopoda,Armadillidae,,,Detritivore,June,17-06-2025,20-06-2025,39.6434894,-104.8925304,1696,Denver
Samuels School Community Garden,SAM-P-10,SAM,pitfall_2,10,pillbug,Malacostraca,Isopoda,Armadillidae,,,Detritivore,June,17-06-2025,20-06-2025,39.6434894,-104.8925304,1696,Denver
Samuels School Community Garden,SAM-P-11,SAM,pitfall_2,11,pillbug,Malacostraca,Isopoda,Armadillidae,,,Detritivore,June,17-06-2025,20-06-2025,39.6434894,-104.8925304,1696,Denver
Samuels School Community Garden,SAM-P-12,SAM,pitfall_2,12,pillbug,Malacostraca,Isopoda,Armadillidae,,,Detritivore,June,17-06-2025,20-06-2025,39.6434894,-104.8925304,1696,Denver
Samuels School Community Garden,SAM-P-13,SAM,pitfall_2,13,spider,Arachnida,Araneae,,,,Predator,June,17-06-2025,20-06-2025,39.6434894,-104.8925304,1696,Denver
Samuels School Community Garden,SAM-P-14,SAM,pitfall_2,14,leafhopper,Insecta,Hemiptera,Cicadellidae,,,Herbivore,June,17-06-2025,20-06-2025,39.6434894,-104.8925304,1696,Denver
Samuels School Community Garden,SAM-P-15,SAM,pitfall_2,15,leafhopper,Insecta,Hemiptera,Cicadellidae,,,Herbivore,June,17-06-2025,20-06-2025,39.6434894,-104.8925304,1696,Denver
Samuels School Community Garden,SAM-P-16,SAM,pitfall_2,16,leafhopper,Insecta,Hemiptera,Cicadellidae,,,Herbivore,June,17-06-2025,20-06-2025,39.6434894,-104.8925304,1696,Denver
Samuels School Community Garden,SAM-P-17,SAM,pitfall_2,17,ant,Insecta,Hymenoptera,Formicidae,,,Omnivore,June,17-06-2025,20-06-2025,39.6434894,-104.8925304,1696,Denver
Samuels School Community Garden,SAM-P-18,SAM,pitfall_2,18,ant,Insecta,Hymenoptera,Formicidae,,,Omnivore,June,17-06-2025,20-06-2025,39.6434894,-104.8925304,1696,Denver
Samuels School Community Garden,SAM-P-19,SAM,pitfall_2,19,ant,Insecta,Hymenoptera,Formicidae,,,Omnivore,June,17-06-2025,20-06-2025,39.6434894,-104.8925304,1696,Denver
Samuels School Community Garden,SAM-P-20,SAM,pitfall_2,20,ant,Insecta,Hymenoptera,Formicidae,,,Omnivore,June,17-06-2025,20-06-2025,39.6434894,-104.8925304,1696,Denver
Shoshone Community Garden,SHO-V-1,SHO,vane,1,Bee,Insecta,Hymenoptera,Apidae,Bombus,fervidus,Pollinator,June,17-06-2025,20-06-2025,39.76300286,-105.0094429,1614,Denver
Shoshone Community Garden,SHO-V-2,SHO,vane,2,Bee,Insecta,Hymenoptera,Halictidae,Halictus,rubicundus,Pollinator,June,17-06-2025,20-06-2025,39.76300286,-105.0094429,1614,Denver
Shoshone Community Garden,SHO-V-3,SHO,vane,3,click beetle,Insecta,Coleoptera,Elateridae,,,Herbivore,June,17-06-2025,20-06-2025,39.76300286,-105.0094429,1614,Denver
Shoshone Community Garden,SHO-V-4,SHO,vane,4,Hemipteran,Insecta,Hemiptera,,,,,June,17-06-2025,20-06-2025,39.76300286,-105.0094429,1614,Denver
Shoshone Community Garden,SHO-V-5,SHO,vane,5,Hemipteran,Insecta,Hemiptera,,,,,June,17-06-2025,20-06-2025,39.76300286,-105.0094429,1614,Denver
Shoshone Community Garden,SHO-V-6,SHO,vane,6,Hemipteran,Insecta,Hemiptera,,,,,June,17-06-2025,20-06-2025,39.76300286,-105.0094429,1614,Denver
Shoshone Community Garden,SHO-V-7,SHO,vane,7,Beetle,Insecta,Coleoptera,,,,,June,17-06-2025,20-06-2025,39.76300286,-105.0094429,1614,Denver
Slater Elementary School Community Garden,SLA-V-1,SLA,vane,1,Thrips,Insecta,Thysanoptera,,,,Herbivore,June,17-06-2025,20-06-2025,39.75227273,-105.0928071,1685,Jefferson
Slater Elementary School Community Garden,SLA-V-2,SLA,vane,2,"Aphids, Green Peach",Insecta,Hemiptera,Aphididae,,,Herbivore,June,17-06-2025,20-06-2025,39.75227273,-105.0928071,1685,Jefferson
Slater Elementary School Community Garden,SLA-V-3,SLA,vane,3,Aphids,Insecta,Hemiptera,Aphididae,,,Herbivore,June,17-06-2025,20-06-2025,39.75227273,-105.0928071,1685,Jefferson
Slater Elementary School Community Garden,SLA-V-4,SLA,vane,4,Aphids,Insecta,Hemiptera,Aphididae,,,Herbivore,June,17-06-2025,20-06-2025,39.75227273,-105.0928071,1685,Jefferson
Slater Elementary School Community Garden,SLA-V-5,SLA,vane,5,Aphids,Insecta,Hemiptera,Aphididae,,,Herbivore,June,17-06-2025,20-06-2025,39.75227273,-105.0928071,1685,Jefferson
Slater Elementary School Community Garden,SLA-V-6,SLA,vane,6,Aphids,Insecta,Hemiptera,Aphididae,,,Herbivore,June,17-06-2025,20-06-2025,39.75227273,-105.0928071,1685,Jefferson
Slater Elementary School Community Garden,SLA-V-7,SLA,vane,7,Aphids,Insecta,Hemiptera,Aphididae,,,Herbivore,June,17-06-2025,20-06-2025,39.75227273,-105.0928071,1685,Jefferson
Slater Elementary School Community Garden,SLA-V-8,SLA,vane,8,Aphids,Insecta,Hemiptera,Aphididae,,,Herbivore,June,17-06-2025,20-06-2025,39.75227273,-105.0928071,1685,Jefferson
Slater Elementary School Community Garden,SLA-V-9,SLA,vane,9,leafcutter bee,Insecta,Hymenoptera,Megachilidae,,,Pollinator,June,17-06-2025,20-06-2025,39.75227273,-105.0928071,1685,Jefferson
Slater Elementary School Community Garden,SLA-V-10,SLA,vane,10,leafcutter bee,Insecta,Hymenoptera,Megachilidae,,,Pollinator,June,17-06-2025,20-06-2025,39.75227273,-105.0928071,1685,Jefferson
Slater Elementary School Community Garden,SLA-V-11,SLA,vane,11,Bee,Insecta,Hymenoptera,Apidae,Bombus,fervidus,Pollinator,June,17-06-2025,20-06-2025,39.75227273,-105.0928071,1685,Jefferson
Slater Elementary School Community Garden,SLA-V-12,SLA,vane,12,Bee,Insecta,Hymenoptera,,,,Pollinator,June,17-06-2025,20-06-2025,39.75227273,-105.0928071,1685,Jefferson
Slater Elementary School Community Garden,SLA-V-13,SLA,vane,13,Beetle,Insecta,Coleoptera,,,,,June,17-06-2025,20-06-2025,39.75227273,-105.0928071,1685,Jefferson
Slater Elementary School Community Garden,fervidus,SLA,vane,14,Bumblebee,Insecta,Hymenoptera,Apidae,Bombus,fervidus,Pollinator,June,17-06-2025,20-06-2025,39.75227273,-105.0928071,1685,Jefferson
Slater Elementary School Community Garden,SLA-V-15,SLA,vane,15,halictid,Insecta,Hymenoptera,Halictidae,Halictus,,Pollinator,June,17-06-2025,20-06-2025,39.75227273,-105.0928071,1685,Jefferson
Slater Elementary School Community Garden,SLA-V-16,SLA,vane,16,click beetle,Insecta,Coleoptera,Elateridae,,,Herbivore,June,17-06-2025,20-06-2025,39.75227273,-105.0928071,1685,Jefferson
Slater Elementary School Community Garden,SLA-V-17,SLA,vane,17,Bee,Insecta,Hymenoptera,,,,Pollinator,June,17-06-2025,20-06-2025,39.75227273,-105.0928071,1685,Jefferson
Slater Elementary School Community Garden,SLA-V-18,SLA,vane,18,Bee,Insecta,Hymenoptera,,,,Pollinator,June,17-06-2025,20-06-2025,39.75227273,-105.0928071,1685,Jefferson
Slater Elementary School Community Garden,SLA-V-19,SLA,vane,19,Whirligig mite,Arachnida,Acari,Anystidae,,,Predator,June,17-06-2025,20-06-2025,39.75227273,-105.0928071,1685,Jefferson
Slater Elementary School Community Garden,SLA-V-20,SLA,vane,20,Thin bodied fly,Insecta,Diptera,,,,,June,17-06-2025,20-06-2025,39.75227273,-105.0928071,1685,Jefferson
Slater Elementary School Community Garden,SLA-V-21,SLA,vane,21,Thin bodied fly,Insecta,Diptera,,,,,June,17-06-2025,20-06-2025,39.75227273,-105.0928071,1685,Jefferson
Slater Elementary School Community Garden,SLA-V-22,SLA,vane,22,Thin bodied fly,Insecta,Diptera,,,,,June,17-06-2025,20-06-2025,39.75227273,-105.0928071,1685,Jefferson
Slater Elementary School Community Garden,SLA-V-23,SLA,vane,23,Thin bodied fly,Insecta,Diptera,,,,,June,17-06-2025,20-06-2025,39.75227273,-105.0928071,1685,Jefferson
Slater Elementary School Community Garden,SLA-V-24,SLA,vane,24,Leaf hopper,Insecta,Hemiptera,Cicadellidae,Ceratagallia,,Herbivore,June,17-06-2025,20-06-2025,39.75227273,-105.0928071,1685,Jefferson
Slater Elementary School Community Garden,SLA-V-25,SLA,vane,25,Fly,Insecta,Diptera,,,,,June,17-06-2025,20-06-2025,39.75227273,-105.0928071,1685,Jefferson
Slater Elementary School Community Garden,SLA-V-26,SLA,vane,26,Bug,Insecta,Hemiptera,Miridae,Orthops,scutellatus,Herbivore,June,17-06-2025,20-06-2025,39.75227273,-105.0928071,1685,Jefferson
Slater Elementary School Community Garden,SLA-V-27,SLA,vane,27,Tick,Arachnida,Ixodida,Ixodidae,,,Sanguivore,June,17-06-2025,20-06-2025,39.75227273,-105.0928071,1685,Jefferson
Slater Elementary School Community Garden,SLA-P-1,SLA,pitfall_2,1,spider,Arachnida,Araneae,,,,Predator,June,17-06-2025,20-06-2025,39.75227273,-105.0928071,1685,Jefferson
Slater Elementary School Community Garden,SLA-P-2,SLA,pitfall_2,2,millipede,Diplopoda,,,,,Detritivore,June,17-06-2025,20-06-2025,39.75227273,-105.0928071,1685,Jefferson
Slater Elementary School Community Garden,SLA-P-3,SLA,pitfall_2,3,pillbug,Malacostraca,Isopoda,Armadillidae,,,Detritivore,June,17-06-2025,20-06-2025,39.75227273,-105.0928071,1685,Jefferson
Slater Elementary School Community Garden,SLA-P-4,SLA,pitfall_2,4,mosquito,Insecta,Diptera,Culicidae,,,Sanguivore,June,17-06-2025,20-06-2025,39.75227273,-105.0928071,1685,Jefferson
Slater Elementary School Community Garden,SLA-P-5,SLA,pitfall_2,5,rove beetle,Insecta,Coleoptera,Staphylinidae,,,Predator,June,17-06-2025,20-06-2025,39.75227273,-105.0928071,1685,Jefferson
Slater Elementary School Community Garden,SLA-P-6,SLA,pitfall_2,6,harvestman,Arachnida,Opiliones,,,,Predator/Scavenger,June,17-06-2025,20-06-2025,39.75227273,-105.0928071,1685,Jefferson
Slater Elementary School Community Garden,SLA-P-7,SLA,pitfall_2,7,millipede,Diplopoda,,,,,Detritivore,June,17-06-2025,20-06-2025,39.75227273,-105.0928071,1685,Jefferson
Slater Elementary School Community Garden,SLA-P-8,SLA,pitfall_2,8,roly poly,Malacostraca,Isopoda,Armadillidae,,,Detritivore,June,17-06-2025,20-06-2025,39.75227273,-105.0928071,1685,Jefferson
Slater Elementary School Community Garden,SLA-P-9,SLA,pitfall_2,9,small beetle,Insecta,Coleoptera,,,,,June,17-06-2025,20-06-2025,39.75227273,-105.0928071,1685,Jefferson
Slater Elementary School Community Garden,SLA-P-10,SLA,pitfall_2,10,bristletails,Entognatha,Diplura,,,,Predator,June,17-06-2025,20-06-2025,39.75227273,-105.0928071,1685,Jefferson
Slater Elementary School Community Garden,SLA-P-11,SLA,pitfall_2,11,leaf hopper,Insecta,Hemiptera,Cicadellidae,,,Herbivore,June,17-06-2025,20-06-2025,39.75227273,-105.0928071,1685,Jefferson
Slater Elementary School Community Garden,SLA-P-12,SLA,pitfall_2,12,spider,Arachnida,Araneae,,,,Predator,June,17-06-2025,20-06-2025,39.75227273,-105.0928071,1685,Jefferson
Slater Elementary School Community Garden,SLA-P-13,SLA,pitfall_2,13,ant,Insecta,Hymenoptera,Formicidae,,,Omnivore,June,17-06-2025,20-06-2025,39.75227273,-105.0928071,1685,Jefferson
Slater Elementary School Community Garden,SLA-P-14,SLA,pitfall_2,14,spider,Arachnida,Araneae,,,,Predator,June,17-06-2025,20-06-2025,39.75227273,-105.0928071,1685,Jefferson
Slater Elementary School Community Garden,SLA-P-15,SLA,pitfall_2,15,rove beetle,Insecta,Coleoptera,Staphylinidae,,,Predator,June,17-06-2025,20-06-2025,39.75227273,-105.0928071,1685,Jefferson
Slater Elementary School Community Garden,SLA-P-16,SLA,pitfall_2,16,spider,Arachnida,Araneae,,,,Predator,June,17-06-2025,20-06-2025,39.75227273,-105.0928071,1685,Jefferson
Slater Elementary School Community Garden,SLA-P-17,SLA,pitfall_2,17,fly,Insecta,Diptera,Muscidae,,,Detritivore,June,17-06-2025,20-06-2025,39.75227273,-105.0928071,1685,Jefferson
Slater Elementary School Community Garden,SLA-P-18,SLA,pitfall_2,18,roly poly,Malacostraca,Isopoda,Armadillidae,,,Detritivore,June,17-06-2025,20-06-2025,39.75227273,-105.0928071,1685,Jefferson
Slater Elementary School Community Garden,SLA-P-19,SLA,pitfall_2,19,bristletails,Entognatha,Diplura,,,,Predator,June,17-06-2025,20-06-2025,39.75227273,-105.0928071,1685,Jefferson
Slater Elementary School Community Garden,SLA-P-20,SLA,pitfall_2,20,roly poly,Malacostraca,Isopoda,Armadillidae,,,Detritivore,June,17-06-2025,20-06-2025,39.75227273,-105.0928071,1685,Jefferson
Slater Elementary School Community Garden,SLA-P-21,SLA,pitfall_2,21,tick,Arachnida,Ixodida,,,,Sanguivore,June,17-06-2025,20-06-2025,39.75227273,-105.0928071,1685,Jefferson
Slater Elementary School Community Garden,SLA-P-22,SLA,pitfall_2,22,mite,Arachnida,Acari,,,,,June,17-06-2025,20-06-2025,39.75227273,-105.0928071,1685,Jefferson
Slater Elementary School Community Garden,SLA-P-23,SLA,pitfall_2,23,small beetle,Insecta,Coleoptera,,,,,June,17-06-2025,20-06-2025,39.75227273,-105.0928071,1685,Jefferson
Slater Elementary School Community Garden,SLA-P-24,SLA,pitfall_2,24,fly,Insecta,Diptera,,,,,June,17-06-2025,20-06-2025,39.75227273,-105.0928071,1685,Jefferson
Slater Elementary School Community Garden,SLA-P-25,SLA,pitfall_2,25,leafhopper,Insecta,Hemiptera,Cicadellidae,,,Herbivore,June,17-06-2025,20-06-2025,39.75227273,-105.0928071,1685,Jefferson
Slater Elementary School Community Garden,SLA-P-26,SLA,pitfall_2,26,aphid,Insecta,Hemiptera,Aphididae,,,Herbivore,June,17-06-2025,20-06-2025,39.75227273,-105.0928071,1685,Jefferson
Slater Elementary School Community Garden,SLA-P-27,SLA,pitfall_2,27,mite,Arachnida,Acari,,,,,June,17-06-2025,20-06-2025,39.75227273,-105.0928071,1685,Jefferson
Slater Elementary School Community Garden,SLA-P-28,SLA,pitfall_2,28,small beetle,Insecta,Coleoptera,,,,,June,17-06-2025,20-06-2025,39.75227273,-105.0928071,1685,Jefferson
Slater Elementary School Community Garden,SLA-P-29,SLA,pitfall_2,29,small beetle,Insecta,Coleoptera,,,,,June,17-06-2025,20-06-2025,39.75227273,-105.0928071,1685,Jefferson
Slater Elementary School Community Garden,SLA-P-30,SLA,pitfall_2,30,fairy wasp,Insecta,Hymenoptera,Mymaridae,,,Parasitoid,June,17-06-2025,20-06-2025,39.75227273,-105.0928071,1685,Jefferson
Slater Elementary School Community Garden,SLA-P-1,SLA,pitfall_1,1,Fly (check about pitfall trap no),Insecta,Diptera,Muscidae,,,Detritivore,June,17-06-2025,20-06-2025,39.75227273,-105.0928071,1685,Jefferson
Slater Elementary School Community Garden,SLA-P-2,SLA,pitfall_1,2,Fly,Insecta,Diptera,,,,,June,17-06-2025,20-06-2025,39.75227273,-105.0928071,1685,Jefferson
Slater Elementary School Community Garden,SLA-P-3,SLA,pitfall_1,3,spider,Arachnida,Araneae,,,,Predator,June,17-06-2025,20-06-2025,39.75227273,-105.0928071,1685,Jefferson
Steck School Community Garden,STE-V-1,STE,vane,1,Aphids,Insecta,Hemiptera,Aphididae,,,Herbivore,June,17-06-2025,20-06-2025,39.72417131,-104.9382635,1647,Denver
Steck School Community Garden,STE-V-2,STE,vane,2,Aphids,Insecta,Hemiptera,Aphididae,,,Herbivore,June,17-06-2025,20-06-2025,39.72417131,-104.9382635,1647,Denver
Steck School Community Garden,STE-V-3,STE,vane,3,Aphids,Insecta,Hemiptera,Aphididae,,,Herbivore,June,17-06-2025,20-06-2025,39.72417131,-104.9382635,1647,Denver
Steck School Community Garden,STE-V-4,STE,vane,4,Aphids,Insecta,Hemiptera,Aphididae,,,Herbivore,June,17-06-2025,20-06-2025,39.72417131,-104.9382635,1647,Denver
Steck School Community Garden,STE-V-5,STE,vane,5,Aphids,Insecta,Hemiptera,Aphididae,,,Herbivore,June,17-06-2025,20-06-2025,39.72417131,-104.9382635,1647,Denver
Steck School Community Garden,STE-V-6,STE,vane,6,Leaf hopper,Insecta,Hemiptera,Cicadellidae,,,Herbivore,June,17-06-2025,20-06-2025,39.72417131,-104.9382635,1647,Denver
Steck School Community Garden,STE-V-7,STE,vane,7,Bug,Insecta,Hemiptera,,,,,June,17-06-2025,20-06-2025,39.72417131,-104.9382635,1647,Denver
Steck School Community Garden,STE-V-8,STE,vane,8,Whirligig mite,Arachnida,,,,,Predator,June,17-06-2025,20-06-2025,39.72417131,-104.9382635,1647,Denver
Steck School Community Garden,STE-V-9,STE,vane,9,Whirligig mite,Arachnida,,,,,Predator,June,17-06-2025,20-06-2025,39.72417131,-104.9382635,1647,Denver
Steck School Community Garden,STE-V-10,STE,vane,10,Beetle,Insecta,Coleoptera,,,,,June,17-06-2025,20-06-2025,39.72417131,-104.9382635,1647,Denver
Steck School Community Garden,STE-V-11,STE,vane,11,Beetle,Insecta,Coleoptera,,,,,June,17-06-2025,20-06-2025,39.72417131,-104.9382635,1647,Denver
Steck School Community Garden,STE-V-12,STE,vane,12,Thrips,Insecta,Thysanoptera,,,,Herbivore,June,17-06-2025,20-06-2025,39.72417131,-104.9382635,1647,Denver
Steck School Community Garden,STE-V-13,STE,vane,13,Thrips,Insecta,Thysanoptera,,,,Herbivore,June,17-06-2025,20-06-2025,39.72417131,-104.9382635,1647,Denver
Steck School Community Garden,STE-V-14,STE,vane,14,Springtails,Entognatha,Collembola,,,,Detritivore,June,17-06-2025,20-06-2025,39.72417131,-104.9382635,1647,Denver
Steck School Community Garden,STE-V-15,STE,vane,15,Bee,Insecta,Hymenoptera,,,,Pollinator,June,17-06-2025,20-06-2025,39.72417131,-104.9382635,1647,Denver
Steck School Community Garden,STE-V-16,STE,vane,16,Bee,Insecta,Hymenoptera,Megachilidae,,,Pollinator,June,17-06-2025,20-06-2025,39.72417131,-104.9382635,1647,Denver
Steck School Community Garden,STE-V-17,STE,vane,17,Bee,Insecta,Hymenoptera,Halictidae,,,Pollinator,June,17-06-2025,20-06-2025,39.72417131,-104.9382635,1647,Denver
Steck School Community Garden,STE-V-18,STE,vane,18,Bee,Insecta,Hymenoptera,,,,Pollinator,June,17-06-2025,20-06-2025,39.72417131,-104.9382635,1647,Denver
Steck School Community Garden,STE-V-19,STE,vane,19,Green lacewing,Insecta,Neuroptera,Chrysopidae,,,Predator,June,17-06-2025,20-06-2025,39.72417131,-104.9382635,1647,Denver
Steck School Community Garden,STE-V-20,STE,vane,20,Springtails,Entognatha,Collembola,,,,Detritivore,June,17-06-2025,20-06-2025,39.72417131,-104.9382635,1647,Denver
Steck School Community Garden,STE-P-1,STE,pitfall_1,1,ant,Insecta,Hymenoptera,Formicidae,,,Omnivore,June,17-06-2025,20-06-2025,39.72417131,-104.9382635,1647,Denver
Steck School Community Garden,STE-P-2,STE,pitfall_1,2,ant,Insecta,Hymenoptera,Formicidae,,,Omnivore,June,17-06-2025,20-06-2025,39.72417131,-104.9382635,1647,Denver
Steck School Community Garden,STE-P-3,STE,pitfall_1,3,ant,Insecta,Hymenoptera,Formicidae,,,Omnivore,June,17-06-2025,20-06-2025,39.72417131,-104.9382635,1647,Denver
Steck School Community Garden,STE-P-4,STE,pitfall_1,4,ant,Insecta,Hymenoptera,Formicidae,,,Omnivore,June,17-06-2025,20-06-2025,39.72417131,-104.9382635,1647,Denver
Steck School Community Garden,STE-P-5,STE,pitfall_1,5,ant,Insecta,Hymenoptera,Formicidae,,,Omnivore,June,17-06-2025,20-06-2025,39.72417131,-104.9382635,1647,Denver
Steck School Community Garden,STE-P-6,STE,pitfall_1,6,ant,Insecta,Hymenoptera,Formicidae,,,Omnivore,June,17-06-2025,20-06-2025,39.72417131,-104.9382635,1647,Denver
Steck School Community Garden,STE-P-7,STE,pitfall_1,7,ant,Insecta,Hymenoptera,Formicidae,,,Omnivore,June,17-06-2025,20-06-2025,39.72417131,-104.9382635,1647,Denver
Steck School Community Garden,STE-P-8,STE,pitfall_1,8,ant,Insecta,Hymenoptera,Formicidae,,,Omnivore,June,17-06-2025,20-06-2025,39.72417131,-104.9382635,1647,Denver
Steck School Community Garden,STE-P-9,STE,pitfall_1,9,ant,Insecta,Hymenoptera,Formicidae,,,Omnivore,June,17-06-2025,20-06-2025,39.72417131,-104.9382635,1647,Denver
Steck School Community Garden,STE-P-10,STE,pitfall_1,10,ant,Insecta,Hymenoptera,Formicidae,,,Omnivore,June,17-06-2025,20-06-2025,39.72417131,-104.9382635,1647,Denver
Steck School Community Garden,STE-P-11,STE,pitfall_1,11,ant,Insecta,Hymenoptera,Formicidae,,,Omnivore,June,17-06-2025,20-06-2025,39.72417131,-104.9382635,1647,Denver
Steck School Community Garden,STE-P-12,STE,pitfall_1,12,ant,Insecta,Hymenoptera,Formicidae,,,Omnivore,June,17-06-2025,20-06-2025,39.72417131,-104.9382635,1647,Denver
Steck School Community Garden,STE-P-13,STE,pitfall_1,13,millipede,Diplopoda,Polyxenida,,,,Detritivore,June,17-06-2025,20-06-2025,39.72417131,-104.9382635,1647,Denver
Steck School Community Garden,STE-P-14,STE,pitfall_1,14,leafhopper,Insecta,Hemiptera,Cicadellidae,,,Herbivore,June,17-06-2025,20-06-2025,39.72417131,-104.9382635,1647,Denver
Steck School Community Garden,STE-P-15,STE,pitfall_1,15,jumping spider,Arachnida,Araneae,Salticidae,,,Predator,June,17-06-2025,20-06-2025,39.72417131,-104.9382635,1647,Denver
Steck School Community Garden,STE-P-16,STE,pitfall_1,16,millipede,Diplopoda,,,,,Detritivore,June,17-06-2025,20-06-2025,39.72417131,-104.9382635,1647,Denver
Steck School Community Garden,STE-P-17,STE,pitfall_1,17,earwig,Insecta,Dermaptera,,,,Omnivore,June,17-06-2025,20-06-2025,39.72417131,-104.9382635,1647,Denver
Steck School Community Garden,STE-P-1,STE,pitfall_2,1,ant,Insecta,Hymenoptera,Formicidae,,,Omnivore,June,17-06-2025,20-06-2025,39.72417131,-104.9382635,1647,Denver
Steck School Community Garden,STE-P-2,STE,pitfall_2,2,ant,Insecta,Hymenoptera,Formicidae,,,Omnivore,June,17-06-2025,20-06-2025,39.72417131,-104.9382635,1647,Denver
Steck School Community Garden,STE-P-3,STE,pitfall_2,3,ant,Insecta,Hymenoptera,Formicidae,,,Omnivore,June,17-06-2025,20-06-2025,39.72417131,-104.9382635,1647,Denver
Steck School Community Garden,STE-P-4,STE,pitfall_2,4,ant,Insecta,Hymenoptera,Formicidae,,,Omnivore,June,17-06-2025,20-06-2025,39.72417131,-104.9382635,1647,Denver
Steck School Community Garden,STE-P-5,STE,pitfall_2,5,ant,Insecta,Hymenoptera,Formicidae,,,Omnivore,June,17-06-2025,20-06-2025,39.72417131,-104.9382635,1647,Denver
Steck School Community Garden,STE-P-6,STE,pitfall_2,6,centipede,Chilopoda,,,,,Predator,June,17-06-2025,20-06-2025,39.72417131,-104.9382635,1647,Denver
Steck School Community Garden,STE-P-7,STE,pitfall_2,7,centipede,Chilopoda,,,,,Predator,June,17-06-2025,20-06-2025,39.72417131,-104.9382635,1647,Denver
Steck School Community Garden,STE-P-8,STE,pitfall_2,8,beetle,Insecta,Coleoptera,,,,,June,17-06-2025,20-06-2025,39.72417131,-104.9382635,1647,Denver
Steck School Community Garden,STE-P-8,STE,pitfall_2,8,beetle,Insecta,Coleoptera,,,,,June,17-06-2026,20-06-2026,39.72417131,-104.9382635,1647,Denver
Steck School Community Garden,STE-P-9,STE,pitfall_2,9,pillbug,Malacostraca,Isopoda,Armadillidae,,,Detritivore,June,17-06-2027,20-06-2027,39.72417131,-104.9382635,1647,Denver
Steck School Community Garden,STE-P-10,STE,pitfall_2,10,pillbug,Malacostraca,Isopoda,Armadillidae,,,Detritivore,June,17-06-2028,20-06-2028,39.72417131,-104.9382635,1647,Denver
Steck School Community Garden,STE-P-11,STE,pitfall_2,11,leafhopper,Insecta,Hemiptera,Cicadellidae,,,Herbivore,June,17-06-2029,20-06-2029,39.72417131,-104.9382635,1647,Denver
Steck School Community Garden,STE-P-12,STE,pitfall_2,12,thin-bodied fly,Insecta,Diptera,,,,,June,17-06-2030,20-06-2030,39.72417131,-104.9382635,1647,Denver
Steck School Community Garden,STE-P-13,STE,pitfall_2,13,thin-bodied fly,Insecta,Diptera,,,,,June,17-06-2031,20-06-2031,39.72417131,-104.9382635,1647,Denver
Steck School Community Garden,STE-P-14,STE,pitfall_2,14,centipede,Chilopoda,,,,,Predator,June,17-06-2032,20-06-2032,39.72417131,-104.9382635,1647,Denver
Steck School Community Garden,STE-P-15,STE,pitfall_2,15,rove beetle,Insecta,Coleoptera,Staphylinidae,,,Predator,June,17-06-2033,20-06-2033,39.72417131,-104.9382635,1647,Denver
West Colfax Community Urban Garden,WES-V-1,WES,vane,1,Thrips,Insecta,Thysanoptera,,,,Herbivore,June,17-06-2025,20-06-2025,39.73521415,-105.0458772,1616,Denver
West Colfax Community Urban Garden,WES-V-2,WES,vane,2,Thrips,Insecta,Thysanoptera,,,,Herbivore,June,17-06-2025,20-06-2025,39.73521415,-105.0458772,1616,Denver
West Colfax Community Urban Garden,WES-V-3,WES,vane,3,Thrips,Insecta,Thysanoptera,,,,Herbivore,June,17-06-2025,20-06-2025,39.73521415,-105.0458772,1616,Denver
West Colfax Community Urban Garden,WES-V-4,WES,vane,4,Thrips,Insecta,Thysanoptera,,,,Herbivore,June,17-06-2025,20-06-2025,39.73521415,-105.0458772,1616,Denver
West Colfax Community Urban Garden,WES-V-5,WES,vane,5,Thrips,Insecta,Thysanoptera,,,,Herbivore,June,17-06-2025,20-06-2025,39.73521415,-105.0458772,1616,Denver
West Colfax Community Urban Garden,WES-V-6,WES,vane,6,Thrips,Insecta,Thysanoptera,,,,Herbivore,June,17-06-2025,20-06-2025,39.73521415,-105.0458772,1616,Denver
West Colfax Community Urban Garden,WES-V-7,WES,vane,7,Thrips,Insecta,Thysanoptera,,,,Herbivore,June,17-06-2025,20-06-2025,39.73521415,-105.0458772,1616,Denver
West Colfax Community Urban Garden,WES-V-8,WES,vane,8,Thrips,Insecta,Thysanoptera,,,,Herbivore,June,17-06-2025,20-06-2025,39.73521415,-105.0458772,1616,Denver
West Colfax Community Urban Garden,WES-V-9,WES,vane,9,Thrips,Insecta,Thysanoptera,,,,Herbivore,June,17-06-2025,20-06-2025,39.73521415,-105.0458772,1616,Denver
West Colfax Community Urban Garden,WES-V-10,WES,vane,10,Thrips,Insecta,Thysanoptera,,,,Herbivore,June,17-06-2025,20-06-2025,39.73521415,-105.0458772,1616,Denver
West Colfax Community Urban Garden,WES-V-11,WES,vane,11,Thrips,Insecta,Thysanoptera,,,,Herbivore,June,17-06-2025,20-06-2025,39.73521415,-105.0458772,1616,Denver
West Colfax Community Urban Garden,WES-V-12,WES,vane,12,Thrips,Insecta,Thysanoptera,,,,Herbivore,June,17-06-2025,20-06-2025,39.73521415,-105.0458772,1616,Denver
West Colfax Community Urban Garden,WES-V-13,WES,vane,13,Thrips,Insecta,Thysanoptera,,,,Herbivore,June,17-06-2025,20-06-2025,39.73521415,-105.0458772,1616,Denver
West Colfax Community Urban Garden,WES-V-14,WES,vane,14,Thrips,Insecta,Thysanoptera,,,,Herbivore,June,17-06-2025,20-06-2025,39.73521415,-105.0458772,1616,Denver
West Colfax Community Urban Garden,WES-V-15,WES,vane,15,Thrips,Insecta,Thysanoptera,,,,Herbivore,June,17-06-2025,20-06-2025,39.73521415,-105.0458772,1616,Denver
West Colfax Community Urban Garden,WES-V-16,WES,vane,16,Thrips,Insecta,Thysanoptera,,,,Herbivore,June,17-06-2025,20-06-2025,39.73521415,-105.0458772,1616,Denver
West Colfax Community Urban Garden,WES-V-17,WES,vane,17,Thrips,Insecta,Thysanoptera,,,,Herbivore,June,17-06-2025,20-06-2025,39.73521415,-105.0458772,1616,Denver
West Colfax Community Urban Garden,WES-V-18,WES,vane,18,Thrips,Insecta,Thysanoptera,,,,Herbivore,June,17-06-2025,20-06-2025,39.73521415,-105.0458772,1616,Denver
West Colfax Community Urban Garden,WES-V-19,WES,vane,19,Thrips,Insecta,Thysanoptera,,,,Herbivore,June,17-06-2025,20-06-2025,39.73521415,-105.0458772,1616,Denver
West Colfax Community Urban Garden,WES-V-20,WES,vane,20,Thrips,Insecta,Thysanoptera,,,,Herbivore,June,17-06-2025,20-06-2025,39.73521415,-105.0458772,1616,Denver
West Colfax Community Urban Garden,WES-V-21,WES,vane,21,Thrips,Insecta,Thysanoptera,,,,Herbivore,June,17-06-2025,20-06-2025,39.73521415,-105.0458772,1616,Denver
West Colfax Community Urban Garden,WES-V-22,WES,vane,22,Thrips,Insecta,Thysanoptera,,,,Herbivore,June,17-06-2025,20-06-2025,39.73521415,-105.0458772,1616,Denver
West Colfax Community Urban Garden,WES-V-23,WES,vane,23,Thrips,Insecta,Thysanoptera,,,,Herbivore,June,17-06-2025,20-06-2025,39.73521415,-105.0458772,1616,Denver
West Colfax Community Urban Garden,WES-V-24,WES,vane,24,Thrips,Insecta,Thysanoptera,,,,Herbivore,June,17-06-2025,20-06-2025,39.73521415,-105.0458772,1616,Denver
West Colfax Community Urban Garden,WES-V-25,WES,vane,25,Thrips,Insecta,Thysanoptera,,,,Herbivore,June,17-06-2025,20-06-2025,39.73521415,-105.0458772,1616,Denver
West Colfax Community Urban Garden,WES-V-26,WES,vane,26,Thrips,Insecta,Thysanoptera,,,,Herbivore,June,17-06-2025,20-06-2025,39.73521415,-105.0458772,1616,Denver
West Colfax Community Urban Garden,WES-V-27,WES,vane,27,Thrips,Insecta,Thysanoptera,,,,Herbivore,June,17-06-2025,20-06-2025,39.73521415,-105.0458772,1616,Denver
West Colfax Community Urban Garden,WES-V-28,WES,vane,28,Thrips,Insecta,Thysanoptera,,,,Herbivore,June,17-06-2025,20-06-2025,39.73521415,-105.0458772,1616,Denver
West Colfax Community Urban Garden,WES-V-29,WES,vane,29,Thrips,Insecta,Thysanoptera,,,,Herbivore,June,17-06-2025,20-06-2025,39.73521415,-105.0458772,1616,Denver
West Colfax Community Urban Garden,WES-V-30,WES,vane,30,Thrips,Insecta,Thysanoptera,,,,Herbivore,June,17-06-2025,20-06-2025,39.73521415,-105.0458772,1616,Denver
West Colfax Community Urban Garden,WES-V-31,WES,vane,31,Thrips,Insecta,Thysanoptera,,,,Herbivore,June,17-06-2025,20-06-2025,39.73521415,-105.0458772,1616,Denver
West Colfax Community Urban Garden,WES-V-32,WES,vane,32,Thrips,Insecta,Thysanoptera,,,,Herbivore,June,17-06-2025,20-06-2025,39.73521415,-105.0458772,1616,Denver
West Colfax Community Urban Garden,WES-V-33,WES,vane,33,Thrips,Insecta,Thysanoptera,,,,Herbivore,June,17-06-2025,20-06-2025,39.73521415,-105.0458772,1616,Denver
West Colfax Community Urban Garden,WES-V-34,WES,vane,34,Thrips,Insecta,Thysanoptera,,,,Herbivore,June,17-06-2025,20-06-2025,39.73521415,-105.0458772,1616,Denver
West Colfax Community Urban Garden,WES-V-35,WES,vane,35,Thrips,Insecta,Thysanoptera,,,,Herbivore,June,17-06-2025,20-06-2025,39.73521415,-105.0458772,1616,Denver
West Colfax Community Urban Garden,WES-V-36,WES,vane,36,Thrips,Insecta,Thysanoptera,,,,Herbivore,June,17-06-2025,20-06-2025,39.73521415,-105.0458772,1616,Denver
West Colfax Community Urban Garden,WES-V-37,WES,vane,37,Aphids,Insecta,Hemiptera,Aphididae,,,Herbivore,June,17-06-2025,20-06-2025,39.73521415,-105.0458772,1616,Denver
West Colfax Community Urban Garden,WES-V-38,WES,vane,38,Aphids,Insecta,Hemiptera,Aphididae,,,Herbivore,June,17-06-2025,20-06-2025,39.73521415,-105.0458772,1616,Denver
West Colfax Community Urban Garden,WES-V-39,WES,vane,39,Bug,Insecta,Hemiptera,,,,,June,17-06-2025,20-06-2025,39.73521415,-105.0458772,1616,Denver
West Colfax Community Urban Garden,WES-V-40,WES,vane,40,Bug,Insecta,Hemiptera,,,,,June,17-06-2025,20-06-2025,39.73521415,-105.0458772,1616,Denver
West Colfax Community Urban Garden,WES-V-41,WES,vane,41,Bug,Insecta,Hemiptera,,,,,June,17-06-2025,20-06-2025,39.73521415,-105.0458772,1616,Denver
West Colfax Community Urban Garden,WES-V-42,WES,vane,42,Bug,Insecta,Hemiptera,,,,,June,17-06-2025,20-06-2025,39.73521415,-105.0458772,1616,Denver
West Colfax Community Urban Garden,WES-V-43,WES,vane,43,Fly,Insecta,Diptera,,,,,June,17-06-2025,20-06-2025,39.73521415,-105.0458772,1616,Denver
West Colfax Community Urban Garden,WES-V-44,WES,vane,44,Fly,Insecta,Diptera,,,,,June,17-06-2025,20-06-2025,39.73521415,-105.0458772,1616,Denver
West Colfax Community Urban Garden,WES-V-45,WES,vane,45,Springtail,Entognatha,Collembola,,,,Detritivore,June,17-06-2025,20-06-2025,39.73521415,-105.0458772,1616,Denver
West Colfax Community Urban Garden,WES-V-46,WES,vane,46,Springtail,Entognatha,Collembola,,,,Detritivore,June,17-06-2025,20-06-2025,39.73521415,-105.0458772,1616,Denver
West Colfax Community Urban Garden,WES-V-47,WES,vane,47,bumblebee,Insecta,Hymenoptera,Apidae,Bombus,fervidus,Pollinator,June,17-06-2025,20-06-2025,39.73521415,-105.0458772,1616,Denver
West Colfax Community Urban Garden,WES-V-48,WES,vane,48,longhorn bee,Insecta,Hymenoptera,Apidae,Melissodes,bimaculatus,Pollinator,June,17-06-2025,20-06-2025,39.73521415,-105.0458772,1616,Denver
West Colfax Community Urban Garden,WES-V-49,WES,vane,49,longhorn bee,Insecta,Hymenoptera,Apidae,Melissodes,bimaculatus,Pollinator,June,17-06-2025,20-06-2025,39.73521415,-105.0458772,1616,Denver
West Colfax Community Urban Garden,WES-V-50,WES,vane,50,sweat bee,Insecta,Hymenoptera,Halictidae,Agapostemon,,Pollinator,June,17-06-2025,20-06-2025,39.73521415,-105.0458772,1616,Denver
West Colfax Community Urban Garden,WES-V-51,WES,vane,51,longhorn bee,Insecta,Hymenoptera,Apidae,,,Pollinator,June,17-06-2025,20-06-2025,39.73521415,-105.0458772,1616,Denver
West Colfax Community Urban Garden,WES-V-52,WES,vane,52,sweat bee,Insecta,Hymenoptera,Halictidae,Halictus,,Pollinator,June,17-06-2025,20-06-2025,39.73521415,-105.0458772,1616,Denver
West Colfax Community Urban Garden,WES-V-53,WES,vane,53,ladybird,Insecta,Coleoptera,Coccinellidae,,,Predator,June,17-06-2025,20-06-2025,39.73521415,-105.0458772,1616,Denver
West Colfax Community Urban Garden,WES-V-54,WES,vane,54,green lace wing,Insecta,Neuroptera,Chrysopidae,,,Predator,June,17-06-2025,20-06-2025,39.73521415,-105.0458772,1616,Denver
West Colfax Community Urban Garden,WES-V-55,WES,vane,55,beetle,Insecta,Coleoptera,,,,,June,17-06-2025,20-06-2025,39.73521415,-105.0458772,1616,Denver
West Colfax Community Urban Garden,WES-V-56,WES,vane,56,fly,Insecta,Diptera,,,,,June,17-06-2025,20-06-2025,39.73521415,-105.0458772,1616,Denver
West Colfax Community Urban Garden,WES-V-57,WES,vane,57,beetle,Insecta,Coleoptera,,,,,June,17-06-2025,20-06-2025,39.73521415,-105.0458772,1616,Denver
West Colfax Community Urban Garden,WES-V-58,WES,vane,58,beetle,Insecta,Coleoptera,,,,,June,17-06-2025,20-06-2025,39.73521415,-105.0458772,1616,Denver
West Colfax Community Urban Garden,WES-V-59,WES,vane,59,beetle,Insecta,Coleoptera,,,,,June,17-06-2025,20-06-2025,39.73521415,-105.0458772,1616,Denver
West Colfax Community Urban Garden,WES-V-60,WES,vane,60,beetle,Insecta,Coleoptera,,,,,June,17-06-2025,20-06-2025,39.73521415,-105.0458772,1616,Denver
West Colfax Community Urban Garden,WES-V-61,WES,vane,61,very small hemiptera,Insecta,Hemiptera,,,,,June,17-06-2025,20-06-2025,39.73521415,-105.0458772,1616,Denver
West Colfax Community Urban Garden,WES-V-62,WES,vane,62,small spider,Arachnida,Araneae,,,,Predator,June,17-06-2025,20-06-2025,39.73521415,-105.0458772,1616,Denver
West Colfax Community Urban Garden,WES-V-63,WES,vane,63,small unknown,,,,,,,June,17-06-2025,20-06-2025,39.73521415,-105.0458772,1616,Denver
West Colfax Community Urban Garden,WES-V-64,WES,vane,64,small hemiptera,Insecta,Hemiptera,Miridae,Ceratocapsus,,Herbivore,June,17-06-2025,20-06-2025,39.73521415,-105.0458772,1616,Denver
West Colfax Community Urban Garden,WES-V-65,WES,vane,65,small hemiptera,Insecta,Hemiptera,,,,,June,17-06-2025,20-06-2025,39.73521415,-105.0458772,1616,Denver
West Colfax Community Urban Garden,WES-V-66,WES,vane,66,small hemiptera,Insecta,Hemiptera,,,,,June,17-06-2025,20-06-2025,39.73521415,-105.0458772,1616,Denver
West Colfax Community Urban Garden,WES-V-67,WES,vane,67,small hemiptera,Insecta,Hemiptera,,,,,June,17-06-2025,20-06-2025,39.73521415,-105.0458772,1616,Denver
West Colfax Community Urban Garden,WES-P-68,WES,pitfall_1,68,ant,Insecta,Hymenoptera,Formicidae,Tetramorium,immigrans,Omnivore,June,17-06-2025,20-06-2025,39.73521415,-105.0458772,1616,Denver
West Colfax Community Urban Garden,WES-P-69,WES,pitfall_1,69,Hemipteran,Insecta,Hemiptera,,,,,June,17-06-2025,20-06-2025,39.73521415,-105.0458772,1616,Denver
West Colfax Community Urban Garden,WES-P-70,WES,pitfall_1,70,Beetle,Insecta,Coleoptera,,,,,June,17-06-2025,20-06-2025,39.73521415,-105.0458772,1616,Denver
West Colfax Community Urban Garden,WES-P-71,WES,pitfall_2,71,Beetle,Insecta,Coleoptera,,,,,June,17-06-2025,20-06-2025,39.73521415,-105.0458772,1616,Denver
West Colfax Community Urban Garden,WES-P-72,WES,pitfall_2,72,Hemipteran,Insecta,Hemiptera,,,,,June,17-06-2025,20-06-2025,39.73521415,-105.0458772,1616,Denver