Site,spec_code,site_code,trap_type,spec_no,spec_notes,class,order,fam,genus,specie,fun_group,month,start_date,end_date,lat,long,elevation_m,county
Applewood Community Garden,APP-V-1,APP,vane,1,bumblebee,Insecta,Hymenoptera,Apidae,Bombus,,Pollinator,August,11-08-2025,14-08-2025,39.76071279,-105.1446095,1687.57,Jefferson
Applewood Community Garden,APP-V-2,APP,vane,2,squashbee,Insecta,Hymenoptera,Apidae,Eucera,pruinosa,Pollinator,August,11-08-2025,14-08-2025,39.76071279,-105.1446095,1687.57,Jefferson
Applewood Community Garden,APP-V-3,APP,vane,3,squashbee,Insecta,Hymenoptera,Apidae,Eucera,pruinosa,Pollinator,August,11-08-2025,14-08-2025,39.76071279,-105.1446095,1687.57,Jefferson
Applewood Community Garden,APP-V-4,APP,vane,4,squashbee,Insecta,Hymenoptera,Apidae,Eucera,pruinosa,Pollinator,August,11-08-2025,14-08-2025,39.76071279,-105.1446095,1687.57,Jefferson
Applewood Community Garden,APP-V-5,APP,vane,5,squashbee,Insecta,Hymenoptera,Apidae,Eucera,pruinosa,Pollinator,August,11-08-2025,14-08-2025,39.76071279,-105.1446095,1687.57,Jefferson
Applewood Community Garden,APP-V-6,APP,vane,6,squashbee,Insecta,Hymenoptera,Apidae,Eucera,pruinosa,Pollinator,August,11-08-2025,14-08-2025,39.76071279,-105.1446095,1687.57,Jefferson
Applewood Community Garden,APP-V-7,APP,vane,7,squashbee,Insecta,Hymenoptera,Apidae,Eucera,pruinosa,Pollinator,August,11-08-2025,14-08-2025,39.76071279,-105.1446095,1687.57,Jefferson
Applewood Community Garden,APP-V-8,APP,vane,8,squashbee,Insecta,Hymenoptera,Apidae,Eucera,pruinosa,Pollinator,August,11-08-2025,14-08-2025,39.76071279,-105.1446095,1687.57,Jefferson
Applewood Community Garden,APP-V-9,APP,vane,9,squashbee,Insecta,Hymenoptera,Apidae,Eucera,pruinosa,Pollinator,August,11-08-2025,14-08-2025,39.76071279,-105.1446095,1687.57,Jefferson
Applewood Community Garden,APP-V-10,APP,vane,10,squashbee,Insecta,Hymenoptera,Apidae,Eucera,pruinosa,Pollinator,August,11-08-2025,14-08-2025,39.76071279,-105.1446095,1687.57,Jefferson
Applewood Community Garden,APP-V-11,APP,vane,11,squashbee,Insecta,Hymenoptera,Apidae,Eucera,pruinosa,Pollinator,August,11-08-2025,14-08-2025,39.76071279,-105.1446095,1687.57,Jefferson
Applewood Community Garden,APP-V-12,APP,vane,12,squashbee,Insecta,Hymenoptera,Apidae,Eucera,pruinosa,Pollinator,August,11-08-2025,14-08-2025,39.76071279,-105.1446095,1687.57,Jefferson
Applewood Community Garden,APP-V-13,APP,vane,13,squashbee,Insecta,Hymenoptera,Apidae,Eucera,pruinosa,Pollinator,August,11-08-2025,14-08-2025,39.76071279,-105.1446095,1687.57,Jefferson
Applewood Community Garden,APP-V-14,APP,vane,14,squashbee,Insecta,Hymenoptera,Apidae,Eucera,pruinosa,Pollinator,August,11-08-2025,14-08-2025,39.76071279,-105.1446095,1687.57,Jefferson
Applewood Community Garden,APP-V-15,APP,vane,15,black longhorn,Insecta,Hymenoptera,Apidae,Melissodes,bimaculatus,Pollinator,August,11-08-2025,14-08-2025,39.76071279,-105.1446095,1687.57,Jefferson
Applewood Community Garden,APP-V-16,APP,vane,16,black longhorn,Insecta,Hymenoptera,Apidae,Melissodes,bimaculatus,Pollinator,August,11-08-2025,14-08-2025,39.76071279,-105.1446095,1687.57,Jefferson
Applewood Community Garden,APP-V-17,APP,vane,17,black longhorn,Insecta,Hymenoptera,Apidae,Melissodes,bimaculatus,Pollinator,August,11-08-2025,14-08-2025,39.76071279,-105.1446095,1687.57,Jefferson
Applewood Community Garden,APP-V-18,APP,vane,18,honeybee,Insecta,Hymenoptera,Apidae,Apis,mellifera,Pollinator,August,11-08-2025,14-08-2025,39.76071279,-105.1446095,1687.57,Jefferson
Applewood Community Garden,APP-V-19,APP,vane,19,honeybee,Insecta,Hymenoptera,Apidae,Apis,mellifera,Pollinator,August,11-08-2025,14-08-2025,39.76071279,-105.1446095,1687.57,Jefferson
Applewood Community Garden,APP-V-20,APP,vane,20,honeybee,Insecta,Hymenoptera,Apidae,Apis,mellifera,Pollinator,August,11-08-2025,14-08-2025,39.76071279,-105.1446095,1687.57,Jefferson
Applewood Community Garden,APP-V-21,APP,vane,21,honeybee,Insecta,Hymenoptera,Apidae,Apis,mellifera,Pollinator,August,11-08-2025,14-08-2025,39.76071279,-105.1446095,1687.57,Jefferson
Applewood Community Garden,APP-V-22,APP,vane,22,interesting bee,Insecta,Hymenoptera,,,,Pollinator,August,11-08-2025,14-08-2025,39.76071279,-105.1446095,1687.57,Jefferson
Applewood Community Garden,APP-V-23,APP,vane,23,longhorn bee,Insecta,Hymenoptera,Apidae,,,Pollinator,August,11-08-2025,14-08-2025,39.76071279,-105.1446095,1687.57,Jefferson
Applewood Community Garden,APP-V-24,APP,vane,24,longhorn bee,Insecta,Hymenoptera,Apidae,,,Pollinator,August,11-08-2025,14-08-2025,39.76071279,-105.1446095,1687.57,Jefferson
Applewood Community Garden,APP-V-25,APP,vane,25,longhorn bee,Insecta,Hymenoptera,Apidae,,,Pollinator,August,11-08-2025,14-08-2025,39.76071279,-105.1446095,1687.57,Jefferson
Applewood Community Garden,APP-V-26,APP,vane,26,longhorn bee,Insecta,Hymenoptera,Apidae,,,Pollinator,August,11-08-2025,14-08-2025,39.76071279,-105.1446095,1687.57,Jefferson
Applewood Community Garden,APP-V-27,APP,vane,27,longhorn bee,Insecta,Hymenoptera,Apidae,,,Pollinator,August,11-08-2025,14-08-2025,39.76071279,-105.1446095,1687.57,Jefferson
Applewood Community Garden,APP-V-28,APP,vane,28,longhorn bee,Insecta,Hymenoptera,Apidae,,,Pollinator,August,11-08-2025,14-08-2025,39.76071279,-105.1446095,1687.57,Jefferson
Applewood Community Garden,APP-V-29,APP,vane,29,longhorn bee,Insecta,Hymenoptera,Apidae,,,Pollinator,August,11-08-2025,14-08-2025,39.76071279,-105.1446095,1687.57,Jefferson
Applewood Community Garden,APP-V-30,APP,vane,30,longhorn bee,Insecta,Hymenoptera,Apidae,,,Pollinator,August,11-08-2025,14-08-2025,39.76071279,-105.1446095,1687.57,Jefferson
Applewood Community Garden,APP-V-31,APP,vane,31,longhorn bee,Insecta,Hymenoptera,Apidae,,,Pollinator,August,11-08-2025,14-08-2025,39.76071279,-105.1446095,1687.57,Jefferson
Applewood Community Garden,APP-V-32,APP,vane,32,small bee,Insecta,Hymenoptera,,,,Pollinator,August,11-08-2025,14-08-2025,39.76071279,-105.1446095,1687.57,Jefferson
Applewood Community Garden,APP-V-33,APP,vane,33,small sweatbee,Insecta,Hymenoptera,Halictidae,,,Pollinator,August,11-08-2025,14-08-2025,39.76071279,-105.1446095,1687.57,Jefferson
Applewood Community Garden,APP-V-34,APP,vane,34,small sweatbee,Insecta,Hymenoptera,Halictidae,,,Pollinator,August,11-08-2025,14-08-2025,39.76071279,-105.1446095,1687.57,Jefferson
Applewood Community Garden,APP-V-35,APP,vane,35,small sweatbee,Insecta,Hymenoptera,Halictidae,,,Pollinator,August,11-08-2025,14-08-2025,39.76071279,-105.1446095,1687.57,Jefferson
Applewood Community Garden,APP-V-36,APP,vane,36,small sweatbee,Insecta,Hymenoptera,Halictidae,,,Pollinator,August,11-08-2025,14-08-2025,39.76071279,-105.1446095,1687.57,Jefferson
Applewood Community Garden,APP-V-37,APP,vane,37,small sweatbee,Insecta,Hymenoptera,Halictidae,,,Pollinator,August,11-08-2025,14-08-2025,39.76071279,-105.1446095,1687.57,Jefferson
Applewood Community Garden,APP-V-38,APP,vane,38,small sweatbee,Insecta,Hymenoptera,Halictidae,,,Pollinator,August,11-08-2025,14-08-2025,39.76071279,-105.1446095,1687.57,Jefferson
Applewood Community Garden,APP-V-39,APP,vane,39,paperwasp,Insecta,Hymenoptera,Vespidae,,,Predator,August,11-08-2025,14-08-2025,39.76071279,-105.1446095,1687.57,Jefferson
Applewood Community Garden,APP-V-40,APP,vane,40,moth,Insecta,Lepidoptera,,,,Pollinator,August,11-08-2025,14-08-2025,39.76071279,-105.1446095,1687.57,Jefferson
Applewood Community Garden,APP-V-41,APP,vane,41,bumble flower beetle,Insecta,Coleoptera,Scarabaeidae,Euphoria,inda,Detritivore,August,11-08-2025,14-08-2025,39.76071279,-105.1446095,1687.57,Jefferson
Applewood Community Garden,APP-V-42,APP,vane,42,beetle,Insecta,Coleoptera,,,,,August,11-08-2025,14-08-2025,39.76071279,-105.1446095,1687.57,Jefferson
Applewood Community Garden,APP-V-43,APP,vane,43,beetle,Insecta,Coleoptera,,,,,August,11-08-2025,14-08-2025,39.76071279,-105.1446095,1687.57,Jefferson
Applewood Community Garden,APP-V-44,APP,vane,44,syrphid,Insecta,Diptera,Syrphidae,,,Pollinator,August,11-08-2025,14-08-2025,39.76071279,-105.1446095,1687.57,Jefferson
Applewood Community Garden,APP-V-45,APP,vane,45,fly,Insecta,Diptera,,,,,August,11-08-2025,14-08-2025,39.76071279,-105.1446095,1687.57,Jefferson
Applewood Community Garden,APP-V-46,APP,vane,46,small fly,Insecta,Diptera,,,,,August,11-08-2025,14-08-2025,39.76071279,-105.1446095,1687.57,Jefferson
Applewood Community Garden,APP-V-47,APP,vane,47,brown lacewing,Insecta,Neuroptera,Hemerobiidae,,,Predator,August,11-08-2025,14-08-2025,39.76071279,-105.1446095,1687.57,Jefferson
Charles Hay,CHA-V-1,CHA,vane,1,Bumblebee,Insecta,Hymenoptera,Apidae,Bombus,,Pollinator,August,11-08-2025,14-08-2025,39.65845813,-104.9720575,1635,Arapahoe
Charles Hay,CHA-V-2,CHA,vane,2,black longhorn,Insecta,Hymenoptera,Apidae,Melissodes,bimaculatus,Pollinator,August,11-08-2025,14-08-2025,39.65845813,-104.9720575,1635,Arapahoe
Charles Hay,CHA-V-3,CHA,vane,3,black longhorn,Insecta,Hymenoptera,Apidae,Melissodes,bimaculatus,Pollinator,August,11-08-2025,14-08-2025,39.65845813,-104.9720575,1635,Arapahoe
Charles Hay,CHA-V-4,CHA,vane,4,squashbee,Insecta,Hymenoptera,Apidae,Eucera,pruinosa,Pollinator,August,11-08-2025,14-08-2025,39.65845813,-104.9720575,1635,Arapahoe
Charles Hay,CHA-V-5,CHA,vane,5,squashbee,Insecta,Hymenoptera,Apidae,Eucera,pruinosa,Pollinator,August,11-08-2025,14-08-2025,39.65845813,-104.9720575,1635,Arapahoe
Charles Hay,CHA-V-6,CHA,vane,6,squashbee,Insecta,Hymenoptera,Apidae,Eucera,pruinosa,Pollinator,August,11-08-2025,14-08-2025,39.65845813,-104.9720575,1635,Arapahoe
Charles Hay,CHA-V-7,CHA,vane,7,squashbee,Insecta,Hymenoptera,Apidae,Eucera,pruinosa,Pollinator,August,11-08-2025,14-08-2025,39.65845813,-104.9720575,1635,Arapahoe
Charles Hay,CHA-V-8,CHA,vane,8,squashbee,Insecta,Hymenoptera,Apidae,Eucera,pruinosa,Pollinator,August,11-08-2025,14-08-2025,39.65845813,-104.9720575,1635,Arapahoe
Charles Hay,CHA-V-9,CHA,vane,9,squashbee,Insecta,Hymenoptera,Apidae,Eucera,pruinosa,Pollinator,August,11-08-2025,14-08-2025,39.65845813,-104.9720575,1635,Arapahoe
Charles Hay,CHA-V-10,CHA,vane,10,squashbee,Insecta,Hymenoptera,Apidae,Eucera,pruinosa,Pollinator,August,11-08-2025,14-08-2025,39.65845813,-104.9720575,1635,Arapahoe
Charles Hay,CHA-V-11,CHA,vane,11,squashbee,Insecta,Hymenoptera,Apidae,Eucera,pruinosa,Pollinator,August,11-08-2025,14-08-2025,39.65845813,-104.9720575,1635,Arapahoe
Charles Hay,CHA-V-12,CHA,vane,12,squashbee,Insecta,Hymenoptera,Apidae,Eucera,pruinosa,Pollinator,August,11-08-2025,14-08-2025,39.65845813,-104.9720575,1635,Arapahoe
Charles Hay,CHA-V-13,CHA,vane,13,longhorn bee,Insecta,Hymenoptera,Apidae,,,Pollinator,August,11-08-2025,14-08-2025,39.65845813,-104.9720575,1635,Arapahoe
Charles Hay,CHA-V-14,CHA,vane,14,longhorn bee,Insecta,Hymenoptera,Apidae,,,Pollinator,August,11-08-2025,14-08-2025,39.65845813,-104.9720575,1635,Arapahoe
Charles Hay,CHA-V-15,CHA,vane,15,longhorn bee,Insecta,Hymenoptera,Apidae,,,Pollinator,August,11-08-2025,14-08-2025,39.65845813,-104.9720575,1635,Arapahoe
Charles Hay,CHA-V-16,CHA,vane,16,longhorn bee,Insecta,Hymenoptera,Apidae,,,Pollinator,August,11-08-2025,14-08-2025,39.65845813,-104.9720575,1635,Arapahoe
Charles Hay,CHA-V-17,CHA,vane,17,longhorn bee,Insecta,Hymenoptera,Apidae,,,Pollinator,August,11-08-2025,14-08-2025,39.65845813,-104.9720575,1635,Arapahoe
Charles Hay,CHA-V-18,CHA,vane,18,longhorn bee,Insecta,Hymenoptera,Apidae,,,Pollinator,August,11-08-2025,14-08-2025,39.65845813,-104.9720575,1635,Arapahoe
Charles Hay,CHA-V-19,CHA,vane,19,longhorn bee,Insecta,Hymenoptera,Apidae,,,Pollinator,August,11-08-2025,14-08-2025,39.65845813,-104.9720575,1635,Arapahoe
Charles Hay,CHA-V-20,CHA,vane,20,longhorn bee,Insecta,Hymenoptera,Apidae,,,Pollinator,August,11-08-2025,14-08-2025,39.65845813,-104.9720575,1635,Arapahoe
Charles Hay,CHA-V-21,CHA,vane,21,longhorn bee,Insecta,Hymenoptera,Apidae,,,Pollinator,August,11-08-2025,14-08-2025,39.65845813,-104.9720575,1635,Arapahoe
Charles Hay,CHA-V-22,CHA,vane,22,longhorn bee,Insecta,Hymenoptera,Apidae,,,Pollinator,August,11-08-2025,14-08-2025,39.65845813,-104.9720575,1635,Arapahoe
Charles Hay,CHA-V-23,CHA,vane,23,longhorn bee,Insecta,Hymenoptera,Apidae,,,Pollinator,August,11-08-2025,14-08-2025,39.65845813,-104.9720575,1635,Arapahoe
Charles Hay,CHA-V-24,CHA,vane,24,longhorn bee,Insecta,Hymenoptera,Apidae,,,Pollinator,August,11-08-2025,14-08-2025,39.65845813,-104.9720575,1635,Arapahoe
Charles Hay,CHA-V-25,CHA,vane,25,longhorn bee,Insecta,Hymenoptera,Apidae,,,Pollinator,August,11-08-2025,14-08-2025,39.65845813,-104.9720575,1635,Arapahoe
Charles Hay,CHA-V-26,CHA,vane,26,longhorn bee,Insecta,Hymenoptera,Apidae,,,Pollinator,August,11-08-2025,14-08-2025,39.65845813,-104.9720575,1635,Arapahoe
Charles Hay,CHA-V-27,CHA,vane,27,longhorn bee,Insecta,Hymenoptera,Apidae,,,Pollinator,August,11-08-2025,14-08-2025,39.65845813,-104.9720575,1635,Arapahoe
Charles Hay,CHA-V-28,CHA,vane,28,longhorn bee,Insecta,Hymenoptera,Apidae,,,Pollinator,August,11-08-2025,14-08-2025,39.65845813,-104.9720575,1635,Arapahoe
Charles Hay,CHA-V-29,CHA,vane,29,longhorn bee,Insecta,Hymenoptera,Apidae,,,Pollinator,August,11-08-2025,14-08-2025,39.65845813,-104.9720575,1635,Arapahoe
Charles Hay,CHA-V-30,CHA,vane,30,longhorn bee,Insecta,Hymenoptera,Apidae,,,Pollinator,August,11-08-2025,14-08-2025,39.65845813,-104.9720575,1635,Arapahoe
Charles Hay,CHA-V-31,CHA,vane,31,longhorn bee,Insecta,Hymenoptera,Apidae,,,Pollinator,August,11-08-2025,14-08-2025,39.65845813,-104.9720575,1635,Arapahoe
Charles Hay,CHA-V-32,CHA,vane,32,longhorn bee,Insecta,Hymenoptera,Apidae,,,Pollinator,August,11-08-2025,14-08-2025,39.65845813,-104.9720575,1635,Arapahoe
Charles Hay,CHA-V-33,CHA,vane,33,longhorn bee,Insecta,Hymenoptera,Apidae,,,Pollinator,August,11-08-2025,14-08-2025,39.65845813,-104.9720575,1635,Arapahoe
Charles Hay,CHA-V-34,CHA,vane,34,longhorn bee,Insecta,Hymenoptera,Apidae,,,Pollinator,August,11-08-2025,14-08-2025,39.65845813,-104.9720575,1635,Arapahoe
Charles Hay,CHA-V-35,CHA,vane,35,longhorn bee,Insecta,Hymenoptera,Apidae,,,Pollinator,August,11-08-2025,14-08-2025,39.65845813,-104.9720575,1635,Arapahoe
Charles Hay,CHA-V-36,CHA,vane,36,longhorn bee,Insecta,Hymenoptera,Apidae,,,Pollinator,August,11-08-2025,14-08-2025,39.65845813,-104.9720575,1635,Arapahoe
Charles Hay,CHA-V-37,CHA,vane,37,longhorn bee,Insecta,Hymenoptera,Apidae,,,Pollinator,August,11-08-2025,14-08-2025,39.65845813,-104.9720575,1635,Arapahoe
Charles Hay,CHA-V-38,CHA,vane,38,longhorn bee,Insecta,Hymenoptera,Apidae,,,Pollinator,August,11-08-2025,14-08-2025,39.65845813,-104.9720575,1635,Arapahoe
Charles Hay,CHA-V-39,CHA,vane,39,longhorn bee,Insecta,Hymenoptera,Apidae,,,Pollinator,August,11-08-2025,14-08-2025,39.65845813,-104.9720575,1635,Arapahoe
Charles Hay,CHA-V-40,CHA,vane,40,longhorn bee,Insecta,Hymenoptera,Apidae,,,Pollinator,August,11-08-2025,14-08-2025,39.65845813,-104.9720575,1635,Arapahoe
Charles Hay,CHA-V-41,CHA,vane,41,longhorn bee,Insecta,Hymenoptera,Apidae,,,Pollinator,August,11-08-2025,14-08-2025,39.65845813,-104.9720575,1635,Arapahoe
Charles Hay,CHA-V-42,CHA,vane,42,longhorn bee,Insecta,Hymenoptera,Apidae,,,Pollinator,August,11-08-2025,14-08-2025,39.65845813,-104.9720575,1635,Arapahoe
Charles Hay,CHA-V-43,CHA,vane,43,longhorn bee,Insecta,Hymenoptera,Apidae,,,Pollinator,August,11-08-2025,14-08-2025,39.65845813,-104.9720575,1635,Arapahoe
Charles Hay,CHA-V-44,CHA,vane,44,longhorn bee,Insecta,Hymenoptera,Apidae,,,Pollinator,August,11-08-2025,14-08-2025,39.65845813,-104.9720575,1635,Arapahoe
Charles Hay,CHA-V-45,CHA,vane,45,longhorn bee,Insecta,Hymenoptera,Apidae,,,Pollinator,August,11-08-2025,14-08-2025,39.65845813,-104.9720575,1635,Arapahoe
Charles Hay,CHA-V-46,CHA,vane,46,longhorn bee,Insecta,Hymenoptera,Apidae,,,Pollinator,August,11-08-2025,14-08-2025,39.65845813,-104.9720575,1635,Arapahoe
Charles Hay,CHA-V-47,CHA,vane,47,longhorn bee,Insecta,Hymenoptera,Apidae,,,Pollinator,August,11-08-2025,14-08-2025,39.65845813,-104.9720575,1635,Arapahoe
Charles Hay,CHA-V-48,CHA,vane,48,longhorn bee,Insecta,Hymenoptera,Apidae,,,Pollinator,August,11-08-2025,14-08-2025,39.65845813,-104.9720575,1635,Arapahoe
Charles Hay,CHA-V-49,CHA,vane,49,longhorn bee,Insecta,Hymenoptera,Apidae,,,Pollinator,August,11-08-2025,14-08-2025,39.65845813,-104.9720575,1635,Arapahoe
Charles Hay,CHA-V-50,CHA,vane,50,fly,Insecta,Diptera,,,,,August,11-08-2025,14-08-2025,39.65845813,-104.9720575,1635,Arapahoe
Charles Hay,CHA-V-51,CHA,vane,51,large bumblebee,Insecta,Hymenoptera,Apidae,Bombus,,Pollinator,August,11-08-2025,14-08-2025,39.65845813,-104.9720575,1635,Arapahoe
Charles Hay,CHA-V-52,CHA,vane,52,squash bee,Insecta,Hymenoptera,Apidae,Eucera,pruinosa,Pollinator,August,11-08-2025,14-08-2025,39.65845813,-104.9720575,1635,Arapahoe
Charles Hay,CHA-V-53,CHA,vane,53,squash bee,Insecta,Hymenoptera,Apidae,Eucera,pruinosa,Pollinator,August,11-08-2025,14-08-2025,39.65845813,-104.9720575,1635,Arapahoe
Charles Hay,CHA-V-54,CHA,vane,54,squash bee,Insecta,Hymenoptera,Apidae,Eucera,pruinosa,Pollinator,August,11-08-2025,14-08-2025,39.65845813,-104.9720575,1635,Arapahoe
Charles Hay,CHA-V-55,CHA,vane,55,squash bee,Insecta,Hymenoptera,Apidae,Eucera,pruinosa,Pollinator,August,11-08-2025,14-08-2025,39.65845813,-104.9720575,1635,Arapahoe
Charles Hay,CHA-V-56,CHA,vane,56,squash bee,Insecta,Hymenoptera,Apidae,Eucera,pruinosa,Pollinator,August,11-08-2025,14-08-2025,39.65845813,-104.9720575,1635,Arapahoe
Charles Hay,CHA-V-57,CHA,vane,57,squash bee,Insecta,Hymenoptera,Apidae,Eucera,pruinosa,Pollinator,August,11-08-2025,14-08-2025,39.65845813,-104.9720575,1635,Arapahoe
Charles Hay,CHA-V-58,CHA,vane,58,squash bee,Insecta,Hymenoptera,Apidae,Eucera,pruinosa,Pollinator,August,11-08-2025,14-08-2025,39.65845813,-104.9720575,1635,Arapahoe
Charles Hay,CHA-V-59,CHA,vane,59,squash bee,Insecta,Hymenoptera,Apidae,Eucera,pruinosa,Pollinator,August,11-08-2025,14-08-2025,39.65845813,-104.9720575,1635,Arapahoe
Charles Hay,CHA-V-60,CHA,vane,60,black longhorn bee,Insecta,Hymenoptera,Apidae,Melissodes,bimaculatus,Pollinator,August,11-08-2025,14-08-2025,39.65845813,-104.9720575,1635,Arapahoe
Charles Hay,CHA-V-61,CHA,vane,61,black longhorn bee,Insecta,Hymenoptera,Apidae,Melissodes,bimaculatus,Pollinator,August,11-08-2025,14-08-2025,39.65845813,-104.9720575,1635,Arapahoe
Charles Hay,CHA-V-62,CHA,vane,62,longhorn bee,Insecta,Hymenoptera,Apidae,,,Pollinator,August,11-08-2025,14-08-2025,39.65845813,-104.9720575,1635,Arapahoe
Charles Hay,CHA-V-63,CHA,vane,63,longhorn bee,Insecta,Hymenoptera,Apidae,,,Pollinator,August,11-08-2025,14-08-2025,39.65845813,-104.9720575,1635,Arapahoe
Charles Hay,CHA-V-64,CHA,vane,64,longhorn bee,Insecta,Hymenoptera,Apidae,,,Pollinator,August,11-08-2025,14-08-2025,39.65845813,-104.9720575,1635,Arapahoe
Charles Hay,CHA-V-65,CHA,vane,65,longhorn bee,Insecta,Hymenoptera,Apidae,,,Pollinator,August,11-08-2025,14-08-2025,39.65845813,-104.9720575,1635,Arapahoe
Charles Hay,CHA-V-66,CHA,vane,66,longhorn bee,Insecta,Hymenoptera,Apidae,,,Pollinator,August,11-08-2025,14-08-2025,39.65845813,-104.9720575,1635,Arapahoe
Charles Hay,CHA-V-67,CHA,vane,67,longhorn bee,Insecta,Hymenoptera,Apidae,,,Pollinator,August,11-08-2025,14-08-2025,39.65845813,-104.9720575,1635,Arapahoe
Charles Hay,CHA-V-68,CHA,vane,68,longhorn bee,Insecta,Hymenoptera,Apidae,,,Pollinator,August,11-08-2025,14-08-2025,39.65845813,-104.9720575,1635,Arapahoe
Charles Hay,CHA-V-69,CHA,vane,69,longhorn bee,Insecta,Hymenoptera,Apidae,,,Pollinator,August,11-08-2025,14-08-2025,39.65845813,-104.9720575,1635,Arapahoe
Charles Hay,CHA-V-70,CHA,vane,70,longhorn bee,Insecta,Hymenoptera,Apidae,,,Pollinator,August,11-08-2025,14-08-2025,39.65845813,-104.9720575,1635,Arapahoe
Charles Hay,CHA-V-71,CHA,vane,71,longhorn bee,Insecta,Hymenoptera,Apidae,,,Pollinator,August,11-08-2025,14-08-2025,39.65845813,-104.9720575,1635,Arapahoe
Charles Hay,CHA-V-72,CHA,vane,72,longhorn bee,Insecta,Hymenoptera,Apidae,,,Pollinator,August,11-08-2025,14-08-2025,39.65845813,-104.9720575,1635,Arapahoe
Charles Hay,CHA-V-73,CHA,vane,73,longhorn bee,Insecta,Hymenoptera,Apidae,,,Pollinator,August,11-08-2025,14-08-2025,39.65845813,-104.9720575,1635,Arapahoe
Charles Hay,CHA-V-74,CHA,vane,74,longhorn bee,Insecta,Hymenoptera,Apidae,,,Pollinator,August,11-08-2025,14-08-2025,39.65845813,-104.9720575,1635,Arapahoe
Charles Hay,CHA-V-75,CHA,vane,75,longhorn bee,Insecta,Hymenoptera,Apidae,,,Pollinator,August,11-08-2025,14-08-2025,39.65845813,-104.9720575,1635,Arapahoe
Charles Hay,CHA-V-76,CHA,vane,76,longhorn bee,Insecta,Hymenoptera,Apidae,,,Pollinator,August,11-08-2025,14-08-2025,39.65845813,-104.9720575,1635,Arapahoe
Charles Hay,CHA-V-77,CHA,vane,77,longhorn bee,Insecta,Hymenoptera,Apidae,,,Pollinator,August,11-08-2025,14-08-2025,39.65845813,-104.9720575,1635,Arapahoe
Charles Hay,CHA-V-78,CHA,vane,78,longhorn bee,Insecta,Hymenoptera,Apidae,,,Pollinator,August,11-08-2025,14-08-2025,39.65845813,-104.9720575,1635,Arapahoe
Charles Hay,CHA-V-79,CHA,vane,79,longhorn bee,Insecta,Hymenoptera,Apidae,,,Pollinator,August,11-08-2025,14-08-2025,39.65845813,-104.9720575,1635,Arapahoe
Charles Hay,CHA-V-80,CHA,vane,80,longhorn bee,Insecta,Hymenoptera,Apidae,,,Pollinator,August,11-08-2025,14-08-2025,39.65845813,-104.9720575,1635,Arapahoe
Charles Hay,CHA-V-81,CHA,vane,81,longhorn bee,Insecta,Hymenoptera,Apidae,,,Pollinator,August,11-08-2025,14-08-2025,39.65845813,-104.9720575,1635,Arapahoe
Charles Hay,CHA-V-82,CHA,vane,82,longhorn bee,Insecta,Hymenoptera,Apidae,,,Pollinator,August,11-08-2025,14-08-2025,39.65845813,-104.9720575,1635,Arapahoe
Charles Hay,CHA-V-83,CHA,vane,83,longhorn bee,Insecta,Hymenoptera,Apidae,,,Pollinator,August,11-08-2025,14-08-2025,39.65845813,-104.9720575,1635,Arapahoe
Charles Hay,CHA-V-84,CHA,vane,84,longhorn bee,Insecta,Hymenoptera,Apidae,,,Pollinator,August,11-08-2025,14-08-2025,39.65845813,-104.9720575,1635,Arapahoe
Charles Hay,CHA-V-85,CHA,vane,85,longhorn bee,Insecta,Hymenoptera,Apidae,,,Pollinator,August,11-08-2025,14-08-2025,39.65845813,-104.9720575,1635,Arapahoe
Charles Hay,CHA-V-86,CHA,vane,86,longhorn bee,Insecta,Hymenoptera,Apidae,,,Pollinator,August,11-08-2025,14-08-2025,39.65845813,-104.9720575,1635,Arapahoe
Charles Hay,CHA-V-87,CHA,vane,87,small thin bee,Insecta,Hymenoptera,,,,Pollinator,August,11-08-2025,14-08-2025,39.65845813,-104.9720575,1635,Arapahoe
Charles Hay,CHA-V-88,CHA,vane,88,yellow jacket,Insecta,Hymenoptera,Vespidae,,,Predator,August,11-08-2025,14-08-2025,39.65845813,-104.9720575,1635,Arapahoe
Charles Hay,CHA-V-89,CHA,vane,89,yellow jacket,Insecta,Hymenoptera,Vespidae,,,Predator,August,11-08-2025,14-08-2025,39.65845813,-104.9720575,1635,Arapahoe
Charles Hay,CHA-V-90,CHA,vane,90,bumble flower beetle,Insecta,Coleoptera,Scarabaeidae,Euphoria,inda,Detritivore,August,11-08-2025,14-08-2025,39.65845813,-104.9720575,1635,Arapahoe
Charles Hay,CHA-V-91,CHA,vane,91,bumble flower beetle,Insecta,Coleoptera,Scarabaeidae,Euphoria,inda,Detritivore,August,11-08-2025,14-08-2025,39.65845813,-104.9720575,1635,Arapahoe
Charles Hay,CHA-V-92,CHA,vane,92,ladybird,Insecta,Coleoptera,Coccinellidae,,,Predator,August,11-08-2025,14-08-2025,39.65845813,-104.9720575,1635,Arapahoe
Charles Hay,CHA-V-93,CHA,vane,93,jumping spider,Arachnida,Araneae,Salticidae,,,Predator,August,11-08-2025,14-08-2025,39.65845813,-104.9720575,1635,Arapahoe
Cook Park Community Garden,COO-V-1,COO,vane,1,squashbee,Insecta,Hymenoptera,Apidae,Eucera,pruinosa,Pollinator,August,11-08-2025,14-08-2025,39.6858968,-104.9202609,1630,Denver
Cook Park Community Garden,COO-V-2,COO,vane,2,squashbee,Insecta,Hymenoptera,Apidae,Eucera,pruinosa,Pollinator,August,11-08-2025,14-08-2025,39.6858968,-104.9202609,1630,Denver
Cook Park Community Garden,COO-V-3,COO,vane,3,squashbee,Insecta,Hymenoptera,Apidae,Eucera,pruinosa,Pollinator,August,11-08-2025,14-08-2025,39.6858968,-104.9202609,1630,Denver
Cook Park Community Garden,COO-V-4,COO,vane,4,squashbee,Insecta,Hymenoptera,Apidae,Eucera,pruinosa,Pollinator,August,11-08-2025,14-08-2025,39.6858968,-104.9202609,1630,Denver
Cook Park Community Garden,COO-V-5,COO,vane,5,squashbee,Insecta,Hymenoptera,Apidae,Eucera,pruinosa,Pollinator,August,11-08-2025,14-08-2025,39.6858968,-104.9202609,1630,Denver
Cook Park Community Garden,COO-V-6,COO,vane,6,squashbee,Insecta,Hymenoptera,Apidae,Eucera,pruinosa,Pollinator,August,11-08-2025,14-08-2025,39.6858968,-104.9202609,1630,Denver
Cook Park Community Garden,COO-V-7,COO,vane,7,longhorn bee,Insecta,Hymenoptera,Apidae,,,Pollinator,August,11-08-2025,14-08-2025,39.6858968,-104.9202609,1630,Denver
Cook Park Community Garden,COO-V-8,COO,vane,8,longhorn bee,Insecta,Hymenoptera,Apidae,,,Pollinator,August,11-08-2025,14-08-2025,39.6858968,-104.9202609,1630,Denver
Cook Park Community Garden,COO-V-9,COO,vane,9,longhorn bee,Insecta,Hymenoptera,Apidae,,,Pollinator,August,11-08-2025,14-08-2025,39.6858968,-104.9202609,1630,Denver
Cook Park Community Garden,COO-V-10,COO,vane,10,longhorn bee,Insecta,Hymenoptera,Apidae,,,Pollinator,August,11-08-2025,14-08-2025,39.6858968,-104.9202609,1630,Denver
Cook Park Community Garden,COO-V-11,COO,vane,11,longhorn bee,Insecta,Hymenoptera,Apidae,,,Pollinator,August,11-08-2025,14-08-2025,39.6858968,-104.9202609,1630,Denver
Cook Park Community Garden,COO-V-12,COO,vane,12,longhorn bee,Insecta,Hymenoptera,Apidae,,,Pollinator,August,11-08-2025,14-08-2025,39.6858968,-104.9202609,1630,Denver
Cook Park Community Garden,COO-V-13,COO,vane,13,longhorn bee,Insecta,Hymenoptera,Apidae,,,Pollinator,August,11-08-2025,14-08-2025,39.6858968,-104.9202609,1630,Denver
Cook Park Community Garden,COO-V-14,COO,vane,14,longhorn bee,Insecta,Hymenoptera,Apidae,,,Pollinator,August,11-08-2025,14-08-2025,39.6858968,-104.9202609,1630,Denver
Cook Park Community Garden,COO-V-15,COO,vane,15,longhorn bee,Insecta,Hymenoptera,Apidae,,,Pollinator,August,11-08-2025,14-08-2025,39.6858968,-104.9202609,1630,Denver
Cook Park Community Garden,COO-V-16,COO,vane,16,longhorn bee,Insecta,Hymenoptera,Apidae,,,Pollinator,August,11-08-2025,14-08-2025,39.6858968,-104.9202609,1630,Denver
Cook Park Community Garden,COO-V-17,COO,vane,17,longhorn bee,Insecta,Hymenoptera,Apidae,,,Pollinator,August,11-08-2025,14-08-2025,39.6858968,-104.9202609,1630,Denver
Cook Park Community Garden,COO-V-18,COO,vane,18,longhorn bee,Insecta,Hymenoptera,Apidae,,,Pollinator,August,11-08-2025,14-08-2025,39.6858968,-104.9202609,1630,Denver
Cook Park Community Garden,COO-V-19,COO,vane,19,longhorn bee,Insecta,Hymenoptera,Apidae,,,Pollinator,August,11-08-2025,14-08-2025,39.6858968,-104.9202609,1630,Denver
Cook Park Community Garden,COO-V-20,COO,vane,20,longhorn bee,Insecta,Hymenoptera,Apidae,,,Pollinator,August,11-08-2025,14-08-2025,39.6858968,-104.9202609,1630,Denver
Cook Park Community Garden,COO-V-21,COO,vane,21,longhorn bee,Insecta,Hymenoptera,Apidae,,,Pollinator,August,11-08-2025,14-08-2025,39.6858968,-104.9202609,1630,Denver
Cook Park Community Garden,COO-V-22,COO,vane,22,longhorn bee,Insecta,Hymenoptera,Apidae,,,Pollinator,August,11-08-2025,14-08-2025,39.6858968,-104.9202609,1630,Denver
Cook Park Community Garden,COO-V-23,COO,vane,23,longhorn bee,Insecta,Hymenoptera,Apidae,,,Pollinator,August,11-08-2025,14-08-2025,39.6858968,-104.9202609,1630,Denver
Cook Park Community Garden,COO-V-24,COO,vane,24,longhorn bee,Insecta,Hymenoptera,Apidae,,,Pollinator,August,11-08-2025,14-08-2025,39.6858968,-104.9202609,1630,Denver
Cook Park Community Garden,COO-V-25,COO,vane,25,longhorn bee,Insecta,Hymenoptera,Apidae,,,Pollinator,August,11-08-2025,14-08-2025,39.6858968,-104.9202609,1630,Denver
Cook Park Community Garden,COO-V-26,COO,vane,26,yellow jacket,Insecta,Hymenoptera,Vespidae,,,Predator,August,11-08-2025,14-08-2025,39.6858968,-104.9202609,1630,Denver
Cook Park Community Garden,COO-V-27,COO,vane,27,bumble flower beetle,Insecta,Coleoptera,Scarabaeidae,Euphoria,inda,Detritivore,August,11-08-2025,14-08-2025,39.6858968,-104.9202609,1630,Denver
Cook Park Community Garden,COO-V-28,COO,vane,28,bumble flower beetle,Insecta,Coleoptera,Scarabaeidae,Euphoria,inda,Detritivore,August,11-08-2025,14-08-2025,39.6858968,-104.9202609,1630,Denver
Cook Park Community Garden,COO-V-29,COO,vane,29,bumble flower beetle,Insecta,Coleoptera,Scarabaeidae,Euphoria,inda,Detritivore,August,11-08-2025,14-08-2025,39.6858968,-104.9202609,1630,Denver
Cook Park Community Garden,COO-V-30,COO,vane,30,bumble flower beetle,Insecta,Coleoptera,Scarabaeidae,Euphoria,inda,Detritivore,August,11-08-2025,14-08-2025,39.6858968,-104.9202609,1630,Denver
Cook Park Community Garden,COO-V-31,COO,vane,31,japanese beetle,Insecta,Coleoptera,Scarabaeidae,Popillia,japonica,Herbivore,August,11-08-2025,14-08-2025,39.6858968,-104.9202609,1630,Denver
Cook Park Community Garden,COO-V-32,COO,vane,32,japanese beetle,Insecta,Coleoptera,Scarabaeidae,Popillia,japonica,Herbivore,August,11-08-2025,14-08-2025,39.6858968,-104.9202609,1630,Denver
Cook Park Community Garden,COO-V-33,COO,vane,33,fly,Insecta,Diptera,,,,,August,11-08-2025,14-08-2025,39.6858968,-104.9202609,1630,Denver
Cook Park Community Garden,COO-V-34,COO,vane,34,fly,Insecta,Diptera,,,,,August,11-08-2025,14-08-2025,39.6858968,-104.9202609,1630,Denver
Cook Park Community Garden,COO-V-35,COO,vane,35,fly,Insecta,Diptera,,,,,August,11-08-2025,14-08-2025,39.6858968,-104.9202609,1630,Denver
Cook Park Community Garden,COO-V-36,COO,vane,36,green lacewing,Insecta,Neuroptera,Chrysopidae,,,Predator,August,11-08-2025,14-08-2025,39.6858968,-104.9202609,1630,Denver
Cook Park Community Garden,COO-V-37,COO,vane,37,green lacewing,Insecta,Neuroptera,Chrysopidae,,,Predator,August,11-08-2025,14-08-2025,39.6858968,-104.9202609,1630,Denver
Cook Park Community Garden,COO-V-38,COO,vane,38,green lacewing,Insecta,Neuroptera,Chrysopidae,,,Predator,August,11-08-2025,14-08-2025,39.6858968,-104.9202609,1630,Denver
Cook Park Community Garden,COO-V-39,COO,vane,39,green lacewing,Insecta,Neuroptera,Chrysopidae,,,Predator,August,11-08-2025,14-08-2025,39.6858968,-104.9202609,1630,Denver
Cook Park Community Garden,COO-V-40,COO,vane,40,green lacewing,Insecta,Neuroptera,Chrysopidae,,,Predator,August,11-08-2025,14-08-2025,39.6858968,-104.9202609,1630,Denver
Cook Park Community Garden,COO-V-41,COO,vane,41,green lacewing,Insecta,Neuroptera,Chrysopidae,,,Predator,August,11-08-2025,14-08-2025,39.6858968,-104.9202609,1630,Denver
Cook Park Community Garden,COO-V-42,COO,vane,42,green lacewing,Insecta,Neuroptera,Chrysopidae,,,Predator,August,11-08-2025,14-08-2025,39.6858968,-104.9202609,1630,Denver
Cook Park Community Garden,COO-V-43,COO,vane,43,green lacewing,Insecta,Neuroptera,Chrysopidae,,,Predator,August,11-08-2025,14-08-2025,39.6858968,-104.9202609,1630,Denver
Cook Park Community Garden,COO-V-44,COO,vane,44,green lacewing,Insecta,Neuroptera,Chrysopidae,,,Predator,August,11-08-2025,14-08-2025,39.6858968,-104.9202609,1630,Denver
Cook Park Community Garden,COO-V-45,COO,vane,45,green lacewing,Insecta,Neuroptera,Chrysopidae,,,Predator,August,11-08-2025,14-08-2025,39.6858968,-104.9202609,1630,Denver
Edison School Community Garden,EDI-V-,EDI,vane,,,,,,,,,August,,,39.76548756,-105.0395583,1659,Denver
Eiber School Community Garden,EIB-V-1,EIB,vane,1,squash bee,Insecta,Hymenoptera,Apidae,Eucera,pruinosa,Pollinator,August,11-08-2025,14-08-2025,39.7370155,-105.1062374,1691,Jefferson
Eiber School Community Garden,EIB-V-2,EIB,vane,2,squash bee,Insecta,Hymenoptera,Apidae,Eucera,pruinosa,Pollinator,August,11-08-2025,14-08-2025,39.7370155,-105.1062374,1691,Jefferson
Eiber School Community Garden,EIB-V-3,EIB,vane,3,squash bee,Insecta,Hymenoptera,Apidae,Eucera,pruinosa,Pollinator,August,11-08-2025,14-08-2025,39.7370155,-105.1062374,1691,Jefferson
Eiber School Community Garden,EIB-V-4,EIB,vane,4,squash bee,Insecta,Hymenoptera,Apidae,Eucera,pruinosa,Pollinator,August,11-08-2025,14-08-2025,39.7370155,-105.1062374,1691,Jefferson
Eiber School Community Garden,EIB-V-5,EIB,vane,5,long horn,Insecta,Hymenoptera,Apidae,,,Pollinator,August,11-08-2025,14-08-2025,39.7370155,-105.1062374,1691,Jefferson
Eiber School Community Garden,EIB-V-6,EIB,vane,6,long horn,Insecta,Hymenoptera,Apidae,,,Pollinator,August,11-08-2025,14-08-2025,39.7370155,-105.1062374,1691,Jefferson
Eiber School Community Garden,EIB-V-7,EIB,vane,7,long horn,Insecta,Hymenoptera,Apidae,,,Pollinator,August,11-08-2025,14-08-2025,39.7370155,-105.1062374,1691,Jefferson
Eiber School Community Garden,EIB-V-8,EIB,vane,8,black longhorn,Insecta,Hymenoptera,Apidae,Melissodes,bimaculatus,Pollinator,August,11-08-2025,14-08-2025,39.7370155,-105.1062374,1691,Jefferson
Eiber School Community Garden,EIB-V-9,EIB,vane,9,longhorn bee,Insecta,Hymenoptera,Apidae,,,Pollinator,August,11-08-2025,14-08-2025,39.7370155,-105.1062374,1691,Jefferson
Eiber School Community Garden,EIB-V-10,EIB,vane,10,longhorn bee,Insecta,Hymenoptera,Apidae,,,Pollinator,August,11-08-2025,14-08-2025,39.7370155,-105.1062374,1691,Jefferson
Eiber School Community Garden,EIB-V-11,EIB,vane,11,longhorn bee,Insecta,Hymenoptera,Apidae,,,Pollinator,August,11-08-2025,14-08-2025,39.7370155,-105.1062374,1691,Jefferson
Eiber School Community Garden,EIB-V-12,EIB,vane,12,longhorn bee,Insecta,Hymenoptera,Apidae,,,Pollinator,August,11-08-2025,14-08-2025,39.7370155,-105.1062374,1691,Jefferson
Eiber School Community Garden,EIB-V-13,EIB,vane,13,longhorn bee,Insecta,Hymenoptera,Apidae,,,Pollinator,August,11-08-2025,14-08-2025,39.7370155,-105.1062374,1691,Jefferson
Eiber School Community Garden,EIB-V-14,EIB,vane,14,longhorn bee,Insecta,Hymenoptera,Apidae,,,Pollinator,August,11-08-2025,14-08-2025,39.7370155,-105.1062374,1691,Jefferson
Eiber School Community Garden,EIB-V-15,EIB,vane,15,longhorn bee,Insecta,Hymenoptera,Apidae,,,Pollinator,August,11-08-2025,14-08-2025,39.7370155,-105.1062374,1691,Jefferson
Eiber School Community Garden,EIB-V-16,EIB,vane,16,longhorn bee,Insecta,Hymenoptera,Apidae,,,Pollinator,August,11-08-2025,14-08-2025,39.7370155,-105.1062374,1691,Jefferson
Eiber School Community Garden,EIB-V-17,EIB,vane,17,longhorn bee,Insecta,Hymenoptera,Apidae,,,Pollinator,August,11-08-2025,14-08-2025,39.7370155,-105.1062374,1691,Jefferson
Eiber School Community Garden,EIB-V-18,EIB,vane,18,longhorn bee,Insecta,Hymenoptera,Apidae,,,Pollinator,August,11-08-2025,14-08-2025,39.7370155,-105.1062374,1691,Jefferson
Eiber School Community Garden,EIB-V-19,EIB,vane,19,bumble flower beetle,Insecta,Coleoptera,Scarabaeidae,Euphoria,inda,Detritivore,August,11-08-2025,14-08-2025,39.7370155,-105.1062374,1691,Jefferson
Eiber School Community Garden,EIB-V-20,EIB,vane,20,paperwasp,Insecta,Hymenoptera,Vespidae,,,Predator,August,11-08-2025,14-08-2025,39.7370155,-105.1062374,1691,Jefferson
Eiber School Community Garden,EIB-V-21,EIB,vane,21,longhorn bee,Insecta,Hymenoptera,Apidae,,,Pollinator,August,11-08-2025,14-08-2025,39.7370155,-105.1062374,1691,Jefferson
Eiber School Community Garden,EIB-V-22,EIB,vane,22,longhorn bee,Insecta,Hymenoptera,Apidae,,,Pollinator,August,11-08-2025,14-08-2025,39.7370155,-105.1062374,1691,Jefferson
Eiber School Community Garden,EIB-V-23,EIB,vane,23,japanese beetle,Insecta,Hymenoptera,Scarabaeidae,Popillia,japonica,Herbivore,August,11-08-2025,14-08-2025,39.7370155,-105.1062374,1691,Jefferson
Eiber School Community Garden,EIB-V-24,EIB,vane,24,yellow jacket,Insecta,Hymenoptera,Vespidae,,,Predator,August,11-08-2025,14-08-2025,39.7370155,-105.1062374,1691,Jefferson
Eiber School Community Garden,EIB-V-25,EIB,vane,25,skipper,Insecta,Lepidoptera,,,,Pollinator,August,11-08-2025,14-08-2025,39.7370155,-105.1062374,1691,Jefferson
Eiber School Community Garden,EIB-V-26,EIB,vane,26,moth,Insecta,Lepidoptera,,,,Pollinator,August,11-08-2025,14-08-2025,39.7370155,-105.1062374,1691,Jefferson
Eiber School Community Garden,EIB-V-27,EIB,vane,27,sweatbee,Insecta,Hymenoptera,Halictidae,,,Pollinator,August,11-08-2025,14-08-2025,39.7370155,-105.1062374,1691,Jefferson
Eiber School Community Garden,EIB-V-28,EIB,vane,28,green lacewing,Insecta,Neuroptera,Chrysopidae,,,Predator,August,11-08-2025,14-08-2025,39.7370155,-105.1062374,1691,Jefferson
Eiber School Community Garden,EIB-V-29,EIB,vane,29,green lacewing,Insecta,Neuroptera,Chrysopidae,,,Predator,August,11-08-2025,14-08-2025,39.7370155,-105.1062374,1691,Jefferson
Eiber School Community Garden,EIB-V-30,EIB,vane,30,green lacewing,Insecta,Neuroptera,Chrysopidae,,,Predator,August,11-08-2025,14-08-2025,39.7370155,-105.1062374,1691,Jefferson
Eiber School Community Garden,EIB-V-31,EIB,vane,31,green lacewing,Insecta,Neuroptera,Chrysopidae,,,Predator,August,11-08-2025,14-08-2025,39.7370155,-105.1062374,1691,Jefferson
Eiber School Community Garden,EIB-V-32,EIB,vane,32,green lacewing,Insecta,Neuroptera,Chrysopidae,,,Predator,August,11-08-2025,14-08-2025,39.7370155,-105.1062374,1691,Jefferson
Eiber School Community Garden,EIB-V-33,EIB,vane,33,green lacewing,Insecta,Neuroptera,Chrysopidae,,,Predator,August,11-08-2025,14-08-2025,39.7370155,-105.1062374,1691,Jefferson
Eiber School Community Garden,EIB-V-34,EIB,vane,34,green lacewing,Insecta,Neuroptera,Chrysopidae,,,Predator,August,11-08-2025,14-08-2025,39.7370155,-105.1062374,1691,Jefferson
Eiber School Community Garden,EIB-V-35,EIB,vane,35,green lacewing,Insecta,Neuroptera,Chrysopidae,,,Predator,August,11-08-2025,14-08-2025,39.7370155,-105.1062374,1691,Jefferson
Eiber School Community Garden,EIB-V-36,EIB,vane,36,green lacewing,Insecta,Neuroptera,Chrysopidae,,,Predator,August,11-08-2025,14-08-2025,39.7370155,-105.1062374,1691,Jefferson
Eiber School Community Garden,EIB-V-37,EIB,vane,37,green lacewing,Insecta,Neuroptera,Chrysopidae,,,Predator,August,11-08-2025,14-08-2025,39.7370155,-105.1062374,1691,Jefferson
Eiber School Community Garden,EIB-V-38,EIB,vane,38,green lacewing,Insecta,Neuroptera,Chrysopidae,,,Predator,August,11-08-2025,14-08-2025,39.7370155,-105.1062374,1691,Jefferson
Eiber School Community Garden,EIB-V-39,EIB,vane,39,green lacewing,Insecta,Neuroptera,Chrysopidae,,,Predator,August,11-08-2025,14-08-2025,39.7370155,-105.1062374,1691,Jefferson
Eiber School Community Garden,EIB-V-40,EIB,vane,40,fly,Insecta,Diptera,,,,,August,11-08-2025,14-08-2025,39.7370155,-105.1062374,1691,Jefferson
Eiber School Community Garden,EIB-V-41,EIB,vane,41,ant,Insecta,Hymenoptera,Formicidae,,,,August,11-08-2025,14-08-2025,39.7370155,-105.1062374,1691,Jefferson
Eiber School Community Garden,EIB-V-42,EIB,vane,42,ant,Insecta,Hymenoptera,Formicidae,,,,August,11-08-2025,14-08-2025,39.7370155,-105.1062374,1691,Jefferson
Eiber School Community Garden,EIB-P-1,EIB,Pitfall-1,1,Big beetle ,Insecta,Coleoptera,Scarabaeidae,,,Herbivore,August,11-08-2025,14-08-2025,39.7370155,-105.1062374,1691,Jefferson
Eiber School Community Garden,EIB-P-2,EIB,Pitfall-1,2,Big beetle ,Insecta,Coleoptera,Scarabaeidae,,,Herbivore,August,11-08-2025,14-08-2025,39.7370155,-105.1062374,1691,Jefferson
Eiber School Community Garden,EIB-P-3,EIB,Pitfall-1,3,Big beetle ,Insecta,Coleoptera,Scarabaeidae,,,Herbivore,August,11-08-2025,14-08-2025,39.7370155,-105.1062374,1691,Jefferson
Eiber School Community Garden,EIB-P-4,EIB,Pitfall-1,4,Big beetle ,Insecta,Coleoptera,Scarabaeidae,,,Herbivore,August,11-08-2025,14-08-2025,39.7370155,-105.1062374,1691,Jefferson
Eiber School Community Garden,EIB-P-5,EIB,Pitfall-1,5,Big beetle ,Insecta,Coleoptera,Scarabaeidae,,,Herbivore,August,11-08-2025,14-08-2025,39.7370155,-105.1062374,1691,Jefferson
Eiber School Community Garden,EIB-P-6,EIB,Pitfall-1,6,Big beetle ,Insecta,Coleoptera,Scarabaeidae,,,Herbivore,August,11-08-2025,14-08-2025,39.7370155,-105.1062374,1691,Jefferson
Eiber School Community Garden,EIB-P-7,EIB,Pitfall-1,7,Ant ,Insecta,Hymenoptera,,,,Omnivore,August,11-08-2025,14-08-2025,39.7370155,-105.1062374,1691,Jefferson
Eiber School Community Garden,EIB-P-8,EIB,Pitfall-1,8,Ant ,Insecta,Hymenoptera,,,,Omnivore,August,11-08-2025,14-08-2025,39.7370155,-105.1062374,1691,Jefferson
Eiber School Community Garden,EIB-P-9,EIB,Pitfall-1,9,Ant ,Insecta,Hymenoptera,,,,Omnivore,August,11-08-2025,14-08-2025,39.7370155,-105.1062374,1691,Jefferson
Eiber School Community Garden,EIB-P-10,EIB,Pitfall-1,10,Ant ,Insecta,Hymenoptera,,,,Omnivore,August,11-08-2025,14-08-2025,39.7370155,-105.1062374,1691,Jefferson
Eiber School Community Garden,EIB-P-11,EIB,Pitfall-1,11,Ant ,Insecta,Hymenoptera,,,,Omnivore,August,11-08-2025,14-08-2025,39.7370155,-105.1062374,1691,Jefferson
Eiber School Community Garden,EIB-P-12,EIB,Pitfall-1,12,Ant ,Insecta,Hymenoptera,,,,Omnivore,August,11-08-2025,14-08-2025,39.7370155,-105.1062374,1691,Jefferson
Eiber School Community Garden,EIB-P-13,EIB,Pitfall-1,13,Ant ,Insecta,Hymenoptera,,,,Omnivore,August,11-08-2025,14-08-2025,39.7370155,-105.1062374,1691,Jefferson
Eiber School Community Garden,EIB-P-14,EIB,Pitfall-1,14,Ant ,Insecta,Hymenoptera,,,,Omnivore,August,11-08-2025,14-08-2025,39.7370155,-105.1062374,1691,Jefferson
Eiber School Community Garden,EIB-P-15,EIB,Pitfall-1,15,Ant ,Insecta,Hymenoptera,,,,Omnivore,August,11-08-2025,14-08-2025,39.7370155,-105.1062374,1691,Jefferson
Eiber School Community Garden,EIB-P-16,EIB,Pitfall-1,16,Ant ,Insecta,Hymenoptera,,,,Omnivore,August,11-08-2025,14-08-2025,39.7370155,-105.1062374,1691,Jefferson
Eiber School Community Garden,EIB-P-17,EIB,Pitfall-1,17,Ant ,Insecta,Hymenoptera,,,,Omnivore,August,11-08-2025,14-08-2025,39.7370155,-105.1062374,1691,Jefferson
Eiber School Community Garden,EIB-P-18,EIB,Pitfall-1,18,Ant ,Insecta,Hymenoptera,,,,Omnivore,August,11-08-2025,14-08-2025,39.7370155,-105.1062374,1691,Jefferson
Eiber School Community Garden,EIB-P-19,EIB,Pitfall-1,19,Ant ,Insecta,Hymenoptera,,,,Omnivore,August,11-08-2025,14-08-2025,39.7370155,-105.1062374,1691,Jefferson
Eiber School Community Garden,EIB-P-20,EIB,Pitfall-1,20,Ant ,Insecta,Hymenoptera,,,,Omnivore,August,11-08-2025,14-08-2025,39.7370155,-105.1062374,1691,Jefferson
Eiber School Community Garden,EIB-P-21,EIB,Pitfall-1,21,Ant ,Insecta,Hymenoptera,,,,Omnivore,August,11-08-2025,14-08-2025,39.7370155,-105.1062374,1691,Jefferson
Eiber School Community Garden,EIB-P-22,EIB,Pitfall-1,22,Spider,Arachnida,Araneae,,,,Predator,August,11-08-2025,14-08-2025,39.7370155,-105.1062374,1691,Jefferson
Eiber School Community Garden,EIB-P-23,EIB,Pitfall-1,23,Leaf Hopper ,Insecta,Hemiptera,Cicadellidae,,,Herbivore,August,11-08-2025,14-08-2025,39.7370155,-105.1062374,1691,Jefferson
Eiber School Community Garden,EIB-P-24,EIB,Pitfall-1,24,Leaf Hopper ,Insecta,Hemiptera,Cicadellidae,,,Herbivore,August,11-08-2025,14-08-2025,39.7370155,-105.1062374,1691,Jefferson
Eiber School Community Garden,EIB-P-25,EIB,Pitfall-1,25,Leaf Hopper ,Insecta,Hemiptera,Cicadellidae,,,Herbivore,August,11-08-2025,14-08-2025,39.7370155,-105.1062374,1691,Jefferson
Eiber School Community Garden,EIB-P-26,EIB,Pitfall-1,26,Leaf Hopper ,Insecta,Hemiptera,Cicadellidae,,,Herbivore,August,11-08-2025,14-08-2025,39.7370155,-105.1062374,1691,Jefferson
Eiber School Community Garden,EIB-P-27,EIB,Pitfall-1,27,Leaf Hopper ,Insecta,Hemiptera,Cicadellidae,,,Herbivore,August,11-08-2025,14-08-2025,39.7370155,-105.1062374,1691,Jefferson
Eiber School Community Garden,EIB-P-28,EIB,Pitfall-1,28,Wasp,Insecta,Hymenoptera,,,,Predator/Parasitoid,August,11-08-2025,14-08-2025,39.7370155,-105.1062374,1691,Jefferson
Eiber School Community Garden,EIB-P-29,EIB,pitfall-2,29,ant,Insecta,Hymenoptera,Formicidae,,,Omnivore,August,11-08-2025,14-08-2025,39.7370155,-105.1062374,1691,Jefferson
Eiber School Community Garden,EIB-P-30,EIB,pitfall-2,30,ant,Insecta,Hymenoptera,Formicidae,,,Omnivore,August,11-08-2025,14-08-2025,39.7370155,-105.1062374,1691,Jefferson
Eiber School Community Garden,EIB-P-31,EIB,pitfall-2,31,ant,Insecta,Hymenoptera,Formicidae,,,Omnivore,August,11-08-2025,14-08-2025,39.7370155,-105.1062374,1691,Jefferson
Eiber School Community Garden,EIB-P-32,EIB,pitfall-2,32,ant,Insecta,Hymenoptera,Formicidae,,,Omnivore,August,11-08-2025,14-08-2025,39.7370155,-105.1062374,1691,Jefferson
Eiber School Community Garden,EIB-P-33,EIB,pitfall-2,33,spider,Arachnida,Araneae,,,,Predator,August,11-08-2025,14-08-2025,39.7370155,-105.1062374,1691,Jefferson
Eiber School Community Garden,EIB-P-34,EIB,pitfall-2,34,harvestman,Arachnida,Opiliones,,,,Predator/Scavenger,August,11-08-2025,14-08-2025,39.7370155,-105.1062374,1691,Jefferson
Gables School and Community Garden,GABL-V-,GABL,vane,,,,,,,,,August,,,39.67926421,-105.0937713,1700,Jefferson
Gables School and Community Garden,GABL-P-1,GABL,pitfall-1,1,gables p-2 had nothing,Insecta,Coleoptera,,,,,August,11-08-2025,14-08-2025,39.67926421,-105.0937713,1700,Jefferson
Gabriel Cam Memorial Community Garden,GABR-V-1,GABR,vane,1,black longhorn,Insecta,Hymenoptera,Apidae,Melissodes,bimaculatus,Pollinator,August,11-08-2025,14-08-2025,39.72381522,-104.8309439,1655,Arapahoe
Gabriel Cam Memorial Community Garden,GABR-V-2,GABR,vane,2,squash bee,Insecta,Hymenoptera,Apidae,Eucera,pruinosa,Pollinator,August,11-08-2025,14-08-2025,39.72381522,-104.8309439,1655,Arapahoe
Gabriel Cam Memorial Community Garden,GABR-V-3,GABR,vane,3,longhorn,Insecta,Hymenoptera,Apidae,,,Pollinator,August,11-08-2025,14-08-2025,39.72381522,-104.8309439,1655,Arapahoe
Gabriel Cam Memorial Community Garden,GABR-V-4,GABR,vane,4,leafcutter,Insecta,Hymenoptera,Megachilidae,,,Pollinator,August,11-08-2025,14-08-2025,39.72381522,-104.8309439,1655,Arapahoe
Gabriel Cam Memorial Community Garden,GABR-V-5,GABR,vane,5,longhorn bee,Insecta,Hymenoptera,Apidae,,,Pollinator,August,11-08-2025,14-08-2025,39.72381522,-104.8309439,1655,Arapahoe
Gabriel Cam Memorial Community Garden,GABR-V-6,GABR,vane,6,longhorn bee,Insecta,Hymenoptera,Apidae,,,Pollinator,August,11-08-2025,14-08-2025,39.72381522,-104.8309439,1655,Arapahoe
Gabriel Cam Memorial Community Garden,GABR-V-7,GABR,vane,7,longhorn bee,Insecta,Hymenoptera,Apidae,,,Pollinator,August,11-08-2025,14-08-2025,39.72381522,-104.8309439,1655,Arapahoe
Gabriel Cam Memorial Community Garden,GABR-V-8,GABR,vane,8,longhorn bee,Insecta,Hymenoptera,Apidae,,,Pollinator,August,11-08-2025,14-08-2025,39.72381522,-104.8309439,1655,Arapahoe
Gabriel Cam Memorial Community Garden,GABR-V-9,GABR,vane,9,longhorn bee,Insecta,Hymenoptera,Apidae,,,Pollinator,August,11-08-2025,14-08-2025,39.72381522,-104.8309439,1655,Arapahoe
Gabriel Cam Memorial Community Garden,GABR-V-10,GABR,vane,10,longhorn bee,Insecta,Hymenoptera,Apidae,,,Pollinator,August,11-08-2025,14-08-2025,39.72381522,-104.8309439,1655,Arapahoe
Gabriel Cam Memorial Community Garden,GABR-V-11,GABR,vane,11,longhorn bee,Insecta,Hymenoptera,Apidae,,,Pollinator,August,11-08-2025,14-08-2025,39.72381522,-104.8309439,1655,Arapahoe
Gabriel Cam Memorial Community Garden,GABR-V-12,GABR,vane,12,green sweatbee,Insecta,Hymenoptera,Halictidae,,,Pollinator,August,11-08-2025,14-08-2025,39.72381522,-104.8309439,1655,Arapahoe
Gabriel Cam Memorial Community Garden,GABR-V-13,GABR,vane,13,yellowjacket,Insecta,Hymenoptera,Vespidae,,,Predator,August,11-08-2025,14-08-2025,39.72381522,-104.8309439,1655,Arapahoe
Gabriel Cam Memorial Community Garden,GABR-V-14,GABR,vane,14,paperwasp,Insecta,Hymenoptera,Vespidae,,,Predator,August,11-08-2025,14-08-2025,39.72381522,-104.8309439,1655,Arapahoe
Gabriel Cam Memorial Community Garden,GABR-V-15,GABR,vane,15,japanese beetle,Insecta,Coleoptera,Scarabaeidae,Popillia,japonica,Detritivore,August,11-08-2025,14-08-2025,39.72381522,-104.8309439,1655,Arapahoe
Gabriel Cam Memorial Community Garden,GABR-V-16,GABR,vane,16,japanese beetle,Insecta,Coleoptera,Scarabaeidae,Popillia,japonica,Detritivore,August,11-08-2025,14-08-2025,39.72381522,-104.8309439,1655,Arapahoe
Gabriel Cam Memorial Community Garden,GABR-V-17,GABR,vane,17,bumbleflower beetle,Insecta,Coleoptera,Scarabaeidae,Euphoria,inda,Herbivore,August,11-08-2025,14-08-2025,39.72381522,-104.8309439,1655,Arapahoe
Gabriel Cam Memorial Community Garden,GABR-V-18,GABR,vane,18,bumbleflower beetle,Insecta,Coleoptera,Scarabaeidae,Euphoria,inda,Herbivore,August,11-08-2025,14-08-2025,39.72381522,-104.8309439,1655,Arapahoe
Gabriel Cam Memorial Community Garden,GABR-V-19,GABR,vane,19,bumbleflower beetle,Insecta,Coleoptera,Scarabaeidae,Euphoria,inda,Herbivore,August,11-08-2025,14-08-2025,39.72381522,-104.8309439,1655,Arapahoe
Gabriel Cam Memorial Community Garden,GABR-V-20,GABR,vane,20,bumbleflower beetle,Insecta,Coleoptera,Scarabaeidae,Euphoria,inda,Herbivore,August,11-08-2025,14-08-2025,39.72381522,-104.8309439,1655,Arapahoe
Gabriel Cam Memorial Community Garden,GABR-V-21,GABR,vane,21,bumbleflower beetle,Insecta,Coleoptera,Scarabaeidae,Euphoria,inda,Herbivore,August,11-08-2025,14-08-2025,39.72381522,-104.8309439,1655,Arapahoe
Gabriel Cam Memorial Community Garden,GABR-V-22,GABR,vane,22,bumbleflower beetle,Insecta,Coleoptera,Scarabaeidae,Euphoria,inda,Herbivore,August,11-08-2025,14-08-2025,39.72381522,-104.8309439,1655,Arapahoe
Gabriel Cam Memorial Community Garden,GABR-V-23,GABR,vane,23,bumbleflower beetle,Insecta,Coleoptera,Scarabaeidae,Euphoria,inda,Herbivore,August,11-08-2025,14-08-2025,39.72381522,-104.8309439,1655,Arapahoe
Gabriel Cam Memorial Community Garden,GABR-V-24,GABR,vane,24,bumbleflower beetle,Insecta,Coleoptera,Scarabaeidae,Euphoria,inda,Herbivore,August,11-08-2025,14-08-2025,39.72381522,-104.8309439,1655,Arapahoe
Gabriel Cam Memorial Community Garden,GABR-V-25,GABR,vane,25,bumbleflower beetle,Insecta,Coleoptera,Scarabaeidae,Euphoria,inda,Herbivore,August,11-08-2025,14-08-2025,39.72381522,-104.8309439,1655,Arapahoe
Gabriel Cam Memorial Community Garden,GABR-V-26,GABR,vane,26,fly,Insecta,Diptera,,,,,August,11-08-2025,14-08-2025,39.72381522,-104.8309439,1655,Arapahoe
Gabriel Cam Memorial Community Garden,GABR-V-27,GABR,vane,27,fly,Insecta,Diptera,,,,,August,11-08-2025,14-08-2025,39.72381522,-104.8309439,1655,Arapahoe
Gabriel Cam Memorial Community Garden,GABR-V-28,GABR,vane,28,fly,Insecta,Diptera,,,,,August,11-08-2025,14-08-2025,39.72381522,-104.8309439,1655,Arapahoe
Gabriel Cam Memorial Community Garden,GABR-V-29,GABR,vane,29,fly,Insecta,Diptera,,,,,August,11-08-2025,14-08-2025,39.72381522,-104.8309439,1655,Arapahoe
Gabriel Cam Memorial Community Garden,GABR-V-30,GABR,vane,30,fly,Insecta,Diptera,,,,,August,11-08-2025,14-08-2025,39.72381522,-104.8309439,1655,Arapahoe
Gabriel Cam Memorial Community Garden,GABR-V-31,GABR,vane,31,fly,Insecta,Diptera,,,,,August,11-08-2025,14-08-2025,39.72381522,-104.8309439,1655,Arapahoe
Gabriel Cam Memorial Community Garden,GABR-V-32,GABR,vane,32,green lacewing,Insecta,Neuroptera,Chrysopidae,,,Predator,August,11-08-2025,14-08-2025,39.72381522,-104.8309439,1655,Arapahoe
Gabriel Cam Memorial Community Garden,GABR-V-33,GABR,vane,33,green lacewing,Insecta,Neuroptera,Chrysopidae,,,Predator,August,11-08-2025,14-08-2025,39.72381522,-104.8309439,1655,Arapahoe
Gabriel Cam Memorial Community Garden,GABR-V-34,GABR,vane,34,grasshopper,Insecta,Orthoptera,Acrididae,,,Herbivore,August,11-08-2025,14-08-2025,39.72381522,-104.8309439,1655,Arapahoe
Gabriel Cam Memorial Community Garden,GABR-V-35,GABR,vane,35,blister beetle,Insecta,Coleoptera,Meloidae,Epicauta,,Herbivore,August,11-08-2025,14-08-2025,39.72381522,-104.8309439,1655,Arapahoe
Greenway Community Garden,GRE-V-,GRE,vane,,,,,,,,,August,11-08-2025,14-08-2025,39.75074088,-104.8969895,1625,Denver
GW School and Community Garden,GW-V-1,GW,vane,1,longhorn bee,Insecta,Hymenoptera,Apidae,,,Pollinator,August,11-08-2025,14-08-2025,39.70479323,-104.9149051,1644,Denver
GW School and Community Garden,GW-V-2,GW,vane,2,longhorn bee,Insecta,Hymenoptera,Apidae,,,Pollinator,August,11-08-2025,14-08-2025,39.70479323,-104.9149051,1644,Denver
GW School and Community Garden,GW-V-3,GW,vane,3,bee,Insecta,Hymenoptera,Apidae,,,Pollinator,August,11-08-2025,14-08-2025,39.70479323,-104.9149051,1644,Denver
GW School and Community Garden,GW-V-4,GW,vane,4,honeybee,Insecta,Hymenoptera,Apidae,Apis,mellifera,Pollinator,August,11-08-2025,14-08-2025,39.70479323,-104.9149051,1644,Denver
GW School and Community Garden,GW-V-5,GW,vane,5,green sweatbee,Insecta,Hymenoptera,Halictidae,Agapostemon,,Pollinator,August,11-08-2025,14-08-2025,39.70479323,-104.9149051,1644,Denver
GW School and Community Garden,GW-V-6,GW,vane,6,green sweatbee,Insecta,Hymenoptera,Halictidae,Agapostemon,,Pollinator,August,11-08-2025,14-08-2025,39.70479323,-104.9149051,1644,Denver
GW School and Community Garden,GW-V-7,GW,vane,7,paperwasp,Insecta,Hymenoptera,Vespidae,,,Predator,August,11-08-2025,14-08-2025,39.70479323,-104.9149051,1644,Denver
GW School and Community Garden,GW-V-8,GW,vane,8,japanese beetle,Insecta,Coleoptera,Scarabaeidae,Popillia,japonica,Herbivore,August,11-08-2025,14-08-2025,39.70479323,-104.9149051,1644,Denver
GW School and Community Garden,GW-V-9,GW,vane,9,japanese beetle,Insecta,Coleoptera,Scarabaeidae,Popillia,japonica,Herbivore,August,11-08-2025,14-08-2025,39.70479323,-104.9149051,1644,Denver
GW School and Community Garden,GW-V-10,GW,vane,10,bumble flower beetle,Insecta,Coleoptera,Scarabaeidae,Euphoria,inda,Detritivore,August,11-08-2025,14-08-2025,39.70479323,-104.9149051,1644,Denver
GW School and Community Garden,GW-V-11,GW,vane,11,bumble flower beetle,Insecta,Coleoptera,Scarabaeidae,Euphoria,inda,Detritivore,August,11-08-2025,14-08-2025,39.70479323,-104.9149051,1644,Denver
GW School and Community Garden,GW-V-12,GW,vane,12,pilose checkered beetle,Insecta,Coleoptera,Cleridae,Chariessa,pilosa,Predator,August,11-08-2025,14-08-2025,39.70479323,-104.9149051,1644,Denver
GW School and Community Garden,GW-V-13,GW,vane,13,green lacewing,Insecta,Neuroptera,Chrysopidae,,,Predator,August,11-08-2025,14-08-2025,39.70479323,-104.9149051,1644,Denver
GW School and Community Garden,GW-V-14,GW,vane,14,green lacewing,Insecta,Neuroptera,Chrysopidae,,,Predator,August,11-08-2025,14-08-2025,39.70479323,-104.9149051,1644,Denver
GW School and Community Garden,GW-V-15,GW,vane,15,green lacewing,Insecta,Neuroptera,Chrysopidae,,,Predator,August,11-08-2025,14-08-2025,39.70479323,-104.9149051,1644,Denver
GW School and Community Garden,GW-V-16,GW,vane,16,green lacewing,Insecta,Neuroptera,Chrysopidae,,,Predator,August,11-08-2025,14-08-2025,39.70479323,-104.9149051,1644,Denver
GW School and Community Garden,GW-V-17,GW,vane,17,green lacewing,Insecta,Neuroptera,Chrysopidae,,,Predator,August,11-08-2025,14-08-2025,39.70479323,-104.9149051,1644,Denver
GW School and Community Garden,GW-V-18,GW,vane,18,green lacewing,Insecta,Neuroptera,Chrysopidae,,,Predator,August,11-08-2025,14-08-2025,39.70479323,-104.9149051,1644,Denver
Jefferson Green Community Garden,JEF-V-1,JEF,vane,1,spider,Arachnida,Araneae,,,,Predator,August,,,39.65720004,-105.0984888,1671,Jefferson
Jefferson Green Community Garden,JEF-V-,JEF,vane,,,,,,,,,August,,,39.65720004,-105.0984888,1671,Jefferson
KCAA Community Studio Garden,KCA-V-,KCA,vane,,,,,,,,,August,,,39.67568994,-105.038795,1666,Denver
Market Station Community Garden,MAR-V-1,MAR,vane,1,green lacewing,Insecta,Neuroptera,Chrysopidae,,,Predator,August,11-08-2025,14-08-2025,39.75069957,-104.9979256,1584,Denver
Market Station Community Garden,MAR-V-2,MAR,vane,2,parasitoid wasp,Insecta,Hymenoptera,Braconidae,,,Parasitoid,August,11-08-2025,14-08-2025,39.75069957,-104.9979256,1584,Denver
Market Station Community Garden,MAR-V-3,MAR,vane,3,beetle,Insecta,Coleoptera,Tenebrionidae,,,Detritivore,August,11-08-2025,14-08-2025,39.75069957,-104.9979256,1584,Denver
Palmer School Community Garden,PAL-V-1,PAL,vane,1,Squashbee,Insecta,Hymenoptera,Apidae,Eucera,pruinosa,Pollinator,August,11-08-2025,14-08-2025,39.73170041,-104.9249383,1632,Denver
Palmer School Community Garden,PAL-V-2,PAL,vane,2,Squashbee,Insecta,Hymenoptera,Apidae,Eucera,pruinosa,Pollinator,August,11-08-2025,14-08-2025,39.73170041,-104.9249383,1632,Denver
Palmer School Community Garden,PAL-V-3,PAL,vane,3,Squashbee,Insecta,Hymenoptera,Apidae,Eucera,pruinosa,Pollinator,August,11-08-2025,14-08-2025,39.73170041,-104.9249383,1632,Denver
Palmer School Community Garden,PAL-V-4,PAL,vane,4,Squashbee,Insecta,Hymenoptera,Apidae,Eucera,pruinosa,Pollinator,August,11-08-2025,14-08-2025,39.73170041,-104.9249383,1632,Denver
Palmer School Community Garden,PAL-V-5,PAL,vane,5,Squashbee,Insecta,Hymenoptera,Apidae,Eucera,pruinosa,Pollinator,August,11-08-2025,14-08-2025,39.73170041,-104.9249383,1632,Denver
Palmer School Community Garden,PAL-V-6,PAL,vane,6,Squashbee,Insecta,Hymenoptera,Apidae,Eucera,pruinosa,Pollinator,August,11-08-2025,14-08-2025,39.73170041,-104.9249383,1632,Denver
Palmer School Community Garden,PAL-V-7,PAL,vane,7,Squashbee,Insecta,Hymenoptera,Apidae,Eucera,pruinosa,Pollinator,August,11-08-2025,14-08-2025,39.73170041,-104.9249383,1632,Denver
Palmer School Community Garden,PAL-V-8,PAL,vane,8,Squashbee,Insecta,Hymenoptera,Apidae,Eucera,pruinosa,Pollinator,August,11-08-2025,14-08-2025,39.73170041,-104.9249383,1632,Denver
Palmer School Community Garden,PAL-V-9,PAL,vane,9,Squashbee,Insecta,Hymenoptera,Apidae,Eucera,pruinosa,Pollinator,August,11-08-2025,14-08-2025,39.73170041,-104.9249383,1632,Denver
Palmer School Community Garden,PAL-V-10,PAL,vane,10,Squashbee,Insecta,Hymenoptera,Apidae,Eucera,pruinosa,Pollinator,August,11-08-2025,14-08-2025,39.73170041,-104.9249383,1632,Denver
Palmer School Community Garden,PAL-V-11,PAL,vane,11,Squashbee,Insecta,Hymenoptera,Apidae,Eucera,pruinosa,Pollinator,August,11-08-2025,14-08-2025,39.73170041,-104.9249383,1632,Denver
Palmer School Community Garden,PAL-V-12,PAL,vane,12,Squashbee,Insecta,Hymenoptera,Apidae,Eucera,pruinosa,Pollinator,August,11-08-2025,14-08-2025,39.73170041,-104.9249383,1632,Denver
Palmer School Community Garden,PAL-V-13,PAL,vane,13,Squashbee,Insecta,Hymenoptera,Apidae,Eucera,pruinosa,Pollinator,August,11-08-2025,14-08-2025,39.73170041,-104.9249383,1632,Denver
Palmer School Community Garden,PAL-V-14,PAL,vane,14,Squashbee,Insecta,Hymenoptera,Apidae,Eucera,pruinosa,Pollinator,August,11-08-2025,14-08-2025,39.73170041,-104.9249383,1632,Denver
Palmer School Community Garden,PAL-V-15,PAL,vane,15,Squashbee,Insecta,Hymenoptera,Apidae,Eucera,pruinosa,Pollinator,August,11-08-2025,14-08-2025,39.73170041,-104.9249383,1632,Denver
Palmer School Community Garden,PAL-V-16,PAL,vane,16,Squashbee,Insecta,Hymenoptera,Apidae,Eucera,pruinosa,Pollinator,August,11-08-2025,14-08-2025,39.73170041,-104.9249383,1632,Denver
Palmer School Community Garden,PAL-V-17,PAL,vane,17,Squashbee,Insecta,Hymenoptera,Apidae,Eucera,pruinosa,Pollinator,August,11-08-2025,14-08-2025,39.73170041,-104.9249383,1632,Denver
Palmer School Community Garden,PAL-V-18,PAL,vane,18,Squashbee,Insecta,Hymenoptera,Apidae,Eucera,pruinosa,Pollinator,August,11-08-2025,14-08-2025,39.73170041,-104.9249383,1632,Denver
Palmer School Community Garden,PAL-V-19,PAL,vane,19,Squashbee,Insecta,Hymenoptera,Apidae,Eucera,pruinosa,Pollinator,August,11-08-2025,14-08-2025,39.73170041,-104.9249383,1632,Denver
Palmer School Community Garden,PAL-V-20,PAL,vane,20,Squashbee,Insecta,Hymenoptera,Apidae,Eucera,pruinosa,Pollinator,August,11-08-2025,14-08-2025,39.73170041,-104.9249383,1632,Denver
Palmer School Community Garden,PAL-V-21,PAL,vane,21,Squashbee,Insecta,Hymenoptera,Apidae,Eucera,pruinosa,Pollinator,August,11-08-2025,14-08-2025,39.73170041,-104.9249383,1632,Denver
Palmer School Community Garden,PAL-V-22,PAL,vane,22,Squashbee,Insecta,Hymenoptera,Apidae,Eucera,pruinosa,Pollinator,August,11-08-2025,14-08-2025,39.73170041,-104.9249383,1632,Denver
Palmer School Community Garden,PAL-V-23,PAL,vane,23,Squashbee,Insecta,Hymenoptera,Apidae,Eucera,pruinosa,Pollinator,August,11-08-2025,14-08-2025,39.73170041,-104.9249383,1632,Denver
Palmer School Community Garden,PAL-V-24,PAL,vane,24,Squashbee,Insecta,Hymenoptera,Apidae,Eucera,pruinosa,Pollinator,August,11-08-2025,14-08-2025,39.73170041,-104.9249383,1632,Denver
Palmer School Community Garden,PAL-V-25,PAL,vane,25,Squashbee,Insecta,Hymenoptera,Apidae,Eucera,pruinosa,Pollinator,August,11-08-2025,14-08-2025,39.73170041,-104.9249383,1632,Denver
Palmer School Community Garden,PAL-V-26,PAL,vane,26,longhorn,Insecta,Hymenoptera,Apidae,,,Pollinator,August,11-08-2025,14-08-2025,39.73170041,-104.9249383,1632,Denver
Palmer School Community Garden,PAL-V-27,PAL,vane,27,longhorn,Insecta,Hymenoptera,Apidae,,,Pollinator,August,11-08-2025,14-08-2025,39.73170041,-104.9249383,1632,Denver
Palmer School Community Garden,PAL-V-28,PAL,vane,28,longhorn,Insecta,Hymenoptera,Apidae,,,Pollinator,August,11-08-2025,14-08-2025,39.73170041,-104.9249383,1632,Denver
Palmer School Community Garden,PAL-V-29,PAL,vane,29,longhorn,Insecta,Hymenoptera,Apidae,,,Pollinator,August,11-08-2025,14-08-2025,39.73170041,-104.9249383,1632,Denver
Palmer School Community Garden,PAL-V-30,PAL,vane,30,longhorn,Insecta,Hymenoptera,Apidae,,,Pollinator,August,11-08-2025,14-08-2025,39.73170041,-104.9249383,1632,Denver
Palmer School Community Garden,PAL-V-31,PAL,vane,31,longhorn,Insecta,Hymenoptera,Apidae,,,Pollinator,August,11-08-2025,14-08-2025,39.73170041,-104.9249383,1632,Denver
Palmer School Community Garden,PAL-V-32,PAL,vane,32,longhorn,Insecta,Hymenoptera,Apidae,,,Pollinator,August,11-08-2025,14-08-2025,39.73170041,-104.9249383,1632,Denver
Palmer School Community Garden,PAL-V-33,PAL,vane,33,longhorn,Insecta,Hymenoptera,Apidae,,,Pollinator,August,11-08-2025,14-08-2025,39.73170041,-104.9249383,1632,Denver
Palmer School Community Garden,PAL-V-34,PAL,vane,34,longhorn,Insecta,Hymenoptera,Apidae,,,Pollinator,August,11-08-2025,14-08-2025,39.73170041,-104.9249383,1632,Denver
Palmer School Community Garden,PAL-V-35,PAL,vane,35,agapostemon,Insecta,Hymenoptera,Halictidae,Agapostemon,,Pollinator,August,11-08-2025,14-08-2025,39.73170041,-104.9249383,1632,Denver
Palmer School Community Garden,PAL-V-36,PAL,vane,36,green sweat bee,Insecta,Hymenoptera,Halictidae,,,Pollinator,August,11-08-2025,14-08-2025,39.73170041,-104.9249383,1632,Denver
Palmer School Community Garden,PAL-V-37,PAL,vane,37,small sweatbee,Insecta,Hymenoptera,Halictidae,,,Pollinator,August,11-08-2025,14-08-2025,39.73170041,-104.9249383,1632,Denver
Palmer School Community Garden,PAL-V-38,PAL,vane,38,yellowjacket,Insecta,Hymenoptera,Vespidae,,,Predator,August,11-08-2025,14-08-2025,39.73170041,-104.9249383,1632,Denver
Palmer School Community Garden,PAL-V-39,PAL,vane,39,bumble flower beetle,Insecta,Coleoptera,Scarabaeidae,Euphoria,inda,Detritivore,August,11-08-2025,14-08-2025,39.73170041,-104.9249383,1632,Denver
Palmer School Community Garden,PAL-V-40,PAL,vane,40,bumble flower beetle,Insecta,Coleoptera,Scarabaeidae,Euphoria,inda,Detritivore,August,11-08-2025,14-08-2025,39.73170041,-104.9249383,1632,Denver
Palmer School Community Garden,PAL-V-41,PAL,vane,41,small fly,Insecta,Diptera,,,,,August,11-08-2025,14-08-2025,39.73170041,-104.9249383,1632,Denver
Palmer School Community Garden,PAL-P-1,PAL,pitfall-1,1,spider,Arachnida,Araneae,,,,Predator,August,11-08-2025,14-08-2025,39.73170041,-104.9249383,1632,Denver
Palmer School Community Garden,PAL-P-2,PAL,pitfall-1,2,leafhopper,Insecta,Hemiptera,Cicadellidae,,,Herbivore,August,11-08-2025,14-08-2025,39.73170041,-104.9249383,1632,Denver
Palmer School Community Garden,PAL-P-3,PAL,pitfall-1,3,ant,Insecta,Hymenoptera,Formicidae,,,,August,11-08-2025,14-08-2025,39.73170041,-104.9249383,1632,Denver
Palmer School Community Garden,PAL-P-4,PAL,pitfall-1,4,ant,Insecta,Hymenoptera,Formicidae,,,,August,11-08-2025,14-08-2025,39.73170041,-104.9249383,1632,Denver
Palmer School Community Garden,PAL-P-5,PAL,pitfall-1,5,ant,Insecta,Hymenoptera,Formicidae,,,,August,11-08-2025,14-08-2025,39.73170041,-104.9249383,1632,Denver
Palmer School Community Garden,PAL-P-6,PAL,pitfall-1,6,mite,Arachnida,Acariformes,,,,,August,11-08-2025,14-08-2025,39.73170041,-104.9249383,1632,Denver
Palmer School Community Garden,PAL-P-7,PAL,pitfall-1,7,mite,Arachnida,Acariformes,,,,,August,11-08-2025,14-08-2025,39.73170041,-104.9249383,1632,Denver
Palmer School Community Garden,PAL-P-8,PAL,pitfall-1,8,mite,Arachnida,Acariformes,,,,,August,11-08-2025,14-08-2025,39.73170041,-104.9249383,1632,Denver
Palmer School Community Garden,PAL-P-9,PAL,pitfall-1,9,mite,Arachnida,Acariformes,,,,,August,11-08-2025,14-08-2025,39.73170041,-104.9249383,1632,Denver
Palmer School Community Garden,PAL-P-10,PAL,pitfall-1,10,mite,Arachnida,Acariformes,,,,,August,11-08-2025,14-08-2025,39.73170041,-104.9249383,1632,Denver
Palmer School Community Garden,PAL-P-11,PAL,pitfall-1,11,mite,Arachnida,Acariformes,,,,,August,11-08-2025,14-08-2025,39.73170041,-104.9249383,1632,Denver
Palmer School Community Garden,PAL-P-12,PAL,pitfall-1,12,mite,Arachnida,Acariformes,,,,,August,11-08-2025,14-08-2025,39.73170041,-104.9249383,1632,Denver
Park Hill School Garden,PAR-V-1,PAR,vane,1,squash bee,Insecta,Hymenoptera,Apidae,Eucera,pruinosa,Pollinator,August,11-08-2025,14-08-2025,39.74455504,-104.9288718,1623,Denver
Park Hill School Garden,PAR-V-2,PAR,vane,2,squash bee,Insecta,Hymenoptera,Apidae,Eucera,pruinosa,Pollinator,August,11-08-2025,14-08-2025,39.74455504,-104.9288718,1623,Denver
Park Hill School Garden,PAR-V-3,PAR,vane,3,squash bee,Insecta,Hymenoptera,Apidae,Eucera,pruinosa,Pollinator,August,11-08-2025,14-08-2025,39.74455504,-104.9288718,1623,Denver
Park Hill School Garden,PAR-V-4,PAR,vane,4,squash bee,Insecta,Hymenoptera,Apidae,Eucera,pruinosa,Pollinator,August,11-08-2025,14-08-2025,39.74455504,-104.9288718,1623,Denver
Park Hill School Garden,PAR-V-5,PAR,vane,5,squash bee,Insecta,Hymenoptera,Apidae,Eucera,pruinosa,Pollinator,August,11-08-2025,14-08-2025,39.74455504,-104.9288718,1623,Denver
Park Hill School Garden,PAR-V-6,PAR,vane,6,squash bee,Insecta,Hymenoptera,Apidae,Eucera,pruinosa,Pollinator,August,11-08-2025,14-08-2025,39.74455504,-104.9288718,1623,Denver
Park Hill School Garden,PAR-V-7,PAR,vane,7,longhorn bee,Insecta,Hymenoptera,Apidae,,,Pollinator,August,11-08-2025,14-08-2025,39.74455504,-104.9288718,1623,Denver
Park Hill School Garden,PAR-V-8,PAR,vane,8,longhorn bee,Insecta,Hymenoptera,Apidae,,,Pollinator,August,11-08-2025,14-08-2025,39.74455504,-104.9288718,1623,Denver
Park Hill School Garden,PAR-V-9,PAR,vane,9,longhorn bee,Insecta,Hymenoptera,Apidae,,,Pollinator,August,11-08-2025,14-08-2025,39.74455504,-104.9288718,1623,Denver
Park Hill School Garden,PAR-V-10,PAR,vane,10,longhorn bee,Insecta,Hymenoptera,Apidae,,,Pollinator,August,11-08-2025,14-08-2025,39.74455504,-104.9288718,1623,Denver
Park Hill School Garden,PAR-V-11,PAR,vane,11,longhorn bee,Insecta,Hymenoptera,Apidae,,,Pollinator,August,11-08-2025,14-08-2025,39.74455504,-104.9288718,1623,Denver
Park Hill School Garden,PAR-V-12,PAR,vane,12,longhorn bee,Insecta,Hymenoptera,Apidae,,,Pollinator,August,11-08-2025,14-08-2025,39.74455504,-104.9288718,1623,Denver
Park Hill School Garden,PAR-V-13,PAR,vane,13,longhorn bee,Insecta,Hymenoptera,Apidae,,,Pollinator,August,11-08-2025,14-08-2025,39.74455504,-104.9288718,1623,Denver
Park Hill School Garden,PAR-V-14,PAR,vane,14,longhorn bee,Insecta,Hymenoptera,Apidae,,,Pollinator,August,11-08-2025,14-08-2025,39.74455504,-104.9288718,1623,Denver
Park Hill School Garden,PAR-V-15,PAR,vane,15,longhorn bee,Insecta,Hymenoptera,Apidae,,,Pollinator,August,11-08-2025,14-08-2025,39.74455504,-104.9288718,1623,Denver
Park Hill School Garden,PAR-V-16,PAR,vane,16,longhorn bee,Insecta,Hymenoptera,Apidae,,,Pollinator,August,11-08-2025,14-08-2025,39.74455504,-104.9288718,1623,Denver
Park Hill School Garden,PAR-V-17,PAR,vane,17,longhorn bee,Insecta,Hymenoptera,Apidae,,,Pollinator,August,11-08-2025,14-08-2025,39.74455504,-104.9288718,1623,Denver
Park Hill School Garden,PAR-V-18,PAR,vane,18,bee,Insecta,Hymenoptera,,,,Pollinator,August,11-08-2025,14-08-2025,39.74455504,-104.9288718,1623,Denver
Park Hill School Garden,PAR-V-19,PAR,vane,19,bee,Insecta,Hymenoptera,,,,Pollinator,August,11-08-2025,14-08-2025,39.74455504,-104.9288718,1623,Denver
Park Hill School Garden,PAR-V-20,PAR,vane,20,bee,Insecta,Hymenoptera,,,,Pollinator,August,11-08-2025,14-08-2025,39.74455504,-104.9288718,1623,Denver
Park Hill School Garden,PAR-V-21,PAR,vane,21,small bee,Insecta,Hymenoptera,Halictidae,,,Pollinator,August,11-08-2025,14-08-2025,39.74455504,-104.9288718,1623,Denver
Park Hill School Garden,PAR-V-22,PAR,vane,22,bumble flower beetle,Insecta,Coleoptera,Scarabaeidae,Euphoria,inda,Detritivore,August,11-08-2025,14-08-2025,39.74455504,-104.9288718,1623,Denver
Park Hill School Garden,PAR-V-23,PAR,vane,23,green stink bug,Insecta,Hemiptera,Pentatomidae,Thyanta,,Herbivore,August,11-08-2025,14-08-2025,39.74455504,-104.9288718,1623,Denver
Park Hill School Garden,PAR-V-24,PAR,vane,24,green lacewing,Insecta,Neuroptera,Chrysopidae,,,Predator,August,11-08-2025,14-08-2025,39.74455504,-104.9288718,1623,Denver
Park Hill School Garden,PAR-V-25,PAR,vane,25,green lacewing,Insecta,Neuroptera,Chrysopidae,,,Predator,August,11-08-2025,14-08-2025,39.74455504,-104.9288718,1623,Denver
Park Hill School Garden,PAR-V-26,PAR,vane,26,green lacewing,Insecta,Neuroptera,Chrysopidae,,,Predator,August,11-08-2025,14-08-2025,39.74455504,-104.9288718,1623,Denver
Park Hill School Garden,PAR-P-1,PAR,pitfall-1,1,mite,Arachnida,Acariformes,,,,,August,11-08-2025,14-08-2025,39.74455504,-104.9288718,1623,Denver
Park Hill School Garden,PAR-P-2,PAR,pitfall-1,2,mite,Arachnida,Acariformes,,,,,August,11-08-2025,14-08-2025,39.74455504,-104.9288718,1623,Denver
Park Hill School Garden,PAR-P-3,PAR,pitfall-1,3,mite,Arachnida,Acariformes,,,,,August,11-08-2025,14-08-2025,39.74455504,-104.9288718,1623,Denver
Park Hill School Garden,PAR-P-4,PAR,pitfall-1,4,mite,Arachnida,Acariformes,,,,,August,11-08-2025,14-08-2025,39.74455504,-104.9288718,1623,Denver
Park Hill School Garden,PAR-P-5,PAR,pitfall-1,5,mite,Arachnida,Acariformes,,,,,August,11-08-2025,14-08-2025,39.74455504,-104.9288718,1623,Denver
Park Hill School Garden,PAR-P-6,PAR,pitfall-1,6,mite,Arachnida,Acariformes,,,,,August,11-08-2025,14-08-2025,39.74455504,-104.9288718,1623,Denver
Park Hill School Garden,PAR-P-7,PAR,pitfall-1,7,mite,Arachnida,Acariformes,,,,,August,11-08-2025,14-08-2025,39.74455504,-104.9288718,1623,Denver
Park Hill School Garden,PAR-P-8,PAR,pitfall-1,8,mite,Arachnida,Acariformes,,,,,August,11-08-2025,14-08-2025,39.74455504,-104.9288718,1623,Denver
Park Hill School Garden,PAR-P-9,PAR,pitfall-1,9,mite,Arachnida,Acariformes,,,,,August,11-08-2025,14-08-2025,39.74455504,-104.9288718,1623,Denver
Park Hill School Garden,PAR-P-10,PAR,pitfall-1,10,mite,Arachnida,Acariformes,,,,,August,11-08-2025,14-08-2025,39.74455504,-104.9288718,1623,Denver
Park Hill School Garden,PAR-P-11,PAR,pitfall-1,11,mite,Arachnida,Acariformes,,,,,August,11-08-2025,14-08-2025,39.74455504,-104.9288718,1623,Denver
Park Hill School Garden,PAR-P-12,PAR,pitfall-1,12,mite,Arachnida,Acariformes,,,,,August,11-08-2025,14-08-2025,39.74455504,-104.9288718,1623,Denver
Park Hill School Garden,PAR-P-13,PAR,pitfall-1,13,mite,Arachnida,Acariformes,,,,,August,11-08-2025,14-08-2025,39.74455504,-104.9288718,1623,Denver
Park Hill School Garden,PAR-P-14,PAR,pitfall-1,14,mite,Arachnida,Acariformes,,,,,August,11-08-2025,14-08-2025,39.74455504,-104.9288718,1623,Denver
Park Hill School Garden,PAR-P-15,PAR,pitfall-1,15,mite,Arachnida,Acariformes,,,,,August,11-08-2025,14-08-2025,39.74455504,-104.9288718,1623,Denver
Park Hill School Garden,PAR-P-16,PAR,pitfall-1,16,mite,Arachnida,Acariformes,,,,,August,11-08-2025,14-08-2025,39.74455504,-104.9288718,1623,Denver
Park Hill School Garden,PAR-P-17,PAR,pitfall-1,17,mite,Arachnida,Acariformes,,,,,August,11-08-2025,14-08-2025,39.74455504,-104.9288718,1623,Denver
Park Hill School Garden,PAR-P-18,PAR,pitfall-1,18,mite,Arachnida,Acariformes,,,,,August,11-08-2025,14-08-2025,39.74455504,-104.9288718,1623,Denver
Park Hill School Garden,PAR-P-19,PAR,pitfall-1,19,mite,Arachnida,Acariformes,,,,,August,11-08-2025,14-08-2025,39.74455504,-104.9288718,1623,Denver
Park Hill School Garden,PAR-P-20,PAR,pitfall-1,20,mite,Arachnida,Acariformes,,,,,August,11-08-2025,14-08-2025,39.74455504,-104.9288718,1623,Denver
Park Hill School Garden,PAR-P-21,PAR,pitfall-1,21,mite,Arachnida,Acariformes,,,,,August,11-08-2025,14-08-2025,39.74455504,-104.9288718,1623,Denver
Park Hill School Garden,PAR-P-22,PAR,pitfall-1,22,mite,Arachnida,Acariformes,,,,,August,11-08-2025,14-08-2025,39.74455504,-104.9288718,1623,Denver
Park Hill School Garden,PAR-P-23,PAR,pitfall-1,23,mite,Arachnida,Acariformes,,,,,August,11-08-2025,14-08-2025,39.74455504,-104.9288718,1623,Denver
Park Hill School Garden,PAR-P-24,PAR,pitfall-1,24,mite,Arachnida,Acariformes,,,,,August,11-08-2025,14-08-2025,39.74455504,-104.9288718,1623,Denver
Park Hill School Garden,PAR-P-25,PAR,pitfall-1,25,mite,Arachnida,Acariformes,,,,,August,11-08-2025,14-08-2025,39.74455504,-104.9288718,1623,Denver
Park Hill School Garden,PAR-P-26,PAR,pitfall-1,26,mite,Arachnida,Acariformes,,,,,August,11-08-2025,14-08-2025,39.74455504,-104.9288718,1623,Denver
Park Hill School Garden,PAR-P-27,PAR,pitfall-1,27,mite,Arachnida,Acariformes,,,,,August,11-08-2025,14-08-2025,39.74455504,-104.9288718,1623,Denver
Park Hill School Garden,PAR-P-28,PAR,pitfall-1,28,mite,Arachnida,Acariformes,,,,,August,11-08-2025,14-08-2025,39.74455504,-104.9288718,1623,Denver
Park Hill School Garden,PAR-P-29,PAR,pitfall-1,29,mite,Arachnida,Acariformes,,,,,August,11-08-2025,14-08-2025,39.74455504,-104.9288718,1623,Denver
Park Hill School Garden,PAR-P-30,PAR,pitfall-1,30,mite,Arachnida,Acariformes,,,,,August,11-08-2025,14-08-2025,39.74455504,-104.9288718,1623,Denver
Park Hill School Garden,PAR-P-31,PAR,pitfall-1,31,mite,Arachnida,Acariformes,,,,,August,11-08-2025,14-08-2025,39.74455504,-104.9288718,1623,Denver
Park Hill School Garden,PAR-P-32,PAR,pitfall-1,32,mite,Arachnida,Acariformes,,,,,August,11-08-2025,14-08-2025,39.74455504,-104.9288718,1623,Denver
Park Hill School Garden,PAR-P-33,PAR,pitfall-1,33,mite,Arachnida,Acariformes,,,,,August,11-08-2025,14-08-2025,39.74455504,-104.9288718,1623,Denver
Park Hill School Garden,PAR-P-34,PAR,pitfall-1,34,mite,Arachnida,Acariformes,,,,,August,11-08-2025,14-08-2025,39.74455504,-104.9288718,1623,Denver
Park Hill School Garden,PAR-P-35,PAR,pitfall-1,35,mite,Arachnida,Acariformes,,,,,August,11-08-2025,14-08-2025,39.74455504,-104.9288718,1623,Denver
Park Hill School Garden,PAR-P-36,PAR,pitfall-1,36,mite,Arachnida,Acariformes,,,,,August,11-08-2025,14-08-2025,39.74455504,-104.9288718,1623,Denver
Park Hill School Garden,PAR-P-37,PAR,pitfall-1,37,mite,Arachnida,Acariformes,,,,,August,11-08-2025,14-08-2025,39.74455504,-104.9288718,1623,Denver
Park Hill School Garden,PAR-P-38,PAR,pitfall-1,38,mite,Arachnida,Acariformes,,,,,August,11-08-2025,14-08-2025,39.74455504,-104.9288718,1623,Denver
Park Hill School Garden,PAR-P-39,PAR,pitfall-1,39,mite,Arachnida,Acariformes,,,,,August,11-08-2025,14-08-2025,39.74455504,-104.9288718,1623,Denver
Park Hill School Garden,PAR-P-40,PAR,pitfall-1,40,mite,Arachnida,Acariformes,,,,,August,11-08-2025,14-08-2025,39.74455504,-104.9288718,1623,Denver
Park Hill School Garden,PAR-P-41,PAR,pitfall-1,41,mite,Arachnida,Acariformes,,,,,August,11-08-2025,14-08-2025,39.74455504,-104.9288718,1623,Denver
Park Hill School Garden,PAR-P-42,PAR,pitfall-1,42,mite,Arachnida,Acariformes,,,,,August,11-08-2025,14-08-2025,39.74455504,-104.9288718,1623,Denver
Park Hill School Garden,PAR-P-43,PAR,pitfall-1,43,mite,Arachnida,Acariformes,,,,,August,11-08-2025,14-08-2025,39.74455504,-104.9288718,1623,Denver
Park Hill School Garden,PAR-P-44,PAR,pitfall-1,44,mite,Arachnida,Acariformes,,,,,August,11-08-2025,14-08-2025,39.74455504,-104.9288718,1623,Denver
Park Hill School Garden,PAR-P-45,PAR,pitfall-1,45,mite,Arachnida,Acariformes,,,,,August,11-08-2025,14-08-2025,39.74455504,-104.9288718,1623,Denver
Park Hill School Garden,PAR-P-46,PAR,pitfall-1,46,mite,Arachnida,Acariformes,,,,,August,11-08-2025,14-08-2025,39.74455504,-104.9288718,1623,Denver
Park Hill School Garden,PAR-P-47,PAR,pitfall-1,47,mite,Arachnida,Acariformes,,,,,August,11-08-2025,14-08-2025,39.74455504,-104.9288718,1623,Denver
Park Hill School Garden,PAR-P-48,PAR,pitfall-1,48,mite,Arachnida,Acariformes,,,,,August,11-08-2025,14-08-2025,39.74455504,-104.9288718,1623,Denver
Park Hill School Garden,PAR-P-49,PAR,pitfall-1,49,mite,Arachnida,Acariformes,,,,,August,11-08-2025,14-08-2025,39.74455504,-104.9288718,1623,Denver
Park Hill School Garden,PAR-P-50,PAR,pitfall-1,50,mite,Arachnida,Acariformes,,,,,August,11-08-2025,14-08-2025,39.74455504,-104.9288718,1623,Denver
Park Hill School Garden,PAR-P-51,PAR,pitfall-1,51,mite,Arachnida,Acariformes,,,,,August,11-08-2025,14-08-2025,39.74455504,-104.9288718,1623,Denver
Park Hill School Garden,PAR-P-52,PAR,pitfall-1,52,mite,Arachnida,Acariformes,,,,,August,11-08-2025,14-08-2025,39.74455504,-104.9288718,1623,Denver
Park Hill School Garden,PAR-P-53,PAR,pitfall-1,53,mite,Arachnida,Acariformes,,,,,August,11-08-2025,14-08-2025,39.74455504,-104.9288718,1623,Denver
Park Hill School Garden,PAR-P-54,PAR,pitfall-1,54,mite,Arachnida,Acariformes,,,,,August,11-08-2025,14-08-2025,39.74455504,-104.9288718,1623,Denver
Park Hill School Garden,PAR-P-55,PAR,pitfall-1,55,mite,Arachnida,Acariformes,,,,,August,11-08-2025,14-08-2025,39.74455504,-104.9288718,1623,Denver
Park Hill School Garden,PAR-P-56,PAR,pitfall-1,56,mite,Arachnida,Acariformes,,,,,August,11-08-2025,14-08-2025,39.74455504,-104.9288718,1623,Denver
Park Hill School Garden,PAR-P-57,PAR,pitfall-1,57,mite,Arachnida,Acariformes,,,,,August,11-08-2025,14-08-2025,39.74455504,-104.9288718,1623,Denver
Park Hill School Garden,PAR-P-58,PAR,pitfall-1,58,mite,Arachnida,Acariformes,,,,,August,11-08-2025,14-08-2025,39.74455504,-104.9288718,1623,Denver
Park Hill School Garden,PAR-P-59,PAR,pitfall-1,59,mite,Arachnida,Acariformes,,,,,August,11-08-2025,14-08-2025,39.74455504,-104.9288718,1623,Denver
Park Hill School Garden,PAR-P-60,PAR,pitfall-1,60,mite,Arachnida,Acariformes,,,,,August,11-08-2025,14-08-2025,39.74455504,-104.9288718,1623,Denver
Park Hill School Garden,PAR-P-61,PAR,pitfall-1,61,mite,Arachnida,Acariformes,,,,,August,11-08-2025,14-08-2025,39.74455504,-104.9288718,1623,Denver
Park Hill School Garden,PAR-P-62,PAR,pitfall-1,62,mite,Arachnida,Acariformes,,,,,August,11-08-2025,14-08-2025,39.74455504,-104.9288718,1623,Denver
Park Hill School Garden,PAR-P-63,PAR,pitfall-1,63,mite,Arachnida,Acariformes,,,,,August,11-08-2025,14-08-2025,39.74455504,-104.9288718,1623,Denver
Park Hill School Garden,PAR-P-64,PAR,pitfall-1,64,mite,Arachnida,Acariformes,,,,,August,11-08-2025,14-08-2025,39.74455504,-104.9288718,1623,Denver
Park Hill School Garden,PAR-P-65,PAR,pitfall-1,65,mite,Arachnida,Acariformes,,,,,August,11-08-2025,14-08-2025,39.74455504,-104.9288718,1623,Denver
Park Hill School Garden,PAR-P-66,PAR,pitfall-1,66,mite,Arachnida,Acariformes,,,,,August,11-08-2025,14-08-2025,39.74455504,-104.9288718,1623,Denver
Park Hill School Garden,PAR-P-67,PAR,pitfall-1,67,mite,Arachnida,Acariformes,,,,,August,11-08-2025,14-08-2025,39.74455504,-104.9288718,1623,Denver
Park Hill School Garden,PAR-P-68,PAR,pitfall-1,68,mite,Arachnida,Acariformes,,,,,August,11-08-2025,14-08-2025,39.74455504,-104.9288718,1623,Denver
Park Hill School Garden,PAR-P-69,PAR,pitfall-1,69,mite,Arachnida,Acariformes,,,,,August,11-08-2025,14-08-2025,39.74455504,-104.9288718,1623,Denver
Park Hill School Garden,PAR-P-70,PAR,pitfall-1,70,mite,Arachnida,Acariformes,,,,,August,11-08-2025,14-08-2025,39.74455504,-104.9288718,1623,Denver
Park Hill School Garden,PAR-P-71,PAR,pitfall-1,71,mite,Arachnida,Acariformes,,,,,August,11-08-2025,14-08-2025,39.74455504,-104.9288718,1623,Denver
Park Hill School Garden,PAR-P-72,PAR,pitfall-1,72,ant,Insecta,Hymenoptera,Formicidae,,,,August,11-08-2025,14-08-2025,39.74455504,-104.9288718,1623,Denver
Park Hill School Garden,PAR-P-73,PAR,pitfall-1,73,ant,Insecta,Hymenoptera,Formicidae,,,,August,11-08-2025,14-08-2025,39.74455504,-104.9288718,1623,Denver
Park Hill School Garden,PAR-P-74,PAR,pitfall-1,74,ant,Insecta,Hymenoptera,Formicidae,,,,August,11-08-2025,14-08-2025,39.74455504,-104.9288718,1623,Denver
Park Hill School Garden,PAR-P-75,PAR,pitfall-1,75,ant,Insecta,Hymenoptera,Formicidae,,,,August,11-08-2025,14-08-2025,39.74455504,-104.9288718,1623,Denver
Park Hill School Garden,PAR-P-76,PAR,pitfall-1,76,ant,Insecta,Hymenoptera,Formicidae,,,,August,11-08-2025,14-08-2025,39.74455504,-104.9288718,1623,Denver
Park Hill School Garden,PAR-P-77,PAR,pitfall-1,77,ant,Insecta,Hymenoptera,Formicidae,,,,August,11-08-2025,14-08-2025,39.74455504,-104.9288718,1623,Denver
Park Hill School Garden,PAR-P-78,PAR,pitfall-1,78,ant,Insecta,Hymenoptera,Formicidae,,,,August,11-08-2025,14-08-2025,39.74455504,-104.9288718,1623,Denver
Park Hill School Garden,PAR-P-79,PAR,pitfall-1,79,ant queen,Insecta,Hymenoptera,Formicidae,,,,August,11-08-2025,14-08-2025,39.74455504,-104.9288718,1623,Denver
Park Hill School Garden,PAR-P-80,PAR,pitfall-1,80,spider,Arachnidae,Araneae,,,,Predator,August,11-08-2025,14-08-2025,39.74455504,-104.9288718,1623,Denver
Park Hill School Garden,PAR-P-81,PAR,pitfall-1,81,beetle,Insecta,Coleoptera,,,,,August,11-08-2025,14-08-2025,39.74455504,-104.9288718,1623,Denver
Sabin School Garden,SAB-V-1,SAB,vane,1,black longhorn,Insecta,Hymenoptera,Apidae,Melissodes,bimaculatus,Pollinator,August,11-08-2025,14-08-2025,39.6597862,-105.0462203,1638,Denver
Sabin School Garden,SAB-V-2,SAB,vane,2,squashbee,Insecta,Hymenoptera,Apidae,Eucera,pruinosa,Pollinator,August,11-08-2025,14-08-2025,39.6597862,-105.0462203,1638,Denver
Sabin School Garden,SAB-V-3,SAB,vane,3,squashbee,Insecta,Hymenoptera,Apidae,Eucera,pruinosa,Pollinator,August,11-08-2025,14-08-2025,39.6597862,-105.0462203,1638,Denver
Sabin School Garden,SAB-V-4,SAB,vane,4,squashbee,Insecta,Hymenoptera,Apidae,Eucera,pruinosa,Pollinator,August,11-08-2025,14-08-2025,39.6597862,-105.0462203,1638,Denver
Sabin School Garden,SAB-V-5,SAB,vane,5,squashbee,Insecta,Hymenoptera,Apidae,Eucera,pruinosa,Pollinator,August,11-08-2025,14-08-2025,39.6597862,-105.0462203,1638,Denver
Sabin School Garden,SAB-V-6,SAB,vane,6,squashbee,Insecta,Hymenoptera,Apidae,Eucera,pruinosa,Pollinator,August,11-08-2025,14-08-2025,39.6597862,-105.0462203,1638,Denver
Sabin School Garden,SAB-V-7,SAB,vane,7,squashbee,Insecta,Hymenoptera,Apidae,Eucera,pruinosa,Pollinator,August,11-08-2025,14-08-2025,39.6597862,-105.0462203,1638,Denver
Sabin School Garden,SAB-V-8,SAB,vane,8,squashbee,Insecta,Hymenoptera,Apidae,Eucera,pruinosa,Pollinator,August,11-08-2025,14-08-2025,39.6597862,-105.0462203,1638,Denver
Sabin School Garden,SAB-V-9,SAB,vane,9,squashbee,Insecta,Hymenoptera,Apidae,Eucera,pruinosa,Pollinator,August,11-08-2025,14-08-2025,39.6597862,-105.0462203,1638,Denver
Sabin School Garden,SAB-V-10,SAB,vane,10,squashbee,Insecta,Hymenoptera,Apidae,Eucera,pruinosa,Pollinator,August,11-08-2025,14-08-2025,39.6597862,-105.0462203,1638,Denver
Sabin School Garden,SAB-V-11,SAB,vane,11,squashbee,Insecta,Hymenoptera,Apidae,Eucera,pruinosa,Pollinator,August,11-08-2025,14-08-2025,39.6597862,-105.0462203,1638,Denver
Sabin School Garden,SAB-V-12,SAB,vane,12,longhorn,Insecta,Hymenoptera,Apidae,,,Pollinator,August,11-08-2025,14-08-2025,39.6597862,-105.0462203,1638,Denver
Sabin School Garden,SAB-V-13,SAB,vane,13,longhorn,Insecta,Hymenoptera,Apidae,,,Pollinator,August,11-08-2025,14-08-2025,39.6597862,-105.0462203,1638,Denver
Sabin School Garden,SAB-V-14,SAB,vane,14,longhorn,Insecta,Hymenoptera,Apidae,,,Pollinator,August,11-08-2025,14-08-2025,39.6597862,-105.0462203,1638,Denver
Sabin School Garden,SAB-V-15,SAB,vane,15,green sweatbee,Insecta,Hymenoptera,Halictidae,Agapostemon,,Pollinator,August,11-08-2025,14-08-2025,39.6597862,-105.0462203,1638,Denver
Sabin School Garden,SAB-V-16,SAB,vane,16,green sweatbee,Insecta,Hymenoptera,Halictidae,Agapostemon,,Pollinator,August,11-08-2025,14-08-2025,39.6597862,-105.0462203,1638,Denver
Sabin School Garden,SAB-V-17,SAB,vane,17,yellowjacket,Insecta,Hymenoptera,Vespidae,,,Predator,August,11-08-2025,14-08-2025,39.6597862,-105.0462203,1638,Denver
Sabin School Garden,SAB-V-18,SAB,vane,18,fly,Insecta,Diptera,,,,,August,11-08-2025,14-08-2025,39.6597862,-105.0462203,1638,Denver
Sabin School Garden,SAB-V-19,SAB,vane,19,trichoptera,Insecta,Trichoptera,,,,Aquatic Scavenger,August,11-08-2025,14-08-2025,39.6597862,-105.0462203,1638,Denver
Sabin School Garden,SAB-V-20,SAB,vane,20,green lacewing,Insecta,Neuroptera,Chrysopidae,,,Predator,August,11-08-2025,14-08-2025,39.6597862,-105.0462203,1638,Denver
Sabin School Garden,SAB-V-21,SAB,vane,21,green lacewing,Insecta,Neuroptera,Chrysopidae,,,Predator,August,11-08-2025,14-08-2025,39.6597862,-105.0462203,1638,Denver
Sabin School Garden,SAB-V-22,SAB,vane,22,green lacewing,Insecta,Neuroptera,Chrysopidae,,,Predator,August,11-08-2025,14-08-2025,39.6597862,-105.0462203,1638,Denver
Sabin School Garden,SAB-V-23,SAB,vane,23,green lacewing,Insecta,Neuroptera,Chrysopidae,,,Predator,August,11-08-2025,14-08-2025,39.6597862,-105.0462203,1638,Denver
Sabin School Garden,SAB-V-24,SAB,vane,24,green lacewing,Insecta,Neuroptera,Chrysopidae,,,Predator,August,11-08-2025,14-08-2025,39.6597862,-105.0462203,1638,Denver
Sabin School Garden,SAB-P-1,SAB,pitfall-1,1,ant,Insecta,Hymenoptera,Formicidae,,,,August,11-08-2025,14-08-2025,39.6597862,-105.0462203,1638,Denver
Sabin School Garden,SAB-P-2,SAB,pitfall-1,2,ant,Insecta,Hymenoptera,Formicidae,,,,August,11-08-2025,14-08-2025,39.6597862,-105.0462203,1638,Denver
Sabin School Garden,SAB-P-3,SAB,pitfall-1,3,ant,Insecta,Hymenoptera,Formicidae,,,,August,11-08-2025,14-08-2025,39.6597862,-105.0462203,1638,Denver
Sabin School Garden,SAB-P-4,SAB,pitfall-1,4,ant,Insecta,Hymenoptera,Formicidae,,,,August,11-08-2025,14-08-2025,39.6597862,-105.0462203,1638,Denver
Sabin School Garden,SAB-P-5,SAB,pitfall-1,5,ant,Insecta,Hymenoptera,Formicidae,,,,August,11-08-2025,14-08-2025,39.6597862,-105.0462203,1638,Denver
Sabin School Garden,SAB-P-6,SAB,pitfall-1,6,ant,Insecta,Hymenoptera,Formicidae,,,,August,11-08-2025,14-08-2025,39.6597862,-105.0462203,1638,Denver
Sabin School Garden,SAB-P-7,SAB,pitfall-1,7,ant,Insecta,Hymenoptera,Formicidae,,,,August,11-08-2025,14-08-2025,39.6597862,-105.0462203,1638,Denver
Sabin School Garden,SAB-P-8,SAB,pitfall-1,8,ant,Insecta,Hymenoptera,Formicidae,,,,August,11-08-2025,14-08-2025,39.6597862,-105.0462203,1638,Denver
Sabin School Garden,SAB-P-9,SAB,pitfall-1,9,ant,Insecta,Hymenoptera,Formicidae,,,,August,11-08-2025,14-08-2025,39.6597862,-105.0462203,1638,Denver
Sabin School Garden,SAB-P-10,SAB,pitfall-1,10,ant,Insecta,Hymenoptera,Formicidae,,,,August,11-08-2025,14-08-2025,39.6597862,-105.0462203,1638,Denver
Sabin School Garden,SAB-P-11,SAB,pitfall-1,11,pillbug,Malacostraca,Isopoda,,,,Detritivore,August,11-08-2025,14-08-2025,39.6597862,-105.0462203,1638,Denver
Sabin School Garden,SAB-P-12,SAB,pitfall-1,12,pillbug,Malacostraca,Isopoda,,,,Detritivore,August,11-08-2025,14-08-2025,39.6597862,-105.0462203,1638,Denver
Sabin School Garden,SAB-P-13,SAB,pitfall-1,13,pillbug,Malacostraca,Isopoda,,,,Detritivore,August,11-08-2025,14-08-2025,39.6597862,-105.0462203,1638,Denver
Sabin School Garden,SAB-P-14,SAB,pitfall-1,14,pillbug,Malacostraca,Isopoda,,,,Detritivore,August,11-08-2025,14-08-2025,39.6597862,-105.0462203,1638,Denver
Sabin School Garden,SAB-P-15,SAB,pitfall-1,15,pillbug,Malacostraca,Isopoda,,,,Detritivore,August,11-08-2025,14-08-2025,39.6597862,-105.0462203,1638,Denver
Sabin School Garden,SAB-P-16,SAB,pitfall-1,16,jumper,Arachnida,Araneae,Salticidae,,,Predator,August,11-08-2025,14-08-2025,39.6597862,-105.0462203,1638,Denver
Sabin School Garden,SAB-P-17,SAB,pitfall-1,17,rove beetle,Insecta,Coleoptera,Staphylinidae,,,Predator,August,11-08-2025,14-08-2025,39.6597862,-105.0462203,1638,Denver
Sabin School Garden,SAB-P-18,SAB,pitfall-1,18,fruit fly,Insecta,Diptera,Drosophilidae,,,,August,11-08-2025,14-08-2025,39.6597862,-105.0462203,1638,Denver
Sabin School Garden,SAB-P-19,SAB,pitfall-1,19,ant,Insecta,Hymenoptera,Formicidae,,,,August,11-08-2025,14-08-2025,39.6597862,-105.0462203,1638,Denver
Sabin School Garden,SAB-P-20,SAB,pitfall-2,20,mite,Arachnida,Acariformes,,,,,August,11-08-2025,14-08-2025,39.6597862,-105.0462203,1638,Denver
Sabin School Garden,SAB-P-21,SAB,pitfall-2,21,mite,Arachnida,Acariformes,,,,,August,11-08-2025,14-08-2025,39.6597862,-105.0462203,1638,Denver
Sabin School Garden,SAB-P-22,SAB,pitfall-2,22,mite,Arachnida,Acariformes,,,,,August,11-08-2025,14-08-2025,39.6597862,-105.0462203,1638,Denver
Sabin School Garden,SAB-P-23,SAB,pitfall-2,23,mite,Arachnida,Acariformes,,,,,August,11-08-2025,14-08-2025,39.6597862,-105.0462203,1638,Denver
Sabin School Garden,SAB-P-24,SAB,pitfall-2,24,mite,Arachnida,Acariformes,,,,,August,11-08-2025,14-08-2025,39.6597862,-105.0462203,1638,Denver
Sabin School Garden,SAB-P-25,SAB,pitfall-2,25,mite,Arachnida,Acariformes,,,,,August,11-08-2025,14-08-2025,39.6597862,-105.0462203,1638,Denver
Sabin School Garden,SAB-P-26,SAB,pitfall-2,26,mite,Arachnida,Acariformes,,,,,August,11-08-2025,14-08-2025,39.6597862,-105.0462203,1638,Denver
Sabin School Garden,SAB-P-27,SAB,pitfall-2,27,ant,Insecta,Hymenoptera,Formicidae,,,,August,11-08-2025,14-08-2025,39.6597862,-105.0462203,1638,Denver
Sabin School Garden,SAB-P-28,SAB,pitfall-2,28,ant,Insecta,Hymenoptera,Formicidae,,,,August,11-08-2025,14-08-2025,39.6597862,-105.0462203,1638,Denver
Sabin School Garden,SAB-P-29,SAB,pitfall-2,29,ant,Insecta,Hymenoptera,Formicidae,,,,August,11-08-2025,14-08-2025,39.6597862,-105.0462203,1638,Denver
Sabin School Garden,SAB-P-30,SAB,pitfall-2,30,ant,Insecta,Hymenoptera,Formicidae,,,,August,11-08-2025,14-08-2025,39.6597862,-105.0462203,1638,Denver
Sabin School Garden,SAB-P-31,SAB,pitfall-2,31,ant,Insecta,Hymenoptera,Formicidae,,,,August,11-08-2025,14-08-2025,39.6597862,-105.0462203,1638,Denver
Sabin School Garden,SAB-P-32,SAB,pitfall-2,32,ant,Insecta,Hymenoptera,Formicidae,,,,August,11-08-2025,14-08-2025,39.6597862,-105.0462203,1638,Denver
Sabin School Garden,SAB-P-33,SAB,pitfall-2,33,ant,Insecta,Hymenoptera,Formicidae,,,,August,11-08-2025,14-08-2025,39.6597862,-105.0462203,1638,Denver
Samuels School Community Garden,SAM-V-1,SAM,vane,1,squashbee,Insecta,Hymenoptera,Apidae,Eucera,pruinosa,Pollinator,August,,,39.6434894,-104.8925304,1696,Denver
Samuels School Community Garden,SAM-V-2,SAM,vane,2,squashbee,Insecta,Hymenoptera,Apidae,Eucera,pruinosa,Pollinator,August,,,39.6434894,-104.8925304,1696,Denver
Samuels School Community Garden,SAM-V-3,SAM,vane,3,squashbee,Insecta,Hymenoptera,Apidae,Eucera,pruinosa,Pollinator,August,,,39.6434894,-104.8925304,1696,Denver
Samuels School Community Garden,SAM-V-4,SAM,vane,4,squashbee,Insecta,Hymenoptera,Apidae,Eucera,pruinosa,Pollinator,August,,,39.6434894,-104.8925304,1696,Denver
Samuels School Community Garden,SAM-V-5,SAM,vane,5,squashbee,Insecta,Hymenoptera,Apidae,Eucera,pruinosa,Pollinator,August,,,39.6434894,-104.8925304,1696,Denver
Samuels School Community Garden,SAM-V-6,SAM,vane,6,squashbee,Insecta,Hymenoptera,Apidae,Eucera,pruinosa,Pollinator,August,,,39.6434894,-104.8925304,1696,Denver
Samuels School Community Garden,SAM-V-7,SAM,vane,7,squashbee,Insecta,Hymenoptera,Apidae,Eucera,pruinosa,Pollinator,August,,,39.6434894,-104.8925304,1696,Denver
Samuels School Community Garden,SAM-V-8,SAM,vane,8,squashbee,Insecta,Hymenoptera,Apidae,Eucera,pruinosa,Pollinator,August,,,39.6434894,-104.8925304,1696,Denver
Samuels School Community Garden,SAM-V-9,SAM,vane,9,squashbee,Insecta,Hymenoptera,Apidae,Eucera,pruinosa,Pollinator,August,,,39.6434894,-104.8925304,1696,Denver
Samuels School Community Garden,SAM-V-10,SAM,vane,10,longhorn bee,Insecta,Hymenoptera,Apidae,,,Pollinator,August,,,39.6434894,-104.8925304,1696,Denver
Samuels School Community Garden,SAM-V-11,SAM,vane,11,longhorn bee,Insecta,Hymenoptera,Apidae,,,Pollinator,August,,,39.6434894,-104.8925304,1696,Denver
Samuels School Community Garden,SAM-V-12,SAM,vane,12,longhorn bee,Insecta,Hymenoptera,Apidae,,,Pollinator,August,,,39.6434894,-104.8925304,1696,Denver
Samuels School Community Garden,SAM-V-13,SAM,vane,13,longhorn bee,Insecta,Hymenoptera,Apidae,,,Pollinator,August,,,39.6434894,-104.8925304,1696,Denver
Samuels School Community Garden,SAM-V-14,SAM,vane,14,longhorn bee,Insecta,Hymenoptera,Apidae,,,Pollinator,August,,,39.6434894,-104.8925304,1696,Denver
Samuels School Community Garden,SAM-V-15,SAM,vane,15,longhorn bee,Insecta,Hymenoptera,Apidae,,,Pollinator,August,,,39.6434894,-104.8925304,1696,Denver
Samuels School Community Garden,SAM-V-16,SAM,vane,16,bee,Insecta,Hymenoptera,,,,Pollinator,August,,,39.6434894,-104.8925304,1696,Denver
Samuels School Community Garden,SAM-V-17,SAM,vane,17,bee,Insecta,Hymenoptera,,,,Pollinator,August,,,39.6434894,-104.8925304,1696,Denver
Samuels School Community Garden,SAM-V-18,SAM,vane,18,bee,Insecta,Hymenoptera,,,,Pollinator,August,,,39.6434894,-104.8925304,1696,Denver
Samuels School Community Garden,SAM-V-19,SAM,vane,19,bee,Insecta,Hymenoptera,,,,Pollinator,August,,,39.6434894,-104.8925304,1696,Denver
Samuels School Community Garden,SAM-V-20,SAM,vane,20,sweat bee,Insecta,Hymenoptera,Halictidae,Halictus,,Pollinator,August,,,39.6434894,-104.8925304,1696,Denver
Samuels School Community Garden,SAM-V-21,SAM,vane,21,bumble flower beetle,Insecta,Coleoptera,,,,Detritivore,August,,,39.6434894,-104.8925304,1696,Denver
Samuels School Community Garden,SAM-V-22,SAM,vane,22,japanese beetle,Insecta,Coleoptera,,,,Herbivore,August,,,39.6434894,-104.8925304,1696,Denver
Samuels School Community Garden,SAM-V-23,SAM,vane,23,japanese beetle,Insecta,Coleoptera,,,,Herbivore,August,,,39.6434894,-104.8925304,1696,Denver
Samuels School Community Garden,SAM-V-24,SAM,vane,24,japanese beetle,Insecta,Coleoptera,,,,Herbivore,August,,,39.6434894,-104.8925304,1696,Denver
Samuels School Community Garden,SAM-V-25,SAM,vane,25,japanese beetle,Insecta,Coleoptera,,,,Herbivore,August,,,39.6434894,-104.8925304,1696,Denver
Samuels School Community Garden,SAM-V-26,SAM,vane,26,japanese beetle,Insecta,Coleoptera,,,,Herbivore,August,,,39.6434894,-104.8925304,1696,Denver
Samuels School Community Garden,SAM-V-27,SAM,vane,27,ladybird,Insecta,Coleoptera,,,,Predator,August,,,39.6434894,-104.8925304,1696,Denver
Samuels School Community Garden,SAM-V-28,SAM,vane,28,fly,Insecta,Diptera,,,,,August,,,39.6434894,-104.8925304,1696,Denver
Samuels School Community Garden,SAM-V-29,SAM,vane,29,fly,Insecta,Diptera,,,,,August,,,39.6434894,-104.8925304,1696,Denver
Samuels School Community Garden,SAM-V-30,SAM,vane,30,fly,Insecta,Diptera,,,,,August,,,39.6434894,-104.8925304,1696,Denver
Samuels School Community Garden,SAM-V-31,SAM,vane,31,green lacewing,Insecta,Neuroptera,,,,Predator,August,,,39.6434894,-104.8925304,1696,Denver
Samuels School Community Garden,SAM-V-32,SAM,vane,32,green lacewing,Insecta,Neuroptera,,,,Predator,August,,,39.6434894,-104.8925304,1696,Denver
Samuels School Community Garden,SAM-V-33,SAM,vane,33,green lacewing,Insecta,Neuroptera,,,,Predator,August,,,39.6434894,-104.8925304,1696,Denver
Samuels School Community Garden,SAM-V-34,SAM,vane,34,green lacewing,Insecta,Neuroptera,,,,Predator,August,,,39.6434894,-104.8925304,1696,Denver
Samuels School Community Garden,SAM-V-35,SAM,vane,35,green lacewing,Insecta,Neuroptera,,,,Predator,August,,,39.6434894,-104.8925304,1696,Denver
Samuels School Community Garden,SAM-V-36,SAM,vane,36,green lacewing,Insecta,Neuroptera,,,,Predator,August,,,39.6434894,-104.8925304,1696,Denver
Samuels School Community Garden,SAM-V-37,SAM,vane,37,green lacewing,Insecta,Neuroptera,,,,Predator,August,,,39.6434894,-104.8925304,1696,Denver
Samuels School Community Garden,SAM-V-38,SAM,vane,38,green lacewing,Insecta,Neuroptera,,,,Predator,August,,,39.6434894,-104.8925304,1696,Denver
Samuels School Community Garden,SAM-V-39,SAM,vane,39,green lacewing,Insecta,Neuroptera,,,,Predator,August,,,39.6434894,-104.8925304,1696,Denver
Samuels School Community Garden,SAM-V-40,SAM,vane,40,green lacewing,Insecta,Neuroptera,,,,Predator,August,,,39.6434894,-104.8925304,1696,Denver
Samuels School Community Garden,SAM-V-41,SAM,vane,41,green lacewing,Insecta,Neuroptera,,,,Predator,August,,,39.6434894,-104.8925304,1696,Denver
Shoshone Community Garden,SHO-V-42,SHO,vane,42,green lacewing,Insecta,Neuroptera,,,,Predator,August,,,39.76300286,-105.0094429,1614,Denver
Slater Elementary School Community Garden,SLA-V-,SLA,vane,,,,,,,,,August,,,39.75227273,-105.0928071,1685,Jefferson
Steck School Community Garden,STE-V-1,STE,vane,1,squashbee,Insecta,Hymenoptera,Apidae,Eucera,pruinosa,Pollinator,August,11-08-2025,14-08-2025,39.72417131,-104.9382635,1647,Denver
Steck School Community Garden,STE-V-2,STE,vane,2,squashbee,Insecta,Hymenoptera,Apidae,Eucera,pruinosa,Pollinator,August,11-08-2025,14-08-2025,39.72417131,-104.9382635,1647,Denver
Steck School Community Garden,STE-V-3,STE,vane,3,squashbee,Insecta,Hymenoptera,Apidae,Eucera,pruinosa,Pollinator,August,11-08-2025,14-08-2025,39.72417131,-104.9382635,1647,Denver
Steck School Community Garden,STE-V-4,STE,vane,4,squashbee,Insecta,Hymenoptera,Apidae,Eucera,pruinosa,Pollinator,August,11-08-2025,14-08-2025,39.72417131,-104.9382635,1647,Denver
Steck School Community Garden,STE-V-5,STE,vane,5,squashbee,Insecta,Hymenoptera,Apidae,Eucera,pruinosa,Pollinator,August,11-08-2025,14-08-2025,39.72417131,-104.9382635,1647,Denver
Steck School Community Garden,STE-V-6,STE,vane,6,squashbee,Insecta,Hymenoptera,Apidae,Eucera,pruinosa,Pollinator,August,11-08-2025,14-08-2025,39.72417131,-104.9382635,1647,Denver
Steck School Community Garden,STE-V-7,STE,vane,7,squashbee,Insecta,Hymenoptera,Apidae,Eucera,pruinosa,Pollinator,August,11-08-2025,14-08-2025,39.72417131,-104.9382635,1647,Denver
Steck School Community Garden,STE-V-8,STE,vane,8,squashbee,Insecta,Hymenoptera,Apidae,Eucera,pruinosa,Pollinator,August,11-08-2025,14-08-2025,39.72417131,-104.9382635,1647,Denver
Steck School Community Garden,STE-V-9,STE,vane,9,squashbee,Insecta,Hymenoptera,Apidae,Eucera,pruinosa,Pollinator,August,11-08-2025,14-08-2025,39.72417131,-104.9382635,1647,Denver
Steck School Community Garden,STE-V-10,STE,vane,10,squashbee,Insecta,Hymenoptera,Apidae,Eucera,pruinosa,Pollinator,August,11-08-2025,14-08-2025,39.72417131,-104.9382635,1647,Denver
Steck School Community Garden,STE-V-11,STE,vane,11,longhorn bee,Insecta,Hymenoptera,Apidae,,,Pollinator,August,11-08-2025,14-08-2025,39.72417131,-104.9382635,1647,Denver
Steck School Community Garden,STE-V-12,STE,vane,12,longhorn bee,Insecta,Hymenoptera,Apidae,,,Pollinator,August,11-08-2025,14-08-2025,39.72417131,-104.9382635,1647,Denver
Steck School Community Garden,STE-V-13,STE,vane,13,longhorn bee,Insecta,Hymenoptera,Apidae,,,Pollinator,August,11-08-2025,14-08-2025,39.72417131,-104.9382635,1647,Denver
Steck School Community Garden,STE-V-14,STE,vane,14,longhorn bee,Insecta,Hymenoptera,Apidae,,,Pollinator,August,11-08-2025,14-08-2025,39.72417131,-104.9382635,1647,Denver
Steck School Community Garden,STE-V-15,STE,vane,15,longhorn bee,Insecta,Hymenoptera,Apidae,,,Pollinator,August,11-08-2025,14-08-2025,39.72417131,-104.9382635,1647,Denver
Steck School Community Garden,STE-V-16,STE,vane,16,longhorn bee,Insecta,Hymenoptera,Apidae,,,Pollinator,August,11-08-2025,14-08-2025,39.72417131,-104.9382635,1647,Denver
Steck School Community Garden,STE-V-17,STE,vane,17,bumbleflower beetle,Insecta,Coleoptera,Scarabaeidae,Euphoria,inda,Detritivore,August,11-08-2025,14-08-2025,39.72417131,-104.9382635,1647,Denver
Steck School Community Garden,STE-V-18,STE,vane,18,bumbleflower beetle,Insecta,Coleoptera,Scarabaeidae,Euphoria,inda,Detritivore,August,11-08-2025,14-08-2025,39.72417131,-104.9382635,1647,Denver
Steck School Community Garden,STE-V-19,STE,vane,19,bumbleflower beetle,Insecta,Coleoptera,Scarabaeidae,Euphoria,inda,Detritivore,August,11-08-2025,14-08-2025,39.72417131,-104.9382635,1647,Denver
Steck School Community Garden,STE-V-20,STE,vane,20,japanese beetle,Insecta,Coleoptera,Scarabaeidae,Popillia,japonica,Herbivore,August,11-08-2025,14-08-2025,39.72417131,-104.9382635,1647,Denver
Steck School Community Garden,STE-V-21,STE,vane,21,japanese beetle,Insecta,Coleoptera,Scarabaeidae,Popillia,japonica,Herbivore,August,11-08-2025,14-08-2025,39.72417131,-104.9382635,1647,Denver
Steck School Community Garden,STE-V-22,STE,vane,22,japanese beetle,Insecta,Coleoptera,Scarabaeidae,Popillia,japonica,Herbivore,August,11-08-2025,14-08-2025,39.72417131,-104.9382635,1647,Denver
Steck School Community Garden,STE-V-23,STE,vane,23,mud dauber wasp,Insecta,Hymenoptera,Sphecidae,,,Parasitoid,August,11-08-2025,14-08-2025,39.72417131,-104.9382635,1647,Denver
Steck School Community Garden,STE-V-24,STE,vane,24,lacewing,Insecta,Neuroptera,,,,Predator,August,11-08-2025,14-08-2025,39.72417131,-104.9382635,1647,Denver
Steck School Community Garden,STE-V-25,STE,vane,25,lacewing,Insecta,Neuroptera,,,,Predator,August,11-08-2025,14-08-2025,39.72417131,-104.9382635,1647,Denver
Steck School Community Garden,STE-V-26,STE,vane,26,lacewing,Insecta,Neuroptera,,,,Predator,August,11-08-2025,14-08-2025,39.72417131,-104.9382635,1647,Denver
Steck School Community Garden,STE-V-27,STE,vane,27,lacewing,Insecta,Neuroptera,,,,Predator,August,11-08-2025,14-08-2025,39.72417131,-104.9382635,1647,Denver
Steck School Community Garden,STE-V-28,STE,vane,28,lacewing,Insecta,Neuroptera,,,,Predator,August,11-08-2025,14-08-2025,39.72417131,-104.9382635,1647,Denver
Steck School Community Garden,STE-V-29,STE,vane,29,lacewing,Insecta,Neuroptera,,,,Predator,August,11-08-2025,14-08-2025,39.72417131,-104.9382635,1647,Denver
Steck School Community Garden,STE-V-30,STE,vane,30,lacewing,Insecta,Neuroptera,,,,Predator,August,11-08-2025,14-08-2025,39.72417131,-104.9382635,1647,Denver
Steck School Community Garden,STE-V-31,STE,vane,31,lacewing,Insecta,Neuroptera,,,,Predator,August,11-08-2025,14-08-2025,39.72417131,-104.9382635,1647,Denver
West Colfax Community Urban Garden,WES-V-,WES,vane,,,,,,,,,August,,,39.73521415,-105.0458772,1616,Denver
Shoshone Community Garden,SHO-P-1,SHO,Pitfall-2,1,spider,Arachnida,Araneae,,,,Predator,August ,11-08-2025,14-08-2025,39.76300286,-105.0094429,1614,Denver
Shoshone Community Garden,SHO-P-2,SHO,Pitfall-2,2,spider,Arachnida,Araneae,,,,Predator,August ,11-08-2025,14-08-2025,39.76300286,-105.0094429,1614,Denver
Shoshone Community Garden,SHO-P-1,SHO,Pitfall-1,1,Hemipteran,Insecta,Hemiptera,,,,Herbivore,August ,11-08-2025,14-08-2025,39.76300286,-105.0094429,1614,Denver
Shoshone Community Garden,SHO-P-2,SHO,Pitfall-1,2,spider,Arachnida,Araneae,,,,Predator,August ,11-08-2025,14-08-2025,39.76300286,-105.0094429,1614,Denver
Shoshone Community Garden,SHO-P-3,SHO,Pitfall-1,3,spider,Arachnida,Araneae,,,,Predator,August ,11-08-2025,14-08-2025,39.76300286,-105.0094429,1614,Denver
Shoshone Community Garden,SHO-P-4,SHO,Pitfall-1,4,spider,Arachnida,Araneae,,,,Predator,August,11-08-2025,14-08-2025,39.76300286,-105.0094429,1614,Denver
Shoshone Community Garden,SHO-P-5,SHO,Pitfall-1,5,spider,Arachnida,Araneae,,,,Predator,August,11-08-2025,14-08-2025,39.76300286,-105.0094429,1614,Denver
Shoshone Community Garden,SHO-P-6,SHO,Pitfall-1,6,spider,Arachnida,Araneae,,,,Predator,August,11-08-2025,14-08-2025,39.76300286,-105.0094429,1614,Denver
Shoshone Community Garden,SHO-P-7,SHO,Pitfall-1,7,spider,Arachnida,Araneae,,,,Predator,August,11-08-2025,14-08-2025,39.76300286,-105.0094429,1614,Denver
Shoshone Community Garden,SHO-P-8,SHO,Pitfall-1,8,spider,Arachnida,Araneae,,,,Predator,August,11-08-2025,14-08-2025,39.76300286,-105.0094429,1614,Denver
Shoshone Community Garden,SHO-P-9,SHO,Pitfall-1,9,spider,Arachnida,Araneae,,,,Predator,August,11-08-2025,14-08-2025,39.76300286,-105.0094429,1614,Denver
Shoshone Community Garden,SHO-P-10,SHO,Pitfall-1,10,spider,Arachnida,Araneae,,,,Predator,August,11-08-2025,14-08-2025,39.76300286,-105.0094429,1614,Denver
Shoshone Community Garden,SHO-P-11,SHO,Pitfall-1,11,Ant ,Insecta,Hymenoptera,Formicidae,,,Omnivore,August,11-08-2025,14-08-2025,39.76300286,-105.0094429,1614,Denver
Shoshone Community Garden,SHO-P-12,SHO,Pitfall-1,12,Leaf bug ,Insecta,Hemiptera,Miridae ,Lygus,,Herbivore,August,11-08-2025,14-08-2025,39.76300286,-105.0094429,1614,Denver
Shoshone Community Garden,SHO-P-13,SHO,Pitfall-1,13,Pill bug,Malacostraca,Isopoda,,,,Detritivore,August,11-08-2025,14-08-2025,39.76300286,-105.0094429,1614,Denver
Shoshone Community Garden,SHO-P-14,SHO,Pitfall-1,14,Pill bug,Malacostraca,Isopoda,,,,Detritivore,August,11-08-2025,14-08-2025,39.76300286,-105.0094429,1614,Denver
Shoshone Community Garden,SHO-P-15,SHO,Pitfall-1,15,Pill bug,Malacostraca,Isopoda,,,,Detritivore,August,11-08-2025,14-08-2025,39.76300286,-105.0094429,1614,Denver
Shoshone Community Garden,SHO-P-17,SHO,Pitfall-1,17,Pill bug,Malacostraca,Isopoda,,,,Detritivore,August,11-08-2025,14-08-2025,39.76300286,-105.0094429,1614,Denver
Shoshone Community Garden,SHO-P-18,SHO,Pitfall-1,18,Rove beetle,Insecta,Coleoptera,Staphylinidae,,,Predator,August,11-08-2025,14-08-2025,39.76300286,-105.0094429,1614,Denver
West Colfax Community Urban Garden,WES-P-1,WES,Pitfall-2,1,Big beetle ,Insecta,Coleoptera,,,,Herbivore,August,11-08-2025,14-08-2025,39.73521415,-105.0458772,1616,Denver
West Colfax Community Urban Garden,WES-P-2,WES,Pitfall-2,2,Wasp,Insecta,Hymenoptera,,,,Predator/Parasitoid,August,11-08-2025,14-08-2025,39.73521415,-105.0458772,1616,Denver
West Colfax Community Urban Garden,WES-P-3,WES,Pitfall-2,3,Ant ,Insecta,Hymenoptera,Formicidae,,,Omnivore,August,11-08-2025,14-08-2025,39.73521415,-105.0458772,1616,Denver
West Colfax Community Urban Garden,WES-P-4,WES,Pitfall-2,4,Mite,Arachnida,Arachniformes,,,,,August,11-08-2025,14-08-2025,39.73521415,-105.0458772,1616,Denver
West Colfax Community Urban Garden,WES-P-5,WES,Pitfall-2,5,Spider,Arachnida,Araneae,,,,Predatory,August,11-08-2025,14-08-2025,39.73521415,-105.0458772,1616,Denver
West Colfax Community Urban Garden,WES-P-6,WES,Pitfall-2,6,Rolly Polly,Malacostraca,Isopoda,,,,Detritivore,August,11-08-2025,14-08-2025,39.73521415,-105.0458772,1616,Denver
West Colfax Community Urban Garden,WES-P-7,WES,Pitfall-2,7,Mite,Arachnida,Arachniformes,,,,Parasite,August,11-08-2025,14-08-2025,39.73521415,-105.0458772,1616,Denver
West Colfax Community Urban Garden,WES-P-8,WES,Pitfall-2,8,Unk Hemipteran,Insecta,Hemiptera,,,,Herbivore,August,11-08-2025,14-08-2025,39.73521415,-105.0458772,1616,Denver
West Colfax Community Urban Garden,WES-P-9,WES,Pitfall-2,9,Unk Hemipteran,Insecta,Hemiptera,,,,Herbivore,August,11-08-2025,14-08-2025,39.73521415,-105.0458772,1616,Denver
West Colfax Community Urban Garden,WES-P-10,WES,Pitfall-2,10,Unk Hemipteran,Insecta,Hemiptera,,,,Herbivore,August,11-08-2025,14-08-2025,39.73521415,-105.0458772,1616,Denver
West Colfax Community Urban Garden,WES-P-11,WES,Pitfall-2,11,Unk Hemipteran,Insecta,Hemiptera,,,,Herbivore,August,11-08-2025,14-08-2025,39.73521415,-105.0458772,1616,Denver
KCAA Community Studio Garden,KCA-P-1,KCA,Pitfall-2,1,Fly,Insecta,Diptera,Muscidae,,,Detritivore,August,11-08-2025,14-08-2025,39.67568994,-105.038795,1666,Denver
KCAA Community Studio Garden,KCA-P-2,KCA,Pitfall-2,2,Fly ,Insecta,Diptera ,,,,Detritivore,August,11-08-2025,14-08-2025,39.67568994,-105.038795,1666,Denver
KCAA Community Studio Garden,KCA-P-3,KCA,Pitfall-2,3,Wasp,Insecta,Hymenoptera,,,,Predator,August,11-08-2025,14-08-2025,39.67568994,-105.038795,1666,Denver
KCAA Community Studio Garden,KCA-P-4,KCA,Pitfall-2,4,Aphid ,Insecta,Hemiptera,,,,Herbivore,August,11-08-2025,14-08-2025,39.67568994,-105.038795,1666,Denver
KCAA Community Studio Garden,KCA-P-5,KCA,Pitfall-2,5,Aphid ,Insecta,Hemiptera,,,,Herbivore,August,11-08-2025,14-08-2025,39.67568994,-105.038795,1666,Denver
KCAA Community Studio Garden,KCA-P-6,KCA,Pitfall-2,6,Aphid ,Insecta,Hemiptera,,,,Herbivore,August,11-08-2025,14-08-2025,39.67568994,-105.038795,1666,Denver
KCAA Community Studio Garden,KCA-P-7,KCA,Pitfall-2,7,Aphid ,Insecta,Hemiptera,,,,Herbivore,August,11-08-2025,14-08-2025,39.67568994,-105.038795,1666,Denver
KCAA Community Studio Garden,KCA-P-8,KCA,Pitfall-2,8,leaf hopper ,Insecta,Hemiptera,Cicadellidae,,,Herbivore,August,11-08-2025,14-08-2025,39.67568994,-105.038795,1666,Denver
KCAA Community Studio Garden,KCA-P-9,KCA,Pitfall-2,9,Fly ,Insecta,Hemiptera,,,,Detritivore,August,11-08-2025,14-08-2025,39.67568994,-105.038795,1666,Denver
KCAA Community Studio Garden,KCA-P-10,KCA,Pitfall-2,10,Ant ,Insecta,Hymenoptera,,,,Omnivore,August,11-08-2025,14-08-2025,39.67568994,-105.038795,1666,Denver
KCAA Community Studio Garden,KCA-P-11,KCA,Pitfall-2,11,Wasp,Insecta,Hymenoptera,,,,Predator,August,11-08-2025,14-08-2025,39.67568994,-105.038795,1666,Denver
KCAA Community Studio Garden,KCA-P-12,KCA,Pitfall-2,12,Mite,Arachnida,Acariformes,,,,,August,11-08-2025,14-08-2025,39.67568994,-105.038795,1666,Denver
KCAA Community Studio Garden,KCA-P-13,KCA,Pitfall-2,13,Wasp,Insecta,Hymenoptera,,,,Predator,August,11-08-2025,14-08-2025,39.67568994,-105.038795,1666,Denver
KCAA Community Studio Garden,KCA-P-14,KCA,Pitfall-2,14,Aphid ,Insecta,Hemiptera,,,,Herbivore,August,11-08-2025,14-08-2025,39.67568994,-105.038795,1666,Denver
KCAA Community Studio Garden,KCA-P-15,KCA,Pitfall-2,15,Aphid ,Insecta,Hemiptera,,,,Herbivore,August,11-08-2025,14-08-2025,39.67568994,-105.038795,1666,Denver
KCAA Community Studio Garden,KCA-P-16,KCA,Pitfall-2,16,Aphid ,Insecta,Hemiptera,,,,Herbivore,August,11-08-2025,14-08-2025,39.67568994,-105.038795,1666,Denver
KCAA Community Studio Garden,KCA-P-17,KCA,Pitfall-2,17,Aphid ,Insecta,Hemiptera,,,,Herbivore,August,11-08-2025,14-08-2025,39.67568994,-105.038795,1666,Denver
KCAA Community Studio Garden,KCA-P-18,KCA,Pitfall-2,18,Midge,Insecta,Diptera,,,,,August,11-08-2025,14-08-2025,39.67568994,-105.038795,1666,Denver
KCAA Community Studio Garden,KCA-P-19,KCA,Pitfall-2,19,Ant ,Insecta,Hymenoptera,,,,Omnivore,August,11-08-2025,14-08-2025,39.67568994,-105.038795,1666,Denver
GW School and Community Garden,GW-P-1,GW,Pitfall-2,1,Mite,Arachnida,Acariformes,,,,,August,11-08-2025,14-08-2025,39.70479323,-104.9149051,1644,Denver
GW School and Community Garden,GW-P-2,GW,Pitfall-2,2,Mite,Arachnida,Acariformes,,,,,August,11-08-2025,14-08-2025,39.70479323,-104.9149051,1644,Denver
GW School and Community Garden,GW-P-3,GW,Pitfall-2,3,Mite,Arachnida,Acariformes,,,,,August,11-08-2025,14-08-2025,39.70479323,-104.9149051,1644,Denver
GW School and Community Garden,GW-P-4,GW,Pitfall-2,4,Mite,Arachnida,Acariformes,,,,,August,11-08-2025,14-08-2025,39.70479323,-104.9149051,1644,Denver
GW School and Community Garden,GW-P-5,GW,Pitfall-2,5,Mite,Arachnida,Acariformes,,,,,August,11-08-2025,14-08-2025,39.70479323,-104.9149051,1644,Denver
GW School and Community Garden,GW-P-6,GW,Pitfall-2,6,Mite,Arachnida,Acariformes,,,,,August,11-08-2025,14-08-2025,39.70479323,-104.9149051,1644,Denver
GW School and Community Garden,GW-P-7,GW,Pitfall-2,7,Mite,Arachnida,Acariformes,,,,,August,11-08-2025,14-08-2025,39.70479323,-104.9149051,1644,Denver
GW School and Community Garden,GW-P-8,GW,Pitfall-2,8,Mite,Arachnida,Acariformes,,,,,August,11-08-2025,14-08-2025,39.70479323,-104.9149051,1644,Denver
GW School and Community Garden,GW-P-9,GW,Pitfall-2,9,Harvestman,Arachnida,Opiliones,,,,Predator/Scavenger,August,11-08-2025,14-08-2025,39.70479323,-104.9149051,1644,Denver
GW School and Community Garden,GW-P-10,GW,Pitfall-2,10,Bark beetle,Insecta,Coleoptera,Curculionidae,Scolytus,,Herbivore,August,11-08-2025,14-08-2025,39.70479323,-104.9149051,1644,Denver
GW School and Community Garden,GW-P-11,GW,Pitfall-2,11,Fly,Insecta,Diptera,,,,,August,11-08-2025,14-08-2025,39.70479323,-104.9149051,1644,Denver
GW School and Community Garden,GW-P-12,GW,Pitfall-2,12,Ant ,Insecta,Hymenoptera,,,,Omnivore,August,11-08-2025,14-08-2025,39.70479323,-104.9149051,1644,Denver
GW School and Community Garden,GW-P-13,GW,Pitfall-2,13,Ant ,Insecta,Hymenoptera,,,,Omnivore,August,11-08-2025,14-08-2025,39.70479323,-104.9149051,1644,Denver
GW School and Community Garden,GW-P-14,GW,Pitfall-2,14,Ant ,Insecta,Hymenoptera,,,,Omnivore,August,11-08-2025,14-08-2025,39.70479323,-104.9149051,1644,Denver
GW School and Community Garden,GW-P-15,GW,Pitfall-2,15,Ant ,Insecta,Hymenoptera,,,,Omnivore,August,11-08-2025,14-08-2025,39.70479323,-104.9149051,1644,Denver
GW School and Community Garden,GW-P-16,GW,Pitfall-2,16,Ant ,Insecta,Hymenoptera,,,,Omnivore,August,11-08-2025,14-08-2025,39.70479323,-104.9149051,1644,Denver
GW School and Community Garden,GW-P-17,GW,Pitfall-2,17,Ant ,Insecta,Hymenoptera,,,,Omnivore,August,11-08-2025,14-08-2025,39.70479323,-104.9149051,1644,Denver
GW School and Community Garden,GW-P-18,GW,Pitfall-2,18,Wasp,Insecta,Hymenoptera,,,,Predator/Parasitoid,August,11-08-2025,14-08-2025,39.70479323,-104.9149051,1644,Denver
West Colfax Community Urban Garden,WES-P-1,WES,Pitfall-1,1,Bee,Insecta,Hymenoptera,,,,Pollinator ,August,11-08-2025,14-08-2025,39.73521415,-105.0458772,1616,Denver
West Colfax Community Urban Garden,WES-P-2,WES,Pitfall-1,2,Unk Larvae,Insecta,Coleoptera,,,,Herbivore,August,11-08-2025,14-08-2025,39.73521415,-105.0458772,1616,Denver
West Colfax Community Urban Garden,WES-P-3,WES,Pitfall-1,3,Spider,Arachnida,Araneae,,,,Predator,August,11-08-2025,14-08-2025,39.73521415,-105.0458772,1616,Denver
West Colfax Community Urban Garden,WES-P-4,WES,Pitfall-1,4,Spider,Arachnida,Araneae,,,,Predator,August,11-08-2025,14-08-2025,39.73521415,-105.0458772,1616,Denver
West Colfax Community Urban Garden,WES-P-5,WES,Pitfall-1,5,Fly,Insecta,Diptera,,,,,August,11-08-2025,14-08-2025,39.73521415,-105.0458772,1616,Denver
West Colfax Community Urban Garden,WES-P-6,WES,Pitfall-1,6,Mosquito,Insecta,Diptera,,,,,August,11-08-2025,14-08-2025,39.73521415,-105.0458772,1616,Denver
West Colfax Community Urban Garden,WES-P-7,WES,Pitfall-1,7,Aphid ,Insecta,Hemiptera,,,,Herbivore,August,11-08-2025,14-08-2025,39.73521415,-105.0458772,1616,Denver
West Colfax Community Urban Garden,WES-P-8,WES,Pitfall-1,8,leaf hopper ,Insecta,Hemiptera,,,,Herbivore,August,11-08-2025,14-08-2025,39.73521415,-105.0458772,1616,Denver
West Colfax Community Urban Garden,WES-P-9,WES,Pitfall-1,9,leaf hopper ,Insecta,Hemiptera,,,,Herbivore,August,11-08-2025,14-08-2025,39.73521415,-105.0458772,1616,Denver
West Colfax Community Urban Garden,WES-P-10,WES,Pitfall-1,10,leaf hopper ,Insecta,Hemiptera,,,,Herbivore,August,11-08-2025,14-08-2025,39.73521415,-105.0458772,1616,Denver
West Colfax Community Urban Garden,WES-P-11,WES,Pitfall-1,11,leaf hopper ,Insecta,Hemiptera,,,,Herbivore,August,11-08-2025,14-08-2025,39.73521415,-105.0458772,1616,Denver
West Colfax Community Urban Garden,WES-P-12,WES,Pitfall-1,12,Ant ,Insecta,Hymenoptera,,,,Omnivore,August,11-08-2025,14-08-2025,39.73521415,-105.0458772,1616,Denver
West Colfax Community Urban Garden,WES-P-13,WES,Pitfall-1,13,Ant ,Insecta,Hymenoptera,,,,Omnivore,August,11-08-2025,14-08-2025,39.73521415,-105.0458772,1616,Denver
West Colfax Community Urban Garden,WES-P-14,WES,Pitfall-1,14,Ant ,Insecta,Hymenoptera,,,,Omnivore,August,11-08-2025,14-08-2025,39.73521415,-105.0458772,1616,Denver
West Colfax Community Urban Garden,WES-P-15,WES,Pitfall-1,15,Ant ,Insecta,Hymenoptera,,,,Omnivore,August,11-08-2025,14-08-2025,39.73521415,-105.0458772,1616,Denver
West Colfax Community Urban Garden,WES-P-16,WES,Pitfall-1,16,Ant ,Insecta,Hymenoptera,,,,Omnivore,August,11-08-2025,14-08-2025,39.73521415,-105.0458772,1616,Denver
West Colfax Community Urban Garden,WES-P-17,WES,Pitfall-1,17,Ant ,Insecta,Hymenoptera,,,,Omnivore,August,11-08-2025,14-08-2025,39.73521415,-105.0458772,1616,Denver
West Colfax Community Urban Garden,WES-P-18,WES,Pitfall-1,18,Ant ,Insecta,Hymenoptera,,,,Omnivore,August,11-08-2025,14-08-2025,39.73521415,-105.0458772,1616,Denver
West Colfax Community Urban Garden,WES-P-19,WES,Pitfall-1,19,Ant ,Insecta,Hymenoptera,,,,Omnivore,August,11-08-2025,14-08-2025,39.73521415,-105.0458772,1616,Denver
West Colfax Community Urban Garden,WES-P-20,WES,Pitfall-1,20,Ant ,Insecta,Hymenoptera,,,,Omnivore,August,11-08-2025,14-08-2025,39.73521415,-105.0458772,1616,Denver
West Colfax Community Urban Garden,WES-P-21,WES,Pitfall-1,21,Ant ,Insecta,Hymenoptera,,,,Omnivore,August,11-08-2025,14-08-2025,39.73521415,-105.0458772,1616,Denver
West Colfax Community Urban Garden,WES-P-22,WES,Pitfall-1,22,Ant ,Insecta,Hymenoptera,,,,Omnivore,August,11-08-2025,14-08-2025,39.73521415,-105.0458772,1616,Denver
West Colfax Community Urban Garden,WES-P-23,WES,Pitfall-1,23,Ant ,Insecta,Hymenoptera,,,,Omnivore,August,11-08-2025,14-08-2025,39.73521415,-105.0458772,1616,Denver
West Colfax Community Urban Garden,WES-P-24,WES,Pitfall-1,24,Ant ,Insecta,Hymenoptera,,,,Omnivore,August,11-08-2025,14-08-2025,39.73521415,-105.0458772,1616,Denver
West Colfax Community Urban Garden,WES-P-25,WES,Pitfall-1,25,Ant ,Insecta,Hymenoptera,,,,Omnivore,August,11-08-2025,14-08-2025,39.73521415,-105.0458772,1616,Denver
West Colfax Community Urban Garden,WES-P-26,WES,Pitfall-1,26,Ant ,Insecta,Hymenoptera,,,,Omnivore,August,11-08-2025,14-08-2025,39.73521415,-105.0458772,1616,Denver
Slater Elementary School Community Garden,SLA-P-1,SLA,Pitfall-2,1,Spider,Arachnida,Araneae,,,,Predator,August,11-08-2025,14-08-2025,39.75227273,-105.0928071,1685,Jefferson
Slater Elementary School Community Garden,SLA-P-2,SLA,Pitfall-2,2,harvestman,Arachnida,Opiliones,,,,Predator/Scavenger,August,11-08-2025,14-08-2025,39.75227273,-105.0928071,1685,Jefferson
Slater Elementary School Community Garden,SLA-P-3,SLA,Pitfall-2,3,harvestman,Arachnida,Opiliones,,,,Predator/Scavenger,August,11-08-2025,14-08-2025,39.75227273,-105.0928071,1685,Jefferson
Slater Elementary School Community Garden,SLA-P-4,SLA,Pitfall-2,4,Centipede,Chilopoda,,,,,Predator/Scavenger,August,11-08-2025,14-08-2025,39.75227273,-105.0928071,1685,Jefferson
Slater Elementary School Community Garden,SLA-P-5,SLA,Pitfall-2,5,Rove beetle,Insecta,Coleoptera,Staphylinidae,,,Predator,August,11-08-2025,14-08-2025,39.75227273,-105.0928071,1685,Jefferson
Slater Elementary School Community Garden,SLA-P-6,SLA,Pitfall-2,6,Rolly Polly,Malacostraca,Isopoda,,,,Detritivore,August,11-08-2025,14-08-2025,39.75227273,-105.0928071,1685,Jefferson
Slater Elementary School Community Garden,SLA-P-7,SLA,Pitfall-2,7,Rolly Polly,Malacostraca,Isopoda,,,,Detritivore,August,11-08-2025,14-08-2025,39.75227273,-105.0928071,1685,Jefferson
Slater Elementary School Community Garden,SLA-P-8,SLA,Pitfall-2,8,Ant ,Insecta,Hymenoptera,,,,Omnivore,August,11-08-2025,14-08-2025,39.75227273,-105.0928071,1685,Jefferson
Slater Elementary School Community Garden,SLA-P-9,SLA,Pitfall-2,9,Ant ,Insecta,Hymenoptera,,,,Omnivore,August,11-08-2025,14-08-2025,39.75227273,-105.0928071,1685,Jefferson
Slater Elementary School Community Garden,SLA-P-10,SLA,Pitfall-2,10,Ant ,Insecta,Hymenoptera,,,,Omnivore,August,11-08-2025,14-08-2025,39.75227273,-105.0928071,1685,Jefferson
Slater Elementary School Community Garden,SLA-P-11,SLA,Pitfall-2,11,Ant ,Insecta,Hymenoptera,,,,Omnivore,August,11-08-2025,14-08-2025,39.75227273,-105.0928071,1685,Jefferson
Slater Elementary School Community Garden,SLA-P-12,SLA,Pitfall-2,12,Ant ,Insecta,Hymenoptera,,,,Omnivore,August,11-08-2025,14-08-2025,39.75227273,-105.0928071,1685,Jefferson
Slater Elementary School Community Garden,SLA-P-13,SLA,Pitfall-2,13,Ant ,Insecta,Hymenoptera,,,,Omnivore,August,11-08-2025,14-08-2025,39.75227273,-105.0928071,1685,Jefferson
Slater Elementary School Community Garden,SLA-P-14,SLA,Pitfall-2,14,Ant ,Insecta,Hymenoptera,,,,Omnivore,August,11-08-2025,14-08-2025,39.75227273,-105.0928071,1685,Jefferson
Slater Elementary School Community Garden,SLA-P-15,SLA,Pitfall-2,15,Ant ,Insecta,Hymenoptera,,,,Omnivore,August,11-08-2025,14-08-2025,39.75227273,-105.0928071,1685,Jefferson
Slater Elementary School Community Garden,SLA-P-16,SLA,Pitfall-2,16,Ant ,Insecta,Hymenoptera,,,,Omnivore,August,11-08-2025,14-08-2025,39.75227273,-105.0928071,1685,Jefferson
Slater Elementary School Community Garden,SLA-P-17,SLA,pitfall-1,17,pillbug,Malacostraca,Isopoda,,,,Detritivore,August,11-08-2025,14-08-2025,39.75227273,-105.0928071,1685,Jefferson
Slater Elementary School Community Garden,SLA-P-18,SLA,pitfall-1,18,pillbug,Malacostraca,Isopoda,,,,Detritivore,August,11-08-2025,14-08-2025,39.75227273,-105.0928071,1685,Jefferson
Slater Elementary School Community Garden,SLA-P-19,SLA,pitfall-1,19,Ant ,Insecta,Hymenoptera,Formicidae,,,,August,11-08-2025,14-08-2025,39.75227273,-105.0928071,1685,Jefferson
Slater Elementary School Community Garden,SLA-P-20,SLA,pitfall-1,20,Ant ,Insecta,Hymenoptera,Formicidae,,,,August,11-08-2025,14-08-2025,39.75227273,-105.0928071,1685,Jefferson
Greenway Community Garden,GRE-P-1,GRE,Pitfall_2,1,Leaf Hopper ,Insecta,Hemiptera,Cicadellidae,,,Herbivore,August,11-08-2025,14-08-2025,39.75074088,-104.8969895,1625,Denver
Greenway Community Garden,GRE-P-2,GRE,Pitfall_2,2,Leaf Hopper ,Insecta,Hemiptera,Cicadellidae,,,Herbivore,August,11-08-2025,14-08-2025,39.75074088,-104.8969895,1625,Denver
Greenway Community Garden,GRE-P-3,GRE,Pitfall_2,3,Fly ,Insecta,Diptera ,,,,,August,11-08-2025,14-08-2025,39.75074088,-104.8969895,1625,Denver
Market Station Community Garden,MAR-P-1,MAR,Pitfall-2,1,Ant ,Insecta,Hymenoptera,,,,Omnivore,August,11-08-2025,14-08-2025,39.75069957,-104.9979256,1584,Denver
Market Station Community Garden,MAR-P-2,MAR,Pitfall_2,2,Ant ,Insecta,Hymenoptera,,,,Omnivore,August,11-08-2025,14-08-2025,39.75069957,-104.9979256,1584,Denver
Market Station Community Garden,MAR-P-3,MAR,Pitfall_2,3,Ant ,Insecta,Hymenoptera,,,,Omnivore,August,11-08-2025,14-08-2025,39.75069957,-104.9979256,1584,Denver
Market Station Community Garden,MAR-P-4,MAR,Pitfall-2,4,Ant ,Insecta,Hymenoptera,,,,Omnivore,August,11-08-2025,14-08-2025,39.75069957,-104.9979256,1584,Denver
Ruby Hill Park Community Garden,RUB-V-1,RUB,vane,1,bumblebee,Insecta,Hymenoptera,Apidae,Bombus,,Pollinator,August,11-08-2025,14-08-2025,39.68543288,-105.0059947,1629,Denver
Ruby Hill Park Community Garden,RUB-V-2,RUB,vane,2,bumblebee,Insecta,Hymenoptera,Apidae,Bombus,,Pollinator,August,11-08-2025,14-08-2025,39.68543288,-105.0059947,1629,Denver
Ruby Hill Park Community Garden,RUB-V-3,RUB,vane,3,squashbee,Insecta,Hymenoptera,Apidae,Eucera,pruinosa,Pollinator,August,11-08-2025,14-08-2025,39.68543288,-105.0059947,1629,Denver
Ruby Hill Park Community Garden,RUB-V-4,RUB,vane,4,squashbee,Insecta,Hymenoptera,Apidae,Eucera,pruinosa,Pollinator,August,11-08-2025,14-08-2025,39.68543288,-105.0059947,1629,Denver
Ruby Hill Park Community Garden,RUB-V-5,RUB,vane,5,squashbee,Insecta,Hymenoptera,Apidae,Eucera,pruinosa,Pollinator,August,11-08-2025,14-08-2025,39.68543288,-105.0059947,1629,Denver
Ruby Hill Park Community Garden,RUB-V-6,RUB,vane,6,squashbee,Insecta,Hymenoptera,Apidae,Eucera,pruinosa,Pollinator,August,11-08-2025,14-08-2025,39.68543288,-105.0059947,1629,Denver
Ruby Hill Park Community Garden,RUB-V-7,RUB,vane,7,squashbee,Insecta,Hymenoptera,Apidae,Eucera,pruinosa,Pollinator,August,11-08-2025,14-08-2025,39.68543288,-105.0059947,1629,Denver
Ruby Hill Park Community Garden,RUB-V-8,RUB,vane,8,squashbee,Insecta,Hymenoptera,Apidae,Eucera,pruinosa,Pollinator,August,11-08-2025,14-08-2025,39.68543288,-105.0059947,1629,Denver
Ruby Hill Park Community Garden,RUB-V-9,RUB,vane,9,squashbee,Insecta,Hymenoptera,Apidae,Eucera,pruinosa,Pollinator,August,11-08-2025,14-08-2025,39.68543288,-105.0059947,1629,Denver
Ruby Hill Park Community Garden,RUB-V-10,RUB,vane,10,squashbee,Insecta,Hymenoptera,Apidae,Eucera,pruinosa,Pollinator,August,11-08-2025,14-08-2025,39.68543288,-105.0059947,1629,Denver
Ruby Hill Park Community Garden,RUB-V-11,RUB,vane,11,squashbee,Insecta,Hymenoptera,Apidae,Eucera,pruinosa,Pollinator,August,11-08-2025,14-08-2025,39.68543288,-105.0059947,1629,Denver
Ruby Hill Park Community Garden,RUB-V-12,RUB,vane,12,squashbee,Insecta,Hymenoptera,Apidae,Eucera,pruinosa,Pollinator,August,11-08-2025,14-08-2025,39.68543288,-105.0059947,1629,Denver
Ruby Hill Park Community Garden,RUB-V-13,RUB,vane,13,squashbee,Insecta,Hymenoptera,Apidae,Eucera,pruinosa,Pollinator,August,11-08-2025,14-08-2025,39.68543288,-105.0059947,1629,Denver
Ruby Hill Park Community Garden,RUB-V-14,RUB,vane,14,squashbee,Insecta,Hymenoptera,Apidae,Eucera,pruinosa,Pollinator,August,11-08-2025,14-08-2025,39.68543288,-105.0059947,1629,Denver
Ruby Hill Park Community Garden,RUB-V-15,RUB,vane,15,squashbee,Insecta,Hymenoptera,Apidae,Eucera,pruinosa,Pollinator,August,11-08-2025,14-08-2025,39.68543288,-105.0059947,1629,Denver
Ruby Hill Park Community Garden,RUB-V-16,RUB,vane,16,squashbee,Insecta,Hymenoptera,Apidae,Eucera,pruinosa,Pollinator,August,11-08-2025,14-08-2025,39.68543288,-105.0059947,1629,Denver
Ruby Hill Park Community Garden,RUB-V-17,RUB,vane,17,squashbee,Insecta,Hymenoptera,Apidae,Eucera,pruinosa,Pollinator,August,11-08-2025,14-08-2025,39.68543288,-105.0059947,1629,Denver
Ruby Hill Park Community Garden,RUB-V-18,RUB,vane,18,squashbee,Insecta,Hymenoptera,Apidae,Eucera,pruinosa,Pollinator,August,11-08-2025,14-08-2025,39.68543288,-105.0059947,1629,Denver
Ruby Hill Park Community Garden,RUB-V-19,RUB,vane,19,squashbee,Insecta,Hymenoptera,Apidae,Eucera,pruinosa,Pollinator,August,11-08-2025,14-08-2025,39.68543288,-105.0059947,1629,Denver
Ruby Hill Park Community Garden,RUB-V-20,RUB,vane,20,black longhorn,Insecta,Hymenoptera,Apidae,Melissodes,bimaculatus,Pollinator,August,11-08-2025,14-08-2025,39.68543288,-105.0059947,1629,Denver
Ruby Hill Park Community Garden,RUB-V-21,RUB,vane,21,longhorn,Insecta,Hymenoptera,Apidae,,,Pollinator,August,11-08-2025,14-08-2025,39.68543288,-105.0059947,1629,Denver
Ruby Hill Park Community Garden,RUB-V-22,RUB,vane,22,longhorn,Insecta,Hymenoptera,Apidae,,,Pollinator,August,11-08-2025,14-08-2025,39.68543288,-105.0059947,1629,Denver
Ruby Hill Park Community Garden,RUB-V-23,RUB,vane,23,longhorn,Insecta,Hymenoptera,Apidae,,,Pollinator,August,11-08-2025,14-08-2025,39.68543288,-105.0059947,1629,Denver
Ruby Hill Park Community Garden,RUB-V-24,RUB,vane,24,longhorn,Insecta,Hymenoptera,Apidae,,,Pollinator,August,11-08-2025,14-08-2025,39.68543288,-105.0059947,1629,Denver
Ruby Hill Park Community Garden,RUB-V-25,RUB,vane,25,longhorn,Insecta,Hymenoptera,Apidae,,,Pollinator,August,11-08-2025,14-08-2025,39.68543288,-105.0059947,1629,Denver
Ruby Hill Park Community Garden,RUB-V-26,RUB,vane,26,longhorn,Insecta,Hymenoptera,Apidae,,,Pollinator,August,11-08-2025,14-08-2025,39.68543288,-105.0059947,1629,Denver
Ruby Hill Park Community Garden,RUB-V-27,RUB,vane,27,longhorn,Insecta,Hymenoptera,Apidae,,,Pollinator,August,11-08-2025,14-08-2025,39.68543288,-105.0059947,1629,Denver
Ruby Hill Park Community Garden,RUB-V-28,RUB,vane,28,longhorn,Insecta,Hymenoptera,Apidae,,,Pollinator,August,11-08-2025,14-08-2025,39.68543288,-105.0059947,1629,Denver
Ruby Hill Park Community Garden,RUB-V-29,RUB,vane,29,longhorn,Insecta,Hymenoptera,Apidae,,,Pollinator,August,11-08-2025,14-08-2025,39.68543288,-105.0059947,1629,Denver
Ruby Hill Park Community Garden,RUB-V-30,RUB,vane,30,bee,Insecta,Hymenoptera,,,,Pollinator,August,11-08-2025,14-08-2025,39.68543288,-105.0059947,1629,Denver
Ruby Hill Park Community Garden,RUB-V-31,RUB,vane,31,small bee,Insecta,Hymenoptera,,,,Pollinator,August,11-08-2025,14-08-2025,39.68543288,-105.0059947,1629,Denver
Ruby Hill Park Community Garden,RUB-V-32,RUB,vane,32,paperwasp,Insecta,Hymenoptera,Vespidae,,,Predator,August,11-08-2025,14-08-2025,39.68543288,-105.0059947,1629,Denver
Ruby Hill Park Community Garden,RUB-V-33,RUB,vane,33,bumble flower beetle,Insecta,Coleoptera,Scarabaeidae,,,Detritivore,August,11-08-2025,14-08-2025,39.68543288,-105.0059947,1629,Denver
Ruby Hill Park Community Garden,RUB-V-34,RUB,vane,34,japanese beetle,Insecta,Coleoptera,Scarabaeidae,,,Herbivore,August,11-08-2025,14-08-2025,39.68543288,-105.0059947,1629,Denver
Ruby Hill Park Community Garden,RUB-V-35,RUB,vane,35,japanese beetle,Insecta,Coleoptera,Scarabaeidae,,,Herbivore,August,11-08-2025,14-08-2025,39.68543288,-105.0059947,1629,Denver
Ruby Hill Park Community Garden,RUB-V-36,RUB,vane,36,small bee,Insecta,Hymenoptera,,,,Pollinator,August,11-08-2025,14-08-2025,39.68543288,-105.0059947,1629,Denver
Ruby Hill Park Community Garden,RUB-V-37,RUB,vane,37,fly,Insecta,Diptera ,,,,,August,11-08-2025,14-08-2025,39.68543288,-105.0059947,1629,Denver
Ruby Hill Park Community Garden,RUB-V-38,RUB,vane,38,fly,Insecta,Diptera ,,,,,August,11-08-2025,14-08-2025,39.68543288,-105.0059947,1629,Denver
Ruby Hill Park Community Garden,RUB-V-39,RUB,vane,39,fly,Insecta,Diptera ,,,,,August,11-08-2025,14-08-2025,39.68543288,-105.0059947,1629,Denver
Ruby Hill Park Community Garden,RUB-V-40,RUB,vane,40,fly,Insecta,Diptera ,,,,,August,11-08-2025,14-08-2025,39.68543288,-105.0059947,1629,Denver
Ruby Hill Park Community Garden,RUB-V-41,RUB,vane,41,fly,Insecta,Diptera ,,,,,August,11-08-2025,14-08-2025,39.68543288,-105.0059947,1629,Denver
Ruby Hill Park Community Garden,RUB-V-42,RUB,vane,42,fly,Insecta,Diptera ,,,,,August,11-08-2025,14-08-2025,39.68543288,-105.0059947,1629,Denver
Ruby Hill Park Community Garden,RUB-V-43,RUB,vane,43,ladybug,Insecta,Coleoptera,Coccinellidae,,,Predator,August,11-08-2025,14-08-2025,39.68543288,-105.0059947,1629,Denver
Ruby Hill Park Community Garden,RUB-V-44,RUB,vane,44,squash bee,Insecta,Hymenoptera,Apidae,Eucera,pruinosa,Pollinator,August,11-08-2025,14-08-2025,39.68543288,-105.0059947,1629,Denver
Ruby Hill Park Community Garden,RUB-V-45,RUB,vane,45,squash bee,Insecta,Hymenoptera,Apidae,Eucera,pruinosa,Pollinator,August,11-08-2025,14-08-2025,39.68543288,-105.0059947,1629,Denver
Ruby Hill Park Community Garden,RUB-V-46,RUB,vane,46,squash bee,Insecta,Hymenoptera,Apidae,Eucera,pruinosa,Pollinator,August,11-08-2025,14-08-2025,39.68543288,-105.0059947,1629,Denver
Ruby Hill Park Community Garden,RUB-V-47,RUB,vane,47,squash bee,Insecta,Hymenoptera,Apidae,Eucera,pruinosa,Pollinator,August,11-08-2025,14-08-2025,39.68543288,-105.0059947,1629,Denver
Ruby Hill Park Community Garden,RUB-V-48,RUB,vane,48,squash bee,Insecta,Hymenoptera,Apidae,Eucera,pruinosa,Pollinator,August,11-08-2025,14-08-2025,39.68543288,-105.0059947,1629,Denver
Ruby Hill Park Community Garden,RUB-V-49,RUB,vane,49,squash bee,Insecta,Hymenoptera,Apidae,Eucera,pruinosa,Pollinator,August,11-08-2025,14-08-2025,39.68543288,-105.0059947,1629,Denver
Ruby Hill Park Community Garden,RUB-V-50,RUB,vane,50,squash bee,Insecta,Hymenoptera,Apidae,Eucera,pruinosa,Pollinator,August,11-08-2025,14-08-2025,39.68543288,-105.0059947,1629,Denver
Ruby Hill Park Community Garden,RUB-V-51,RUB,vane,51,squash bee,Insecta,Hymenoptera,Apidae,Eucera,pruinosa,Pollinator,August,11-08-2025,14-08-2025,39.68543288,-105.0059947,1629,Denver
Ruby Hill Park Community Garden,RUB-V-52,RUB,vane,52,squash bee,Insecta,Hymenoptera,Apidae,Eucera,pruinosa,Pollinator,August,11-08-2025,14-08-2025,39.68543288,-105.0059947,1629,Denver
Ruby Hill Park Community Garden,RUB-V-53,RUB,vane,53,squash bee,Insecta,Hymenoptera,Apidae,Eucera,pruinosa,Pollinator,August,11-08-2025,14-08-2025,39.68543288,-105.0059947,1629,Denver
Ruby Hill Park Community Garden,RUB-V-54,RUB,vane,54,squash bee,Insecta,Hymenoptera,Apidae,Eucera,pruinosa,Pollinator,August,11-08-2025,14-08-2025,39.68543288,-105.0059947,1629,Denver
Ruby Hill Park Community Garden,RUB-V-55,RUB,vane,55,squash bee,Insecta,Hymenoptera,Apidae,Eucera,pruinosa,Pollinator,August,11-08-2025,14-08-2025,39.68543288,-105.0059947,1629,Denver
Ruby Hill Park Community Garden,RUB-V-56,RUB,vane,56,squash bee,Insecta,Hymenoptera,Apidae,Eucera,pruinosa,Pollinator,August,11-08-2025,14-08-2025,39.68543288,-105.0059947,1629,Denver
Ruby Hill Park Community Garden,RUB-V-57,RUB,vane,57,squash bee,Insecta,Hymenoptera,Apidae,Eucera,pruinosa,Pollinator,August,11-08-2025,14-08-2025,39.68543288,-105.0059947,1629,Denver
Ruby Hill Park Community Garden,RUB-V-58,RUB,vane,58,squash bee,Insecta,Hymenoptera,Apidae,Eucera,pruinosa,Pollinator,August,11-08-2025,14-08-2025,39.68543288,-105.0059947,1629,Denver
Ruby Hill Park Community Garden,RUB-V-59,RUB,vane,59,squash bee,Insecta,Hymenoptera,Apidae,Eucera,pruinosa,Pollinator,August,11-08-2025,14-08-2025,39.68543288,-105.0059947,1629,Denver
Ruby Hill Park Community Garden,RUB-V-60,RUB,vane,60,squash bee,Insecta,Hymenoptera,Apidae,Eucera,pruinosa,Pollinator,August,11-08-2025,14-08-2025,39.68543288,-105.0059947,1629,Denver
Ruby Hill Park Community Garden,RUB-V-61,RUB,vane,61,squash bee,Insecta,Hymenoptera,Apidae,Eucera,pruinosa,Pollinator,August,11-08-2025,14-08-2025,39.68543288,-105.0059947,1629,Denver
Ruby Hill Park Community Garden,RUB-V-62,RUB,vane,62,squash bee,Insecta,Hymenoptera,Apidae,Eucera,pruinosa,Pollinator,August,11-08-2025,14-08-2025,39.68543288,-105.0059947,1629,Denver
Ruby Hill Park Community Garden,RUB-V-63,RUB,vane,63,squash bee,Insecta,Hymenoptera,Apidae,Eucera,pruinosa,Pollinator,August,11-08-2025,14-08-2025,39.68543288,-105.0059947,1629,Denver
Ruby Hill Park Community Garden,RUB-V-64,RUB,vane,64,squash bee,Insecta,Hymenoptera,Apidae,Eucera,pruinosa,Pollinator,August,11-08-2025,14-08-2025,39.68543288,-105.0059947,1629,Denver
Ruby Hill Park Community Garden,RUB-V-65,RUB,vane,65,squash bee,Insecta,Hymenoptera,Apidae,Eucera,pruinosa,Pollinator,August,11-08-2025,14-08-2025,39.68543288,-105.0059947,1629,Denver
Ruby Hill Park Community Garden,RUB-V-66,RUB,vane,66,black longhorn,Insecta,Hymenoptera,Apidae,Melissodes,bimaculatus,Pollinator,August,11-08-2025,14-08-2025,39.68543288,-105.0059947,1629,Denver
Ruby Hill Park Community Garden,RUB-V-67,RUB,vane,67,longhorn bee,Insecta,Hymenoptera,Apidae,,,Pollinator,August,11-08-2025,14-08-2025,39.68543288,-105.0059947,1629,Denver
Ruby Hill Park Community Garden,RUB-V-68,RUB,vane,68,longhorn bee,Insecta,Hymenoptera,Apidae,,,Pollinator,August,11-08-2025,14-08-2025,39.68543288,-105.0059947,1629,Denver
Ruby Hill Park Community Garden,RUB-V-69,RUB,vane,69,longhorn bee,Insecta,Hymenoptera,Apidae,,,Pollinator,August,11-08-2025,14-08-2025,39.68543288,-105.0059947,1629,Denver
Ruby Hill Park Community Garden,RUB-V-70,RUB,vane,70,longhorn bee,Insecta,Hymenoptera,Apidae,,,Pollinator,August,11-08-2025,14-08-2025,39.68543288,-105.0059947,1629,Denver
Ruby Hill Park Community Garden,RUB-V-71,RUB,vane,71,longhorn bee,Insecta,Hymenoptera,Apidae,,,Pollinator,August,11-08-2025,14-08-2025,39.68543288,-105.0059947,1629,Denver
Ruby Hill Park Community Garden,RUB-V-72,RUB,vane,72,longhorn bee,Insecta,Hymenoptera,Apidae,,,Pollinator,August,11-08-2025,14-08-2025,39.68543288,-105.0059947,1629,Denver
Ruby Hill Park Community Garden,RUB-V-73,RUB,vane,73,longhorn bee,Insecta,Hymenoptera,Apidae,,,Pollinator,August,11-08-2025,14-08-2025,39.68543288,-105.0059947,1629,Denver
Ruby Hill Park Community Garden,RUB-V-74,RUB,vane,74,longhorn bee,Insecta,Hymenoptera,Apidae,,,Pollinator,August,11-08-2025,14-08-2025,39.68543288,-105.0059947,1629,Denver
Ruby Hill Park Community Garden,RUB-V-75,RUB,vane,75,longhorn bee,Insecta,Hymenoptera,Apidae,,,Pollinator,August,11-08-2025,14-08-2025,39.68543288,-105.0059947,1629,Denver
Ruby Hill Park Community Garden,RUB-V-76,RUB,vane,76,green sweatbee,Insecta,Hymenoptera,Halictidae,,,Pollinator,August,11-08-2025,14-08-2025,39.68543288,-105.0059947,1629,Denver
Ruby Hill Park Community Garden,RUB-V-77,RUB,vane,77,ceratina bee,Insecta,Hymenoptera,Apidae,Ceratina,,Pollinator,August,11-08-2025,14-08-2025,39.68543288,-105.0059947,1629,Denver
Ruby Hill Park Community Garden,RUB-V-78,RUB,vane,78,small sweatbee,Insecta,Hymenoptera,Halictidae,,,Pollinator,August,11-08-2025,14-08-2025,39.68543288,-105.0059947,1629,Denver
Ruby Hill Park Community Garden,RUB-V-79,RUB,vane,79,small sweatbee,Insecta,Hymenoptera,Halictidae,,,Pollinator,August,11-08-2025,14-08-2025,39.68543288,-105.0059947,1629,Denver
Ruby Hill Park Community Garden,RUB-V-80,RUB,vane,80,small sweatbee,Insecta,Hymenoptera,Halictidae,,,Pollinator,August,11-08-2025,14-08-2025,39.68543288,-105.0059947,1629,Denver
Ruby Hill Park Community Garden,RUB-V-81,RUB,vane,81,small sweatbee,Insecta,Hymenoptera,Halictidae,,,Pollinator,August,11-08-2025,14-08-2025,39.68543288,-105.0059947,1629,Denver
Ruby Hill Park Community Garden,RUB-V-82,RUB,vane,82,yellowjacket,Insecta,Hymenoptera,Vespidae,,,Predator,August,11-08-2025,14-08-2025,39.68543288,-105.0059947,1629,Denver
Ruby Hill Park Community Garden,RUB-V-83,RUB,vane,83,yellowjacket,Insecta,Hymenoptera,Vespidae,,,Predator,August,11-08-2025,14-08-2025,39.68543288,-105.0059947,1629,Denver
Ruby Hill Park Community Garden,RUB-V-84,RUB,vane,84,bumble flower beetle,Insecta,Coleoptera,Scarabaeidae,Euphoria,inda,Detritivore,August,11-08-2025,14-08-2025,39.68543288,-105.0059947,1629,Denver
Ruby Hill Park Community Garden,RUB-V-85,RUB,vane,85,bumble flower beetle,Insecta,Coleoptera,Scarabaeidae,Euphoria,inda,Detritivore,August,11-08-2025,14-08-2025,39.68543288,-105.0059947,1629,Denver
Ruby Hill Park Community Garden,RUB-V-86,RUB,vane,86,bumble flower beetle,Insecta,Coleoptera,Scarabaeidae,Euphoria,inda,Detritivore,August,11-08-2025,14-08-2025,39.68543288,-105.0059947,1629,Denver
Ruby Hill Park Community Garden,RUB-V-87,RUB,vane,87,japanese beetle,Insecta,Coleoptera,Scarabaeidae,Popillia,japonica,Herbivore,August,11-08-2025,14-08-2025,39.68543288,-105.0059947,1629,Denver
Ruby Hill Park Community Garden,RUB-V-88,RUB,vane,88,japanese beetle,Insecta,Coleoptera,Scarabaeidae,Popillia,japonica,Herbivore,August,11-08-2025,14-08-2025,39.68543288,-105.0059947,1629,Denver
Ruby Hill Park Community Garden,RUB-V-89,RUB,vane,89,japanese beetle,Insecta,Coleoptera,Scarabaeidae,Popillia,japonica,Herbivore,August,11-08-2025,14-08-2025,39.68543288,-105.0059947,1629,Denver
Ruby Hill Park Community Garden,RUB-V-90,RUB,vane,90,japanese beetle,Insecta,Coleoptera,Scarabaeidae,Popillia,japonica,Herbivore,August,11-08-2025,14-08-2025,39.68543288,-105.0059947,1629,Denver
Ruby Hill Park Community Garden,RUB-V-91,RUB,vane,91,japanese beetle,Insecta,Coleoptera,Scarabaeidae,Popillia,japonica,Herbivore,August,11-08-2025,14-08-2025,39.68543288,-105.0059947,1629,Denver
Ruby Hill Park Community Garden,RUB-V-92,RUB,vane,92,japanese beetle,Insecta,Coleoptera,Scarabaeidae,Popillia,japonica,Herbivore,August,11-08-2025,14-08-2025,39.68543288,-105.0059947,1629,Denver
Ruby Hill Park Community Garden,RUB-V-93,RUB,vane,93,assasin bug,Insecta,Hemiptera,Reduviidae,,,Predator,August,11-08-2025,14-08-2025,39.68543288,-105.0059947,1629,Denver
Ruby Hill Park Community Garden,RUB-V-94,RUB,vane,94,blister beetle,Insecta,Coleoptera,Meloidae,,,Herbivore,August,11-08-2025,14-08-2025,39.68543288,-105.0059947,1629,Denver
Ruby Hill Park Community Garden,RUB-V-95,RUB,vane,95,bug,Insecta,Hemiptera,,,,,August,11-08-2025,14-08-2025,39.68543288,-105.0059947,1629,Denver
Ruby Hill Park Community Garden,RUB-V-96,RUB,vane,96,fly,Insecta,Diptera ,,,,,August,11-08-2025,14-08-2025,39.68543288,-105.0059947,1629,Denver
Ruby Hill Park Community Garden,RUB-V-97,RUB,vane,97,green lacewing,Insecta,Neuroptera,Chrysopidae,,,Predator,August,11-08-2025,14-08-2025,39.68543288,-105.0059947,1629,Denver
Ruby Hill Park Community Garden,RUB-V-98,RUB,vane,98,green lacewing,Insecta,Neuroptera,Chrysopidae,,,Predator,August,11-08-2025,14-08-2025,39.68543288,-105.0059947,1629,Denver
Ruby Hill Park Community Garden,RUB-V-99,RUB,vane,99,green lacewing,Insecta,Neuroptera,Chrysopidae,,,Predator,August,11-08-2025,14-08-2025,39.68543288,-105.0059947,1629,Denver
Ruby Hill Park Community Garden,RUB-V-100,RUB,vane,100,green lacewing,Insecta,Neuroptera,Chrysopidae,,,Predator,August,11-08-2025,14-08-2025,39.68543288,-105.0059947,1629,Denver
Ruby Hill Park Community Garden,RUB-V-101,RUB,vane,101,green lacewing,Insecta,Neuroptera,Chrysopidae,,,Predator,August,11-08-2025,14-08-2025,39.68543288,-105.0059947,1629,Denver
Ruby Hill Park Community Garden,RUB-V-102,RUB,vane,102,green lacewing,Insecta,Neuroptera,Chrysopidae,,,Predator,August,11-08-2025,14-08-2025,39.68543288,-105.0059947,1629,Denver
Ruby Hill Park Community Garden,RUB-V-103,RUB,vane,103,bug,Insecta,Hemiptera,,,,,August,11-08-2025,14-08-2025,39.68543288,-105.0059947,1629,Denver
Ruby Hill Park Community Garden,RUB-V-104,RUB,vane,104,insect,Insecta,,,,,,August,11-08-2025,14-08-2025,39.68543288,-105.0059947,1629,Denver
Ruby Hill Park Community Garden,RUB-V-105,RUB,vane,105,fly,Insecta,Diptera,,,,,August,11-08-2025,14-08-2025,39.68543288,-105.0059947,1629,Denver
Ruby Hill Park Community Garden,RUB-V-106,RUB,vane,106,fly,Insecta,Diptera,,,,,August,11-08-2025,14-08-2025,39.68543288,-105.0059947,1629,Denver
Ruby Hill Park Community Garden,RUB-V-107,RUB,vane,107,fly,Insecta,Diptera,,,,,August,11-08-2025,14-08-2025,39.68543288,-105.0059947,1629,Denver
Ruby Hill Park Community Garden,RUB-V-108,RUB,vane,108,fly,Insecta,Diptera,,,,,August,11-08-2025,14-08-2025,39.68543288,-105.0059947,1629,Denver
Ruby Hill Park Community Garden,RUB-V-109,RUB,vane,109,fly,Insecta,Diptera,,,,,August,11-08-2025,14-08-2025,39.68543288,-105.0059947,1629,Denver
Ruby Hill Park Community Garden,RUB-P-1,RUB,Pitfall-1,1,Non biting midge,Insecta,Diptera ,Chironomidae,,,Pollenivore,August,11-08-2025,14-08-2025,39.68543288,-105.0059947,1629,Denver
Ruby Hill Park Community Garden,RUB-P-2,RUB,Pitfall-1,2,Spider Mite ,Arachnida,Trombidiformes,,,,Herbivore,August,11-08-2025,14-08-2025,39.68543288,-105.0059947,1629,Denver
Gabriel Cam Memorial Community Garden,GABR-P-1,GABR,Pitfall-2 ,1,Centipede,Chilopoda,,,,,Predator,August,11-08-2025,14-08-2025,39.72381522,-104.8309439,1655,Arapahoe
Gabriel Cam Memorial Community Garden,GABR-P-2,GABR,Pitfall-2 ,2,pillbug,Malacostraca,Isopoda,,,,Detritivore,August,11-08-2025,14-08-2025,39.72381522,-104.8309439,1655,Arapahoe
Gabriel Cam Memorial Community Garden,GABR-P-3,GABR,Pitfall-2 ,3,pillbug,Malacostraca,Isopoda,,,,Detritivore,August,11-08-2025,14-08-2025,39.72381522,-104.8309439,1655,Arapahoe
Gabriel Cam Memorial Community Garden,GABR-P-4,GABR,Pitfall-2,4,pillbug,Malacostraca,Isopoda,,,,Detritivore,August,11-08-2025,14-08-2025,39.72381522,-104.8309439,1655,Arapahoe
Gabriel Cam Memorial Community Garden,GABR-P-5,GABR,Pitfall-2,5,pillbug,Malacostraca,Isopoda,,,,Detritivore,August,11-08-2025,14-08-2025,39.72381522,-104.8309439,1655,Arapahoe
Gabriel Cam Memorial Community Garden,GABR-P-6,GABR,Pitfall-2,6,Aphid ,Insecta,Hemiptera,,,,Herbivore,August,11-08-2025,14-08-2025,39.72381522,-104.8309439,1655,Arapahoe
Gabriel Cam Memorial Community Garden,GABR-P-7,GABR,Pitfall-2,7,Spider,Arachnida,Araneae,,,,Predator,August,11-08-2025,14-08-2025,39.72381522,-104.8309439,1655,Arapahoe
Gabriel Cam Memorial Community Garden,GABR-P-8,GABR,Pitfall-2,8,Ant ,Insecta,Hymenoptera,,,,Omnivore,August,11-08-2025,14-08-2025,39.72381522,-104.8309439,1655,Arapahoe
Gabriel Cam Memorial Community Garden,GABR-P-9,GABR,Pitfall-2,9,Ant ,Insecta,Hymenoptera,,,,Omnivore,August,11-08-2025,14-08-2025,39.72381522,-104.8309439,1655,Arapahoe
Gabriel Cam Memorial Community Garden,GABR-P-10,GABR,Pitfall-2,10,Ant ,Insecta,Hymenoptera,,,,Omnivore,August,11-08-2025,14-08-2025,39.72381522,-104.8309439,1655,Arapahoe
Gabriel Cam Memorial Community Garden,GABR-P-11,GABR,Pitfall-2,11,Mite ,Arachnida,Trombidiformes,,,,Herbivore,August,11-08-2025,14-08-2025,39.72381522,-104.8309439,1655,Arapahoe
Gabriel Cam Memorial Community Garden,GABR-P-12,GABR,Pitfall-2,12,Mite,Arachnida,Trombidiformes,,,,Herbivore,August,11-08-2025,14-08-2025,39.72381522,-104.8309439,1655,Arapahoe
Charles Hay,CHA-P-1,CHA,Pitfall-1,1,Ant ,Insecta,Hymenoptera,,,,Omnivore,August,11-08-2025,14-08-2025,39.65845813,-104.9720575,1635,Arapahoe
Charles Hay,CHA-P-2,CHA,Pitfall-1,2,Ant ,Insecta,Hymenoptera,,,,Omnivore,August,11-08-2025,14-08-2025,39.65845813,-104.9720575,1635,Arapahoe
Charles Hay,CHA-P-3,CHA,Pitfall-1,3,Ant ,Insecta,Hymenoptera,,,,Omnivore,August,11-08-2025,14-08-2025,39.65845813,-104.9720575,1635,Arapahoe
Charles Hay,CHA-P-4,CHA,Pitfall-1,4,Ant ,Insecta,Hymenoptera,,,,Omnivore,August,11-08-2025,14-08-2025,39.65845813,-104.9720575,1635,Arapahoe
Charles Hay,CHA-P-5,CHA,Pitfall-1,5,Ant ,Insecta,Hymenoptera,,,,Omnivore,August,11-08-2025,14-08-2025,39.65845813,-104.9720575,1635,Arapahoe
Charles Hay,CHA-P-6,CHA,Pitfall-1,6,harvestman,Arachnida,Opiliones,,,,Predator/Scavenger,August,11-08-2025,14-08-2025,39.65845813,-104.9720575,1635,Arapahoe
Charles Hay,CHA-P-7,CHA,Pitfall-1,7,Spider,Arachnida,Araneae,,,,Predator,August,11-08-2025,14-08-2025,39.65845813,-104.9720575,1635,Arapahoe
Charles Hay,CHA-P-8,CHA,Pitfall-1,8,Snail,Gastropoda,,,,,Herbivore,August,11-08-2025,14-08-2025,39.65845813,-104.9720575,1635,Arapahoe
Cook Park Community Garden,COO-V-1,COO,vane,1,bumblebee,Insecta,Hymenoptera,Apidae,Eucera,pruinosa,Pollinator,August,11-08-2025,14-08-2025,39.6858968,-104.9202609,1630,Denver
Cook Park Community Garden,COO-V-2,COO,vane,2,squashbee,Insecta,Hymenoptera,Apidae,Eucera,pruinosa,Pollinator,August,11-08-2025,14-08-2025,39.6858968,-104.9202609,1630,Denver
Cook Park Community Garden,COO-V-3,COO,vane,3,squashbee,Insecta,Hymenoptera,Apidae,Eucera,pruinosa,Pollinator,August,11-08-2025,14-08-2025,39.6858968,-104.9202609,1630,Denver
Cook Park Community Garden,COO-V-4,COO,vane,4,squashbee,Insecta,Hymenoptera,Apidae,Eucera,pruinosa,Pollinator,August,11-08-2025,14-08-2025,39.6858968,-104.9202609,1630,Denver
Cook Park Community Garden,COO-V-5,COO,vane,5,squashbee,Insecta,Hymenoptera,Apidae,Eucera,pruinosa,Pollinator,August,11-08-2025,14-08-2025,39.6858968,-104.9202609,1630,Denver
Cook Park Community Garden,COO-V-6,COO,vane,6,squashbee,Insecta,Hymenoptera,Apidae,Eucera,pruinosa,Pollinator,August,11-08-2025,14-08-2025,39.6858968,-104.9202609,1630,Denver
Cook Park Community Garden,COO-V-7,COO,vane,7,squashbee,Insecta,Hymenoptera,Apidae,Eucera,pruinosa,Pollinator,August,11-08-2025,14-08-2025,39.6858968,-104.9202609,1630,Denver
Cook Park Community Garden,COO-V-8,COO,vane,8,squashbee,Insecta,Hymenoptera,Apidae,Eucera,pruinosa,Pollinator,August,11-08-2025,14-08-2025,39.6858968,-104.9202609,1630,Denver
Cook Park Community Garden,COO-V-9,COO,vane,9,squashbee,Insecta,Hymenoptera,Apidae,Eucera,pruinosa,Pollinator,August,11-08-2025,14-08-2025,39.6858968,-104.9202609,1630,Denver
Cook Park Community Garden,COO-V-10,COO,vane,10,bumble flower beetle,Insecta,Coleoptera,Scarabaeidae,Euphoria,inda,Herbivore,August,11-08-2025,14-08-2025,39.6858968,-104.9202609,1630,Denver
Cook Park Community Garden,COO-V-11,COO,vane,11,bumble flower beetle,Insecta,Coleoptera,Scarabaeidae,Euphoria,inda,Herbivore,August,11-08-2025,14-08-2025,39.6858968,-104.9202609,1630,Denver
Cook Park Community Garden,COO-V-12,COO,vane,12,bumble flower beetle,Insecta,Coleoptera,Scarabaeidae,Euphoria,inda,Herbivore,August,11-08-2025,14-08-2025,39.6858968,-104.9202609,1630,Denver
Cook Park Community Garden,COO-V-13,COO,vane,13,bumble flower beetle,Insecta,Coleoptera,Scarabaeidae,Euphoria,inda,Herbivore,August,11-08-2025,14-08-2025,39.6858968,-104.9202609,1630,Denver
Cook Park Community Garden,COO-V-14,COO,vane,14,japanese beetle,Insecta,Coleoptera,Scarabaeidae,Popillia,japonica,Herbivore,August,11-08-2025,14-08-2025,39.6858968,-104.9202609,1630,Denver
Cook Park Community Garden,COO-V-15,COO,vane,15,japanese beetle,Insecta,Coleoptera,Scarabaeidae,Popillia,japonica,Herbivore,August,11-08-2025,14-08-2025,39.6858968,-104.9202609,1630,Denver
Cook Park Community Garden,COO-V-16,COO,vane,16,japanese beetle,Insecta,Coleoptera,Scarabaeidae,Popillia,japonica,Herbivore,August,11-08-2025,14-08-2025,39.6858968,-104.9202609,1630,Denver
Cook Park Community Garden,COO-V-17,COO,vane,17,japanese beetle,Insecta,Coleoptera,Scarabaeidae,Popillia,japonica,Herbivore,August,11-08-2025,14-08-2025,39.6858968,-104.9202609,1630,Denver
Cook Park Community Garden,COO-V-18,COO,vane,18,japanese beetle,Insecta,Coleoptera,Scarabaeidae,Popillia,japonica,Herbivore,August,11-08-2025,14-08-2025,39.6858968,-104.9202609,1630,Denver
Cook Park Community Garden,COO-V-19,COO,vane,19,squash bee,Insecta,Hymenoptera,Apidae,Eucera,pruinosa,Pollinator,August,11-08-2025,14-08-2025,39.6858968,-104.9202609,1630,Denver
Cook Park Community Garden,COO-V-20,COO,vane,20,longhorn bee,Insecta,Hymenoptera,Apidae,,,Pollinator,August,11-08-2025,14-08-2025,39.6858968,-104.9202609,1630,Denver
Cook Park Community Garden,COO-V-21,COO,vane,21,longhorn bee,Insecta,Hymenoptera,Apidae,,,Pollinator,August,11-08-2025,14-08-2025,39.6858968,-104.9202609,1630,Denver
Cook Park Community Garden,COO-V-22,COO,vane,22,longhorn bee,Insecta,Hymenoptera,Apidae,,,Pollinator,August,11-08-2025,14-08-2025,39.6858968,-104.9202609,1630,Denver
Cook Park Community Garden,COO-V-23,COO,vane,23,longhorn bee,Insecta,Hymenoptera,Apidae,,,Pollinator,August,11-08-2025,14-08-2025,39.6858968,-104.9202609,1630,Denver
Cook Park Community Garden,COO-V-24,COO,vane,24,longhorn bee,Insecta,Hymenoptera,Apidae,,,Pollinator,August,11-08-2025,14-08-2025,39.6858968,-104.9202609,1630,Denver
Cook Park Community Garden,COO-V-25,COO,vane,25,leafcutter bee,Insecta,Hymenoptera,Megachilidae,,,Pollinator,August,11-08-2025,14-08-2025,39.6858968,-104.9202609,1630,Denver
Cook Park Community Garden,COO-V-26,COO,vane,26,longhorn bee,Insecta,Hymenoptera,Apidae,,,Pollinator,August,11-08-2025,14-08-2025,39.6858968,-104.9202609,1630,Denver
Cook Park Community Garden,COO-V-27,COO,vane,27,longhorn bee,Insecta,Hymenoptera,Apidae,,,Pollinator,August,11-08-2025,14-08-2025,39.6858968,-104.9202609,1630,Denver
Cook Park Community Garden,COO-V-28,COO,vane,28,longhorn bee,Insecta,Hymenoptera,Apidae,,,Pollinator,August,11-08-2025,14-08-2025,39.6858968,-104.9202609,1630,Denver
Cook Park Community Garden,COO-V-29,COO,vane,29,longhorn bee,Insecta,Hymenoptera,Apidae,,,Pollinator,August,11-08-2025,14-08-2025,39.6858968,-104.9202609,1630,Denver
Cook Park Community Garden,COO-V-30,COO,vane,30,longhorn bee,Insecta,Hymenoptera,Apidae,,,Pollinator,August,11-08-2025,14-08-2025,39.6858968,-104.9202609,1630,Denver
Cook Park Community Garden,COO-V-31,COO,vane,31,longhorn bee,Insecta,Hymenoptera,Apidae,,,Pollinator,August,11-08-2025,14-08-2025,39.6858968,-104.9202609,1630,Denver
Cook Park Community Garden,COO-V-32,COO,vane,32,longhorn bee,Insecta,Hymenoptera,Apidae,,,Pollinator,August,11-08-2025,14-08-2025,39.6858968,-104.9202609,1630,Denver
Cook Park Community Garden,COO-V-33,COO,vane,33,longhorn bee,Insecta,Hymenoptera,Apidae,,,Pollinator,August,11-08-2025,14-08-2025,39.6858968,-104.9202609,1630,Denver
Cook Park Community Garden,COO-V-34,COO,vane,34,sweat bee,Insecta,Hymenoptera,Halictidae,Halictus,,Pollinator,August,11-08-2025,14-08-2025,39.6858968,-104.9202609,1630,Denver
Cook Park Community Garden,COO-V-35,COO,vane,35,longhorn bee,Insecta,Hymenoptera,Apidae,,,Pollinator,August,11-08-2025,14-08-2025,39.6858968,-104.9202609,1630,Denver
Cook Park Community Garden,COO-V-36,COO,vane,36,longhorn bee,Insecta,Hymenoptera,Apidae,,,Pollinator,August,11-08-2025,14-08-2025,39.6858968,-104.9202609,1630,Denver
Cook Park Community Garden,COO-V-37,COO,vane,37,longhorn bee,Insecta,Hymenoptera,Apidae,,,Pollinator,August,11-08-2025,14-08-2025,39.6858968,-104.9202609,1630,Denver
Cook Park Community Garden,COO-V-38,COO,vane,38,yellowjacket,Insecta,Hymenoptera,Vespidae,,,Predator,August,11-08-2025,14-08-2025,39.6858968,-104.9202609,1630,Denver
Cook Park Community Garden,COO-V-39,COO,vane,39,sweat bee,Insecta,Hymenoptera,Halictidae,,,Pollinator,August,11-08-2025,14-08-2025,39.6858968,-104.9202609,1630,Denver
Cook Park Community Garden,COO-V-40,COO,vane,40,ladybug,Insecta,Coleoptera,Coccinellidae,,,Predator,August,11-08-2025,14-08-2025,39.6858968,-104.9202609,1630,Denver
Cook Park Community Garden,COO-V-41,COO,vane,41,fly,Insecta,Diptera,,,,,August,11-08-2025,14-08-2025,39.6858968,-104.9202609,1630,Denver
Cook Park Community Garden,COO-V-42,COO,vane,42,fly,Insecta,Diptera,,,,,August,11-08-2025,14-08-2025,39.6858968,-104.9202609,1630,Denver
Cook Park Community Garden,COO-V-43,COO,vane,43,skipper,Insecta,Lepidoptera,,,,Pollinator,August,11-08-2025,14-08-2025,39.6858968,-104.9202609,1630,Denver
Cook Park Community Garden,COO-P-1,COO,Pitfall-2,1,Ant ,Insecta,Hymenoptera,,,,Omnivore,August,11-08-2025,14-08-2025,39.6858968,-104.9202609,1630,Denver
Cook Park Community Garden,COO-P-2,COO,Pitfall-2,2,Ant ,Insecta,Hymenoptera,,,,Omnivore,August,11-08-2025,14-08-2025,39.6858968,-104.9202609,1630,Denver
Cook Park Community Garden,COO-P-3,COO,Pitfall-2,3,Ant ,Insecta,Hymenoptera,,,,Omnivore,August,11-08-2025,14-08-2025,39.6858968,-104.9202609,1630,Denver
Cook Park Community Garden,COO-P-4,COO,Pitfall-2,4,Beetle,Insecta,Coleoptera,,,,,August,11-08-2025,14-08-2025,39.6858968,-104.9202609,1630,Denver
Cook Park Community Garden,COO-P-5,COO,Pitfall-2,5,Spider,Arachnida,Araneae,,,,Predator,August,11-08-2025,14-08-2025,39.6858968,-104.9202609,1630,Denver
Cook Park Community Garden,COO-P-6,COO,Pitfall-2,6,Leaf Hopper ,Insecta,Hemiptera,Cicadellidae,,,Herbivore,August,11-08-2025,14-08-2025,39.6858968,-104.9202609,1630,Denver
Cook Park Community Garden,COO-P-7,COO,Pitfall-2,7,Mite ,Arachnida,Arachniformes,,,,,August,11-08-2025,14-08-2025,39.6858968,-104.9202609,1630,Denver
Cook Park Community Garden,COO-P-8,COO,Pitfall-2,8,Mite ,Arachnida,Trombiformes,,,,,August,11-08-2025,14-08-2025,39.6858968,-104.9202609,1630,Denver
Cook Park Community Garden,COO-P-9,COO,Pitfall-2,9,Mite,Arachnida,Trombiformes,,,,,August,11-08-2025,14-08-2025,39.6858968,-104.9202609,1630,Denver
Cook Park Community Garden,COO-P-10,COO,Pitfall-2,10,Mite ,Arachnida,Trombiformes,,,,,August,11-08-2025,14-08-2025,39.6858968,-104.9202609,1630,Denver
Cook Park Community Garden,COO-P-11,COO,Pitfall-2,11,Mite,Arachnida,Arachniformes,,,,,August,11-08-2025,14-08-2025,39.6858968,-104.9202609,1630,Denver
Cook Park Community Garden,COO-P-1,COO,Pitfall-1,1,Spider,Arachnida,Araneae,,,,Predator,August,11-08-2025,14-08-2025,39.6858968,-104.9202609,1630,Denver
Cook Park Community Garden,COO-P-2,COO,Pitfall-1,2,Harvestman,Arachnida,Opiliones,,,,Predator/Scavenger,August,11-08-2025,14-08-2025,39.6858968,-104.9202609,1630,Denver
Cook Park Community Garden,COO-P-3,COO,Pitfall-1,3,Harvestman,Arachnida,Opiliones,,,,Predator/Scavenger,August,11-08-2025,14-08-2025,39.6858968,-104.9202609,1630,Denver
Cook Park Community Garden,COO-P-4,COO,Pitfall-1,4,Rolly Polly,Malacostraca,Isopoda,,,,Detritivore,August,11-08-2025,14-08-2025,39.6858968,-104.9202609,1630,Denver
Cook Park Community Garden,COO-P-5,COO,Pitfall-1,5,Rolly Polly,Malacostraca,Isopoda,,,,Detritivore,August,11-08-2025,14-08-2025,39.6858968,-104.9202609,1630,Denver
Cook Park Community Garden,COO-P-6,COO,Pitfall-1,6,Rolly Polly,Malacostraca,Isopoda,,,,Detritivore,August,11-08-2025,14-08-2025,39.6858968,-104.9202609,1630,Denver
Cook Park Community Garden,COO-P-7,COO,Pitfall-1,7,Milipede,Diplopoda,,,,,Detritivore,August,11-08-2025,14-08-2025,39.6858968,-104.9202609,1630,Denver
Cook Park Community Garden,COO-P-8,COO,Pitfall-1,8,Milipede,Diplopoda,,,,,Detritivore,August,11-08-2025,14-08-2025,39.6858968,-104.9202609,1630,Denver
Cook Park Community Garden,COO-P-9,COO,Pitfall-1,9,Rove beetle,Insecta,Coleoptera,Staphylinidae,,,Predator,August,11-08-2025,14-08-2025,39.6858968,-104.9202609,1630,Denver
Cook Park Community Garden,COO-P-10,COO,Pitfall-1,10,Rove beetle,Insecta,Coleoptera,Staphylinidae,,,Predator,August,11-08-2025,14-08-2025,39.6858968,-104.9202609,1630,Denver
Cook Park Community Garden,COO-P-11,COO,Pitfall-1,11,Beetle,Insecta,Coleoptera,,,,,August,11-08-2025,14-08-2025,39.6858968,-104.9202609,1630,Denver
Cook Park Community Garden,COO-P-12,COO,Pitfall-1,12,Ant ,Insecta,Hymenoptera,,,,Omnivore,August,11-08-2025,14-08-2025,39.6858968,-104.9202609,1630,Denver
Cook Park Community Garden,COO-P-13,COO,Pitfall-1,13,Aphid ,Insecta,Hemiptera,Aphididae,,,Herbivore,August,11-08-2025,14-08-2025,39.6858968,-104.9202609,1630,Denver
Cook Park Community Garden,COO-P-14,COO,Pitfall-1,14,Aphid ,Insecta,Hemiptera,Aphididae,,,Herbivore,August,11-08-2025,14-08-2025,39.6858968,-104.9202609,1630,Denver
Cook Park Community Garden,COO-P-15,COO,Pitfall-1,15,Aphid ,Insecta,Hemiptera,Aphididae,,,Herbivore,August,11-08-2025,14-08-2025,39.6858968,-104.9202609,1630,Denver
Cook Park Community Garden,COO-P-16,COO,Pitfall-1,16,Aphid ,Insecta,Hemiptera,Aphididae,,,Herbivore,August,11-08-2025,14-08-2025,39.6858968,-104.9202609,1630,Denver
Cook Park Community Garden,COO-P-17,COO,Pitfall-1,17,mite,Arachnida,Acariformes,,,,,August,11-08-2025,14-08-2025,39.6858968,-104.9202609,1630,Denver
Cook Park Community Garden,COO-P-18,COO,Pitfall-1,18,mite,Arachnida,Acariformes,,,,,August,11-08-2025,14-08-2025,39.6858968,-104.9202609,1630,Denver
Cook Park Community Garden,COO-P-19,COO,Pitfall-1,19,mite,Arachnida,Acariformes,,,,,August,11-08-2025,14-08-2025,39.6858968,-104.9202609,1630,Denver
Cook Park Community Garden,COO-P-20,COO,Pitfall-1,20,mite,Arachnida,Acariformes,,,,,August,11-08-2025,14-08-2025,39.6858968,-104.9202609,1630,Denver
Cook Park Community Garden,COO-P-21,COO,Pitfall-1,21,mite,Arachnida,Acariformes,,,,,August,11-08-2025,14-08-2025,39.6858968,-104.9202609,1630,Denver
Cook Park Community Garden,COO-P-22,COO,Pitfall-1,22,mite,Arachnida,Acariformes,,,,,August,11-08-2025,14-08-2025,39.6858968,-104.9202609,1630,Denver
Cook Park Community Garden,COO-P-23,COO,Pitfall-1,23,mite,Arachnida,Acariformes,,,,,August,11-08-2025,14-08-2025,39.6858968,-104.9202609,1630,Denver
Cook Park Community Garden,COO-P-24,COO,Pitfall-1,24,mite,Arachnida,Acariformes,,,,,August,11-08-2025,14-08-2025,39.6858968,-104.9202609,1630,Denver
Cook Park Community Garden,COO-P-25,COO,Pitfall-1,25,mite,Arachnida,Acariformes,,,,,August,11-08-2025,14-08-2025,39.6858968,-104.9202609,1630,Denver
Cook Park Community Garden,COO-P-26,COO,Pitfall-1,26,mite,Arachnida,Acariformes,,,,,August,11-08-2025,14-08-2025,39.6858968,-104.9202609,1630,Denver
Cook Park Community Garden,COO-P-27,COO,Pitfall-1,27,mite,Arachnida,Acariformes,,,,,August,11-08-2025,14-08-2025,39.6858968,-104.9202609,1630,Denver
Cook Park Community Garden,COO-P-28,COO,Pitfall-1,28,mite,Arachnida,Acariformes,,,,,August,11-08-2025,14-08-2025,39.6858968,-104.9202609,1630,Denver
Cook Park Community Garden,COO-P-29,COO,Pitfall-1,29,mite,Arachnida,Acariformes,,,,,August,11-08-2025,14-08-2025,39.6858968,-104.9202609,1630,Denver
Cook Park Community Garden,COO-P-30,COO,Pitfall-1,30,mite,Arachnida,Acariformes,,,,,August,11-08-2025,14-08-2025,39.6858968,-104.9202609,1630,Denver
Cook Park Community Garden,COO-P-31,COO,Pitfall-1,31,mite,Arachnida,Acariformes,,,,,August,11-08-2025,14-08-2025,39.6858968,-104.9202609,1630,Denver
Cook Park Community Garden,COO-P-32,COO,Pitfall-1,32,mite,Arachnida,Acariformes,,,,,August,11-08-2025,14-08-2025,39.6858968,-104.9202609,1630,Denver
Cook Park Community Garden,COO-P-33,COO,Pitfall-1,33,mite,Arachnida,Acariformes,,,,,August,11-08-2025,14-08-2025,39.6858968,-104.9202609,1630,Denver
Cook Park Community Garden,COO-P-34,COO,Pitfall-1,34,mite,Arachnida,Acariformes,,,,,August,11-08-2025,14-08-2025,39.6858968,-104.9202609,1630,Denver
Cook Park Community Garden,COO-P-35,COO,Pitfall-1,35,mite,Arachnida,Acariformes,,,,,August,11-08-2025,14-08-2025,39.6858968,-104.9202609,1630,Denver
Cook Park Community Garden,COO-P-36,COO,Pitfall-1,36,mite,Arachnida,Acariformes,,,,,August,11-08-2025,14-08-2025,39.6858968,-104.9202609,1630,Denver
Cook Park Community Garden,COO-P-37,COO,Pitfall-1,37,mite,Arachnida,Acariformes,,,,,August,11-08-2025,14-08-2025,39.6858968,-104.9202609,1630,Denver
Steck School Community Garden,STE-P-1,STE,Pifall-2,1,Ant ,Insecta,Hymenoptera,,,,Omnivore,August,11-08-2025,14-08-2025,39.72417131,-104.9382635,1647,Denver
Steck School Community Garden,STE-P-2,STE,Pifall-2,2,Ant ,Insecta,Hymenoptera,,,,Omnivore,August,11-08-2025,14-08-2025,39.72417131,-104.9382635,1647,Denver
Steck School Community Garden,STE-P-3,STE,Pifall-2,3,Ant ,Insecta,Hymenoptera,,,,Omnivore,August,11-08-2025,14-08-2025,39.72417131,-104.9382635,1647,Denver
Steck School Community Garden,STE-P-4,STE,Pifall-2,4,Ant ,Insecta,Hymenoptera,,,,Omnivore,August,11-08-2025,14-08-2025,39.72417131,-104.9382635,1647,Denver
Steck School Community Garden,STE-P-5,STE,Pifall-2,5,Ant ,Insecta,Hymenoptera,,,,Omnivore,August,11-08-2025,14-08-2025,39.72417131,-104.9382635,1647,Denver
Steck School Community Garden,STE-P-6,STE,Pifall-2,6,Ant ,Insecta,Hymenoptera,,,,Omnivore,August,11-08-2025,14-08-2025,39.72417131,-104.9382635,1647,Denver
Steck School Community Garden,STE-P-7,STE,Pifall-2,7,Ant ,Insecta,Hymenoptera,,,,Omnivore,August,11-08-2025,14-08-2025,39.72417131,-104.9382635,1647,Denver
Steck School Community Garden,STE-P-8,STE,Pifall-2,8,Ant ,Insecta,Hymenoptera,,,,Omnivore,August,11-08-2025,14-08-2025,39.72417131,-104.9382635,1647,Denver
Steck School Community Garden,STE-P-9,STE,Pifall-2,9,Ant ,Insecta,Hymenoptera,,,,Omnivore,August,11-08-2025,14-08-2025,39.72417131,-104.9382635,1647,Denver
Steck School Community Garden,STE-P-10,STE,Pifall-2,10,Ant ,Insecta,Hymenoptera,,,,Omnivore,August,11-08-2025,14-08-2025,39.72417131,-104.9382635,1647,Denver
Steck School Community Garden,STE-P-11,STE,Pifall-2,11,Ant ,Insecta,Hymenoptera,,,,Omnivore,August,11-08-2025,14-08-2025,39.72417131,-104.9382635,1647,Denver
Steck School Community Garden,STE-P-12,STE,Pifall-2,12,Ant ,Insecta,Hymenoptera,,,,Omnivore,August,11-08-2025,14-08-2025,39.72417131,-104.9382635,1647,Denver
Steck School Community Garden,STE-P-13,STE,Pifall-2,13,Ant ,Insecta,Hymenoptera,,,,Omnivore,August,11-08-2025,14-08-2025,39.72417131,-104.9382635,1647,Denver
Steck School Community Garden,STE-P-14,STE,Pifall-2,14,Ant ,Insecta,Hymenoptera,,,,Omnivore,August,11-08-2025,14-08-2025,39.72417131,-104.9382635,1647,Denver
Steck School Community Garden,STE-P-15,STE,Pifall-2,15,Ant ,Insecta,Hymenoptera,,,,Omnivore,August,11-08-2025,14-08-2025,39.72417131,-104.9382635,1647,Denver
Steck School Community Garden,STE-P-16,STE,Pifall-2,16,Ant ,Insecta,Hymenoptera,,,,Omnivore,August,11-08-2025,14-08-2025,39.72417131,-104.9382635,1647,Denver
Steck School Community Garden,STE-P-17,STE,Pifall-2,17,Ant ,Insecta,Hymenoptera,,,,Omnivore,August,11-08-2025,14-08-2025,39.72417131,-104.9382635,1647,Denver
Steck School Community Garden,STE-P-18,STE,Pifall-2,18,Ant ,Insecta,Hymenoptera,,,,Omnivore,August,,,39.72417131,-104.9382635,1647,Denver
Steck School Community Garden,STE-P-19,STE,Pifall-2,19,Milipede,Diplopoda,,,,,Detritivore,August,11-08-2025,14-08-2025,39.72417131,-104.9382635,1647,Denver
Steck School Community Garden,STE-P-20,STE,Pifall-2,20,Rolly Polly,Malacostraca,Isopoda,,,,Detritivore,August,11-08-2025,14-08-2025,39.72417131,-104.9382635,1647,Denver
Steck School Community Garden,STE-P-21,STE,Pifall-2,21,Non biting midge,Insecta,Diptera ,Chironomidae,,,Pollenivore,August,11-08-2025,14-08-2025,39.72417131,-104.9382635,1647,Denver
Edison School Community Garden,EDI-P-1,EDI,Ptifall-2,1,parsitic wasp,Insecta,Hymenoptera,Chalcidoidea,,,Parasitoid,August,11-08-2025,14-08-2025,39.76548756,-105.0395583,1659,Denver
Edison School Community Garden,EDI-P-2,EDI,Ptifall-2,2,Mite,Arachnida,Acariform,,,,,August,11-08-2025,14-08-2025,39.76548756,-105.0395583,1659,Denver
Edison School Community Garden,EDI-P-3,EDI,Ptifall-2,3,Granulate Beetle,Insecta,Coleoptera,Curculionidae,Xylosandrus,,,August,11-08-2025,14-08-2025,39.76548756,-105.0395583,1659,Denver
Edison School Community Garden,EDI-P-4,EDI,Ptifall-2,4,Mite,Arachnida,Acariform,,,,,August,11-08-2025,14-08-2025,39.76548756,-105.0395583,1659,Denver
Edison School Community Garden,EDI-P-5,EDI,Ptifall-2,5,Mite,Arachnida,Acariform,,,,,August,11-08-2025,14-08-2025,39.76548756,-105.0395583,1659,Denver
Edison School Community Garden,EDI-P-6,EDI,Ptifall-2,6,Mite,Arachnida,Acariform,,,,,August,11-08-2025,14-08-2025,39.76548756,-105.0395583,1659,Denver
Edison School Community Garden,EDI-P-7,EDI,Ptifall-2,7,Aphid ,Insecta,Hemiptera,Aphididae,,,Herbivore,August,11-08-2025,14-08-2025,39.76548756,-105.0395583,1659,Denver
Edison School Community Garden,EDI-P-8,EDI,Ptifall-2,8,Aphid ,Insecta,Hemiptera,Aphididae,,,Herbivore,August,11-08-2025,14-08-2025,39.76548756,-105.0395583,1659,Denver
Edison School Community Garden,EDI-P-9,EDI,Ptifall-2,9,Ant ,Insecta,Hymenoptera,Formicidae,,,Omnivore,August,11-08-2025,14-08-2025,39.76548756,-105.0395583,1659,Denver
GW School and Community Garden,GW-P-1,GW,Pitfall-1,1,Aphid ,Insecta,Hemiptera,Aphididae,,,Herbivore,August,11-08-2025,14-08-2025,39.70479323,-104.9149051,1644,Denver
GW School and Community Garden,GW-P-1,GW,Pitfall-1,1,Aphid ,Insecta,Hemiptera,Aphididae,,,Herbivore,August,11-08-2025,14-08-2025,39.70479323,-104.9149051,1644,Denver
GW School and Community Garden,GW-P-2,GW,Pitfall-1,2,Aphid ,Insecta,Hemiptera,Aphididae,,,Herbivore,August,11-08-2025,14-08-2025,39.70479323,-104.9149051,1644,Denver
GW School and Community Garden,GW-P-3,GW,Pitfall-1,3,Spider,Arachnida,Araneae,,,,Predator,August,11-08-2025,14-08-2025,39.70479323,-104.9149051,1644,Denver
GW School and Community Garden,GW-P-4,GW,Pitfall-1,4,Ant ,Insecta,Hymenoptera,Formicidae,,,Omnivore,August,11-08-2025,14-08-2025,39.70479323,-104.9149051,1644,Denver
GW School and Community Garden,GW-P-3,GW,Pitfall-1,3,Ant ,Insecta,Hymenoptera,Formicidae,,,Omnivore,August,11-08-2025,14-08-2025,39.70479323,-104.9149051,1644,Denver
Greenway Community Garden,GRE-P-1,GRE,Pitfall-1,1,Spider,Arachnida,Araneae,,,,Predator,August,11-08-2025,14-08-2025,39.75074088,-104.8969895,1625,Denver
Greenway Community Garden,GRE-P-2,GRE,Pitfall-1,2,Mite,Arachnida,Trombidiformes,,,,,August,11-08-2025,14-08-2025,39.75074088,-104.8969895,1625,Denver
Greenway Community Garden,GRE-P-3,GRE,Pitfall-1,3,tiny fly,Insecta,Diptera ,,,,Detritivore,August,11-08-2025,14-08-2025,39.75074088,-104.8969895,1625,Denver
Greenway Community Garden,GRE-P-4,GRE,Pitfall-1,4,tiny fly,Insecta,Diptera ,,,,Detritivore,August,11-08-2025,14-08-2025,39.75074088,-104.8969895,1625,Denver
Greenway Community Garden,GRE-P-5,GRE,Pitfall-1,5,Aphid ,Insecta,Hemiptera,Aphididae,,,Herbivore,August,11-08-2025,14-08-2025,39.75074088,-104.8969895,1625,Denver
Applewood Community Garden,APP-P-1,APP,Pitfall-1,1,Grasshopper,Insecta,Orthoptera,,,,Herbivore,August,11-08-2025,14-08-2025,39.76071279,-105.1446095,1687.57,Jefferson
Applewood Community Garden,APP-P-2,APP,Pitfall-1,2,Ant ,Insecta,Hymenoptera,Formicidae,,,Omnivore,August,11-08-2025,14-08-2025,39.76071279,-105.1446095,1687.57,Jefferson
Applewood Community Garden,APP-P-3,APP,Pitfall-1,3,Ant ,Insecta,Hymenoptera,Formicidae,,,Omnivore,August,11-08-2025,14-08-2025,39.76071279,-105.1446095,1687.57,Jefferson
Applewood Community Garden,APP-P-4,APP,Pitfall-1,4,Ant ,Insecta,Hymenoptera,Formicidae,,,Omnivore,August,11-08-2025,14-08-2025,39.76071279,-105.1446095,1687.57,Jefferson
Applewood Community Garden,APP-P-5,APP,Pitfall-1,5,Mite,Arachnida,,,,,,August,11-08-2025,14-08-2025,39.76071279,-105.1446095,1687.57,Jefferson
Applewood Community Garden,APP-P-6,APP,Pitfall-1,6,Mite,Arachnida,,,,,,August,11-08-2025,14-08-2025,39.76071279,-105.1446095,1687.57,Jefferson
Applewood Community Garden,APP-P-7,APP,Pitfall-1,7,Mite,Arachnida,,,,,,August,11-08-2025,14-08-2025,39.76071279,-105.1446095,1687.57,Jefferson
Applewood Community Garden,APP-P-8,APP,Pitfall-1,8,Mite,Arachnida,,,,,,August,11-08-2025,14-08-2025,39.76071279,-105.1446095,1687.57,Jefferson
Applewood Community Garden,APP-P-9,APP,Pitfall-1,9,Mite,Arachnida,,,,,,August,11-08-2025,14-08-2025,39.76071279,-105.1446095,1687.57,Jefferson
Applewood Community Garden,APP-P-10,APP,Pitfall-1,10,Aphid ,Insecta,Hemiptera,Aphididae,,,Herbivore,August,11-08-2025,14-08-2025,39.76071279,-105.1446095,1687.57,Jefferson
Applewood Community Garden,APP-P-11,APP,Pitfall-1,11,Aphid ,Insecta,Hemiptera,Aphididae,,,Herbivore,August,11-08-2025,14-08-2025,39.76071279,-105.1446095,1687.57,Jefferson