Site,spec_code,site_code,trap_type,spec_no,spec_notes,class,order,fam,genus,specie,fun_group,month,start_date,end_date,lat,long,elevation_m,county
Applewood Community Garden,APP-V-1,APP,vane,1,ant,Insecta,Hymenoptera,Formicidae,,,,July,15-07-2025,18-07-2025,39.76071279,-105.1446095,1687.57,Jefferson
Applewood Community Garden,APP-V-2,APP,vane,2,beetle,Insecta,Coleoptera,,,,,July,15-07-2025,18-07-2025,39.76071279,-105.1446095,1687.57,Jefferson
Applewood Community Garden,APP-V-3,APP,vane,3,beetle,Insecta,Coleoptera,,,,,July,15-07-2025,18-07-2025,39.76071279,-105.1446095,1687.57,Jefferson
Applewood Community Garden,APP-V-4,APP,vane,4,beetle,Insecta,Coleoptera,,,,,July,15-07-2025,18-07-2025,39.76071279,-105.1446095,1687.57,Jefferson
Applewood Community Garden,APP-V-5,APP,vane,5,beetle,Insecta,Coleoptera,,,,,July,15-07-2025,18-07-2025,39.76071279,-105.1446095,1687.57,Jefferson
Applewood Community Garden,APP-V-6,APP,vane,6,beetle,Insecta,Coleoptera,,,,,July,15-07-2025,18-07-2025,39.76071279,-105.1446095,1687.57,Jefferson
Applewood Community Garden,APP-V-7,APP,vane,7,unknown bug,Insecta,Hemiptera,,,,,July,15-07-2025,18-07-2025,39.76071279,-105.1446095,1687.57,Jefferson
Applewood Community Garden,APP-V-8,APP,vane,8,unknown bug,Insecta,Hemiptera,,,,,July,15-07-2025,18-07-2025,39.76071279,-105.1446095,1687.57,Jefferson
Applewood Community Garden,APP-V-9,APP,vane,9,small bodied fly,Insecta,Diptera,,,,,July,15-07-2025,18-07-2025,39.76071279,-105.1446095,1687.57,Jefferson
Applewood Community Garden,APP-V-10,APP,vane,10,small bodied fly,Insecta,Diptera,,,,,July,15-07-2025,18-07-2025,39.76071279,-105.1446095,1687.57,Jefferson
Applewood Community Garden,APP-V-11,APP,vane,11,leaf hopper,Insecta,Hemiptera,Cicadellidae,,,Herbivore,July,15-07-2025,18-07-2025,39.76071279,-105.1446095,1687.57,Jefferson
Applewood Community Garden,APP-V-12,APP,vane,12,maybe chalcid wasp,Insecta,Hymenoptera,Chalcididae,,,Parasitoid,July,15-07-2025,18-07-2025,39.76071279,-105.1446095,1687.57,Jefferson
Applewood Community Garden,APP-V-13,APP,vane,13,minute pirate bug,Insecta,Hemiptera,Anthocoridae,Orius,,Predator,July,15-07-2025,18-07-2025,39.76071279,-105.1446095,1687.57,Jefferson
Applewood Community Garden,APP-V-14,APP,vane,14,minute pirate bug,Insecta,Hemiptera,Anthocoridae,Orius,,Predator,July,15-07-2025,18-07-2025,39.76071279,-105.1446095,1687.57,Jefferson
Applewood Community Garden,APP-V-15,APP,vane,15,minute pirate bug,Insecta,Hemiptera,Anthocoridae,Orius,,Predator,July,15-07-2025,18-07-2025,39.76071279,-105.1446095,1687.57,Jefferson
Applewood Community Garden,APP-V-16,APP,vane,16,minute pirate bug,Insecta,Hemiptera,Anthocoridae,Orius,,Predator,July,15-07-2025,18-07-2025,39.76071279,-105.1446095,1687.57,Jefferson
Applewood Community Garden,APP-V-17,APP,vane,17,minute pirate bug,Insecta,Hemiptera,Anthocoridae,Orius,,Predator,July,15-07-2025,18-07-2025,39.76071279,-105.1446095,1687.57,Jefferson
Applewood Community Garden,APP-V-18,APP,vane,18,minute pirate bug,Insecta,Hemiptera,Anthocoridae,Orius,,Predator,July,15-07-2025,18-07-2025,39.76071279,-105.1446095,1687.57,Jefferson
Applewood Community Garden,APP-V-19,APP,vane,19,minute pirate bug,Insecta,Hemiptera,Anthocoridae,Orius,,Predator,July,15-07-2025,18-07-2025,39.76071279,-105.1446095,1687.57,Jefferson
Applewood Community Garden,APP-V-20,APP,vane,20,minute pirate bug,Insecta,Hemiptera,Anthocoridae,Orius,,Predator,July,15-07-2025,18-07-2025,39.76071279,-105.1446095,1687.57,Jefferson
Applewood Community Garden,APP-V-21,APP,vane,21,minute pirate bug,Insecta,Hemiptera,Anthocoridae,Orius,,Predator,July,15-07-2025,18-07-2025,39.76071279,-105.1446095,1687.57,Jefferson
Applewood Community Garden,APP-V-22,APP,vane,22,minute pirate bug,Insecta,Hemiptera,Anthocoridae,Orius,,Predator,July,15-07-2025,18-07-2025,39.76071279,-105.1446095,1687.57,Jefferson
Applewood Community Garden,APP-V-23,APP,vane,23,minute pirate bug,Insecta,Hemiptera,Anthocoridae,Orius,,Predator,July,15-07-2025,18-07-2025,39.76071279,-105.1446095,1687.57,Jefferson
Applewood Community Garden,APP-V-24,APP,vane,24,minute pirate bug,Insecta,Hemiptera,Anthocoridae,Orius,,Predator,July,15-07-2025,18-07-2025,39.76071279,-105.1446095,1687.57,Jefferson
Applewood Community Garden,APP-V-25,APP,vane,25,minute pirate bug,Insecta,Hemiptera,Anthocoridae,Orius,,Predator,July,15-07-2025,18-07-2025,39.76071279,-105.1446095,1687.57,Jefferson
Applewood Community Garden,APP-V-26,APP,vane,26,minute pirate bug,Insecta,Hemiptera,Anthocoridae,Orius,,Predator,July,15-07-2025,18-07-2025,39.76071279,-105.1446095,1687.57,Jefferson
Applewood Community Garden,APP-V-27,APP,vane,27,minute pirate bug,Insecta,Hemiptera,Anthocoridae,Orius,,Predator,July,15-07-2025,18-07-2025,39.76071279,-105.1446095,1687.57,Jefferson
Applewood Community Garden,APP-V-28,APP,vane,28,minute pirate bug,Insecta,Hemiptera,Anthocoridae,Orius,,Predator,July,15-07-2025,18-07-2025,39.76071279,-105.1446095,1687.57,Jefferson
Applewood Community Garden,APP-V-29,APP,vane,29,minute pirate bug,Insecta,Hemiptera,Anthocoridae,Orius,,Predator,July,15-07-2025,18-07-2025,39.76071279,-105.1446095,1687.57,Jefferson
Applewood Community Garden,APP-V-30,APP,vane,30,minute pirate bug,Insecta,Hemiptera,Anthocoridae,Orius,,Predator,July,15-07-2025,18-07-2025,39.76071279,-105.1446095,1687.57,Jefferson
Applewood Community Garden,APP-V-31,APP,vane,31,minute pirate bug,Insecta,Hemiptera,Anthocoridae,Orius,,Predator,July,15-07-2025,18-07-2025,39.76071279,-105.1446095,1687.57,Jefferson
Applewood Community Garden,APP-V-32,APP,vane,32,minute pirate bug,Insecta,Hemiptera,Anthocoridae,Orius,,Predator,July,15-07-2025,18-07-2025,39.76071279,-105.1446095,1687.57,Jefferson
Applewood Community Garden,APP-V-33,APP,vane,33,minute pirate bug,Insecta,Hemiptera,Anthocoridae,Orius,,Predator,July,15-07-2025,18-07-2025,39.76071279,-105.1446095,1687.57,Jefferson
Applewood Community Garden,APP-V-34,APP,vane,34,minute pirate bug,Insecta,Hemiptera,Anthocoridae,Orius,,Predator,July,15-07-2025,18-07-2025,39.76071279,-105.1446095,1687.57,Jefferson
Applewood Community Garden,APP-V-35,APP,vane,35,minute pirate bug,Insecta,Hemiptera,Anthocoridae,Orius,,Predator,July,15-07-2025,18-07-2025,39.76071279,-105.1446095,1687.57,Jefferson
Applewood Community Garden,APP-V-36,APP,vane,36,minute pirate bug,Insecta,Hemiptera,Anthocoridae,Orius,,Predator,July,15-07-2025,18-07-2025,39.76071279,-105.1446095,1687.57,Jefferson
Applewood Community Garden,APP-V-37,APP,vane,37,minute pirate bug,Insecta,Hemiptera,Anthocoridae,Orius,,Predator,July,15-07-2025,18-07-2025,39.76071279,-105.1446095,1687.57,Jefferson
Applewood Community Garden,APP-V-38,APP,vane,38,minute pirate bug,Insecta,Hemiptera,Anthocoridae,Orius,,Predator,July,15-07-2025,18-07-2025,39.76071279,-105.1446095,1687.57,Jefferson
Applewood Community Garden,APP-V-39,APP,vane,39,minute pirate bug,Insecta,Hemiptera,Anthocoridae,Orius,,Predator,July,15-07-2025,18-07-2025,39.76071279,-105.1446095,1687.57,Jefferson
Applewood Community Garden,APP-V-40,APP,vane,40,minute pirate bug,Insecta,Hemiptera,Anthocoridae,Orius,,Predator,July,15-07-2025,18-07-2025,39.76071279,-105.1446095,1687.57,Jefferson
Applewood Community Garden,APP-V-41,APP,vane,41,minute pirate bug,Insecta,Hemiptera,Anthocoridae,Orius,,Predator,July,15-07-2025,18-07-2025,39.76071279,-105.1446095,1687.57,Jefferson
Applewood Community Garden,APP-V-42,APP,vane,42,minute pirate bug,Insecta,Hemiptera,Anthocoridae,Orius,,Predator,July,15-07-2025,18-07-2025,39.76071279,-105.1446095,1687.57,Jefferson
Applewood Community Garden,APP-V-43,APP,vane,43,minute pirate bug,Insecta,Hemiptera,Anthocoridae,Orius,,Predator,July,15-07-2025,18-07-2025,39.76071279,-105.1446095,1687.57,Jefferson
Applewood Community Garden,APP-V-44,APP,vane,44,minute pirate bug,Insecta,Hemiptera,Anthocoridae,Orius,,Predator,July,15-07-2025,18-07-2025,39.76071279,-105.1446095,1687.57,Jefferson
Applewood Community Garden,APP-V-45,APP,vane,45,minute pirate bug,Insecta,Hemiptera,Anthocoridae,Orius,,Predator,July,15-07-2025,18-07-2025,39.76071279,-105.1446095,1687.57,Jefferson
Applewood Community Garden,APP-V-46,APP,vane,46,minute pirate bug,Insecta,Hemiptera,Anthocoridae,Orius,,Predator,July,15-07-2025,18-07-2025,39.76071279,-105.1446095,1687.57,Jefferson
Applewood Community Garden,APP-V-47,APP,vane,47,minute pirate bug,Insecta,Hemiptera,Anthocoridae,Orius,,Predator,July,15-07-2025,18-07-2025,39.76071279,-105.1446095,1687.57,Jefferson
Applewood Community Garden,APP-V-48,APP,vane,48,minute pirate bug,Insecta,Hemiptera,Anthocoridae,Orius,,Predator,July,15-07-2025,18-07-2025,39.76071279,-105.1446095,1687.57,Jefferson
Applewood Community Garden,APP-V-49,APP,vane,49,minute pirate bug,Insecta,Hemiptera,Anthocoridae,Orius,,Predator,July,15-07-2025,18-07-2025,39.76071279,-105.1446095,1687.57,Jefferson
Applewood Community Garden,APP-V-50,APP,vane,50,minute pirate bug,Insecta,Hemiptera,Anthocoridae,Orius,,Predator,July,15-07-2025,18-07-2025,39.76071279,-105.1446095,1687.57,Jefferson
Applewood Community Garden,APP-V-51,APP,vane,51,minute pirate bug,Insecta,Hemiptera,Anthocoridae,Orius,,Predator,July,15-07-2025,18-07-2025,39.76071279,-105.1446095,1687.57,Jefferson
Applewood Community Garden,APP-V-52,APP,vane,52,minute pirate bug,Insecta,Hemiptera,Anthocoridae,Orius,,Predator,July,15-07-2025,18-07-2025,39.76071279,-105.1446095,1687.57,Jefferson
Applewood Community Garden,APP-V-53,APP,vane,53,dark thrip,Insecta,Thysanoptera,Aeolothripidae,,,Predator,July,15-07-2025,18-07-2025,39.76071279,-105.1446095,1687.57,Jefferson
Applewood Community Garden,APP-V-54,APP,vane,54,springtails,Entognatha,Collembola,,,,Detritivore,July,15-07-2025,18-07-2025,39.76071279,-105.1446095,1687.57,Jefferson
Applewood Community Garden,APP-V-55,APP,vane,55,springtails,Entognatha,Collembola,,,,Detritivore,July,15-07-2025,18-07-2025,39.76071279,-105.1446095,1687.57,Jefferson
Applewood Community Garden,APP-V-56,APP,vane,56,springtails,Entognatha,Collembola,,,,Detritivore,July,15-07-2025,18-07-2025,39.76071279,-105.1446095,1687.57,Jefferson
Applewood Community Garden,APP-V-57,APP,vane,57,springtails,Entognatha,Collembola,,,,Detritivore,July,15-07-2025,18-07-2025,39.76071279,-105.1446095,1687.57,Jefferson
Applewood Community Garden,APP-V-58,APP,vane,58,springtails,Entognatha,Collembola,,,,Detritivore,July,15-07-2025,18-07-2025,39.76071279,-105.1446095,1687.57,Jefferson
Applewood Community Garden,APP-V-59,APP,vane,59,springtails,Entognatha,Collembola,,,,Detritivore,July,15-07-2025,18-07-2025,39.76071279,-105.1446095,1687.57,Jefferson
Applewood Community Garden,APP-V-60,APP,vane,60,springtails,Entognatha,Collembola,,,,Detritivore,July,15-07-2025,18-07-2025,39.76071279,-105.1446095,1687.57,Jefferson
Applewood Community Garden,APP-V-61,APP,vane,61,springtails,Entognatha,Collembola,,,,Detritivore,July,15-07-2025,18-07-2025,39.76071279,-105.1446095,1687.57,Jefferson
Applewood Community Garden,APP-V-62,APP,vane,62,springtails,Entognatha,Collembola,,,,Detritivore,July,15-07-2025,18-07-2025,39.76071279,-105.1446095,1687.57,Jefferson
Applewood Community Garden,APP-V-63,APP,vane,63,springtails,Entognatha,Collembola,,,,Detritivore,July,15-07-2025,18-07-2025,39.76071279,-105.1446095,1687.57,Jefferson
Applewood Community Garden,APP-V-64,APP,vane,64,springtails,Entognatha,Collembola,,,,Detritivore,July,15-07-2025,18-07-2025,39.76071279,-105.1446095,1687.57,Jefferson
Applewood Community Garden,APP-V-65,APP,vane,65,thrips,Insecta,Thysanoptera,Thripidae,,,Herbivore,July,15-07-2025,18-07-2025,39.76071279,-105.1446095,1687.57,Jefferson
Applewood Community Garden,APP-V-66,APP,vane,66,thrips,Insecta,Thysanoptera,Thripidae,,,Herbivore,July,15-07-2025,18-07-2025,39.76071279,-105.1446095,1687.57,Jefferson
Applewood Community Garden,APP-V-67,APP,vane,67,thrips,Insecta,Thysanoptera,Thripidae,,,Herbivore,July,15-07-2025,18-07-2025,39.76071279,-105.1446095,1687.57,Jefferson
Applewood Community Garden,APP-V-68,APP,vane,68,thrips,Insecta,Thysanoptera,Thripidae,,,Herbivore,July,15-07-2025,18-07-2025,39.76071279,-105.1446095,1687.57,Jefferson
Applewood Community Garden,APP-V-69,APP,vane,69,thrips,Insecta,Thysanoptera,Thripidae,,,Herbivore,July,15-07-2025,18-07-2025,39.76071279,-105.1446095,1687.57,Jefferson
Applewood Community Garden,APP-V-70,APP,vane,70,thrips,Insecta,Thysanoptera,Thripidae,,,Herbivore,July,15-07-2025,18-07-2025,39.76071279,-105.1446095,1687.57,Jefferson
Applewood Community Garden,APP-V-71,APP,vane,71,thrips,Insecta,Thysanoptera,Thripidae,,,Herbivore,July,15-07-2025,18-07-2025,39.76071279,-105.1446095,1687.57,Jefferson
Applewood Community Garden,APP-V-72,APP,vane,72,thrips,Insecta,Thysanoptera,Thripidae,,,Herbivore,July,15-07-2025,18-07-2025,39.76071279,-105.1446095,1687.57,Jefferson
Applewood Community Garden,APP-V-73,APP,vane,73,thrips,Insecta,Thysanoptera,Thripidae,,,Herbivore,July,15-07-2025,18-07-2025,39.76071279,-105.1446095,1687.57,Jefferson
Applewood Community Garden,APP-V-74,APP,vane,74,thrips,Insecta,Thysanoptera,Thripidae,,,Herbivore,July,15-07-2025,18-07-2025,39.76071279,-105.1446095,1687.57,Jefferson
Applewood Community Garden,APP-V-75,APP,vane,75,thrips,Insecta,Thysanoptera,Thripidae,,,Herbivore,July,15-07-2025,18-07-2025,39.76071279,-105.1446095,1687.57,Jefferson
Applewood Community Garden,APP-V-76,APP,vane,76,thrips,Insecta,Thysanoptera,Thripidae,,,Herbivore,July,15-07-2025,18-07-2025,39.76071279,-105.1446095,1687.57,Jefferson
Applewood Community Garden,APP-V-77,APP,vane,77,thrips,Insecta,Thysanoptera,Thripidae,,,Herbivore,July,15-07-2025,18-07-2025,39.76071279,-105.1446095,1687.57,Jefferson
Applewood Community Garden,APP-V-78,APP,vane,78,thrips,Insecta,Thysanoptera,Thripidae,,,Herbivore,July,15-07-2025,18-07-2025,39.76071279,-105.1446095,1687.57,Jefferson
Applewood Community Garden,APP-V-79,APP,vane,79,thrips,Insecta,Thysanoptera,Thripidae,,,Herbivore,July,15-07-2025,18-07-2025,39.76071279,-105.1446095,1687.57,Jefferson
Applewood Community Garden,APP-V-80,APP,vane,80,thrips,Insecta,Thysanoptera,Thripidae,,,Herbivore,July,15-07-2025,18-07-2025,39.76071279,-105.1446095,1687.57,Jefferson
Applewood Community Garden,APP-V-81,APP,vane,81,thrips,Insecta,Thysanoptera,Thripidae,,,Herbivore,July,15-07-2025,18-07-2025,39.76071279,-105.1446095,1687.57,Jefferson
Applewood Community Garden,APP-V-82,APP,vane,82,thrips,Insecta,Thysanoptera,Thripidae,,,Herbivore,July,15-07-2025,18-07-2025,39.76071279,-105.1446095,1687.57,Jefferson
Applewood Community Garden,APP-V-83,APP,vane,83,thrips,Insecta,Thysanoptera,Thripidae,,,Herbivore,July,15-07-2025,18-07-2025,39.76071279,-105.1446095,1687.57,Jefferson
Applewood Community Garden,APP-V-84,APP,vane,84,thrips,Insecta,Thysanoptera,Thripidae,,,Herbivore,July,15-07-2025,18-07-2025,39.76071279,-105.1446095,1687.57,Jefferson
Applewood Community Garden,APP-V-85,APP,vane,85,thrips,Insecta,Thysanoptera,Thripidae,,,Herbivore,July,15-07-2025,18-07-2025,39.76071279,-105.1446095,1687.57,Jefferson
Applewood Community Garden,APP-V-86,APP,vane,86,thrips,Insecta,Thysanoptera,Thripidae,,,Herbivore,July,15-07-2025,18-07-2025,39.76071279,-105.1446095,1687.57,Jefferson
Applewood Community Garden,APP-V-87,APP,vane,87,thrips,Insecta,Thysanoptera,Thripidae,,,Herbivore,July,15-07-2025,18-07-2025,39.76071279,-105.1446095,1687.57,Jefferson
Applewood Community Garden,APP-V-88,APP,vane,88,thrips,Insecta,Thysanoptera,Thripidae,,,Herbivore,July,15-07-2025,18-07-2025,39.76071279,-105.1446095,1687.57,Jefferson
Applewood Community Garden,APP-V-89,APP,vane,89,thrips,Insecta,Thysanoptera,Thripidae,,,Herbivore,July,15-07-2025,18-07-2025,39.76071279,-105.1446095,1687.57,Jefferson
Applewood Community Garden,APP-V-90,APP,vane,90,thrips,Insecta,Thysanoptera,Thripidae,,,Herbivore,July,15-07-2025,18-07-2025,39.76071279,-105.1446095,1687.57,Jefferson
Applewood Community Garden,APP-V-91,APP,vane,91,thrips,Insecta,Thysanoptera,Thripidae,,,Herbivore,July,15-07-2025,18-07-2025,39.76071279,-105.1446095,1687.57,Jefferson
Applewood Community Garden,APP-V-92,APP,vane,92,thrips,Insecta,Thysanoptera,Thripidae,,,Herbivore,July,15-07-2025,18-07-2025,39.76071279,-105.1446095,1687.57,Jefferson
Applewood Community Garden,APP-V-93,APP,vane,93,thrips,Insecta,Thysanoptera,Thripidae,,,Herbivore,July,15-07-2025,18-07-2025,39.76071279,-105.1446095,1687.57,Jefferson
Applewood Community Garden,APP-V-94,APP,vane,94,thrips,Insecta,Thysanoptera,Thripidae,,,Herbivore,July,15-07-2025,18-07-2025,39.76071279,-105.1446095,1687.57,Jefferson
Applewood Community Garden,APP-V-95,APP,vane,95,thrips,Insecta,Thysanoptera,Thripidae,,,Herbivore,July,15-07-2025,18-07-2025,39.76071279,-105.1446095,1687.57,Jefferson
Applewood Community Garden,APP-V-96,APP,vane,96,thrips,Insecta,Thysanoptera,Thripidae,,,Herbivore,July,15-07-2025,18-07-2025,39.76071279,-105.1446095,1687.57,Jefferson
Applewood Community Garden,APP-V-97,APP,vane,97,thrips,Insecta,Thysanoptera,Thripidae,,,Herbivore,July,15-07-2025,18-07-2025,39.76071279,-105.1446095,1687.57,Jefferson
Applewood Community Garden,APP-V-98,APP,vane,98,thrips,Insecta,Thysanoptera,Thripidae,,,Herbivore,July,15-07-2025,18-07-2025,39.76071279,-105.1446095,1687.57,Jefferson
Applewood Community Garden,APP-V-99,APP,vane,99,thrips,Insecta,Thysanoptera,Thripidae,,,Herbivore,July,15-07-2025,18-07-2025,39.76071279,-105.1446095,1687.57,Jefferson
Applewood Community Garden,APP-V-100,APP,vane,100,thrips,Insecta,Thysanoptera,Thripidae,,,Herbivore,July,15-07-2025,18-07-2025,39.76071279,-105.1446095,1687.57,Jefferson
Applewood Community Garden,APP-V-101,APP,vane,101,thrips,Insecta,Thysanoptera,Thripidae,,,Herbivore,July,15-07-2025,18-07-2025,39.76071279,-105.1446095,1687.57,Jefferson
Applewood Community Garden,APP-V-102,APP,vane,102,thrips,Insecta,Thysanoptera,Thripidae,,,Herbivore,July,15-07-2025,18-07-2025,39.76071279,-105.1446095,1687.57,Jefferson
Applewood Community Garden,APP-V-103,APP,vane,103,thrips,Insecta,Thysanoptera,Thripidae,,,Herbivore,July,15-07-2025,18-07-2025,39.76071279,-105.1446095,1687.57,Jefferson
Applewood Community Garden,APP-V-104,APP,vane,104,thrips,Insecta,Thysanoptera,Thripidae,,,Herbivore,July,15-07-2025,18-07-2025,39.76071279,-105.1446095,1687.57,Jefferson
Applewood Community Garden,APP-V-105,APP,vane,105,thrips,Insecta,Thysanoptera,Thripidae,,,Herbivore,July,15-07-2025,18-07-2025,39.76071279,-105.1446095,1687.57,Jefferson
Applewood Community Garden,APP-V-106,APP,vane,106,thrips,Insecta,Thysanoptera,Thripidae,,,Herbivore,July,15-07-2025,18-07-2025,39.76071279,-105.1446095,1687.57,Jefferson
Applewood Community Garden,APP-V-107,APP,vane,107,thrips,Insecta,Thysanoptera,Thripidae,,,Herbivore,July,15-07-2025,18-07-2025,39.76071279,-105.1446095,1687.57,Jefferson
Applewood Community Garden,APP-V-108,APP,vane,108,thrips,Insecta,Thysanoptera,Thripidae,,,Herbivore,July,15-07-2025,18-07-2025,39.76071279,-105.1446095,1687.57,Jefferson
Applewood Community Garden,APP-V-109,APP,vane,109,thrips,Insecta,Thysanoptera,Thripidae,,,Herbivore,July,15-07-2025,18-07-2025,39.76071279,-105.1446095,1687.57,Jefferson
Applewood Community Garden,APP-V-110,APP,vane,110,thrips,Insecta,Thysanoptera,Thripidae,,,Herbivore,July,15-07-2025,18-07-2025,39.76071279,-105.1446095,1687.57,Jefferson
Applewood Community Garden,APP-V-111,APP,vane,111,thrips,Insecta,Thysanoptera,Thripidae,,,Herbivore,July,15-07-2025,18-07-2025,39.76071279,-105.1446095,1687.57,Jefferson
Applewood Community Garden,APP-V-112,APP,vane,112,thrips,Insecta,Thysanoptera,Thripidae,,,Herbivore,July,15-07-2025,18-07-2025,39.76071279,-105.1446095,1687.57,Jefferson
Applewood Community Garden,APP-V-113,APP,vane,113,thrips,Insecta,Thysanoptera,Thripidae,,,Herbivore,July,15-07-2025,18-07-2025,39.76071279,-105.1446095,1687.57,Jefferson
Applewood Community Garden,APP-V-114,APP,vane,114,thrips,Insecta,Thysanoptera,Thripidae,,,Herbivore,July,15-07-2025,18-07-2025,39.76071279,-105.1446095,1687.57,Jefferson
Applewood Community Garden,APP-V-115,APP,vane,115,thrips,Insecta,Thysanoptera,Thripidae,,,Herbivore,July,15-07-2025,18-07-2025,39.76071279,-105.1446095,1687.57,Jefferson
Applewood Community Garden,APP-V-116,APP,vane,116,thrips,Insecta,Thysanoptera,Thripidae,,,Herbivore,July,15-07-2025,18-07-2025,39.76071279,-105.1446095,1687.57,Jefferson
Applewood Community Garden,APP-V-117,APP,vane,117,thrips,Insecta,Thysanoptera,Thripidae,,,Herbivore,July,15-07-2025,18-07-2025,39.76071279,-105.1446095,1687.57,Jefferson
Applewood Community Garden,APP-V-118,APP,vane,118,thrips,Insecta,Thysanoptera,Thripidae,,,Herbivore,July,15-07-2025,18-07-2025,39.76071279,-105.1446095,1687.57,Jefferson
Applewood Community Garden,APP-V-119,APP,vane,119,thrips,Insecta,Thysanoptera,Thripidae,,,Herbivore,July,15-07-2025,18-07-2025,39.76071279,-105.1446095,1687.57,Jefferson
Applewood Community Garden,APP-V-120,APP,vane,120,thrips,Insecta,Thysanoptera,Thripidae,,,Herbivore,July,15-07-2025,18-07-2025,39.76071279,-105.1446095,1687.57,Jefferson
Applewood Community Garden,APP-V-121,APP,vane,121,thrips,Insecta,Thysanoptera,Thripidae,,,Herbivore,July,15-07-2025,18-07-2025,39.76071279,-105.1446095,1687.57,Jefferson
Applewood Community Garden,APP-V-122,APP,vane,122,thrips,Insecta,Thysanoptera,Thripidae,,,Herbivore,July,15-07-2025,18-07-2025,39.76071279,-105.1446095,1687.57,Jefferson
Applewood Community Garden,APP-V-123,APP,vane,123,thrips,Insecta,Thysanoptera,Thripidae,,,Herbivore,July,15-07-2025,18-07-2025,39.76071279,-105.1446095,1687.57,Jefferson
Applewood Community Garden,APP-V-124,APP,vane,124,thrips,Insecta,Thysanoptera,Thripidae,,,Herbivore,July,15-07-2025,18-07-2025,39.76071279,-105.1446095,1687.57,Jefferson
Applewood Community Garden,APP-V-125,APP,vane,125,thrips,Insecta,Thysanoptera,Thripidae,,,Herbivore,July,15-07-2025,18-07-2025,39.76071279,-105.1446095,1687.57,Jefferson
Applewood Community Garden,APP-V-126,APP,vane,126,thrips,Insecta,Thysanoptera,Thripidae,,,Herbivore,July,15-07-2025,18-07-2025,39.76071279,-105.1446095,1687.57,Jefferson
Applewood Community Garden,APP-V-127,APP,vane,127,thrips,Insecta,Thysanoptera,Thripidae,,,Herbivore,July,15-07-2025,18-07-2025,39.76071279,-105.1446095,1687.57,Jefferson
Applewood Community Garden,APP-V-128,APP,vane,128,thrips,Insecta,Thysanoptera,Thripidae,,,Herbivore,July,15-07-2025,18-07-2025,39.76071279,-105.1446095,1687.57,Jefferson
Applewood Community Garden,APP-V-129,APP,vane,129,thrips,Insecta,Thysanoptera,Thripidae,,,Herbivore,July,15-07-2025,18-07-2025,39.76071279,-105.1446095,1687.57,Jefferson
Applewood Community Garden,APP-V-130,APP,vane,130,thrips,Insecta,Thysanoptera,Thripidae,,,Herbivore,July,15-07-2025,18-07-2025,39.76071279,-105.1446095,1687.57,Jefferson
Applewood Community Garden,APP-V-131,APP,vane,131,thrips,Insecta,Thysanoptera,Thripidae,,,Herbivore,July,15-07-2025,18-07-2025,39.76071279,-105.1446095,1687.57,Jefferson
Applewood Community Garden,APP-V-132,APP,vane,132,thrips,Insecta,Thysanoptera,Thripidae,,,Herbivore,July,15-07-2025,18-07-2025,39.76071279,-105.1446095,1687.57,Jefferson
Applewood Community Garden,APP-V-133,APP,vane,133,thrips,Insecta,Thysanoptera,Thripidae,,,Herbivore,July,15-07-2025,18-07-2025,39.76071279,-105.1446095,1687.57,Jefferson
Applewood Community Garden,APP-V-134,APP,vane,134,thrips,Insecta,Thysanoptera,Thripidae,,,Herbivore,July,15-07-2025,18-07-2025,39.76071279,-105.1446095,1687.57,Jefferson
Applewood Community Garden,APP-V-135,APP,vane,135,thrips,Insecta,Thysanoptera,Thripidae,,,Herbivore,July,15-07-2025,18-07-2025,39.76071279,-105.1446095,1687.57,Jefferson
Applewood Community Garden,APP-V-136,APP,vane,136,thrips,Insecta,Thysanoptera,Thripidae,,,Herbivore,July,15-07-2025,18-07-2025,39.76071279,-105.1446095,1687.57,Jefferson
Applewood Community Garden,APP-V-137,APP,vane,137,thrips,Insecta,Thysanoptera,Thripidae,,,Herbivore,July,15-07-2025,18-07-2025,39.76071279,-105.1446095,1687.57,Jefferson
Applewood Community Garden,APP-V-138,APP,vane,138,thrips,Insecta,Thysanoptera,Thripidae,,,Herbivore,July,15-07-2025,18-07-2025,39.76071279,-105.1446095,1687.57,Jefferson
Applewood Community Garden,APP-V-139,APP,vane,139,thrips,Insecta,Thysanoptera,Thripidae,,,Herbivore,July,15-07-2025,18-07-2025,39.76071279,-105.1446095,1687.57,Jefferson
Applewood Community Garden,APP-V-140,APP,vane,140,thrips,Insecta,Thysanoptera,Thripidae,,,Herbivore,July,15-07-2025,18-07-2025,39.76071279,-105.1446095,1687.57,Jefferson
Applewood Community Garden,APP-V-141,APP,vane,141,thrips,Insecta,Thysanoptera,Thripidae,,,Herbivore,July,15-07-2025,18-07-2025,39.76071279,-105.1446095,1687.57,Jefferson
Applewood Community Garden,APP-V-142,APP,vane,142,thrips,Insecta,Thysanoptera,Thripidae,,,Herbivore,July,15-07-2025,18-07-2025,39.76071279,-105.1446095,1687.57,Jefferson
Applewood Community Garden,APP-V-143,APP,vane,143,thrips,Insecta,Thysanoptera,Thripidae,,,Herbivore,July,15-07-2025,18-07-2025,39.76071279,-105.1446095,1687.57,Jefferson
Applewood Community Garden,APP-V-144,APP,vane,144,thrips,Insecta,Thysanoptera,Thripidae,,,Herbivore,July,15-07-2025,18-07-2025,39.76071279,-105.1446095,1687.57,Jefferson
Applewood Community Garden,APP-V-145,APP,vane,145,thrips,Insecta,Thysanoptera,Thripidae,,,Herbivore,July,15-07-2025,18-07-2025,39.76071279,-105.1446095,1687.57,Jefferson
Applewood Community Garden,APP-V-146,APP,vane,146,thrips,Insecta,Thysanoptera,Thripidae,,,Herbivore,July,15-07-2025,18-07-2025,39.76071279,-105.1446095,1687.57,Jefferson
Applewood Community Garden,APP-V-147,APP,vane,147,thrips,Insecta,Thysanoptera,Thripidae,,,Herbivore,July,15-07-2025,18-07-2025,39.76071279,-105.1446095,1687.57,Jefferson
Applewood Community Garden,APP-V-148,APP,vane,148,thrips,Insecta,Thysanoptera,Thripidae,,,Herbivore,July,15-07-2025,18-07-2025,39.76071279,-105.1446095,1687.57,Jefferson
Applewood Community Garden,APP-V-149,APP,vane,149,thrips,Insecta,Thysanoptera,Thripidae,,,Herbivore,July,15-07-2025,18-07-2025,39.76071279,-105.1446095,1687.57,Jefferson
Applewood Community Garden,APP-V-150,APP,vane,150,thrips,Insecta,Thysanoptera,Thripidae,,,Herbivore,July,15-07-2025,18-07-2025,39.76071279,-105.1446095,1687.57,Jefferson
Applewood Community Garden,APP-V-151,APP,vane,151,thrips,Insecta,Thysanoptera,Thripidae,,,Herbivore,July,15-07-2025,18-07-2025,39.76071279,-105.1446095,1687.57,Jefferson
Applewood Community Garden,APP-V-152,APP,vane,152,thrips,Insecta,Thysanoptera,Thripidae,,,Herbivore,July,15-07-2025,18-07-2025,39.76071279,-105.1446095,1687.57,Jefferson
Applewood Community Garden,APP-V-153,APP,vane,153,thrips,Insecta,Thysanoptera,Thripidae,,,Herbivore,July,15-07-2025,18-07-2025,39.76071279,-105.1446095,1687.57,Jefferson
Applewood Community Garden,APP-V-154,APP,vane,154,thrips,Insecta,Thysanoptera,Thripidae,,,Herbivore,July,15-07-2025,18-07-2025,39.76071279,-105.1446095,1687.57,Jefferson
Applewood Community Garden,APP-V-155,APP,vane,155,thrips,Insecta,Thysanoptera,Thripidae,,,Herbivore,July,15-07-2025,18-07-2025,39.76071279,-105.1446095,1687.57,Jefferson
Applewood Community Garden,APP-V-156,APP,vane,156,thrips,Insecta,Thysanoptera,Thripidae,,,Herbivore,July,15-07-2025,18-07-2025,39.76071279,-105.1446095,1687.57,Jefferson
Applewood Community Garden,APP-V-157,APP,vane,157,thrips,Insecta,Thysanoptera,Thripidae,,,Herbivore,July,15-07-2025,18-07-2025,39.76071279,-105.1446095,1687.57,Jefferson
Applewood Community Garden,APP-V-158,APP,vane,158,thrips,Insecta,Thysanoptera,Thripidae,,,Herbivore,July,15-07-2025,18-07-2025,39.76071279,-105.1446095,1687.57,Jefferson
Applewood Community Garden,APP-V-159,APP,vane,159,thrips,Insecta,Thysanoptera,Thripidae,,,Herbivore,July,15-07-2025,18-07-2025,39.76071279,-105.1446095,1687.57,Jefferson
Applewood Community Garden,APP-V-160,APP,vane,160,thrips,Insecta,Thysanoptera,Thripidae,,,Herbivore,July,15-07-2025,18-07-2025,39.76071279,-105.1446095,1687.57,Jefferson
Applewood Community Garden,APP-V-161,APP,vane,161,thrips,Insecta,Thysanoptera,Thripidae,,,Herbivore,July,15-07-2025,18-07-2025,39.76071279,-105.1446095,1687.57,Jefferson
Applewood Community Garden,APP-V-162,APP,vane,162,thrips,Insecta,Thysanoptera,Thripidae,,,Herbivore,July,15-07-2025,18-07-2025,39.76071279,-105.1446095,1687.57,Jefferson
Applewood Community Garden,APP-V-163,APP,vane,163,thrips,Insecta,Thysanoptera,Thripidae,,,Herbivore,July,15-07-2025,18-07-2025,39.76071279,-105.1446095,1687.57,Jefferson
Applewood Community Garden,APP-V-164,APP,vane,164,thrips,Insecta,Thysanoptera,Thripidae,,,Herbivore,July,15-07-2025,18-07-2025,39.76071279,-105.1446095,1687.57,Jefferson
Applewood Community Garden,APP-V-165,APP,vane,165,thrips,Insecta,Thysanoptera,Thripidae,,,Herbivore,July,15-07-2025,18-07-2025,39.76071279,-105.1446095,1687.57,Jefferson
Applewood Community Garden,APP-V-166,APP,vane,166,thrips,Insecta,Thysanoptera,Thripidae,,,Herbivore,July,15-07-2025,18-07-2025,39.76071279,-105.1446095,1687.57,Jefferson
Applewood Community Garden,APP-V-167,APP,vane,167,thrips,Insecta,Thysanoptera,Thripidae,,,Herbivore,July,15-07-2025,18-07-2025,39.76071279,-105.1446095,1687.57,Jefferson
Applewood Community Garden,APP-V-168,APP,vane,168,thrips,Insecta,Thysanoptera,Thripidae,,,Herbivore,July,15-07-2025,18-07-2025,39.76071279,-105.1446095,1687.57,Jefferson
Applewood Community Garden,APP-V-169,APP,vane,169,thrips,Insecta,Thysanoptera,Thripidae,,,Herbivore,July,15-07-2025,18-07-2025,39.76071279,-105.1446095,1687.57,Jefferson
Applewood Community Garden,APP-V-170,APP,vane,170,thrips,Insecta,Thysanoptera,Thripidae,,,Herbivore,July,15-07-2025,18-07-2025,39.76071279,-105.1446095,1687.57,Jefferson
Applewood Community Garden,APP-V-171,APP,vane,171,thrips,Insecta,Thysanoptera,Thripidae,,,Herbivore,July,15-07-2025,18-07-2025,39.76071279,-105.1446095,1687.57,Jefferson
Applewood Community Garden,APP-V-172,APP,vane,172,thrips,Insecta,Thysanoptera,Thripidae,,,Herbivore,July,15-07-2025,18-07-2025,39.76071279,-105.1446095,1687.57,Jefferson
Applewood Community Garden,APP-V-173,APP,vane,173,thrips,Insecta,Thysanoptera,Thripidae,,,Herbivore,July,15-07-2025,18-07-2025,39.76071279,-105.1446095,1687.57,Jefferson
Applewood Community Garden,APP-V-174,APP,vane,174,thrips,Insecta,Thysanoptera,Thripidae,,,Herbivore,July,15-07-2025,18-07-2025,39.76071279,-105.1446095,1687.57,Jefferson
Applewood Community Garden,APP-V-175,APP,vane,175,thrips,Insecta,Thysanoptera,Thripidae,,,Herbivore,July,15-07-2025,18-07-2025,39.76071279,-105.1446095,1687.57,Jefferson
Applewood Community Garden,APP-V-176,APP,vane,176,thrips,Insecta,Thysanoptera,Thripidae,,,Herbivore,July,15-07-2025,18-07-2025,39.76071279,-105.1446095,1687.57,Jefferson
Applewood Community Garden,APP-V-177,APP,vane,177,thrips,Insecta,Thysanoptera,Thripidae,,,Herbivore,July,15-07-2025,18-07-2025,39.76071279,-105.1446095,1687.57,Jefferson
Applewood Community Garden,APP-V-178,APP,vane,178,thrips,Insecta,Thysanoptera,Thripidae,,,Herbivore,July,15-07-2025,18-07-2025,39.76071279,-105.1446095,1687.57,Jefferson
Applewood Community Garden,APP-V-179,APP,vane,179,thrips,Insecta,Thysanoptera,Thripidae,,,Herbivore,July,15-07-2025,18-07-2025,39.76071279,-105.1446095,1687.57,Jefferson
Applewood Community Garden,APP-V-180,APP,vane,180,thrips,Insecta,Thysanoptera,Thripidae,,,Herbivore,July,15-07-2025,18-07-2025,39.76071279,-105.1446095,1687.57,Jefferson
Applewood Community Garden,APP-V-181,APP,vane,181,thrips,Insecta,Thysanoptera,Thripidae,,,Herbivore,July,15-07-2025,18-07-2025,39.76071279,-105.1446095,1687.57,Jefferson
Applewood Community Garden,APP-V-182,APP,vane,182,thrips,Insecta,Thysanoptera,Thripidae,,,Herbivore,July,15-07-2025,18-07-2025,39.76071279,-105.1446095,1687.57,Jefferson
Applewood Community Garden,APP-V-183,APP,vane,183,thrips,Insecta,Thysanoptera,Thripidae,,,Herbivore,July,15-07-2025,18-07-2025,39.76071279,-105.1446095,1687.57,Jefferson
Applewood Community Garden,APP-V-184,APP,vane,184,thrips,Insecta,Thysanoptera,Thripidae,,,Herbivore,July,15-07-2025,18-07-2025,39.76071279,-105.1446095,1687.57,Jefferson
Applewood Community Garden,APP-V-185,APP,vane,185,thrips,Insecta,Thysanoptera,Thripidae,,,Herbivore,July,15-07-2025,18-07-2025,39.76071279,-105.1446095,1687.57,Jefferson
Applewood Community Garden,APP-V-186,APP,vane,186,thrips,Insecta,Thysanoptera,Thripidae,,,Herbivore,July,15-07-2025,18-07-2025,39.76071279,-105.1446095,1687.57,Jefferson
Applewood Community Garden,APP-V-187,APP,vane,187,thrips,Insecta,Thysanoptera,Thripidae,,,Herbivore,July,15-07-2025,18-07-2025,39.76071279,-105.1446095,1687.57,Jefferson
Applewood Community Garden,APP-V-188,APP,vane,188,thrips,Insecta,Thysanoptera,Thripidae,,,Herbivore,July,15-07-2025,18-07-2025,39.76071279,-105.1446095,1687.57,Jefferson
Applewood Community Garden,APP-V-189,APP,vane,189,thrips,Insecta,Thysanoptera,Thripidae,,,Herbivore,July,15-07-2025,18-07-2025,39.76071279,-105.1446095,1687.57,Jefferson
Applewood Community Garden,APP-V-190,APP,vane,190,thrips,Insecta,Thysanoptera,Thripidae,,,Herbivore,July,15-07-2025,18-07-2025,39.76071279,-105.1446095,1687.57,Jefferson
Applewood Community Garden,APP-V-191,APP,vane,191,thrips,Insecta,Thysanoptera,Thripidae,,,Herbivore,July,15-07-2025,18-07-2025,39.76071279,-105.1446095,1687.57,Jefferson
Applewood Community Garden,APP-V-192,APP,vane,192,thrips,Insecta,Thysanoptera,Thripidae,,,Herbivore,July,15-07-2025,18-07-2025,39.76071279,-105.1446095,1687.57,Jefferson
Applewood Community Garden,APP-V-193,APP,vane,193,thrips,Insecta,Thysanoptera,Thripidae,,,Herbivore,July,15-07-2025,18-07-2025,39.76071279,-105.1446095,1687.57,Jefferson
Applewood Community Garden,APP-V-194,APP,vane,194,thrips,Insecta,Thysanoptera,Thripidae,,,Herbivore,July,15-07-2025,18-07-2025,39.76071279,-105.1446095,1687.57,Jefferson
Applewood Community Garden,APP-V-195,APP,vane,195,thrips,Insecta,Thysanoptera,Thripidae,,,Herbivore,July,15-07-2025,18-07-2025,39.76071279,-105.1446095,1687.57,Jefferson
Applewood Community Garden,APP-V-196,APP,vane,196,thrips,Insecta,Thysanoptera,Thripidae,,,Herbivore,July,15-07-2025,18-07-2025,39.76071279,-105.1446095,1687.57,Jefferson
Applewood Community Garden,APP-V-197,APP,vane,197,thrips,Insecta,Thysanoptera,Thripidae,,,Herbivore,July,15-07-2025,18-07-2025,39.76071279,-105.1446095,1687.57,Jefferson
Applewood Community Garden,APP-V-198,APP,vane,198,thrips,Insecta,Thysanoptera,Thripidae,,,Herbivore,July,15-07-2025,18-07-2025,39.76071279,-105.1446095,1687.57,Jefferson
Applewood Community Garden,APP-V-199,APP,vane,199,thrips,Insecta,Thysanoptera,Thripidae,,,Herbivore,July,15-07-2025,18-07-2025,39.76071279,-105.1446095,1687.57,Jefferson
Applewood Community Garden,APP-V-200,APP,vane,200,thrips,Insecta,Thysanoptera,Thripidae,,,Herbivore,July,15-07-2025,18-07-2025,39.76071279,-105.1446095,1687.57,Jefferson
Applewood Community Garden,APP-V-201,APP,vane,201,thrips,Insecta,Thysanoptera,Thripidae,,,Herbivore,July,15-07-2025,18-07-2025,39.76071279,-105.1446095,1687.57,Jefferson
Applewood Community Garden,APP-V-202,APP,vane,202,thrips,Insecta,Thysanoptera,Thripidae,,,Herbivore,July,15-07-2025,18-07-2025,39.76071279,-105.1446095,1687.57,Jefferson
Applewood Community Garden,APP-V-203,APP,vane,203,thrips,Insecta,Thysanoptera,Thripidae,,,Herbivore,July,15-07-2025,18-07-2025,39.76071279,-105.1446095,1687.57,Jefferson
Applewood Community Garden,APP-V-204,APP,vane,204,thrips,Insecta,Thysanoptera,Thripidae,,,Herbivore,July,15-07-2025,18-07-2025,39.76071279,-105.1446095,1687.57,Jefferson
Applewood Community Garden,APP-V-205,APP,vane,205,thrips,Insecta,Thysanoptera,Thripidae,,,Herbivore,July,15-07-2025,18-07-2025,39.76071279,-105.1446095,1687.57,Jefferson
Applewood Community Garden,APP-V-206,APP,vane,206,thrips,Insecta,Thysanoptera,Thripidae,,,Herbivore,July,15-07-2025,18-07-2025,39.76071279,-105.1446095,1687.57,Jefferson
Applewood Community Garden,APP-V-207,APP,vane,207,thrips,Insecta,Thysanoptera,Thripidae,,,Herbivore,July,15-07-2025,18-07-2025,39.76071279,-105.1446095,1687.57,Jefferson
Applewood Community Garden,APP-V-208,APP,vane,208,thrips,Insecta,Thysanoptera,Thripidae,,,Herbivore,July,15-07-2025,18-07-2025,39.76071279,-105.1446095,1687.57,Jefferson
Applewood Community Garden,APP-V-209,APP,vane,209,thrips,Insecta,Thysanoptera,Thripidae,,,Herbivore,July,15-07-2025,18-07-2025,39.76071279,-105.1446095,1687.57,Jefferson
Applewood Community Garden,APP-V-210,APP,vane,210,thrips,Insecta,Thysanoptera,Thripidae,,,Herbivore,July,15-07-2025,18-07-2025,39.76071279,-105.1446095,1687.57,Jefferson
Applewood Community Garden,APP-V-211,APP,vane,211,thrips,Insecta,Thysanoptera,Thripidae,,,Herbivore,July,15-07-2025,18-07-2025,39.76071279,-105.1446095,1687.57,Jefferson
Applewood Community Garden,APP-V-212,APP,vane,212,thrips,Insecta,Thysanoptera,Thripidae,,,Herbivore,July,15-07-2025,18-07-2025,39.76071279,-105.1446095,1687.57,Jefferson
Applewood Community Garden,APP-V-213,APP,vane,213,thrips,Insecta,Thysanoptera,Thripidae,,,Herbivore,July,15-07-2025,18-07-2025,39.76071279,-105.1446095,1687.57,Jefferson
Applewood Community Garden,APP-V-214,APP,vane,214,thrips,Insecta,Thysanoptera,Thripidae,,,Herbivore,July,15-07-2025,18-07-2025,39.76071279,-105.1446095,1687.57,Jefferson
Applewood Community Garden,APP-V-215,APP,vane,215,thrips,Insecta,Thysanoptera,Thripidae,,,Herbivore,July,15-07-2025,18-07-2025,39.76071279,-105.1446095,1687.57,Jefferson
Applewood Community Garden,APP-V-216,APP,vane,216,thrips,Insecta,Thysanoptera,Thripidae,,,Herbivore,July,15-07-2025,18-07-2025,39.76071279,-105.1446095,1687.57,Jefferson
Applewood Community Garden,APP-V-217,APP,vane,217,thrips,Insecta,Thysanoptera,Thripidae,,,Herbivore,July,15-07-2025,18-07-2025,39.76071279,-105.1446095,1687.57,Jefferson
Applewood Community Garden,APP-V-218,APP,vane,218,thrips,Insecta,Thysanoptera,Thripidae,,,Herbivore,July,15-07-2025,18-07-2025,39.76071279,-105.1446095,1687.57,Jefferson
Applewood Community Garden,APP-V-219,APP,vane,219,thrips,Insecta,Thysanoptera,Thripidae,,,Herbivore,July,15-07-2025,18-07-2025,39.76071279,-105.1446095,1687.57,Jefferson
Applewood Community Garden,APP-V-220,APP,vane,220,thrips,Insecta,Thysanoptera,Thripidae,,,Herbivore,July,15-07-2025,18-07-2025,39.76071279,-105.1446095,1687.57,Jefferson
Applewood Community Garden,APP-V-221,APP,vane,221,thrips,Insecta,Thysanoptera,Thripidae,,,Herbivore,July,15-07-2025,18-07-2025,39.76071279,-105.1446095,1687.57,Jefferson
Applewood Community Garden,APP-V-222,APP,vane,222,thrips,Insecta,Thysanoptera,Thripidae,,,Herbivore,July,15-07-2025,18-07-2025,39.76071279,-105.1446095,1687.57,Jefferson
Applewood Community Garden,APP-V-223,APP,vane,223,thrips,Insecta,Thysanoptera,Thripidae,,,Herbivore,July,15-07-2025,18-07-2025,39.76071279,-105.1446095,1687.57,Jefferson
Applewood Community Garden,APP-V-224,APP,vane,224,thrips,Insecta,Thysanoptera,Thripidae,,,Herbivore,July,15-07-2025,18-07-2025,39.76071279,-105.1446095,1687.57,Jefferson
Applewood Community Garden,APP-V-225,APP,vane,225,thrips,Insecta,Thysanoptera,Thripidae,,,Herbivore,July,15-07-2025,18-07-2025,39.76071279,-105.1446095,1687.57,Jefferson
Applewood Community Garden,APP-V-226,APP,vane,226,thrips,Insecta,Thysanoptera,Thripidae,,,Herbivore,July,15-07-2025,18-07-2025,39.76071279,-105.1446095,1687.57,Jefferson
Applewood Community Garden,APP-V-227,APP,vane,227,thrips,Insecta,Thysanoptera,Thripidae,,,Herbivore,July,15-07-2025,18-07-2025,39.76071279,-105.1446095,1687.57,Jefferson
Applewood Community Garden,APP-V-228,APP,vane,228,thrips,Insecta,Thysanoptera,Thripidae,,,Herbivore,July,15-07-2025,18-07-2025,39.76071279,-105.1446095,1687.57,Jefferson
Applewood Community Garden,APP-V-229,APP,vane,229,thrips,Insecta,Thysanoptera,Thripidae,,,Herbivore,July,15-07-2025,18-07-2025,39.76071279,-105.1446095,1687.57,Jefferson
Applewood Community Garden,APP-V-230,APP,vane,230,thrips,Insecta,Thysanoptera,Thripidae,,,Herbivore,July,15-07-2025,18-07-2025,39.76071279,-105.1446095,1687.57,Jefferson
Applewood Community Garden,APP-V-231,APP,vane,231,thrips,Insecta,Thysanoptera,Thripidae,,,Herbivore,July,15-07-2025,18-07-2025,39.76071279,-105.1446095,1687.57,Jefferson
Applewood Community Garden,APP-V-232,APP,vane,232,thrips,Insecta,Thysanoptera,Thripidae,,,Herbivore,July,15-07-2025,18-07-2025,39.76071279,-105.1446095,1687.57,Jefferson
Applewood Community Garden,APP-V-233,APP,vane,233,thrips,Insecta,Thysanoptera,Thripidae,,,Herbivore,July,15-07-2025,18-07-2025,39.76071279,-105.1446095,1687.57,Jefferson
Applewood Community Garden,APP-V-234,APP,vane,234,thrips,Insecta,Thysanoptera,Thripidae,,,Herbivore,July,15-07-2025,18-07-2025,39.76071279,-105.1446095,1687.57,Jefferson
Applewood Community Garden,APP-V-235,APP,vane,235,thrips,Insecta,Thysanoptera,Thripidae,,,Herbivore,July,15-07-2025,18-07-2025,39.76071279,-105.1446095,1687.57,Jefferson
Applewood Community Garden,APP-V-236,APP,vane,236,thrips,Insecta,Thysanoptera,Thripidae,,,Herbivore,July,15-07-2025,18-07-2025,39.76071279,-105.1446095,1687.57,Jefferson
Applewood Community Garden,APP-V-237,APP,vane,237,thrips,Insecta,Thysanoptera,Thripidae,,,Herbivore,July,15-07-2025,18-07-2025,39.76071279,-105.1446095,1687.57,Jefferson
Applewood Community Garden,APP-V-238,APP,vane,238,thrips,Insecta,Thysanoptera,Thripidae,,,Herbivore,July,15-07-2025,18-07-2025,39.76071279,-105.1446095,1687.57,Jefferson
Applewood Community Garden,APP-V-239,APP,vane,239,thrips,Insecta,Thysanoptera,Thripidae,,,Herbivore,July,15-07-2025,18-07-2025,39.76071279,-105.1446095,1687.57,Jefferson
Applewood Community Garden,APP-V-240,APP,vane,240,thrips,Insecta,Thysanoptera,Thripidae,,,Herbivore,July,15-07-2025,18-07-2025,39.76071279,-105.1446095,1687.57,Jefferson
Applewood Community Garden,APP-V-241,APP,vane,241,thrips,Insecta,Thysanoptera,Thripidae,,,Herbivore,July,15-07-2025,18-07-2025,39.76071279,-105.1446095,1687.57,Jefferson
Applewood Community Garden,APP-V-242,APP,vane,242,thrips,Insecta,Thysanoptera,Thripidae,,,Herbivore,July,15-07-2025,18-07-2025,39.76071279,-105.1446095,1687.57,Jefferson
Applewood Community Garden,APP-V-243,APP,vane,243,thrips,Insecta,Thysanoptera,Thripidae,,,Herbivore,July,15-07-2025,18-07-2025,39.76071279,-105.1446095,1687.57,Jefferson
Applewood Community Garden,APP-V-244,APP,vane,244,thrips,Insecta,Thysanoptera,Thripidae,,,Herbivore,July,15-07-2025,18-07-2025,39.76071279,-105.1446095,1687.57,Jefferson
Applewood Community Garden,APP-V-245,APP,vane,245,thrips,Insecta,Thysanoptera,Thripidae,,,Herbivore,July,15-07-2025,18-07-2025,39.76071279,-105.1446095,1687.57,Jefferson
Applewood Community Garden,APP-V-246,APP,vane,246,thrips,Insecta,Thysanoptera,Thripidae,,,Herbivore,July,15-07-2025,18-07-2025,39.76071279,-105.1446095,1687.57,Jefferson
Applewood Community Garden,APP-V-247,APP,vane,247,thrips,Insecta,Thysanoptera,Thripidae,,,Herbivore,July,15-07-2025,18-07-2025,39.76071279,-105.1446095,1687.57,Jefferson
Applewood Community Garden,APP-V-248,APP,vane,248,thrips,Insecta,Thysanoptera,Thripidae,,,Herbivore,July,15-07-2025,18-07-2025,39.76071279,-105.1446095,1687.57,Jefferson
Applewood Community Garden,APP-V-249,APP,vane,249,thrips,Insecta,Thysanoptera,Thripidae,,,Herbivore,July,15-07-2025,18-07-2025,39.76071279,-105.1446095,1687.57,Jefferson
Applewood Community Garden,APP-V-250,APP,vane,250,thrips,Insecta,Thysanoptera,Thripidae,,,Herbivore,July,15-07-2025,18-07-2025,39.76071279,-105.1446095,1687.57,Jefferson
Applewood Community Garden,APP-V-251,APP,vane,251,thrips,Insecta,Thysanoptera,Thripidae,,,Herbivore,July,15-07-2025,18-07-2025,39.76071279,-105.1446095,1687.57,Jefferson
Applewood Community Garden,APP-V-252,APP,vane,252,thrips,Insecta,Thysanoptera,Thripidae,,,Herbivore,July,15-07-2025,18-07-2025,39.76071279,-105.1446095,1687.57,Jefferson
Applewood Community Garden,APP-V-253,APP,vane,253,thrips,Insecta,Thysanoptera,Thripidae,,,Herbivore,July,15-07-2025,18-07-2025,39.76071279,-105.1446095,1687.57,Jefferson
Applewood Community Garden,APP-V-254,APP,vane,254,thrips,Insecta,Thysanoptera,Thripidae,,,Herbivore,July,15-07-2025,18-07-2025,39.76071279,-105.1446095,1687.57,Jefferson
Applewood Community Garden,APP-V-255,APP,vane,255,thrips,Insecta,Thysanoptera,Thripidae,,,Herbivore,July,15-07-2025,18-07-2025,39.76071279,-105.1446095,1687.57,Jefferson
Applewood Community Garden,APP-V-256,APP,vane,256,thrips,Insecta,Thysanoptera,Thripidae,,,Herbivore,July,15-07-2025,18-07-2025,39.76071279,-105.1446095,1687.57,Jefferson
Applewood Community Garden,APP-V-257,APP,vane,257,thrips,Insecta,Thysanoptera,Thripidae,,,Herbivore,July,15-07-2025,18-07-2025,39.76071279,-105.1446095,1687.57,Jefferson
Applewood Community Garden,APP-V-258,APP,vane,258,thrips,Insecta,Thysanoptera,Thripidae,,,Herbivore,July,15-07-2025,18-07-2025,39.76071279,-105.1446095,1687.57,Jefferson
Applewood Community Garden,APP-V-259,APP,vane,259,thrips,Insecta,Thysanoptera,Thripidae,,,Herbivore,July,15-07-2025,18-07-2025,39.76071279,-105.1446095,1687.57,Jefferson
Applewood Community Garden,APP-V-260,APP,vane,260,thrips,Insecta,Thysanoptera,Thripidae,,,Herbivore,July,15-07-2025,18-07-2025,39.76071279,-105.1446095,1687.57,Jefferson
Applewood Community Garden,APP-V-261,APP,vane,261,thrips,Insecta,Thysanoptera,Thripidae,,,Herbivore,July,15-07-2025,18-07-2025,39.76071279,-105.1446095,1687.57,Jefferson
Applewood Community Garden,APP-V-262,APP,vane,262,thrips,Insecta,Thysanoptera,Thripidae,,,Herbivore,July,15-07-2025,18-07-2025,39.76071279,-105.1446095,1687.57,Jefferson
Applewood Community Garden,APP-V-263,APP,vane,263,thrips,Insecta,Thysanoptera,Thripidae,,,Herbivore,July,15-07-2025,18-07-2025,39.76071279,-105.1446095,1687.57,Jefferson
Applewood Community Garden,APP-V-264,APP,vane,264,thrips,Insecta,Thysanoptera,Thripidae,,,Herbivore,July,15-07-2025,18-07-2025,39.76071279,-105.1446095,1687.57,Jefferson
Applewood Community Garden,APP-V-265,APP,vane,265,thrips,Insecta,Thysanoptera,Thripidae,,,Herbivore,July,15-07-2025,18-07-2025,39.76071279,-105.1446095,1687.57,Jefferson
Applewood Community Garden,APP-V-266,APP,vane,266,thrips,Insecta,Thysanoptera,Thripidae,,,Herbivore,July,15-07-2025,18-07-2025,39.76071279,-105.1446095,1687.57,Jefferson
Applewood Community Garden,APP-V-267,APP,vane,267,thrips,Insecta,Thysanoptera,Thripidae,,,Herbivore,July,15-07-2025,18-07-2025,39.76071279,-105.1446095,1687.57,Jefferson
Applewood Community Garden,APP-V-268,APP,vane,268,thrips,Insecta,Thysanoptera,Thripidae,,,Herbivore,July,15-07-2025,18-07-2025,39.76071279,-105.1446095,1687.57,Jefferson
Applewood Community Garden,APP-V-269,APP,vane,269,thrips,Insecta,Thysanoptera,Thripidae,,,Herbivore,July,15-07-2025,18-07-2025,39.76071279,-105.1446095,1687.57,Jefferson
Applewood Community Garden,APP-V-270,APP,vane,270,thrips,Insecta,Thysanoptera,Thripidae,,,Herbivore,July,15-07-2025,18-07-2025,39.76071279,-105.1446095,1687.57,Jefferson
Applewood Community Garden,APP-V-271,APP,vane,271,thrips,Insecta,Thysanoptera,Thripidae,,,Herbivore,July,15-07-2025,18-07-2025,39.76071279,-105.1446095,1687.57,Jefferson
Applewood Community Garden,APP-V-272,APP,vane,272,thrips,Insecta,Thysanoptera,Thripidae,,,Herbivore,July,15-07-2025,18-07-2025,39.76071279,-105.1446095,1687.57,Jefferson
Applewood Community Garden,APP-V-273,APP,vane,273,thrips,Insecta,Thysanoptera,Thripidae,,,Herbivore,July,15-07-2025,18-07-2025,39.76071279,-105.1446095,1687.57,Jefferson
Applewood Community Garden,APP-V-274,APP,vane,274,thrips,Insecta,Thysanoptera,Thripidae,,,Herbivore,July,15-07-2025,18-07-2025,39.76071279,-105.1446095,1687.57,Jefferson
Applewood Community Garden,APP-V-275,APP,vane,275,thrips,Insecta,Thysanoptera,Thripidae,,,Herbivore,July,15-07-2025,18-07-2025,39.76071279,-105.1446095,1687.57,Jefferson
Applewood Community Garden,APP-V-276,APP,vane,276,thrips,Insecta,Thysanoptera,Thripidae,,,Herbivore,July,15-07-2025,18-07-2025,39.76071279,-105.1446095,1687.57,Jefferson
Applewood Community Garden,APP-V-277,APP,vane,277,thrips,Insecta,Thysanoptera,Thripidae,,,Herbivore,July,15-07-2025,18-07-2025,39.76071279,-105.1446095,1687.57,Jefferson
Applewood Community Garden,APP-V-278,APP,vane,278,thrips,Insecta,Thysanoptera,Thripidae,,,Herbivore,July,15-07-2025,18-07-2025,39.76071279,-105.1446095,1687.57,Jefferson
Applewood Community Garden,APP-V-279,APP,vane,279,thrips,Insecta,Thysanoptera,Thripidae,,,Herbivore,July,15-07-2025,18-07-2025,39.76071279,-105.1446095,1687.57,Jefferson
Applewood Community Garden,APP-V-280,APP,vane,280,thrips,Insecta,Thysanoptera,Thripidae,,,Herbivore,July,15-07-2025,18-07-2025,39.76071279,-105.1446095,1687.57,Jefferson
Applewood Community Garden,APP-V-281,APP,vane,281,thrips,Insecta,Thysanoptera,Thripidae,,,Herbivore,July,15-07-2025,18-07-2025,39.76071279,-105.1446095,1687.57,Jefferson
Applewood Community Garden,APP-V-282,APP,vane,282,thrips,Insecta,Thysanoptera,Thripidae,,,Herbivore,July,15-07-2025,18-07-2025,39.76071279,-105.1446095,1687.57,Jefferson
Applewood Community Garden,APP-V-283,APP,vane,283,thrips,Insecta,Thysanoptera,Thripidae,,,Herbivore,July,15-07-2025,18-07-2025,39.76071279,-105.1446095,1687.57,Jefferson
Applewood Community Garden,APP-V-284,APP,vane,284,thrips,Insecta,Thysanoptera,Thripidae,,,Herbivore,July,15-07-2025,18-07-2025,39.76071279,-105.1446095,1687.57,Jefferson
Applewood Community Garden,APP-V-285,APP,vane,285,thrips,Insecta,Thysanoptera,Thripidae,,,Herbivore,July,15-07-2025,18-07-2025,39.76071279,-105.1446095,1687.57,Jefferson
Applewood Community Garden,APP-V-286,APP,vane,286,thrips,Insecta,Thysanoptera,Thripidae,,,Herbivore,July,15-07-2025,18-07-2025,39.76071279,-105.1446095,1687.57,Jefferson
Applewood Community Garden,APP-V-287,APP,vane,287,thrips,Insecta,Thysanoptera,Thripidae,,,Herbivore,July,15-07-2025,18-07-2025,39.76071279,-105.1446095,1687.57,Jefferson
Applewood Community Garden,APP-V-288,APP,vane,288,thrips,Insecta,Thysanoptera,Thripidae,,,Herbivore,July,15-07-2025,18-07-2025,39.76071279,-105.1446095,1687.57,Jefferson
Applewood Community Garden,APP-V-289,APP,vane,289,thrips,Insecta,Thysanoptera,Thripidae,,,Herbivore,July,15-07-2025,18-07-2025,39.76071279,-105.1446095,1687.57,Jefferson
Applewood Community Garden,APP-V-290,APP,vane,290,thrips,Insecta,Thysanoptera,Thripidae,,,Herbivore,July,15-07-2025,18-07-2025,39.76071279,-105.1446095,1687.57,Jefferson
Applewood Community Garden,APP-V-291,APP,vane,291,thrips,Insecta,Thysanoptera,Thripidae,,,Herbivore,July,15-07-2025,18-07-2025,39.76071279,-105.1446095,1687.57,Jefferson
Applewood Community Garden,APP-V-292,APP,vane,292,thrips,Insecta,Thysanoptera,Thripidae,,,Herbivore,July,15-07-2025,18-07-2025,39.76071279,-105.1446095,1687.57,Jefferson
Applewood Community Garden,APP-V-293,APP,vane,293,thrips,Insecta,Thysanoptera,Thripidae,,,Herbivore,July,15-07-2025,18-07-2025,39.76071279,-105.1446095,1687.57,Jefferson
Applewood Community Garden,APP-V-294,APP,vane,294,thrips,Insecta,Thysanoptera,Thripidae,,,Herbivore,July,15-07-2025,18-07-2025,39.76071279,-105.1446095,1687.57,Jefferson
Applewood Community Garden,APP-V-295,APP,vane,295,thrips,Insecta,Thysanoptera,Thripidae,,,Herbivore,July,15-07-2025,18-07-2025,39.76071279,-105.1446095,1687.57,Jefferson
Applewood Community Garden,APP-V-296,APP,vane,296,thrips,Insecta,Thysanoptera,Thripidae,,,Herbivore,July,15-07-2025,18-07-2025,39.76071279,-105.1446095,1687.57,Jefferson
Applewood Community Garden,APP-V-297,APP,vane,297,thrips,Insecta,Thysanoptera,Thripidae,,,Herbivore,July,15-07-2025,18-07-2025,39.76071279,-105.1446095,1687.57,Jefferson
Applewood Community Garden,APP-V-298,APP,vane,298,thrips,Insecta,Thysanoptera,Thripidae,,,Herbivore,July,15-07-2025,18-07-2025,39.76071279,-105.1446095,1687.57,Jefferson
Applewood Community Garden,APP-V-299,APP,vane,299,thrips,Insecta,Thysanoptera,Thripidae,,,Herbivore,July,15-07-2025,18-07-2025,39.76071279,-105.1446095,1687.57,Jefferson
Applewood Community Garden,APP-V-300,APP,vane,300,thrips,Insecta,Thysanoptera,Thripidae,,,Herbivore,July,15-07-2025,18-07-2025,39.76071279,-105.1446095,1687.57,Jefferson
Applewood Community Garden,APP-V-301,APP,vane,301,thrips,Insecta,Thysanoptera,Thripidae,,,Herbivore,July,15-07-2025,18-07-2025,39.76071279,-105.1446095,1687.57,Jefferson
Applewood Community Garden,APP-V-302,APP,vane,302,thrips,Insecta,Thysanoptera,Thripidae,,,Herbivore,July,15-07-2025,18-07-2025,39.76071279,-105.1446095,1687.57,Jefferson
Applewood Community Garden,APP-V-303,APP,vane,303,thrips,Insecta,Thysanoptera,Thripidae,,,Herbivore,July,15-07-2025,18-07-2025,39.76071279,-105.1446095,1687.57,Jefferson
Applewood Community Garden,APP-V-304,APP,vane,304,thrips,Insecta,Thysanoptera,Thripidae,,,Herbivore,July,15-07-2025,18-07-2025,39.76071279,-105.1446095,1687.57,Jefferson
Applewood Community Garden,APP-V-305,APP,vane,305,thrips,Insecta,Thysanoptera,Thripidae,,,Herbivore,July,15-07-2025,18-07-2025,39.76071279,-105.1446095,1687.57,Jefferson
Applewood Community Garden,APP-V-306,APP,vane,306,thrips,Insecta,Thysanoptera,Thripidae,,,Herbivore,July,15-07-2025,18-07-2025,39.76071279,-105.1446095,1687.57,Jefferson
Applewood Community Garden,APP-V-307,APP,vane,307,thrips,Insecta,Thysanoptera,Thripidae,,,Herbivore,July,15-07-2025,18-07-2025,39.76071279,-105.1446095,1687.57,Jefferson
Applewood Community Garden,APP-V-308,APP,vane,308,thrips,Insecta,Thysanoptera,Thripidae,,,Herbivore,July,15-07-2025,18-07-2025,39.76071279,-105.1446095,1687.57,Jefferson
Applewood Community Garden,APP-V-309,APP,vane,309,thrips,Insecta,Thysanoptera,Thripidae,,,Herbivore,July,15-07-2025,18-07-2025,39.76071279,-105.1446095,1687.57,Jefferson
Applewood Community Garden,APP-V-310,APP,vane,310,thrips,Insecta,Thysanoptera,Thripidae,,,Herbivore,July,15-07-2025,18-07-2025,39.76071279,-105.1446095,1687.57,Jefferson
Applewood Community Garden,APP-V-311,APP,vane,311,thrips,Insecta,Thysanoptera,Thripidae,,,Herbivore,July,15-07-2025,18-07-2025,39.76071279,-105.1446095,1687.57,Jefferson
Applewood Community Garden,APP-V-312,APP,vane,312,thrips,Insecta,Thysanoptera,Thripidae,,,Herbivore,July,15-07-2025,18-07-2025,39.76071279,-105.1446095,1687.57,Jefferson
Applewood Community Garden,APP-V-313,APP,vane,313,thrips,Insecta,Thysanoptera,Thripidae,,,Herbivore,July,15-07-2025,18-07-2025,39.76071279,-105.1446095,1687.57,Jefferson
Applewood Community Garden,APP-V-314,APP,vane,314,thrips,Insecta,Thysanoptera,Thripidae,,,Herbivore,July,15-07-2025,18-07-2025,39.76071279,-105.1446095,1687.57,Jefferson
Applewood Community Garden,APP-V-315,APP,vane,315,thrips,Insecta,Thysanoptera,Thripidae,,,Herbivore,July,15-07-2025,18-07-2025,39.76071279,-105.1446095,1687.57,Jefferson
Applewood Community Garden,APP-V-316,APP,vane,316,thrips,Insecta,Thysanoptera,Thripidae,,,Herbivore,July,15-07-2025,18-07-2025,39.76071279,-105.1446095,1687.57,Jefferson
Applewood Community Garden,APP-V-317,APP,vane,317,thrips,Insecta,Thysanoptera,Thripidae,,,Herbivore,July,15-07-2025,18-07-2025,39.76071279,-105.1446095,1687.57,Jefferson
Applewood Community Garden,APP-V-318,APP,vane,318,thrips,Insecta,Thysanoptera,Thripidae,,,Herbivore,July,15-07-2025,18-07-2025,39.76071279,-105.1446095,1687.57,Jefferson
Applewood Community Garden,APP-V-319,APP,vane,319,thrips,Insecta,Thysanoptera,Thripidae,,,Herbivore,July,15-07-2025,18-07-2025,39.76071279,-105.1446095,1687.57,Jefferson
Applewood Community Garden,APP-V-320,APP,vane,320,thrips,Insecta,Thysanoptera,Thripidae,,,Herbivore,July,15-07-2025,18-07-2025,39.76071279,-105.1446095,1687.57,Jefferson
Applewood Community Garden,APP-V-321,APP,vane,321,thrips,Insecta,Thysanoptera,Thripidae,,,Herbivore,July,15-07-2025,18-07-2025,39.76071279,-105.1446095,1687.57,Jefferson
Applewood Community Garden,APP-V-322,APP,vane,322,thrips,Insecta,Thysanoptera,Thripidae,,,Herbivore,July,15-07-2025,18-07-2025,39.76071279,-105.1446095,1687.57,Jefferson
Applewood Community Garden,APP-V-323,APP,vane,323,thrips,Insecta,Thysanoptera,Thripidae,,,Herbivore,July,15-07-2025,18-07-2025,39.76071279,-105.1446095,1687.57,Jefferson
Applewood Community Garden,APP-V-324,APP,vane,324,thrips,Insecta,Thysanoptera,Thripidae,,,Herbivore,July,15-07-2025,18-07-2025,39.76071279,-105.1446095,1687.57,Jefferson
Applewood Community Garden,APP-V-325,APP,vane,325,thrips,Insecta,Thysanoptera,Thripidae,,,Herbivore,July,15-07-2025,18-07-2025,39.76071279,-105.1446095,1687.57,Jefferson
Applewood Community Garden,APP-V-326,APP,vane,326,thrips,Insecta,Thysanoptera,Thripidae,,,Herbivore,July,15-07-2025,18-07-2025,39.76071279,-105.1446095,1687.57,Jefferson
Applewood Community Garden,APP-V-327,APP,vane,327,thrips,Insecta,Thysanoptera,Thripidae,,,Herbivore,July,15-07-2025,18-07-2025,39.76071279,-105.1446095,1687.57,Jefferson
Applewood Community Garden,APP-V-328,APP,vane,328,thrips,Insecta,Thysanoptera,Thripidae,,,Herbivore,July,15-07-2025,18-07-2025,39.76071279,-105.1446095,1687.57,Jefferson
Applewood Community Garden,APP-V-329,APP,vane,329,thrips,Insecta,Thysanoptera,Thripidae,,,Herbivore,July,15-07-2025,18-07-2025,39.76071279,-105.1446095,1687.57,Jefferson
Applewood Community Garden,APP-V-330,APP,vane,330,thrips,Insecta,Thysanoptera,Thripidae,,,Herbivore,July,15-07-2025,18-07-2025,39.76071279,-105.1446095,1687.57,Jefferson
Applewood Community Garden,APP-V-331,APP,vane,331,thrips,Insecta,Thysanoptera,Thripidae,,,Herbivore,July,15-07-2025,18-07-2025,39.76071279,-105.1446095,1687.57,Jefferson
Applewood Community Garden,APP-V-332,APP,vane,332,thrips,Insecta,Thysanoptera,Thripidae,,,Herbivore,July,15-07-2025,18-07-2025,39.76071279,-105.1446095,1687.57,Jefferson
Applewood Community Garden,APP-V-333,APP,vane,333,thrips,Insecta,Thysanoptera,Thripidae,,,Herbivore,July,15-07-2025,18-07-2025,39.76071279,-105.1446095,1687.57,Jefferson
Applewood Community Garden,APP-V-334,APP,vane,334,thrips,Insecta,Thysanoptera,Thripidae,,,Herbivore,July,15-07-2025,18-07-2025,39.76071279,-105.1446095,1687.57,Jefferson
Applewood Community Garden,APP-V-335,APP,vane,335,thrips,Insecta,Thysanoptera,Thripidae,,,Herbivore,July,15-07-2025,18-07-2025,39.76071279,-105.1446095,1687.57,Jefferson
Applewood Community Garden,APP-V-336,APP,vane,336,thrips,Insecta,Thysanoptera,Thripidae,,,Herbivore,July,15-07-2025,18-07-2025,39.76071279,-105.1446095,1687.57,Jefferson
Applewood Community Garden,APP-V-337,APP,vane,337,thrips,Insecta,Thysanoptera,Thripidae,,,Herbivore,July,15-07-2025,18-07-2025,39.76071279,-105.1446095,1687.57,Jefferson
Applewood Community Garden,APP-V-338,APP,vane,338,thrips,Insecta,Thysanoptera,Thripidae,,,Herbivore,July,15-07-2025,18-07-2025,39.76071279,-105.1446095,1687.57,Jefferson
Applewood Community Garden,APP-V-339,APP,vane,339,thrips,Insecta,Thysanoptera,Thripidae,,,Herbivore,July,15-07-2025,18-07-2025,39.76071279,-105.1446095,1687.57,Jefferson
Applewood Community Garden,APP-V-340,APP,vane,340,thrips,Insecta,Thysanoptera,Thripidae,,,Herbivore,July,15-07-2025,18-07-2025,39.76071279,-105.1446095,1687.57,Jefferson
Applewood Community Garden,APP-V-341,APP,vane,341,thrips,Insecta,Thysanoptera,Thripidae,,,Herbivore,July,15-07-2025,18-07-2025,39.76071279,-105.1446095,1687.57,Jefferson
Applewood Community Garden,APP-V-342,APP,vane,342,thrips,Insecta,Thysanoptera,Thripidae,,,Herbivore,July,15-07-2025,18-07-2025,39.76071279,-105.1446095,1687.57,Jefferson
Applewood Community Garden,APP-V-343,APP,vane,343,thrips,Insecta,Thysanoptera,Thripidae,,,Herbivore,July,15-07-2025,18-07-2025,39.76071279,-105.1446095,1687.57,Jefferson
Applewood Community Garden,APP-V-344,APP,vane,344,thrips,Insecta,Thysanoptera,Thripidae,,,Herbivore,July,15-07-2025,18-07-2025,39.76071279,-105.1446095,1687.57,Jefferson
Applewood Community Garden,APP-V-345,APP,vane,345,thrips,Insecta,Thysanoptera,Thripidae,,,Herbivore,July,15-07-2025,18-07-2025,39.76071279,-105.1446095,1687.57,Jefferson
Applewood Community Garden,APP-V-346,APP,vane,346,thrips,Insecta,Thysanoptera,Thripidae,,,Herbivore,July,15-07-2025,18-07-2025,39.76071279,-105.1446095,1687.57,Jefferson
Applewood Community Garden,APP-V-347,APP,vane,347,thrips,Insecta,Thysanoptera,Thripidae,,,Herbivore,July,15-07-2025,18-07-2025,39.76071279,-105.1446095,1687.57,Jefferson
Applewood Community Garden,APP-V-348,APP,vane,348,thrips,Insecta,Thysanoptera,Thripidae,,,Herbivore,July,15-07-2025,18-07-2025,39.76071279,-105.1446095,1687.57,Jefferson
Applewood Community Garden,APP-V-349,APP,vane,349,thrips,Insecta,Thysanoptera,Thripidae,,,Herbivore,July,15-07-2025,18-07-2025,39.76071279,-105.1446095,1687.57,Jefferson
Applewood Community Garden,APP-V-350,APP,vane,350,thrips,Insecta,Thysanoptera,Thripidae,,,Herbivore,July,15-07-2025,18-07-2025,39.76071279,-105.1446095,1687.57,Jefferson
Applewood Community Garden,APP-V-351,APP,vane,351,thrips,Insecta,Thysanoptera,Thripidae,,,Herbivore,July,15-07-2025,18-07-2025,39.76071279,-105.1446095,1687.57,Jefferson
Applewood Community Garden,APP-V-352,APP,vane,352,thrips,Insecta,Thysanoptera,Thripidae,,,Herbivore,July,15-07-2025,18-07-2025,39.76071279,-105.1446095,1687.57,Jefferson
Applewood Community Garden,APP-V-353,APP,vane,353,thrips,Insecta,Thysanoptera,Thripidae,,,Herbivore,July,15-07-2025,18-07-2025,39.76071279,-105.1446095,1687.57,Jefferson
Applewood Community Garden,APP-V-354,APP,vane,354,thrips,Insecta,Thysanoptera,Thripidae,,,Herbivore,July,15-07-2025,18-07-2025,39.76071279,-105.1446095,1687.57,Jefferson
Applewood Community Garden,APP-V-355,APP,vane,355,thrips,Insecta,Thysanoptera,Thripidae,,,Herbivore,July,15-07-2025,18-07-2025,39.76071279,-105.1446095,1687.57,Jefferson
Applewood Community Garden,APP-V-356,APP,vane,356,thrips,Insecta,Thysanoptera,Thripidae,,,Herbivore,July,15-07-2025,18-07-2025,39.76071279,-105.1446095,1687.57,Jefferson
Applewood Community Garden,APP-V-357,APP,vane,357,thrips,Insecta,Thysanoptera,Thripidae,,,Herbivore,July,15-07-2025,18-07-2025,39.76071279,-105.1446095,1687.57,Jefferson
Applewood Community Garden,APP-V-358,APP,vane,358,thrips,Insecta,Thysanoptera,Thripidae,,,Herbivore,July,15-07-2025,18-07-2025,39.76071279,-105.1446095,1687.57,Jefferson
Applewood Community Garden,APP-V-359,APP,vane,359,thrips,Insecta,Thysanoptera,Thripidae,,,Herbivore,July,15-07-2025,18-07-2025,39.76071279,-105.1446095,1687.57,Jefferson
Applewood Community Garden,APP-V-360,APP,vane,360,thrips,Insecta,Thysanoptera,Thripidae,,,Herbivore,July,15-07-2025,18-07-2025,39.76071279,-105.1446095,1687.57,Jefferson
Applewood Community Garden,APP-V-361,APP,vane,361,thrips,Insecta,Thysanoptera,Thripidae,,,Herbivore,July,15-07-2025,18-07-2025,39.76071279,-105.1446095,1687.57,Jefferson
Applewood Community Garden,APP-V-362,APP,vane,362,thrips,Insecta,Thysanoptera,Thripidae,,,Herbivore,July,15-07-2025,18-07-2025,39.76071279,-105.1446095,1687.57,Jefferson
Applewood Community Garden,APP-V-363,APP,vane,363,thrips,Insecta,Thysanoptera,Thripidae,,,Herbivore,July,15-07-2025,18-07-2025,39.76071279,-105.1446095,1687.57,Jefferson
Applewood Community Garden,APP-V-364,APP,vane,364,thrips,Insecta,Thysanoptera,Thripidae,,,Herbivore,July,15-07-2025,18-07-2025,39.76071279,-105.1446095,1687.57,Jefferson
Applewood Community Garden,APP-V-365,APP,vane,365,thrips,Insecta,Thysanoptera,Thripidae,,,Herbivore,July,15-07-2025,18-07-2025,39.76071279,-105.1446095,1687.57,Jefferson
Applewood Community Garden,APP-V-366,APP,vane,366,thrips,Insecta,Thysanoptera,Thripidae,,,Herbivore,July,15-07-2025,18-07-2025,39.76071279,-105.1446095,1687.57,Jefferson
Applewood Community Garden,APP-V-367,APP,vane,367,thrips,Insecta,Thysanoptera,Thripidae,,,Herbivore,July,15-07-2025,18-07-2025,39.76071279,-105.1446095,1687.57,Jefferson
Applewood Community Garden,APP-V-368,APP,vane,368,thrips,Insecta,Thysanoptera,Thripidae,,,Herbivore,July,15-07-2025,18-07-2025,39.76071279,-105.1446095,1687.57,Jefferson
Applewood Community Garden,APP-V-369,APP,vane,369,thrips,Insecta,Thysanoptera,Thripidae,,,Herbivore,July,15-07-2025,18-07-2025,39.76071279,-105.1446095,1687.57,Jefferson
Applewood Community Garden,APP-V-370,APP,vane,370,thrips,Insecta,Thysanoptera,Thripidae,,,Herbivore,July,15-07-2025,18-07-2025,39.76071279,-105.1446095,1687.57,Jefferson
Applewood Community Garden,APP-V-371,APP,vane,371,thrips,Insecta,Thysanoptera,Thripidae,,,Herbivore,July,15-07-2025,18-07-2025,39.76071279,-105.1446095,1687.57,Jefferson
Applewood Community Garden,APP-V-372,APP,vane,372,thrips,Insecta,Thysanoptera,Thripidae,,,Herbivore,July,15-07-2025,18-07-2025,39.76071279,-105.1446095,1687.57,Jefferson
Applewood Community Garden,APP-V-373,APP,vane,373,thrips,Insecta,Thysanoptera,Thripidae,,,Herbivore,July,15-07-2025,18-07-2025,39.76071279,-105.1446095,1687.57,Jefferson
Applewood Community Garden,APP-V-374,APP,vane,374,thrips,Insecta,Thysanoptera,Thripidae,,,Herbivore,July,15-07-2025,18-07-2025,39.76071279,-105.1446095,1687.57,Jefferson
Applewood Community Garden,APP-V-375,APP,vane,375,thrips,Insecta,Thysanoptera,Thripidae,,,Herbivore,July,15-07-2025,18-07-2025,39.76071279,-105.1446095,1687.57,Jefferson
Applewood Community Garden,APP-V-376,APP,vane,376,thrips,Insecta,Thysanoptera,Thripidae,,,Herbivore,July,15-07-2025,18-07-2025,39.76071279,-105.1446095,1687.57,Jefferson
Applewood Community Garden,APP-V-377,APP,vane,377,thrips,Insecta,Thysanoptera,Thripidae,,,Herbivore,July,15-07-2025,18-07-2025,39.76071279,-105.1446095,1687.57,Jefferson
Applewood Community Garden,APP-V-378,APP,vane,378,thrips,Insecta,Thysanoptera,Thripidae,,,Herbivore,July,15-07-2025,18-07-2025,39.76071279,-105.1446095,1687.57,Jefferson
Applewood Community Garden,APP-V-379,APP,vane,379,thrips,Insecta,Thysanoptera,Thripidae,,,Herbivore,July,15-07-2025,18-07-2025,39.76071279,-105.1446095,1687.57,Jefferson
Applewood Community Garden,APP-V-380,APP,vane,380,thrips,Insecta,Thysanoptera,Thripidae,,,Herbivore,July,15-07-2025,18-07-2025,39.76071279,-105.1446095,1687.57,Jefferson
Applewood Community Garden,APP-V-381,APP,vane,381,thrips,Insecta,Thysanoptera,Thripidae,,,Herbivore,July,15-07-2025,18-07-2025,39.76071279,-105.1446095,1687.57,Jefferson
Applewood Community Garden,APP-V-382,APP,vane,382,thrips,Insecta,Thysanoptera,Thripidae,,,Herbivore,July,15-07-2025,18-07-2025,39.76071279,-105.1446095,1687.57,Jefferson
Applewood Community Garden,APP-V-383,APP,vane,383,thrips,Insecta,Thysanoptera,Thripidae,,,Herbivore,July,15-07-2025,18-07-2025,39.76071279,-105.1446095,1687.57,Jefferson
Applewood Community Garden,APP-V-384,APP,vane,384,thrips,Insecta,Thysanoptera,Thripidae,,,Herbivore,July,15-07-2025,18-07-2025,39.76071279,-105.1446095,1687.57,Jefferson
Applewood Community Garden,APP-V-385,APP,vane,385,thrips,Insecta,Thysanoptera,Thripidae,,,Herbivore,July,15-07-2025,18-07-2025,39.76071279,-105.1446095,1687.57,Jefferson
Applewood Community Garden,APP-V-386,APP,vane,386,thrips,Insecta,Thysanoptera,Thripidae,,,Herbivore,July,15-07-2025,18-07-2025,39.76071279,-105.1446095,1687.57,Jefferson
Applewood Community Garden,APP-V-387,APP,vane,387,thrips,Insecta,Thysanoptera,Thripidae,,,Herbivore,July,15-07-2025,18-07-2025,39.76071279,-105.1446095,1687.57,Jefferson
Applewood Community Garden,APP-V-388,APP,vane,388,thrips,Insecta,Thysanoptera,Thripidae,,,Herbivore,July,15-07-2025,18-07-2025,39.76071279,-105.1446095,1687.57,Jefferson
Applewood Community Garden,APP-V-389,APP,vane,389,thrips,Insecta,Thysanoptera,Thripidae,,,Herbivore,July,15-07-2025,18-07-2025,39.76071279,-105.1446095,1687.57,Jefferson
Applewood Community Garden,APP-V-390,APP,vane,390,thrips,Insecta,Thysanoptera,Thripidae,,,Herbivore,July,15-07-2025,18-07-2025,39.76071279,-105.1446095,1687.57,Jefferson
Applewood Community Garden,APP-V-391,APP,vane,391,thrips,Insecta,Thysanoptera,Thripidae,,,Herbivore,July,15-07-2025,18-07-2025,39.76071279,-105.1446095,1687.57,Jefferson
Applewood Community Garden,APP-V-392,APP,vane,392,thrips,Insecta,Thysanoptera,Thripidae,,,Herbivore,July,15-07-2025,18-07-2025,39.76071279,-105.1446095,1687.57,Jefferson
Applewood Community Garden,APP-V-393,APP,vane,393,thrips,Insecta,Thysanoptera,Thripidae,,,Herbivore,July,15-07-2025,18-07-2025,39.76071279,-105.1446095,1687.57,Jefferson
Applewood Community Garden,APP-V-394,APP,vane,394,thrips,Insecta,Thysanoptera,Thripidae,,,Herbivore,July,15-07-2025,18-07-2025,39.76071279,-105.1446095,1687.57,Jefferson
Applewood Community Garden,APP-V-395,APP,vane,395,thrips,Insecta,Thysanoptera,Thripidae,,,Herbivore,July,15-07-2025,18-07-2025,39.76071279,-105.1446095,1687.57,Jefferson
Applewood Community Garden,APP-V-396,APP,vane,396,thrips,Insecta,Thysanoptera,Thripidae,,,Herbivore,July,15-07-2025,18-07-2025,39.76071279,-105.1446095,1687.57,Jefferson
Applewood Community Garden,APP-V-397,APP,vane,397,thrips,Insecta,Thysanoptera,Thripidae,,,Herbivore,July,15-07-2025,18-07-2025,39.76071279,-105.1446095,1687.57,Jefferson
Applewood Community Garden,APP-V-398,APP,vane,398,thrips,Insecta,Thysanoptera,Thripidae,,,Herbivore,July,15-07-2025,18-07-2025,39.76071279,-105.1446095,1687.57,Jefferson
Applewood Community Garden,APP-V-399,APP,vane,399,thrips,Insecta,Thysanoptera,Thripidae,,,Herbivore,July,15-07-2025,18-07-2025,39.76071279,-105.1446095,1687.57,Jefferson
Applewood Community Garden,APP-V-400,APP,vane,400,thrips,Insecta,Thysanoptera,Thripidae,,,Herbivore,July,15-07-2025,18-07-2025,39.76071279,-105.1446095,1687.57,Jefferson
Applewood Community Garden,APP-V-401,APP,vane,401,thrips,Insecta,Thysanoptera,Thripidae,,,Herbivore,July,15-07-2025,18-07-2025,39.76071279,-105.1446095,1687.57,Jefferson
Applewood Community Garden,APP-V-402,APP,vane,402,thrips,Insecta,Thysanoptera,Thripidae,,,Herbivore,July,15-07-2025,18-07-2025,39.76071279,-105.1446095,1687.57,Jefferson
Applewood Community Garden,APP-V-403,APP,vane,403,thrips,Insecta,Thysanoptera,Thripidae,,,Herbivore,July,15-07-2025,18-07-2025,39.76071279,-105.1446095,1687.57,Jefferson
Applewood Community Garden,APP-V-404,APP,vane,404,thrips,Insecta,Thysanoptera,Thripidae,,,Herbivore,July,15-07-2025,18-07-2025,39.76071279,-105.1446095,1687.57,Jefferson
Applewood Community Garden,APP-V-405,APP,vane,405,thrips,Insecta,Thysanoptera,Thripidae,,,Herbivore,July,15-07-2025,18-07-2025,39.76071279,-105.1446095,1687.57,Jefferson
Applewood Community Garden,APP-V-406,APP,vane,406,thrips,Insecta,Thysanoptera,Thripidae,,,Herbivore,July,15-07-2025,18-07-2025,39.76071279,-105.1446095,1687.57,Jefferson
Applewood Community Garden,APP-V-407,APP,vane,407,thrips,Insecta,Thysanoptera,Thripidae,,,Herbivore,July,15-07-2025,18-07-2025,39.76071279,-105.1446095,1687.57,Jefferson
Applewood Community Garden,APP-V-408,APP,vane,408,thrips,Insecta,Thysanoptera,Thripidae,,,Herbivore,July,15-07-2025,18-07-2025,39.76071279,-105.1446095,1687.57,Jefferson
Applewood Community Garden,APP-V-409,APP,vane,409,thrips,Insecta,Thysanoptera,Thripidae,,,Herbivore,July,15-07-2025,18-07-2025,39.76071279,-105.1446095,1687.57,Jefferson
Applewood Community Garden,APP-V-410,APP,vane,410,thrips,Insecta,Thysanoptera,Thripidae,,,Herbivore,July,15-07-2025,18-07-2025,39.76071279,-105.1446095,1687.57,Jefferson
Applewood Community Garden,APP-V-411,APP,vane,411,thrips,Insecta,Thysanoptera,Thripidae,,,Herbivore,July,15-07-2025,18-07-2025,39.76071279,-105.1446095,1687.57,Jefferson
Applewood Community Garden,APP-V-412,APP,vane,412,thrips,Insecta,Thysanoptera,Thripidae,,,Herbivore,July,15-07-2025,18-07-2025,39.76071279,-105.1446095,1687.57,Jefferson
Applewood Community Garden,APP-V-413,APP,vane,413,thrips,Insecta,Thysanoptera,Thripidae,,,Herbivore,July,15-07-2025,18-07-2025,39.76071279,-105.1446095,1687.57,Jefferson
Applewood Community Garden,APP-V-414,APP,vane,414,thrips,Insecta,Thysanoptera,Thripidae,,,Herbivore,July,15-07-2025,18-07-2025,39.76071279,-105.1446095,1687.57,Jefferson
Applewood Community Garden,APP-V-415,APP,vane,415,thrips,Insecta,Thysanoptera,Thripidae,,,Herbivore,July,15-07-2025,18-07-2025,39.76071279,-105.1446095,1687.57,Jefferson
Applewood Community Garden,APP-V-416,APP,vane,416,thrips,Insecta,Thysanoptera,Thripidae,,,Herbivore,July,15-07-2025,18-07-2025,39.76071279,-105.1446095,1687.57,Jefferson
Applewood Community Garden,APP-V-417,APP,vane,417,thrips,Insecta,Thysanoptera,Thripidae,,,Herbivore,July,15-07-2025,18-07-2025,39.76071279,-105.1446095,1687.57,Jefferson
Applewood Community Garden,APP-V-418,APP,vane,418,thrips,Insecta,Thysanoptera,Thripidae,,,Herbivore,July,15-07-2025,18-07-2025,39.76071279,-105.1446095,1687.57,Jefferson
Applewood Community Garden,APP-V-419,APP,vane,419,thrips,Insecta,Thysanoptera,Thripidae,,,Herbivore,July,15-07-2025,18-07-2025,39.76071279,-105.1446095,1687.57,Jefferson
Applewood Community Garden,APP-V-420,APP,vane,420,thrips,Insecta,Thysanoptera,Thripidae,,,Herbivore,July,15-07-2025,18-07-2025,39.76071279,-105.1446095,1687.57,Jefferson
Applewood Community Garden,APP-V-421,APP,vane,421,thrips,Insecta,Thysanoptera,Thripidae,,,Herbivore,July,15-07-2025,18-07-2025,39.76071279,-105.1446095,1687.57,Jefferson
Applewood Community Garden,APP-V-422,APP,vane,422,thrips,Insecta,Thysanoptera,Thripidae,,,Herbivore,July,15-07-2025,18-07-2025,39.76071279,-105.1446095,1687.57,Jefferson
Applewood Community Garden,APP-V-423,APP,vane,423,thrips,Insecta,Thysanoptera,Thripidae,,,Herbivore,July,15-07-2025,18-07-2025,39.76071279,-105.1446095,1687.57,Jefferson
Applewood Community Garden,APP-V-424,APP,vane,424,thrips,Insecta,Thysanoptera,Thripidae,,,Herbivore,July,15-07-2025,18-07-2025,39.76071279,-105.1446095,1687.57,Jefferson
Applewood Community Garden,APP-V-425,APP,vane,425,thrips,Insecta,Thysanoptera,Thripidae,,,Herbivore,July,15-07-2025,18-07-2025,39.76071279,-105.1446095,1687.57,Jefferson
Applewood Community Garden,APP-V-426,APP,vane,426,thrips,Insecta,Thysanoptera,Thripidae,,,Herbivore,July,15-07-2025,18-07-2025,39.76071279,-105.1446095,1687.57,Jefferson
Applewood Community Garden,APP-V-427,APP,vane,427,thrips,Insecta,Thysanoptera,Thripidae,,,Herbivore,July,15-07-2025,18-07-2025,39.76071279,-105.1446095,1687.57,Jefferson
Applewood Community Garden,APP-V-428,APP,vane,428,thrips,Insecta,Thysanoptera,Thripidae,,,Herbivore,July,15-07-2025,18-07-2025,39.76071279,-105.1446095,1687.57,Jefferson
Applewood Community Garden,APP-V-429,APP,vane,429,thrips,Insecta,Thysanoptera,Thripidae,,,Herbivore,July,15-07-2025,18-07-2025,39.76071279,-105.1446095,1687.57,Jefferson
Applewood Community Garden,APP-V-430,APP,vane,430,thrips,Insecta,Thysanoptera,Thripidae,,,Herbivore,July,15-07-2025,18-07-2025,39.76071279,-105.1446095,1687.57,Jefferson
Applewood Community Garden,APP-V-431,APP,vane,431,thrips,Insecta,Thysanoptera,Thripidae,,,Herbivore,July,15-07-2025,18-07-2025,39.76071279,-105.1446095,1687.57,Jefferson
Applewood Community Garden,APP-V-432,APP,vane,432,thrips,Insecta,Thysanoptera,Thripidae,,,Herbivore,July,15-07-2025,18-07-2025,39.76071279,-105.1446095,1687.57,Jefferson
Applewood Community Garden,APP-V-433,APP,vane,433,thrips,Insecta,Thysanoptera,Thripidae,,,Herbivore,July,15-07-2025,18-07-2025,39.76071279,-105.1446095,1687.57,Jefferson
Applewood Community Garden,APP-V-434,APP,vane,434,bumblebee,Insecta,Hymenoptera,Apidae,Bombus,,Pollinator,July,15-07-2025,18-07-2025,39.76071279,-105.1446095,1687.57,Jefferson
Applewood Community Garden,APP-V-435,APP,vane,435,squashbee,Insecta,Hymenoptera,Apidae,Eucera,pruinosa,Pollinator,July,15-07-2025,18-07-2025,39.76071279,-105.1446095,1687.57,Jefferson
Applewood Community Garden,APP-V-436,APP,vane,436,squashbee,Insecta,Hymenoptera,Apidae,Eucera,pruinosa,Pollinator,July,15-07-2025,18-07-2025,39.76071279,-105.1446095,1687.57,Jefferson
Applewood Community Garden,APP-V-437,APP,vane,437,squashbee,Insecta,Hymenoptera,Apidae,Eucera,pruinosa,Pollinator,July,15-07-2025,18-07-2025,39.76071279,-105.1446095,1687.57,Jefferson
Applewood Community Garden,APP-V-438,APP,vane,438,squashbee,Insecta,Hymenoptera,Apidae,Eucera,pruinosa,Pollinator,July,15-07-2025,18-07-2025,39.76071279,-105.1446095,1687.57,Jefferson
Applewood Community Garden,APP-V-439,APP,vane,439,squashbee,Insecta,Hymenoptera,Apidae,Eucera,pruinosa,Pollinator,July,15-07-2025,18-07-2025,39.76071279,-105.1446095,1687.57,Jefferson
Applewood Community Garden,APP-V-440,APP,vane,440,squashbee,Insecta,Hymenoptera,Apidae,Eucera,pruinosa,Pollinator,July,15-07-2025,18-07-2025,39.76071279,-105.1446095,1687.57,Jefferson
Applewood Community Garden,APP-V-441,APP,vane,441,squashbee,Insecta,Hymenoptera,Apidae,Eucera,pruinosa,Pollinator,July,15-07-2025,18-07-2025,39.76071279,-105.1446095,1687.57,Jefferson
Applewood Community Garden,APP-V-442,APP,vane,442,squashbee,Insecta,Hymenoptera,Apidae,Eucera,pruinosa,Pollinator,July,15-07-2025,18-07-2025,39.76071279,-105.1446095,1687.57,Jefferson
Applewood Community Garden,APP-V-443,APP,vane,443,squashbee,Insecta,Hymenoptera,Apidae,Eucera,pruinosa,Pollinator,July,15-07-2025,18-07-2025,39.76071279,-105.1446095,1687.57,Jefferson
Applewood Community Garden,APP-V-444,APP,vane,444,squashbee,Insecta,Hymenoptera,Apidae,Eucera,pruinosa,Pollinator,July,15-07-2025,18-07-2025,39.76071279,-105.1446095,1687.57,Jefferson
Applewood Community Garden,APP-V-445,APP,vane,445,squashbee,Insecta,Hymenoptera,Apidae,Eucera,pruinosa,Pollinator,July,15-07-2025,18-07-2025,39.76071279,-105.1446095,1687.57,Jefferson
Applewood Community Garden,APP-V-446,APP,vane,446,squashbee,Insecta,Hymenoptera,Apidae,Eucera,pruinosa,Pollinator,July,15-07-2025,18-07-2025,39.76071279,-105.1446095,1687.57,Jefferson
Applewood Community Garden,APP-V-447,APP,vane,447,squashbee,Insecta,Hymenoptera,Apidae,Eucera,pruinosa,Pollinator,July,15-07-2025,18-07-2025,39.76071279,-105.1446095,1687.57,Jefferson
Applewood Community Garden,APP-V-448,APP,vane,448,squashbee,Insecta,Hymenoptera,Apidae,Eucera,pruinosa,Pollinator,July,15-07-2025,18-07-2025,39.76071279,-105.1446095,1687.57,Jefferson
Applewood Community Garden,APP-V-449,APP,vane,449,squashbee,Insecta,Hymenoptera,Apidae,Eucera,pruinosa,Pollinator,July,15-07-2025,18-07-2025,39.76071279,-105.1446095,1687.57,Jefferson
Applewood Community Garden,APP-V-450,APP,vane,450,squashbee,Insecta,Hymenoptera,Apidae,Eucera,pruinosa,Pollinator,July,15-07-2025,18-07-2025,39.76071279,-105.1446095,1687.57,Jefferson
Applewood Community Garden,APP-V-451,APP,vane,451,squashbee,Insecta,Hymenoptera,Apidae,Eucera,pruinosa,Pollinator,July,15-07-2025,18-07-2025,39.76071279,-105.1446095,1687.57,Jefferson
Applewood Community Garden,APP-V-452,APP,vane,452,squashbee,Insecta,Hymenoptera,Apidae,Eucera,pruinosa,Pollinator,July,15-07-2025,18-07-2025,39.76071279,-105.1446095,1687.57,Jefferson
Applewood Community Garden,APP-V-453,APP,vane,453,squashbee,Insecta,Hymenoptera,Apidae,Eucera,pruinosa,Pollinator,July,15-07-2025,18-07-2025,39.76071279,-105.1446095,1687.57,Jefferson
Applewood Community Garden,APP-V-454,APP,vane,454,squashbee,Insecta,Hymenoptera,Apidae,Eucera,pruinosa,Pollinator,July,15-07-2025,18-07-2025,39.76071279,-105.1446095,1687.57,Jefferson
Applewood Community Garden,APP-V-455,APP,vane,455,squashbee,Insecta,Hymenoptera,Apidae,Eucera,pruinosa,Pollinator,July,15-07-2025,18-07-2025,39.76071279,-105.1446095,1687.57,Jefferson
Applewood Community Garden,APP-V-456,APP,vane,456,squashbee,Insecta,Hymenoptera,Apidae,Eucera,pruinosa,Pollinator,July,15-07-2025,18-07-2025,39.76071279,-105.1446095,1687.57,Jefferson
Applewood Community Garden,APP-V-457,APP,vane,457,squashbee,Insecta,Hymenoptera,Apidae,Eucera,pruinosa,Pollinator,July,15-07-2025,18-07-2025,39.76071279,-105.1446095,1687.57,Jefferson
Applewood Community Garden,APP-V-458,APP,vane,458,squashbee,Insecta,Hymenoptera,Apidae,Eucera,pruinosa,Pollinator,July,15-07-2025,18-07-2025,39.76071279,-105.1446095,1687.57,Jefferson
Applewood Community Garden,APP-V-459,APP,vane,459,black longhorn,Insecta,Hymenoptera,Apidae,Melissodes,bimaculatus,Pollinator,July,15-07-2025,18-07-2025,39.76071279,-105.1446095,1687.57,Jefferson
Applewood Community Garden,APP-V-460,APP,vane,460,black longhorn,Insecta,Hymenoptera,Apidae,Melissodes,bimaculatus,Pollinator,July,15-07-2025,18-07-2025,39.76071279,-105.1446095,1687.57,Jefferson
Applewood Community Garden,APP-V-461,APP,vane,461,honeybee,Insecta,Hymenoptera,Apidae,Apis,mellifera,Pollinator,July,15-07-2025,18-07-2025,39.76071279,-105.1446095,1687.57,Jefferson
Applewood Community Garden,APP-V-462,APP,vane,462,honeybee,Insecta,Hymenoptera,Apidae,Apis,mellifera,Pollinator,July,15-07-2025,18-07-2025,39.76071279,-105.1446095,1687.57,Jefferson
Applewood Community Garden,APP-V-463,APP,vane,463,honeybee,Insecta,Hymenoptera,Apidae,Apis,mellifera,Pollinator,July,15-07-2025,18-07-2025,39.76071279,-105.1446095,1687.57,Jefferson
Applewood Community Garden,APP-V-464,APP,vane,464,longhorn bee,Insecta,Hymenoptera,Apidae,,,Pollinator,July,15-07-2025,18-07-2025,39.76071279,-105.1446095,1687.57,Jefferson
Applewood Community Garden,APP-V-465,APP,vane,465,longhorn bee,Insecta,Hymenoptera,Apidae,,,Pollinator,July,15-07-2025,18-07-2025,39.76071279,-105.1446095,1687.57,Jefferson
Applewood Community Garden,APP-V-466,APP,vane,466,longhorn bee,Insecta,Hymenoptera,Apidae,,,Pollinator,July,15-07-2025,18-07-2025,39.76071279,-105.1446095,1687.57,Jefferson
Applewood Community Garden,APP-V-467,APP,vane,467,longhorn bee,Insecta,Hymenoptera,Apidae,,,Pollinator,July,15-07-2025,18-07-2025,39.76071279,-105.1446095,1687.57,Jefferson
Applewood Community Garden,APP-V-468,APP,vane,468,longhorn bee,Insecta,Hymenoptera,Apidae,,,Pollinator,July,15-07-2025,18-07-2025,39.76071279,-105.1446095,1687.57,Jefferson
Applewood Community Garden,APP-V-469,APP,vane,469,longhorn bee,Insecta,Hymenoptera,Apidae,,,Pollinator,July,15-07-2025,18-07-2025,39.76071279,-105.1446095,1687.57,Jefferson
Applewood Community Garden,APP-V-470,APP,vane,470,longhorn bee,Insecta,Hymenoptera,Apidae,,,Pollinator,July,15-07-2025,18-07-2025,39.76071279,-105.1446095,1687.57,Jefferson
Applewood Community Garden,APP-V-471,APP,vane,471,longhorn bee,Insecta,Hymenoptera,Apidae,,,Pollinator,July,15-07-2025,18-07-2025,39.76071279,-105.1446095,1687.57,Jefferson
Applewood Community Garden,APP-V-472,APP,vane,472,longhorn bee,Insecta,Hymenoptera,Apidae,,,Pollinator,July,15-07-2025,18-07-2025,39.76071279,-105.1446095,1687.57,Jefferson
Applewood Community Garden,APP-V-473,APP,vane,473,longhorn bee,Insecta,Hymenoptera,Apidae,,,Pollinator,July,15-07-2025,18-07-2025,39.76071279,-105.1446095,1687.57,Jefferson
Applewood Community Garden,APP-V-474,APP,vane,474,longhorn bee,Insecta,Hymenoptera,Apidae,,,Pollinator,July,15-07-2025,18-07-2025,39.76071279,-105.1446095,1687.57,Jefferson
Applewood Community Garden,APP-V-475,APP,vane,475,longhorn bee,Insecta,Hymenoptera,Apidae,,,Pollinator,July,15-07-2025,18-07-2025,39.76071279,-105.1446095,1687.57,Jefferson
Applewood Community Garden,APP-V-476,APP,vane,476,longhorn bee,Insecta,Hymenoptera,Apidae,,,Pollinator,July,15-07-2025,18-07-2025,39.76071279,-105.1446095,1687.57,Jefferson
Applewood Community Garden,APP-V-477,APP,vane,477,bee,Insecta,Hymenoptera,,,,Pollinator,July,15-07-2025,18-07-2025,39.76071279,-105.1446095,1687.57,Jefferson
Applewood Community Garden,APP-V-478,APP,vane,478,bee,Insecta,Hymenoptera,,,,Pollinator,July,15-07-2025,18-07-2025,39.76071279,-105.1446095,1687.57,Jefferson
Applewood Community Garden,APP-V-479,APP,vane,479,bumble flower beetle,Insecta,Coleoptera,Scarabaeidae,Euphoria,inda,Detritivore,July,15-07-2025,18-07-2025,39.76071279,-105.1446095,1687.57,Jefferson
Applewood Community Garden,APP-V-480,APP,vane,480,bumble flower beetle,Insecta,Coleoptera,Scarabaeidae,Euphoria,inda,Detritivore,July,15-07-2025,18-07-2025,39.76071279,-105.1446095,1687.57,Jefferson
Applewood Community Garden,APP-V-481,APP,vane,481,bumble flower beetle,Insecta,Coleoptera,Scarabaeidae,Euphoria,inda,Detritivore,July,15-07-2025,18-07-2025,39.76071279,-105.1446095,1687.57,Jefferson
Applewood Community Garden,APP-V-482,APP,vane,482,bumble flower beetle,Insecta,Coleoptera,Scarabaeidae,Euphoria,inda,Detritivore,July,15-07-2025,18-07-2025,39.76071279,-105.1446095,1687.57,Jefferson
Applewood Community Garden,APP-V-483,APP,vane,483,bumble flower beetle,Insecta,Coleoptera,Scarabaeidae,Euphoria,inda,Detritivore,July,15-07-2025,18-07-2025,39.76071279,-105.1446095,1687.57,Jefferson
Applewood Community Garden,APP-V-484,APP,vane,484,japanese beetle,Insecta,Coleoptera,Scarabaeidae,Popillia,japonica,Herbivore,July,15-07-2025,18-07-2025,39.76071279,-105.1446095,1687.57,Jefferson
Applewood Community Garden,APP-V-485,APP,vane,485,japanese beetle,Insecta,Coleoptera,Scarabaeidae,Popillia,japonica,Herbivore,July,15-07-2025,18-07-2025,39.76071279,-105.1446095,1687.57,Jefferson
Applewood Community Garden,APP-V-486,APP,vane,486,japanese beetle,Insecta,Coleoptera,Scarabaeidae,Popillia,japonica,Herbivore,July,15-07-2025,18-07-2025,39.76071279,-105.1446095,1687.57,Jefferson
Applewood Community Garden,APP-V-487,APP,vane,487,ladybug,Insecta,Coleoptera,Coccinellidae,,,Predator,July,15-07-2025,18-07-2025,39.76071279,-105.1446095,1687.57,Jefferson
Applewood Community Garden,APP-V-488,APP,vane,488,ladybug,Insecta,Coleoptera,Coccinellidae,,,Predator,July,15-07-2025,18-07-2025,39.76071279,-105.1446095,1687.57,Jefferson
Applewood Community Garden,APP-V-489,APP,vane,489,blister beetle,Insecta,Coleoptera,Meloidae,,,Herbivore,July,15-07-2025,18-07-2025,39.76071279,-105.1446095,1687.57,Jefferson
Applewood Community Garden,APP-V-490,APP,vane,490,red ant,Insecta,Hymenoptera,Formicidae,,,,July,15-07-2025,18-07-2025,39.76071279,-105.1446095,1687.57,Jefferson
Applewood Community Garden,APP-V-491,APP,vane,491,moth,Insecta,Lepidoptera ,,,,Pollinator,July,15-07-2025,18-07-2025,39.76071279,-105.1446095,1687.57,Jefferson
Applewood Community Garden,APP-V-492,APP,vane,492,fruitfly,Insecta,Diptera,Drosophilidae,Drosophila,,Detritivore,July,15-07-2025,18-07-2025,39.76071279,-105.1446095,1687.57,Jefferson
Applewood Community Garden,APP-V-493,APP,vane,493,fly,Insecta,Diptera,Anthomyiidae,,,,July,15-07-2025,18-07-2025,39.76071279,-105.1446095,1687.57,Jefferson
Applewood Community Garden,APP-V-494,APP,vane,494,cluster fly,Insecta,Diptera,Polleniidae,Pollenia,,,July,15-07-2025,18-07-2025,39.76071279,-105.1446095,1687.57,Jefferson
Applewood Community Garden,APP-V-495,APP,vane,495,cluster fly,Insecta,Diptera,Polleniidae,Pollenia,,,July,15-07-2025,18-07-2025,39.76071279,-105.1446095,1687.57,Jefferson
Applewood Community Garden,APP-V-496,APP,vane,496,housefly,Insecta,Diptera,Muscidae,,,,July,15-07-2025,18-07-2025,39.76071279,-105.1446095,1687.57,Jefferson
Applewood Community Garden,APP-P-1,APP,pitfall-2,1,pillbug,Malacostraca,Isopoda,,,,Detritivore,July,15-07-2025,18-07-2025,39.76071279,-105.1446095,1687.57,Jefferson
Applewood Community Garden,APP-P-2,APP,pitfall-2,2,pillbug,Malacostraca,Isopoda,,,,Detritivore,July,15-07-2025,18-07-2025,39.76071279,-105.1446095,1687.57,Jefferson
Applewood Community Garden,APP-P-3,APP,pitfall-2,3,pillbug,Malacostraca,Isopoda,,,,Detritivore,July,15-07-2025,18-07-2025,39.76071279,-105.1446095,1687.57,Jefferson
Applewood Community Garden,APP-P-4,APP,pitfall-2,4,ants,Insecta,Hymenoptera,Formicidae,,,,July,15-07-2025,18-07-2025,39.76071279,-105.1446095,1687.57,Jefferson
Applewood Community Garden,APP-P-5,APP,pitfall-2,5,ants,Insecta,Hymenoptera,Formicidae,,,,July,15-07-2025,18-07-2025,39.76071279,-105.1446095,1687.57,Jefferson
Applewood Community Garden,APP-P-6,APP,pitfall-2,6,ants,Insecta,Hymenoptera,Formicidae,,,,July,15-07-2025,18-07-2025,39.76071279,-105.1446095,1687.57,Jefferson
Applewood Community Garden,APP-P-7,APP,pitfall-2,7,millipede,Diplopoda,,,,,Detritivore,July,15-07-2025,18-07-2025,39.76071279,-105.1446095,1687.57,Jefferson
Applewood Community Garden,APP-P-8,APP,pitfall-2,8,millipede,Diplopoda,,,,,Detritivore,July,15-07-2025,18-07-2025,39.76071279,-105.1446095,1687.57,Jefferson
Applewood Community Garden,APP-P-9,APP,pitfall-2,9,spider,Arachnida,Araneae,,,,Predator,July,15-07-2025,18-07-2025,39.76071279,-105.1446095,1687.57,Jefferson
Applewood Community Garden,APP-P-10,APP,pitfall-2,10,spider,Arachnida,Araneae,,,,Predator,July,15-07-2025,18-07-2025,39.76071279,-105.1446095,1687.57,Jefferson
Applewood Community Garden,APP-P-11,APP,pitfall-2,11,earwig,Insecta,Dermaptera,,,,Omnivore,July,15-07-2025,18-07-2025,39.76071279,-105.1446095,1687.57,Jefferson
Applewood Community Garden,APP-P-12,APP,pitfall-2,12,rove beetle,Insecta,Coleoptera,Staphylinidae,,,Predator,July,15-07-2025,18-07-2025,39.76071279,-105.1446095,1687.57,Jefferson
Applewood Community Garden,APP-P-13,APP,pitfall-2,13,moth,Insecta,Lepidoptera,,,,Pollinator,,,,,,,
Applewood Community Garden,APP-P-14,APP,pitfall-2,14,harvestman,Arachnida,Opiliones,,,,Predator/Scavenger,,,,,,,
Applewood Community Garden,APP-P-15,APP,pitfall-2,15,beetle ,Insecta,Coleoptera,,,,,,,,,,,
Charles Hay,CHA-V-1,CHA,vane,1,pirate bug,Insecta,Hemiptera,Anthocoridae,Orius,,Predator,July,15-07-2025,18-07-2025,39.65845813,-104.9720575,1635,Arapahoe
Charles Hay,CHA-V-2,CHA,vane,2,pirate bug,Insecta,Hemiptera,Anthocoridae,Orius,,Predator,July,15-07-2025,18-07-2025,39.65845813,-104.9720575,1635,Arapahoe
Charles Hay,CHA-V-3,CHA,vane,3,pirate bug,Insecta,Hemiptera,Anthocoridae,Orius,,Predator,July,15-07-2025,18-07-2025,39.65845813,-104.9720575,1635,Arapahoe
Charles Hay,CHA-V-4,CHA,vane,4,pirate bug,Insecta,Hemiptera,Anthocoridae,Orius,,Predator,July,15-07-2025,18-07-2025,39.65845813,-104.9720575,1635,Arapahoe
Charles Hay,CHA-V-5,CHA,vane,5,pirate bug,Insecta,Hemiptera,Anthocoridae,Orius,,Predator,July,15-07-2025,18-07-2025,39.65845813,-104.9720575,1635,Arapahoe
Charles Hay,CHA-V-6,CHA,vane,6,pirate bug,Insecta,Hemiptera,Anthocoridae,Orius,,Predator,July,15-07-2025,18-07-2025,39.65845813,-104.9720575,1635,Arapahoe
Charles Hay,CHA-V-7,CHA,vane,7,pirate bug,Insecta,Hemiptera,Anthocoridae,Orius,,Predator,July,15-07-2025,18-07-2025,39.65845813,-104.9720575,1635,Arapahoe
Charles Hay,CHA-V-8,CHA,vane,8,pirate bug,Insecta,Hemiptera,Anthocoridae,Orius,,Predator,July,15-07-2025,18-07-2025,39.65845813,-104.9720575,1635,Arapahoe
Charles Hay,CHA-V-9,CHA,vane,9,pirate bug,Insecta,Hemiptera,Anthocoridae,Orius,,Predator,July,15-07-2025,18-07-2025,39.65845813,-104.9720575,1635,Arapahoe
Charles Hay,CHA-V-10,CHA,vane,10,tiny beetle (maybe Latridiidae),Insecta,Coleoptera,Latridiidae,,,Fungivore,July,15-07-2025,18-07-2025,39.65845813,-104.9720575,1635,Arapahoe
Charles Hay,CHA-V-11,CHA,vane,11,tiny spider,Arachnida ,Araneae,,,,Predator,July,15-07-2025,18-07-2025,39.65845813,-104.9720575,1635,Arapahoe
Charles Hay,CHA-V-12,CHA,vane,12,tiny mosquito,Insecta,Diptera,Culicidae,,,Sanguivore,July,15-07-2025,18-07-2025,39.65845813,-104.9720575,1635,Arapahoe
Charles Hay,CHA-V-13,CHA,vane,13,tiny mosquito,Insecta,Diptera,Culicidae,,,Sanguivore,July,15-07-2025,18-07-2025,39.65845813,-104.9720575,1635,Arapahoe
Charles Hay,CHA-V-14,CHA,vane,14,tiny fly ,Insecta,Diptera,,,,,July,15-07-2025,18-07-2025,39.65845813,-104.9720575,1635,Arapahoe
Charles Hay,CHA-V-15,CHA,vane,15,leaf hopper ,Insecta,Hemiptera,Cicadellidae,,,Herbivore,July,15-07-2025,18-07-2025,39.65845813,-104.9720575,1635,Arapahoe
Charles Hay,CHA-V-16,CHA,vane,16,leaf hopper ,Insecta,Hemiptera,Cicadellidae,,,Herbivore,July,15-07-2025,18-07-2025,39.65845813,-104.9720575,1635,Arapahoe
Charles Hay,CHA-V-17,CHA,vane,17,spring tails,Entognatha,Collembola,,,,Detritivore,July,15-07-2025,18-07-2025,39.65845813,-104.9720575,1635,Arapahoe
Charles Hay,CHA-V-18,CHA,vane,18,thrips,Insecta,Thysanoptera,,,,Herbivore,July,15-07-2025,18-07-2025,39.65845813,-104.9720575,1635,Arapahoe
Charles Hay,CHA-V-19,CHA,vane,19,thrips,Insecta,Thysanoptera,,,,Herbivore,July,15-07-2025,18-07-2025,39.65845813,-104.9720575,1635,Arapahoe
Charles Hay,CHA-V-20,CHA,vane,20,thrips,Insecta,Thysanoptera,,,,Herbivore,July,15-07-2025,18-07-2025,39.65845813,-104.9720575,1635,Arapahoe
Charles Hay,CHA-V-21,CHA,vane,21,thrips,Insecta,Thysanoptera,,,,Herbivore,July,15-07-2025,18-07-2025,39.65845813,-104.9720575,1635,Arapahoe
Charles Hay,CHA-V-22,CHA,vane,22,thrips,Insecta,Thysanoptera,,,,Herbivore,July,15-07-2025,18-07-2025,39.65845813,-104.9720575,1635,Arapahoe
Charles Hay,CHA-V-23,CHA,vane,23,thrips,Insecta,Thysanoptera,,,,Herbivore,July,15-07-2025,18-07-2025,39.65845813,-104.9720575,1635,Arapahoe
Charles Hay,CHA-V-24,CHA,vane,24,thrips,Insecta,Thysanoptera,,,,Herbivore,July,15-07-2025,18-07-2025,39.65845813,-104.9720575,1635,Arapahoe
Charles Hay,CHA-V-25,CHA,vane,25,thrips,Insecta,Thysanoptera,,,,Herbivore,July,15-07-2025,18-07-2025,39.65845813,-104.9720575,1635,Arapahoe
Charles Hay,CHA-V-26,CHA,vane,26,thrips,Insecta,Thysanoptera,,,,Herbivore,July,15-07-2025,18-07-2025,39.65845813,-104.9720575,1635,Arapahoe
Charles Hay,CHA-V-27,CHA,vane,27,thrips,Insecta,Thysanoptera,,,,Herbivore,July,15-07-2025,18-07-2025,39.65845813,-104.9720575,1635,Arapahoe
Charles Hay,CHA-V-28,CHA,vane,28,thrips,Insecta,Thysanoptera,,,,Herbivore,July,15-07-2025,18-07-2025,39.65845813,-104.9720575,1635,Arapahoe
Charles Hay,CHA-V-29,CHA,vane,29,thrips,Insecta,Thysanoptera,,,,Herbivore,July,15-07-2025,18-07-2025,39.65845813,-104.9720575,1635,Arapahoe
Charles Hay,CHA-V-30,CHA,vane,30,thrips,Insecta,Thysanoptera,,,,Herbivore,July,15-07-2025,18-07-2025,39.65845813,-104.9720575,1635,Arapahoe
Charles Hay,CHA-V-31,CHA,vane,31,thrips,Insecta,Thysanoptera,,,,Herbivore,July,15-07-2025,18-07-2025,39.65845813,-104.9720575,1635,Arapahoe
Charles Hay,CHA-V-32,CHA,vane,32,thrips,Insecta,Thysanoptera,,,,Herbivore,July,15-07-2025,18-07-2025,39.65845813,-104.9720575,1635,Arapahoe
Charles Hay,CHA-V-33,CHA,vane,33,thrips,Insecta,Thysanoptera,,,,Herbivore,July,15-07-2025,18-07-2025,39.65845813,-104.9720575,1635,Arapahoe
Charles Hay,CHA-V-34,CHA,vane,34,thrips,Insecta,Thysanoptera,,,,Herbivore,July,15-07-2025,18-07-2025,39.65845813,-104.9720575,1635,Arapahoe
Charles Hay,CHA-V-35,CHA,vane,35,thrips,Insecta,Thysanoptera,,,,Herbivore,July,15-07-2025,18-07-2025,39.65845813,-104.9720575,1635,Arapahoe
Charles Hay,CHA-V-36,CHA,vane,36,thrips,Insecta,Thysanoptera,,,,Herbivore,July,15-07-2025,18-07-2025,39.65845813,-104.9720575,1635,Arapahoe
Charles Hay,CHA-V-37,CHA,vane,37,thrips,Insecta,Thysanoptera,,,,Herbivore,July,15-07-2025,18-07-2025,39.65845813,-104.9720575,1635,Arapahoe
Charles Hay,CHA-V-38,CHA,vane,38,thrips,Insecta,Thysanoptera,,,,Herbivore,July,15-07-2025,18-07-2025,39.65845813,-104.9720575,1635,Arapahoe
Charles Hay,CHA-V-39,CHA,vane,39,thrips,Insecta,Thysanoptera,,,,Herbivore,July,15-07-2025,18-07-2025,39.65845813,-104.9720575,1635,Arapahoe
Charles Hay,CHA-V-40,CHA,vane,40,thrips,Insecta,Thysanoptera,,,,Herbivore,July,15-07-2025,18-07-2025,39.65845813,-104.9720575,1635,Arapahoe
Charles Hay,CHA-V-41,CHA,vane,41,thrips,Insecta,Thysanoptera,,,,Herbivore,July,15-07-2025,18-07-2025,39.65845813,-104.9720575,1635,Arapahoe
Charles Hay,CHA-V-42,CHA,vane,42,thrips,Insecta,Thysanoptera,,,,Herbivore,July,15-07-2025,18-07-2025,39.65845813,-104.9720575,1635,Arapahoe
Charles Hay,CHA-V-43,CHA,vane,43,thrips,Insecta,Thysanoptera,,,,Herbivore,July,15-07-2025,18-07-2025,39.65845813,-104.9720575,1635,Arapahoe
Charles Hay,CHA-V-44,CHA,vane,44,thrips,Insecta,Thysanoptera,,,,Herbivore,July,15-07-2025,18-07-2025,39.65845813,-104.9720575,1635,Arapahoe
Charles Hay,CHA-V-45,CHA,vane,45,thrips,Insecta,Thysanoptera,,,,Herbivore,July,15-07-2025,18-07-2025,39.65845813,-104.9720575,1635,Arapahoe
Charles Hay,CHA-V-46,CHA,vane,46,thrips,Insecta,Thysanoptera,,,,Herbivore,July,15-07-2025,18-07-2025,39.65845813,-104.9720575,1635,Arapahoe
Charles Hay,CHA-V-47,CHA,vane,47,thrips,Insecta,Thysanoptera,,,,Herbivore,July,15-07-2025,18-07-2025,39.65845813,-104.9720575,1635,Arapahoe
Charles Hay,CHA-V-48,CHA,vane,48,thrips,Insecta,Thysanoptera,,,,Herbivore,July,15-07-2025,18-07-2025,39.65845813,-104.9720575,1635,Arapahoe
Charles Hay,CHA-V-49,CHA,vane,49,thrips,Insecta,Thysanoptera,,,,Herbivore,July,15-07-2025,18-07-2025,39.65845813,-104.9720575,1635,Arapahoe
Charles Hay,CHA-V-50,CHA,vane,50,thrips,Insecta,Thysanoptera,,,,Herbivore,July,15-07-2025,18-07-2025,39.65845813,-104.9720575,1635,Arapahoe
Charles Hay,CHA-V-51,CHA,vane,51,thrips,Insecta,Thysanoptera,,,,Herbivore,July,15-07-2025,18-07-2025,39.65845813,-104.9720575,1635,Arapahoe
Charles Hay,CHA-V-52,CHA,vane,52,thrips,Insecta,Thysanoptera,,,,Herbivore,July,15-07-2025,18-07-2025,39.65845813,-104.9720575,1635,Arapahoe
Charles Hay,CHA-V-53,CHA,vane,53,thrips,Insecta,Thysanoptera,,,,Herbivore,July,15-07-2025,18-07-2025,39.65845813,-104.9720575,1635,Arapahoe
Charles Hay,CHA-V-54,CHA,vane,54,thrips,Insecta,Thysanoptera,,,,Herbivore,July,15-07-2025,18-07-2025,39.65845813,-104.9720575,1635,Arapahoe
Charles Hay,CHA-V-55,CHA,vane,55,thrips,Insecta,Thysanoptera,,,,Herbivore,July,15-07-2025,18-07-2025,39.65845813,-104.9720575,1635,Arapahoe
Charles Hay,CHA-V-56,CHA,vane,56,thrips,Insecta,Thysanoptera,,,,Herbivore,July,15-07-2025,18-07-2025,39.65845813,-104.9720575,1635,Arapahoe
Charles Hay,CHA-V-57,CHA,vane,57,thrips,Insecta,Thysanoptera,,,,Herbivore,July,15-07-2025,18-07-2025,39.65845813,-104.9720575,1635,Arapahoe
Charles Hay,CHA-V-58,CHA,vane,58,thrips,Insecta,Thysanoptera,,,,Herbivore,July,15-07-2025,18-07-2025,39.65845813,-104.9720575,1635,Arapahoe
Charles Hay,CHA-V-59,CHA,vane,59,thrips,Insecta,Thysanoptera,,,,Herbivore,July,15-07-2025,18-07-2025,39.65845813,-104.9720575,1635,Arapahoe
Charles Hay,CHA-V-60,CHA,vane,60,thrips,Insecta,Thysanoptera,,,,Herbivore,July,15-07-2025,18-07-2025,39.65845813,-104.9720575,1635,Arapahoe
Charles Hay,CHA-V-61,CHA,vane,61,thrips,Insecta,Thysanoptera,,,,Herbivore,July,15-07-2025,18-07-2025,39.65845813,-104.9720575,1635,Arapahoe
Charles Hay,CHA-V-62,CHA,vane,62,thrips,Insecta,Thysanoptera,,,,Herbivore,July,15-07-2025,18-07-2025,39.65845813,-104.9720575,1635,Arapahoe
Charles Hay,CHA-V-63,CHA,vane,63,thrips,Insecta,Thysanoptera,,,,Herbivore,July,15-07-2025,18-07-2025,39.65845813,-104.9720575,1635,Arapahoe
Charles Hay,CHA-V-64,CHA,vane,64,thrips,Insecta,Thysanoptera,,,,Herbivore,July,15-07-2025,18-07-2025,39.65845813,-104.9720575,1635,Arapahoe
Charles Hay,CHA-V-65,CHA,vane,65,thrips,Insecta,Thysanoptera,,,,Herbivore,July,15-07-2025,18-07-2025,39.65845813,-104.9720575,1635,Arapahoe
Charles Hay,CHA-V-66,CHA,vane,66,thrips,Insecta,Thysanoptera,,,,Herbivore,July,15-07-2025,18-07-2025,39.65845813,-104.9720575,1635,Arapahoe
Charles Hay,CHA-V-67,CHA,vane,67,thrips,Insecta,Thysanoptera,,,,Herbivore,July,15-07-2025,18-07-2025,39.65845813,-104.9720575,1635,Arapahoe
Charles Hay,CHA-V-68,CHA,vane,68,thrips,Insecta,Thysanoptera,,,,Herbivore,July,15-07-2025,18-07-2025,39.65845813,-104.9720575,1635,Arapahoe
Charles Hay,CHA-V-69,CHA,vane,69,thrips,Insecta,Thysanoptera,,,,Herbivore,July,15-07-2025,18-07-2025,39.65845813,-104.9720575,1635,Arapahoe
Charles Hay,CHA-V-70,CHA,vane,70,thrips,Insecta,Thysanoptera,,,,Herbivore,July,15-07-2025,18-07-2025,39.65845813,-104.9720575,1635,Arapahoe
Charles Hay,CHA-V-71,CHA,vane,71,thrips,Insecta,Thysanoptera,,,,Herbivore,July,15-07-2025,18-07-2025,39.65845813,-104.9720575,1635,Arapahoe
Charles Hay,CHA-V-72,CHA,vane,72,thrips,Insecta,Thysanoptera,,,,Herbivore,July,15-07-2025,18-07-2025,39.65845813,-104.9720575,1635,Arapahoe
Charles Hay,CHA-V-73,CHA,vane,73,thrips,Insecta,Thysanoptera,,,,Herbivore,July,15-07-2025,18-07-2025,39.65845813,-104.9720575,1635,Arapahoe
Charles Hay,CHA-V-74,CHA,vane,74,thrips,Insecta,Thysanoptera,,,,Herbivore,July,15-07-2025,18-07-2025,39.65845813,-104.9720575,1635,Arapahoe
Charles Hay,CHA-V-75,CHA,vane,75,thrips,Insecta,Thysanoptera,,,,Herbivore,July,15-07-2025,18-07-2025,39.65845813,-104.9720575,1635,Arapahoe
Charles Hay,CHA-V-76,CHA,vane,76,thrips,Insecta,Thysanoptera,,,,Herbivore,July,15-07-2025,18-07-2025,39.65845813,-104.9720575,1635,Arapahoe
Charles Hay,CHA-V-77,CHA,vane,77,thrips,Insecta,Thysanoptera,,,,Herbivore,July,15-07-2025,18-07-2025,39.65845813,-104.9720575,1635,Arapahoe
Charles Hay,CHA-V-78,CHA,vane,78,thrips,Insecta,Thysanoptera,,,,Herbivore,July,15-07-2025,18-07-2025,39.65845813,-104.9720575,1635,Arapahoe
Charles Hay,CHA-V-79,CHA,vane,79,thrips,Insecta,Thysanoptera,,,,Herbivore,July,15-07-2025,18-07-2025,39.65845813,-104.9720575,1635,Arapahoe
Charles Hay,CHA-V-80,CHA,vane,80,thrips,Insecta,Thysanoptera,,,,Herbivore,July,15-07-2025,18-07-2025,39.65845813,-104.9720575,1635,Arapahoe
Charles Hay,CHA-V-81,CHA,vane,81,thrips,Insecta,Thysanoptera,,,,Herbivore,July,15-07-2025,18-07-2025,39.65845813,-104.9720575,1635,Arapahoe
Charles Hay,CHA-V-82,CHA,vane,82,thrips,Insecta,Thysanoptera,,,,Herbivore,July,15-07-2025,18-07-2025,39.65845813,-104.9720575,1635,Arapahoe
Charles Hay,CHA-V-83,CHA,vane,83,thrips,Insecta,Thysanoptera,,,,Herbivore,July,15-07-2025,18-07-2025,39.65845813,-104.9720575,1635,Arapahoe
Charles Hay,CHA-V-84,CHA,vane,84,bumblebee,Insecta,Hymenoptera,Apidae,Bombus,,Pollinator,July,15-07-2025,18-07-2025,39.65845813,-104.9720575,1635,Arapahoe
Charles Hay,CHA-V-85,CHA,vane,85,bumblebee,Insecta,Hymenoptera,Apidae,Bombus,,Pollinator,July,15-07-2025,18-07-2025,39.65845813,-104.9720575,1635,Arapahoe
Charles Hay,CHA-V-86,CHA,vane,86,m. bimaculatus,Insecta,Hymenoptera,Apidae,Melissodes,bimaculatus,Pollinator,July,15-07-2025,18-07-2025,39.65845813,-104.9720575,1635,Arapahoe
Charles Hay,CHA-V-87,CHA,vane,87,m. bimaculatus,Insecta,Hymenoptera,Apidae,Melissodes,bimaculatus,Pollinator,July,15-07-2025,18-07-2025,39.65845813,-104.9720575,1635,Arapahoe
Charles Hay,CHA-V-88,CHA,vane,88,m. bimaculatus,Insecta,Hymenoptera,Apidae,Melissodes,bimaculatus,Pollinator,July,15-07-2025,18-07-2025,39.65845813,-104.9720575,1635,Arapahoe
Charles Hay,CHA-V-89,CHA,vane,89,m. bimaculatus,Insecta,Hymenoptera,Apidae,Melissodes,bimaculatus,Pollinator,July,15-07-2025,18-07-2025,39.65845813,-104.9720575,1635,Arapahoe
Charles Hay,CHA-V-90,CHA,vane,90,green sweat bee,Insecta,Hymenoptera,Halictidae,Agapostemon,,Pollinator,July,15-07-2025,18-07-2025,39.65845813,-104.9720575,1635,Arapahoe
Charles Hay,CHA-V-91,CHA,vane,91,green sweat bee,Insecta,Hymenoptera,Halictidae,Agapostemon,,Pollinator,July,15-07-2025,18-07-2025,39.65845813,-104.9720575,1635,Arapahoe
Charles Hay,CHA-V-92,CHA,vane,92,sweat bee,Insecta,Hymenoptera,Halictidae,,,Pollinator,July,15-07-2025,18-07-2025,39.65845813,-104.9720575,1635,Arapahoe
Charles Hay,CHA-V-93,CHA,vane,93,sweat bee,Insecta,Hymenoptera,Halictidae,,,Pollinator,July,15-07-2025,18-07-2025,39.65845813,-104.9720575,1635,Arapahoe
Charles Hay,CHA-V-94,CHA,vane,94,sweat bee,Insecta,Hymenoptera,Halictidae,,,Pollinator,July,15-07-2025,18-07-2025,39.65845813,-104.9720575,1635,Arapahoe
Charles Hay,CHA-V-95,CHA,vane,95,small sweat bee,Insecta,Hymenoptera,Halictidae,,,Pollinator,July,15-07-2025,18-07-2025,39.65845813,-104.9720575,1635,Arapahoe
Charles Hay,CHA-V-96,CHA,vane,96,green lace wing,Insecta,Neuroptera,Chrysopidae,,,Predator,July,15-07-2025,18-07-2025,39.65845813,-104.9720575,1635,Arapahoe
Charles Hay,CHA-V-97,CHA,vane,97,bumblebee,Insecta,Hymenoptera,Apidae,Bombus,,Pollinator,July,15-07-2025,18-07-2025,39.65845813,-104.9720575,1635,Arapahoe
Charles Hay,CHA-V-98,CHA,vane,98,black longhorn,Insecta,Hymenoptera,Apidae,Melissodes,bimaculatus,Pollinator,July,15-07-2025,18-07-2025,39.65845813,-104.9720575,1635,Arapahoe
Charles Hay,CHA-V-99,CHA,vane,99,black longhorn,Insecta,Hymenoptera,Apidae,Melissodes,bimaculatus,Pollinator,July,15-07-2025,18-07-2025,39.65845813,-104.9720575,1635,Arapahoe
Charles Hay,CHA-V-100,CHA,vane,100,maybe melitoma,Insecta,Hymenoptera,,,,Pollinator,July,15-07-2025,18-07-2025,39.65845813,-104.9720575,1635,Arapahoe
Charles Hay,CHA-V-101,CHA,vane,101,squashbee,Insecta,Hymenoptera,Apidae,Eucera,pruinosa,Pollinator,July,15-07-2025,18-07-2025,39.65845813,-104.9720575,1635,Arapahoe
Charles Hay,CHA-V-102,CHA,vane,102,squashbee,Insecta,Hymenoptera,Apidae,Eucera,pruinosa,Pollinator,July,15-07-2025,18-07-2025,39.65845813,-104.9720575,1635,Arapahoe
Charles Hay,CHA-V-103,CHA,vane,103,longhorn bee,Insecta,Hymenoptera,Apidae,,,Pollinator,July,15-07-2025,18-07-2025,39.65845813,-104.9720575,1635,Arapahoe
Charles Hay,CHA-V-104,CHA,vane,104,longhorn bee,Insecta,Hymenoptera,Apidae,,,Pollinator,July,15-07-2025,18-07-2025,39.65845813,-104.9720575,1635,Arapahoe
Charles Hay,CHA-V-105,CHA,vane,105,longhorn bee,Insecta,Hymenoptera,Apidae,,,Pollinator,July,15-07-2025,18-07-2025,39.65845813,-104.9720575,1635,Arapahoe
Charles Hay,CHA-V-106,CHA,vane,106,longhorn bee,Insecta,Hymenoptera,Apidae,,,Pollinator,July,15-07-2025,18-07-2025,39.65845813,-104.9720575,1635,Arapahoe
Charles Hay,CHA-V-107,CHA,vane,107,longhorn bee,Insecta,Hymenoptera,Apidae,,,Pollinator,July,15-07-2025,18-07-2025,39.65845813,-104.9720575,1635,Arapahoe
Charles Hay,CHA-V-108,CHA,vane,108,longhorn bee,Insecta,Hymenoptera,Apidae,,,Pollinator,July,15-07-2025,18-07-2025,39.65845813,-104.9720575,1635,Arapahoe
Charles Hay,CHA-V-109,CHA,vane,109,squashbee,Insecta,Hymenoptera,Apidae,Eucera,pruinosa,Pollinator,July,15-07-2025,18-07-2025,39.65845813,-104.9720575,1635,Arapahoe
Charles Hay,CHA-V-110,CHA,vane,110,longhorn bee,Insecta,Hymenoptera,Apidae,,,Pollinator,July,15-07-2025,18-07-2025,39.65845813,-104.9720575,1635,Arapahoe
Charles Hay,CHA-V-111,CHA,vane,111,longhorn bee,Insecta,Hymenoptera,Apidae,,,Pollinator,July,15-07-2025,18-07-2025,39.65845813,-104.9720575,1635,Arapahoe
Charles Hay,CHA-V-112,CHA,vane,112,longhorn bee,Insecta,Hymenoptera,Apidae,,,Pollinator,July,15-07-2025,18-07-2025,39.65845813,-104.9720575,1635,Arapahoe
Charles Hay,CHA-V-113,CHA,vane,113,longhorn bee,Insecta,Hymenoptera,Apidae,,,Pollinator,July,15-07-2025,18-07-2025,39.65845813,-104.9720575,1635,Arapahoe
Charles Hay,CHA-V-114,CHA,vane,114,longhorn bee,Insecta,Hymenoptera,Apidae,,,Pollinator,July,15-07-2025,18-07-2025,39.65845813,-104.9720575,1635,Arapahoe
Charles Hay,CHA-V-115,CHA,vane,115,longhorn bee,Insecta,Hymenoptera,Apidae,,,Pollinator,July,15-07-2025,18-07-2025,39.65845813,-104.9720575,1635,Arapahoe
Charles Hay,CHA-V-116,CHA,vane,116,longhorn bee,Insecta,Hymenoptera,Apidae,,,Pollinator,July,15-07-2025,18-07-2025,39.65845813,-104.9720575,1635,Arapahoe
Charles Hay,CHA-V-117,CHA,vane,117,longhorn bee,Insecta,Hymenoptera,Apidae,,,Pollinator,July,15-07-2025,18-07-2025,39.65845813,-104.9720575,1635,Arapahoe
Charles Hay,CHA-V-118,CHA,vane,118,longhorn bee,Insecta,Hymenoptera,Apidae,,,Pollinator,July,15-07-2025,18-07-2025,39.65845813,-104.9720575,1635,Arapahoe
Charles Hay,CHA-V-119,CHA,vane,119,longhorn bee,Insecta,Hymenoptera,Apidae,,,Pollinator,July,15-07-2025,18-07-2025,39.65845813,-104.9720575,1635,Arapahoe
Charles Hay,CHA-V-120,CHA,vane,120,longhorn bee,Insecta,Hymenoptera,Apidae,,,Pollinator,July,15-07-2025,18-07-2025,39.65845813,-104.9720575,1635,Arapahoe
Charles Hay,CHA-V-121,CHA,vane,121,longhorn bee,Insecta,Hymenoptera,Apidae,,,Pollinator,July,15-07-2025,18-07-2025,39.65845813,-104.9720575,1635,Arapahoe
Charles Hay,CHA-V-122,CHA,vane,122,longhorn bee,Insecta,Hymenoptera,Apidae,,,Pollinator,July,15-07-2025,18-07-2025,39.65845813,-104.9720575,1635,Arapahoe
Charles Hay,CHA-V-123,CHA,vane,123,longhorn bee,Insecta,Hymenoptera,Apidae,,,Pollinator,July,15-07-2025,18-07-2025,39.65845813,-104.9720575,1635,Arapahoe
Charles Hay,CHA-V-124,CHA,vane,124,longhorn bee,Insecta,Hymenoptera,Apidae,,,Pollinator,July,15-07-2025,18-07-2025,39.65845813,-104.9720575,1635,Arapahoe
Charles Hay,CHA-V-125,CHA,vane,125,longhorn bee,Insecta,Hymenoptera,Apidae,,,Pollinator,July,15-07-2025,18-07-2025,39.65845813,-104.9720575,1635,Arapahoe
Charles Hay,CHA-V-126,CHA,vane,126,longhorn bee,Insecta,Hymenoptera,Apidae,,,Pollinator,July,15-07-2025,18-07-2025,39.65845813,-104.9720575,1635,Arapahoe
Charles Hay,CHA-V-127,CHA,vane,127,longhorn bee,Insecta,Hymenoptera,Apidae,,,Pollinator,July,15-07-2025,18-07-2025,39.65845813,-104.9720575,1635,Arapahoe
Charles Hay,CHA-V-128,CHA,vane,128,longhorn bee,Insecta,Hymenoptera,Apidae,,,Pollinator,July,15-07-2025,18-07-2025,39.65845813,-104.9720575,1635,Arapahoe
Charles Hay,CHA-V-129,CHA,vane,129,longhorn bee,Insecta,Hymenoptera,Apidae,,,Pollinator,July,15-07-2025,18-07-2025,39.65845813,-104.9720575,1635,Arapahoe
Charles Hay,CHA-V-130,CHA,vane,130,bee,Insecta,Hymenoptera,,,,Pollinator,July,15-07-2025,18-07-2025,39.65845813,-104.9720575,1635,Arapahoe
Charles Hay,CHA-V-131,CHA,vane,131,bee,Insecta,Hymenoptera,,,,Pollinator,July,15-07-2025,18-07-2025,39.65845813,-104.9720575,1635,Arapahoe
Charles Hay,CHA-V-132,CHA,vane,132,bee,Insecta,Hymenoptera,,,,Pollinator,July,15-07-2025,18-07-2025,39.65845813,-104.9720575,1635,Arapahoe
Charles Hay,CHA-V-133,CHA,vane,133,bee,Insecta,Hymenoptera,,,,Pollinator,July,15-07-2025,18-07-2025,39.65845813,-104.9720575,1635,Arapahoe
Charles Hay,CHA-V-134,CHA,vane,134,bee,Insecta,Hymenoptera,,,,Pollinator,July,15-07-2025,18-07-2025,39.65845813,-104.9720575,1635,Arapahoe
Charles Hay,CHA-V-135,CHA,vane,135,bee,Insecta,Hymenoptera,,,,Pollinator,July,15-07-2025,18-07-2025,39.65845813,-104.9720575,1635,Arapahoe
Charles Hay,CHA-V-136,CHA,vane,136,green sweatbee,Insecta,Hymenoptera,Halictidae,Agapostemon,,Pollinator,July,15-07-2025,18-07-2025,39.65845813,-104.9720575,1635,Arapahoe
Charles Hay,CHA-V-137,CHA,vane,137,small sweat bee,Insecta,Hymenoptera,Halictidae,,,Pollinator,July,15-07-2025,18-07-2025,39.65845813,-104.9720575,1635,Arapahoe
Charles Hay,CHA-V-138,CHA,vane,138,small sweat bee,Insecta,Hymenoptera,Halictidae,,,Pollinator,July,15-07-2025,18-07-2025,39.65845813,-104.9720575,1635,Arapahoe
Charles Hay,CHA-V-139,CHA,vane,139,small sweat bee,Insecta,Hymenoptera,Halictidae,,,Pollinator,July,15-07-2025,18-07-2025,39.65845813,-104.9720575,1635,Arapahoe
Charles Hay,CHA-V-140,CHA,vane,140,small sweat bee,Insecta,Hymenoptera,Halictidae,,,Pollinator,July,15-07-2025,18-07-2025,39.65845813,-104.9720575,1635,Arapahoe
Charles Hay,CHA-V-141,CHA,vane,141,small sweat bee,Insecta,Hymenoptera,Halictidae,,,Pollinator,July,15-07-2025,18-07-2025,39.65845813,-104.9720575,1635,Arapahoe
Charles Hay,CHA-V-142,CHA,vane,142,japanese beetle,Insecta,Coleoptera,Scarabaeidae,Popillia,japonica,Herbivore,July,15-07-2025,18-07-2025,39.65845813,-104.9720575,1635,Arapahoe
Charles Hay,CHA-V-143,CHA,vane,143,ladybug,Insecta,Coleoptera,Coccinellidae,,,Predator,July,15-07-2025,18-07-2025,39.65845813,-104.9720575,1635,Arapahoe
Charles Hay,CHA-V-144,CHA,vane,144,nitops,Insecta,Coleoptera,Nitulidae,Nitops,,Herbivore,July,15-07-2025,18-07-2025,39.65845813,-104.9720575,1635,Arapahoe
Charles Hay,CHA-V-145,CHA,vane,145,fly,Insecta,Diptera,,,,,July,15-07-2025,18-07-2025,39.65845813,-104.9720575,1635,Arapahoe
Charles Hay,CHA-V-146,CHA,vane,146,squashbee,Insecta,Hymenoptera,Apidae,Eucera,pruinosa,Pollinator,July,15-07-2025,18-07-2025,39.65845813,-104.9720575,1635,Arapahoe
Charles Hay,CHA-V-147,CHA,vane,147,squashbee,Insecta,Hymenoptera,Apidae,Eucera,pruinosa,Pollinator,July,15-07-2025,18-07-2025,39.65845813,-104.9720575,1635,Arapahoe
Charles Hay,CHA-V-148,CHA,vane,148,squashbee,Insecta,Hymenoptera,Apidae,Eucera,pruinosa,Pollinator,July,15-07-2025,18-07-2025,39.65845813,-104.9720575,1635,Arapahoe
Charles Hay,CHA-V-149,CHA,vane,149,squashbee,Insecta,Hymenoptera,Apidae,Eucera,pruinosa,Pollinator,July,15-07-2025,18-07-2025,39.65845813,-104.9720575,1635,Arapahoe
Charles Hay,CHA-V-150,CHA,vane,150,squashbee,Insecta,Hymenoptera,Apidae,Eucera,pruinosa,Pollinator,July,15-07-2025,18-07-2025,39.65845813,-104.9720575,1635,Arapahoe
Charles Hay,CHA-V-151,CHA,vane,151,squashbee,Insecta,Hymenoptera,Apidae,Eucera,pruinosa,Pollinator,July,15-07-2025,18-07-2025,39.65845813,-104.9720575,1635,Arapahoe
Charles Hay,CHA-V-152,CHA,vane,152,squashbee,Insecta,Hymenoptera,Apidae,Eucera,pruinosa,Pollinator,July,15-07-2025,18-07-2025,39.65845813,-104.9720575,1635,Arapahoe
Charles Hay,CHA-V-153,CHA,vane,153,squashbee,Insecta,Hymenoptera,Apidae,Eucera,pruinosa,Pollinator,July,15-07-2025,18-07-2025,39.65845813,-104.9720575,1635,Arapahoe
Charles Hay,CHA-V-154,CHA,vane,154,squashbee,Insecta,Hymenoptera,Apidae,Eucera,pruinosa,Pollinator,July,15-07-2025,18-07-2025,39.65845813,-104.9720575,1635,Arapahoe
Charles Hay,CHA-V-155,CHA,vane,155,longhorn bee,Insecta,Hymenoptera,Apidae,,,Pollinator,July,15-07-2025,18-07-2025,39.65845813,-104.9720575,1635,Arapahoe
Charles Hay,CHA-V-156,CHA,vane,156,longhorn bee,Insecta,Hymenoptera,Apidae,,,Pollinator,July,15-07-2025,18-07-2025,39.65845813,-104.9720575,1635,Arapahoe
Charles Hay,CHA-V-157,CHA,vane,157,longhorn bee,Insecta,Hymenoptera,Apidae,,,Pollinator,July,15-07-2025,18-07-2025,39.65845813,-104.9720575,1635,Arapahoe
Charles Hay,CHA-V-158,CHA,vane,158,longhorn bee,Insecta,Hymenoptera,Apidae,,,Pollinator,July,15-07-2025,18-07-2025,39.65845813,-104.9720575,1635,Arapahoe
Charles Hay,CHA-V-159,CHA,vane,159,longhorn bee,Insecta,Hymenoptera,Apidae,,,Pollinator,July,15-07-2025,18-07-2025,39.65845813,-104.9720575,1635,Arapahoe
Charles Hay,CHA-V-160,CHA,vane,160,longhorn bee,Insecta,Hymenoptera,Apidae,,,Pollinator,July,15-07-2025,18-07-2025,39.65845813,-104.9720575,1635,Arapahoe
Charles Hay,CHA-V-161,CHA,vane,161,longhorn bee,Insecta,Hymenoptera,Apidae,,,Pollinator,July,15-07-2025,18-07-2025,39.65845813,-104.9720575,1635,Arapahoe
Charles Hay,CHA-V-162,CHA,vane,162,longhorn bee,Insecta,Hymenoptera,Apidae,,,Pollinator,July,15-07-2025,18-07-2025,39.65845813,-104.9720575,1635,Arapahoe
Charles Hay,CHA-V-163,CHA,vane,163,longhorn bee,Insecta,Hymenoptera,Apidae,,,Pollinator,July,15-07-2025,18-07-2025,39.65845813,-104.9720575,1635,Arapahoe
Charles Hay,CHA-V-164,CHA,vane,164,longhorn bee,Insecta,Hymenoptera,Apidae,,,Pollinator,July,15-07-2025,18-07-2025,39.65845813,-104.9720575,1635,Arapahoe
Charles Hay,CHA-V-165,CHA,vane,165,longhorn bee,Insecta,Hymenoptera,Apidae,,,Pollinator,July,15-07-2025,18-07-2025,39.65845813,-104.9720575,1635,Arapahoe
Charles Hay,CHA-V-166,CHA,vane,166,longhorn bee,Insecta,Hymenoptera,Apidae,,,Pollinator,July,15-07-2025,18-07-2025,39.65845813,-104.9720575,1635,Arapahoe
Charles Hay,CHA-V-167,CHA,vane,167,longhorn bee,Insecta,Hymenoptera,Apidae,,,Pollinator,July,15-07-2025,18-07-2025,39.65845813,-104.9720575,1635,Arapahoe
Charles Hay,CHA-V-168,CHA,vane,168,longhorn bee,Insecta,Hymenoptera,Apidae,,,Pollinator,July,15-07-2025,18-07-2025,39.65845813,-104.9720575,1635,Arapahoe
Charles Hay,CHA-V-169,CHA,vane,169,longhorn bee,Insecta,Hymenoptera,Apidae,,,Pollinator,July,15-07-2025,18-07-2025,39.65845813,-104.9720575,1635,Arapahoe
Charles Hay,CHA-V-170,CHA,vane,170,longhorn bee,Insecta,Hymenoptera,Apidae,,,Pollinator,July,15-07-2025,18-07-2025,39.65845813,-104.9720575,1635,Arapahoe
Charles Hay,CHA-V-171,CHA,vane,171,longhorn bee,Insecta,Hymenoptera,Apidae,,,Pollinator,July,15-07-2025,18-07-2025,39.65845813,-104.9720575,1635,Arapahoe
Charles Hay,CHA-V-172,CHA,vane,172,longhorn bee,Insecta,Hymenoptera,Apidae,,,Pollinator,July,15-07-2025,18-07-2025,39.65845813,-104.9720575,1635,Arapahoe
Charles Hay,CHA-V-173,CHA,vane,173,longhorn bee,Insecta,Hymenoptera,Apidae,,,Pollinator,July,15-07-2025,18-07-2025,39.65845813,-104.9720575,1635,Arapahoe
Charles Hay,CHA-V-174,CHA,vane,174,longhorn bee,Insecta,Hymenoptera,Apidae,,,Pollinator,July,15-07-2025,18-07-2025,39.65845813,-104.9720575,1635,Arapahoe
Charles Hay,CHA-V-175,CHA,vane,175,longhorn bee,Insecta,Hymenoptera,Apidae,,,Pollinator,July,15-07-2025,18-07-2025,39.65845813,-104.9720575,1635,Arapahoe
Charles Hay,CHA-V-176,CHA,vane,176,longhorn bee,Insecta,Hymenoptera,Apidae,,,Pollinator,July,15-07-2025,18-07-2025,39.65845813,-104.9720575,1635,Arapahoe
Charles Hay,CHA-V-177,CHA,vane,177,longhorn bee,Insecta,Hymenoptera,Apidae,,,Pollinator,July,15-07-2025,18-07-2025,39.65845813,-104.9720575,1635,Arapahoe
Charles Hay,CHA-V-178,CHA,vane,178,longhorn bee,Insecta,Hymenoptera,Apidae,,,Pollinator,July,15-07-2025,18-07-2025,39.65845813,-104.9720575,1635,Arapahoe
Charles Hay,CHA-V-179,CHA,vane,179,longhorn bee,Insecta,Hymenoptera,Apidae,,,Pollinator,July,15-07-2025,18-07-2025,39.65845813,-104.9720575,1635,Arapahoe
Charles Hay,CHA-V-180,CHA,vane,180,longhorn bee,Insecta,Hymenoptera,Apidae,,,Pollinator,July,15-07-2025,18-07-2025,39.65845813,-104.9720575,1635,Arapahoe
Charles Hay,CHA-V-181,CHA,vane,181,sweat bee,Insecta,Hymenoptera,Halictidae,,,Pollinator,July,15-07-2025,18-07-2025,39.65845813,-104.9720575,1635,Arapahoe
Charles Hay,CHA-V-182,CHA,vane,182,sweat bee,Insecta,Hymenoptera,Halictidae,,,Pollinator,July,15-07-2025,18-07-2025,39.65845813,-104.9720575,1635,Arapahoe
Charles Hay,CHA-V-183,CHA,vane,183,fly,Insecta,Diptera,,,,,July,15-07-2025,18-07-2025,39.65845813,-104.9720575,1635,Arapahoe
Cook Park Community Garden,COO-V-1,COO,vane,1,beetle ,Insecta,Coleoptera,,,,,July,15-07-2025,18-07-2025,39.6858968,-104.9202609,1630,Denver
Cook Park Community Garden,COO-V-2,COO,vane,2,beetle ,Insecta,Coleoptera,,,,,July,15-07-2025,18-07-2025,39.6858968,-104.9202609,1630,Denver
Cook Park Community Garden,COO-V-3,COO,vane,3,beetle ,Insecta,Coleoptera,,,,,July,15-07-2025,18-07-2025,39.6858968,-104.9202609,1630,Denver
Cook Park Community Garden,COO-V-4,COO,vane,4,Scelionidae tiny parasitic wasp,Insecta,Hymenoptera,Scelionidae,,,Parasitoid,July,15-07-2025,18-07-2025,39.6858968,-104.9202609,1630,Denver
Cook Park Community Garden,COO-V-5,COO,vane,5,Ant,Insecta,Hymenoptera,Formicidae,,,,July,15-07-2025,18-07-2025,39.6858968,-104.9202609,1630,Denver
Cook Park Community Garden,COO-V-6,COO,vane,6,tiny fly ,Insecta,Diptera,,,,,July,15-07-2025,18-07-2025,39.6858968,-104.9202609,1630,Denver
Cook Park Community Garden,COO-V-7,COO,vane,7,tiny spider,Arachnida ,Araneae,,,,Predator,July,15-07-2025,18-07-2025,39.6858968,-104.9202609,1630,Denver
Cook Park Community Garden,COO-V-8,COO,vane,8,tiny spider,Arachnida ,Araneae,,,,Predator,July,15-07-2025,18-07-2025,39.6858968,-104.9202609,1630,Denver
Cook Park Community Garden,COO-V-9,COO,vane,9,pirate bug,Insecta,Hemiptera,Anthocoridae,Orius,,Predator,July,15-07-2025,18-07-2025,39.6858968,-104.9202609,1630,Denver
Cook Park Community Garden,COO-V-10,COO,vane,10,pirate bug,Insecta,Hemiptera,Anthocoridae,Orius,,Predator,July,15-07-2025,18-07-2025,39.6858968,-104.9202609,1630,Denver
Cook Park Community Garden,COO-V-11,COO,vane,11,pirate bug,Insecta,Hemiptera,Anthocoridae,Orius,,Predator,July,15-07-2025,18-07-2025,39.6858968,-104.9202609,1630,Denver
Cook Park Community Garden,COO-V-12,COO,vane,12,pirate bug,Insecta,Hemiptera,Anthocoridae,Orius,,Predator,July,15-07-2025,18-07-2025,39.6858968,-104.9202609,1630,Denver
Cook Park Community Garden,COO-V-13,COO,vane,13,pirate bug,Insecta,Hemiptera,Anthocoridae,Orius,,Predator,July,15-07-2025,18-07-2025,39.6858968,-104.9202609,1630,Denver
Cook Park Community Garden,COO-V-14,COO,vane,14,pirate bug,Insecta,Hemiptera,Anthocoridae,Orius,,Predator,July,15-07-2025,18-07-2025,39.6858968,-104.9202609,1630,Denver
Cook Park Community Garden,COO-V-15,COO,vane,15,pirate bug,Insecta,Hemiptera,Anthocoridae,Orius,,Predator,July,15-07-2025,18-07-2025,39.6858968,-104.9202609,1630,Denver
Cook Park Community Garden,COO-V-16,COO,vane,16,pirate bug,Insecta,Hemiptera,Anthocoridae,Orius,,Predator,July,15-07-2025,18-07-2025,39.6858968,-104.9202609,1630,Denver
Cook Park Community Garden,COO-V-17,COO,vane,17,pirate bug,Insecta,Hemiptera,Anthocoridae,Orius,,Predator,July,15-07-2025,18-07-2025,39.6858968,-104.9202609,1630,Denver
Cook Park Community Garden,COO-V-18,COO,vane,18,leaf hopper ,Insecta,Hemiptera,Cicadellidae,,,Herbivore,July,15-07-2025,18-07-2025,39.6858968,-104.9202609,1630,Denver
Cook Park Community Garden,COO-V-19,COO,vane,19,leaf hopper ,Insecta,Hemiptera,Cicadellidae,,,Herbivore,July,15-07-2025,18-07-2025,39.6858968,-104.9202609,1630,Denver
Cook Park Community Garden,COO-V-20,COO,vane,20,leaf hopper ,Insecta,Hemiptera,Cicadellidae,,,Herbivore,July,15-07-2025,18-07-2025,39.6858968,-104.9202609,1630,Denver
Cook Park Community Garden,COO-V-21,COO,vane,21,leaf hopper ,Insecta,Hemiptera,Cicadellidae,,,Herbivore,July,15-07-2025,18-07-2025,39.6858968,-104.9202609,1630,Denver
Cook Park Community Garden,COO-V-22,COO,vane,22,tiny red mite,Arachnida ,Acari,,,,,July,15-07-2025,18-07-2025,39.6858968,-104.9202609,1630,Denver
Cook Park Community Garden,COO-V-23,COO,vane,23,spring tails,Entognatha,Collembola,,,,Detritivore,July,15-07-2025,18-07-2025,39.6858968,-104.9202609,1630,Denver
Cook Park Community Garden,COO-V-24,COO,vane,24,thrips,Insecta,Thysanoptera,,,,Herbivore,July,15-07-2025,18-07-2025,39.6858968,-104.9202609,1630,Denver
Cook Park Community Garden,COO-V-25,COO,vane,25,thrips,Insecta,Thysanoptera,,,,Herbivore,July,15-07-2025,18-07-2025,39.6858968,-104.9202609,1630,Denver
Cook Park Community Garden,COO-V-26,COO,vane,26,thrips,Insecta,Thysanoptera,,,,Herbivore,July,15-07-2025,18-07-2025,39.6858968,-104.9202609,1630,Denver
Cook Park Community Garden,COO-V-27,COO,vane,27,thrips,Insecta,Thysanoptera,,,,Herbivore,July,15-07-2025,18-07-2025,39.6858968,-104.9202609,1630,Denver
Cook Park Community Garden,COO-V-28,COO,vane,28,thrips,Insecta,Thysanoptera,,,,Herbivore,July,15-07-2025,18-07-2025,39.6858968,-104.9202609,1630,Denver
Cook Park Community Garden,COO-V-29,COO,vane,29,thrips,Insecta,Thysanoptera,,,,Herbivore,July,15-07-2025,18-07-2025,39.6858968,-104.9202609,1630,Denver
Cook Park Community Garden,COO-V-30,COO,vane,30,thrips,Insecta,Thysanoptera,,,,Herbivore,July,15-07-2025,18-07-2025,39.6858968,-104.9202609,1630,Denver
Cook Park Community Garden,COO-V-31,COO,vane,31,thrips,Insecta,Thysanoptera,,,,Herbivore,July,15-07-2025,18-07-2025,39.6858968,-104.9202609,1630,Denver
Cook Park Community Garden,COO-V-32,COO,vane,32,thrips,Insecta,Thysanoptera,,,,Herbivore,July,15-07-2025,18-07-2025,39.6858968,-104.9202609,1630,Denver
Cook Park Community Garden,COO-V-33,COO,vane,33,thrips,Insecta,Thysanoptera,,,,Herbivore,July,15-07-2025,18-07-2025,39.6858968,-104.9202609,1630,Denver
Cook Park Community Garden,COO-V-34,COO,vane,34,thrips,Insecta,Thysanoptera,,,,Herbivore,July,15-07-2025,18-07-2025,39.6858968,-104.9202609,1630,Denver
Cook Park Community Garden,COO-V-35,COO,vane,35,thrips,Insecta,Thysanoptera,,,,Herbivore,July,15-07-2025,18-07-2025,39.6858968,-104.9202609,1630,Denver
Cook Park Community Garden,COO-V-36,COO,vane,36,thrips,Insecta,Thysanoptera,,,,Herbivore,July,15-07-2025,18-07-2025,39.6858968,-104.9202609,1630,Denver
Cook Park Community Garden,COO-V-37,COO,vane,37,thrips,Insecta,Thysanoptera,,,,Herbivore,July,15-07-2025,18-07-2025,39.6858968,-104.9202609,1630,Denver
Cook Park Community Garden,COO-V-38,COO,vane,38,thrips,Insecta,Thysanoptera,,,,Herbivore,July,15-07-2025,18-07-2025,39.6858968,-104.9202609,1630,Denver
Cook Park Community Garden,COO-V-39,COO,vane,39,thrips,Insecta,Thysanoptera,,,,Herbivore,July,15-07-2025,18-07-2025,39.6858968,-104.9202609,1630,Denver
Cook Park Community Garden,COO-V-40,COO,vane,40,thrips,Insecta,Thysanoptera,,,,Herbivore,July,15-07-2025,18-07-2025,39.6858968,-104.9202609,1630,Denver
Cook Park Community Garden,COO-V-41,COO,vane,41,thrips,Insecta,Thysanoptera,,,,Herbivore,July,15-07-2025,18-07-2025,39.6858968,-104.9202609,1630,Denver
Cook Park Community Garden,COO-V-42,COO,vane,42,thrips,Insecta,Thysanoptera,,,,Herbivore,July,15-07-2025,18-07-2025,39.6858968,-104.9202609,1630,Denver
Cook Park Community Garden,COO-V-43,COO,vane,43,thrips,Insecta,Thysanoptera,,,,Herbivore,July,15-07-2025,18-07-2025,39.6858968,-104.9202609,1630,Denver
Cook Park Community Garden,COO-V-44,COO,vane,44,thrips,Insecta,Thysanoptera,,,,Herbivore,July,15-07-2025,18-07-2025,39.6858968,-104.9202609,1630,Denver
Cook Park Community Garden,COO-V-45,COO,vane,45,thrips,Insecta,Thysanoptera,,,,Herbivore,July,15-07-2025,18-07-2025,39.6858968,-104.9202609,1630,Denver
Cook Park Community Garden,COO-V-46,COO,vane,46,thrips,Insecta,Thysanoptera,,,,Herbivore,July,15-07-2025,18-07-2025,39.6858968,-104.9202609,1630,Denver
Cook Park Community Garden,COO-V-47,COO,vane,47,thrips,Insecta,Thysanoptera,,,,Herbivore,July,15-07-2025,18-07-2025,39.6858968,-104.9202609,1630,Denver
Cook Park Community Garden,COO-V-48,COO,vane,48,thrips,Insecta,Thysanoptera,,,,Herbivore,July,15-07-2025,18-07-2025,39.6858968,-104.9202609,1630,Denver
Cook Park Community Garden,COO-V-49,COO,vane,49,thrips,Insecta,Thysanoptera,,,,Herbivore,July,15-07-2025,18-07-2025,39.6858968,-104.9202609,1630,Denver
Cook Park Community Garden,COO-V-50,COO,vane,50,thrips,Insecta,Thysanoptera,,,,Herbivore,July,15-07-2025,18-07-2025,39.6858968,-104.9202609,1630,Denver
Cook Park Community Garden,COO-V-51,COO,vane,51,thrips,Insecta,Thysanoptera,,,,Herbivore,July,15-07-2025,18-07-2025,39.6858968,-104.9202609,1630,Denver
Cook Park Community Garden,COO-V-52,COO,vane,52,thrips,Insecta,Thysanoptera,,,,Herbivore,July,15-07-2025,18-07-2025,39.6858968,-104.9202609,1630,Denver
Cook Park Community Garden,COO-V-53,COO,vane,53,thrips,Insecta,Thysanoptera,,,,Herbivore,July,15-07-2025,18-07-2025,39.6858968,-104.9202609,1630,Denver
Cook Park Community Garden,COO-V-54,COO,vane,54,thrips,Insecta,Thysanoptera,,,,Herbivore,July,15-07-2025,18-07-2025,39.6858968,-104.9202609,1630,Denver
Cook Park Community Garden,COO-V-55,COO,vane,55,thrips,Insecta,Thysanoptera,,,,Herbivore,July,15-07-2025,18-07-2025,39.6858968,-104.9202609,1630,Denver
Cook Park Community Garden,COO-V-56,COO,vane,56,thrips,Insecta,Thysanoptera,,,,Herbivore,July,15-07-2025,18-07-2025,39.6858968,-104.9202609,1630,Denver
Cook Park Community Garden,COO-V-57,COO,vane,57,thrips,Insecta,Thysanoptera,,,,Herbivore,July,15-07-2025,18-07-2025,39.6858968,-104.9202609,1630,Denver
Cook Park Community Garden,COO-V-58,COO,vane,58,thrips,Insecta,Thysanoptera,,,,Herbivore,July,15-07-2025,18-07-2025,39.6858968,-104.9202609,1630,Denver
Cook Park Community Garden,COO-V-59,COO,vane,59,thrips,Insecta,Thysanoptera,,,,Herbivore,July,15-07-2025,18-07-2025,39.6858968,-104.9202609,1630,Denver
Cook Park Community Garden,COO-V-60,COO,vane,60,thrips,Insecta,Thysanoptera,,,,Herbivore,July,15-07-2025,18-07-2025,39.6858968,-104.9202609,1630,Denver
Cook Park Community Garden,COO-V-61,COO,vane,61,thrips,Insecta,Thysanoptera,,,,Herbivore,July,15-07-2025,18-07-2025,39.6858968,-104.9202609,1630,Denver
Cook Park Community Garden,COO-V-62,COO,vane,62,thrips,Insecta,Thysanoptera,,,,Herbivore,July,15-07-2025,18-07-2025,39.6858968,-104.9202609,1630,Denver
Cook Park Community Garden,COO-V-63,COO,vane,63,thrips,Insecta,Thysanoptera,,,,Herbivore,July,15-07-2025,18-07-2025,39.6858968,-104.9202609,1630,Denver
Cook Park Community Garden,COO-V-64,COO,vane,64,thrips,Insecta,Thysanoptera,,,,Herbivore,July,15-07-2025,18-07-2025,39.6858968,-104.9202609,1630,Denver
Cook Park Community Garden,COO-V-65,COO,vane,65,thrips,Insecta,Thysanoptera,,,,Herbivore,July,15-07-2025,18-07-2025,39.6858968,-104.9202609,1630,Denver
Cook Park Community Garden,COO-V-66,COO,vane,66,thrips,Insecta,Thysanoptera,,,,Herbivore,July,15-07-2025,18-07-2025,39.6858968,-104.9202609,1630,Denver
Cook Park Community Garden,COO-V-67,COO,vane,67,thrips,Insecta,Thysanoptera,,,,Herbivore,July,15-07-2025,18-07-2025,39.6858968,-104.9202609,1630,Denver
Cook Park Community Garden,COO-V-68,COO,vane,68,thrips,Insecta,Thysanoptera,,,,Herbivore,July,15-07-2025,18-07-2025,39.6858968,-104.9202609,1630,Denver
Cook Park Community Garden,COO-V-69,COO,vane,69,thrips,Insecta,Thysanoptera,,,,Herbivore,July,15-07-2025,18-07-2025,39.6858968,-104.9202609,1630,Denver
Cook Park Community Garden,COO-V-70,COO,vane,70,thrips,Insecta,Thysanoptera,,,,Herbivore,July,15-07-2025,18-07-2025,39.6858968,-104.9202609,1630,Denver
Cook Park Community Garden,COO-V-71,COO,vane,71,thrips,Insecta,Thysanoptera,,,,Herbivore,July,15-07-2025,18-07-2025,39.6858968,-104.9202609,1630,Denver
Cook Park Community Garden,COO-V-72,COO,vane,72,thrips,Insecta,Thysanoptera,,,,Herbivore,July,15-07-2025,18-07-2025,39.6858968,-104.9202609,1630,Denver
Cook Park Community Garden,COO-V-73,COO,vane,73,thrips,Insecta,Thysanoptera,,,,Herbivore,July,15-07-2025,18-07-2025,39.6858968,-104.9202609,1630,Denver
Cook Park Community Garden,COO-V-74,COO,vane,74,mite,Arachnida ,Acari,,,,,July,15-07-2025,18-07-2025,39.6858968,-104.9202609,1630,Denver
Cook Park Community Garden,COO-V-75,COO,vane,75,bumblebee,Insecta,Hymenoptera,Apidae,Bombus,,Pollinator,July,15-07-2025,18-07-2025,39.6858968,-104.9202609,1630,Denver
Cook Park Community Garden,COO-V-76,COO,vane,76,black longhorn,Insecta,Hymenoptera,Apidae,Melissodes,bimaculatus,Pollinator,July,15-07-2025,18-07-2025,39.6858968,-104.9202609,1630,Denver
Cook Park Community Garden,COO-V-77,COO,vane,77,squashbee,Insecta,Hymenoptera,Apidae,Eucera,pruinosa,Pollinator,July,15-07-2025,18-07-2025,39.6858968,-104.9202609,1630,Denver
Cook Park Community Garden,COO-V-78,COO,vane,78,squashbee,Insecta,Hymenoptera,Apidae,Eucera,pruinosa,Pollinator,July,15-07-2025,18-07-2025,39.6858968,-104.9202609,1630,Denver
Cook Park Community Garden,COO-V-79,COO,vane,79,squashbee,Insecta,Hymenoptera,Apidae,Eucera,pruinosa,Pollinator,July,15-07-2025,18-07-2025,39.6858968,-104.9202609,1630,Denver
Cook Park Community Garden,COO-V-80,COO,vane,80,squashbee,Insecta,Hymenoptera,Apidae,Eucera,pruinosa,Pollinator,July,15-07-2025,18-07-2025,39.6858968,-104.9202609,1630,Denver
Cook Park Community Garden,COO-V-81,COO,vane,81,squashbee,Insecta,Hymenoptera,Apidae,Eucera,pruinosa,Pollinator,July,15-07-2025,18-07-2025,39.6858968,-104.9202609,1630,Denver
Cook Park Community Garden,COO-V-82,COO,vane,82,squashbee,Insecta,Hymenoptera,Apidae,Eucera,pruinosa,Pollinator,July,15-07-2025,18-07-2025,39.6858968,-104.9202609,1630,Denver
Cook Park Community Garden,COO-V-83,COO,vane,83,squashbee,Insecta,Hymenoptera,Apidae,Eucera,pruinosa,Pollinator,July,15-07-2025,18-07-2025,39.6858968,-104.9202609,1630,Denver
Cook Park Community Garden,COO-V-84,COO,vane,84,squashbee,Insecta,Hymenoptera,Apidae,Eucera,pruinosa,Pollinator,July,15-07-2025,18-07-2025,39.6858968,-104.9202609,1630,Denver
Cook Park Community Garden,COO-V-85,COO,vane,85,squashbee,Insecta,Hymenoptera,Apidae,Eucera,pruinosa,Pollinator,July,15-07-2025,18-07-2025,39.6858968,-104.9202609,1630,Denver
Cook Park Community Garden,COO-V-86,COO,vane,86,squashbee,Insecta,Hymenoptera,Apidae,Eucera,pruinosa,Pollinator,July,15-07-2025,18-07-2025,39.6858968,-104.9202609,1630,Denver
Cook Park Community Garden,COO-V-87,COO,vane,87,squashbee,Insecta,Hymenoptera,Apidae,Eucera,pruinosa,Pollinator,July,15-07-2025,18-07-2025,39.6858968,-104.9202609,1630,Denver
Cook Park Community Garden,COO-V-88,COO,vane,88,squashbee,Insecta,Hymenoptera,Apidae,Eucera,pruinosa,Pollinator,July,15-07-2025,18-07-2025,39.6858968,-104.9202609,1630,Denver
Cook Park Community Garden,COO-V-89,COO,vane,89,squashbee,Insecta,Hymenoptera,Apidae,Eucera,pruinosa,Pollinator,July,15-07-2025,18-07-2025,39.6858968,-104.9202609,1630,Denver
Cook Park Community Garden,COO-V-90,COO,vane,90,squashbee,Insecta,Hymenoptera,Apidae,Eucera,pruinosa,Pollinator,July,15-07-2025,18-07-2025,39.6858968,-104.9202609,1630,Denver
Cook Park Community Garden,COO-V-91,COO,vane,91,squashbee,Insecta,Hymenoptera,Apidae,Eucera,pruinosa,Pollinator,July,15-07-2025,18-07-2025,39.6858968,-104.9202609,1630,Denver
Cook Park Community Garden,COO-V-92,COO,vane,92,longhorn bee,Insecta,Hymenoptera,Apidae,,,Pollinator,July,15-07-2025,18-07-2025,39.6858968,-104.9202609,1630,Denver
Cook Park Community Garden,COO-V-93,COO,vane,93,longhorn bee,Insecta,Hymenoptera,Apidae,,,Pollinator,July,15-07-2025,18-07-2025,39.6858968,-104.9202609,1630,Denver
Cook Park Community Garden,COO-V-94,COO,vane,94,longhorn bee,Insecta,Hymenoptera,Apidae,,,Pollinator,July,15-07-2025,18-07-2025,39.6858968,-104.9202609,1630,Denver
Cook Park Community Garden,COO-V-95,COO,vane,95,longhorn bee,Insecta,Hymenoptera,Apidae,,,Pollinator,July,15-07-2025,18-07-2025,39.6858968,-104.9202609,1630,Denver
Cook Park Community Garden,COO-V-96,COO,vane,96,longhorn bee,Insecta,Hymenoptera,Apidae,,,Pollinator,July,15-07-2025,18-07-2025,39.6858968,-104.9202609,1630,Denver
Cook Park Community Garden,COO-V-97,COO,vane,97,longhorn bee,Insecta,Hymenoptera,Apidae,,,Pollinator,July,15-07-2025,18-07-2025,39.6858968,-104.9202609,1630,Denver
Cook Park Community Garden,COO-V-98,COO,vane,98,longhorn bee,Insecta,Hymenoptera,Apidae,,,Pollinator,July,15-07-2025,18-07-2025,39.6858968,-104.9202609,1630,Denver
Cook Park Community Garden,COO-V-99,COO,vane,99,longhorn bee,Insecta,Hymenoptera,Apidae,,,Pollinator,July,15-07-2025,18-07-2025,39.6858968,-104.9202609,1630,Denver
Cook Park Community Garden,COO-V-100,COO,vane,100,longhorn bee,Insecta,Hymenoptera,Apidae,,,Pollinator,July,15-07-2025,18-07-2025,39.6858968,-104.9202609,1630,Denver
Cook Park Community Garden,COO-V-101,COO,vane,101,longhorn bee,Insecta,Hymenoptera,Apidae,,,Pollinator,July,15-07-2025,18-07-2025,39.6858968,-104.9202609,1630,Denver
Cook Park Community Garden,COO-V-102,COO,vane,102,longhorn bee,Insecta,Hymenoptera,Apidae,,,Pollinator,July,15-07-2025,18-07-2025,39.6858968,-104.9202609,1630,Denver
Cook Park Community Garden,COO-V-103,COO,vane,103,longhorn bee,Insecta,Hymenoptera,Apidae,,,Pollinator,July,15-07-2025,18-07-2025,39.6858968,-104.9202609,1630,Denver
Cook Park Community Garden,COO-V-104,COO,vane,104,longhorn bee,Insecta,Hymenoptera,Apidae,,,Pollinator,July,15-07-2025,18-07-2025,39.6858968,-104.9202609,1630,Denver
Cook Park Community Garden,COO-V-105,COO,vane,105,longhorn bee,Insecta,Hymenoptera,Apidae,,,Pollinator,July,15-07-2025,18-07-2025,39.6858968,-104.9202609,1630,Denver
Cook Park Community Garden,COO-V-106,COO,vane,106,longhorn bee,Insecta,Hymenoptera,Apidae,,,Pollinator,July,15-07-2025,18-07-2025,39.6858968,-104.9202609,1630,Denver
Cook Park Community Garden,COO-V-107,COO,vane,107,longhorn bee,Insecta,Hymenoptera,Apidae,,,Pollinator,July,15-07-2025,18-07-2025,39.6858968,-104.9202609,1630,Denver
Cook Park Community Garden,COO-V-108,COO,vane,108,longhorn bee,Insecta,Hymenoptera,Apidae,,,Pollinator,July,15-07-2025,18-07-2025,39.6858968,-104.9202609,1630,Denver
Cook Park Community Garden,COO-V-109,COO,vane,109,longhorn bee,Insecta,Hymenoptera,Apidae,,,Pollinator,July,15-07-2025,18-07-2025,39.6858968,-104.9202609,1630,Denver
Cook Park Community Garden,COO-V-110,COO,vane,110,bee,Insecta,Hymenoptera,,,,Pollinator,July,15-07-2025,18-07-2025,39.6858968,-104.9202609,1630,Denver
Cook Park Community Garden,COO-V-111,COO,vane,111,small sweat bee,Insecta,Hymenoptera,Halictidae,,,Pollinator,July,15-07-2025,18-07-2025,39.6858968,-104.9202609,1630,Denver
Cook Park Community Garden,COO-V-112,COO,vane,112,blister beetle,Insecta,Coleoptera,Meloidae,,,Herbivore,July,15-07-2025,18-07-2025,39.6858968,-104.9202609,1630,Denver
Cook Park Community Garden,COO-V-113,COO,vane,113,blow fly,Insecta,Diptera,Calliphoridae,,,Scavenger,July,15-07-2025,18-07-2025,39.6858968,-104.9202609,1630,Denver
Cook Park Community Garden,COO-V-114,COO,vane,114,earwig,Insecta,Dermaptera,,,,Omnivore,July,15-07-2025,18-07-2025,39.6858968,-104.9202609,1630,Denver
Cook Park Community Garden,COO-V-115,COO,vane,115,earwig,Insecta,Dermaptera,,,,Omnivore,July,15-07-2025,18-07-2025,39.6858968,-104.9202609,1630,Denver
Edison School Community Garden,EDI-V-1,EDI,vane,1,minute pirate bug,Insecta,Hemiptera,Anthocoridae,Orius,,Predator,July,15-07-2025,18-07-2025,39.76548756,-105.0395583,1659,Denver
Edison School Community Garden,EDI-V-2,EDI,vane,2,minute pirate bug,Insecta,Hemiptera,Anthocoridae,Orius,,Predator,July,15-07-2025,18-07-2025,39.76548756,-105.0395583,1659,Denver
Edison School Community Garden,EDI-V-3,EDI,vane,3,minute pirate bug,Insecta,Hemiptera,Anthocoridae,Orius,,Predator,July,15-07-2025,18-07-2025,39.76548756,-105.0395583,1659,Denver
Edison School Community Garden,EDI-V-4,EDI,vane,4,minute pirate bug,Insecta,Hemiptera,Anthocoridae,Orius,,Predator,July,15-07-2025,18-07-2025,39.76548756,-105.0395583,1659,Denver
Edison School Community Garden,EDI-V-5,EDI,vane,5,minute pirate bug,Insecta,Hemiptera,Anthocoridae,Orius,,Predator,July,15-07-2025,18-07-2025,39.76548756,-105.0395583,1659,Denver
Edison School Community Garden,EDI-V-6,EDI,vane,6,minute pirate bug,Insecta,Hemiptera,Anthocoridae,Orius,,Predator,July,15-07-2025,18-07-2025,39.76548756,-105.0395583,1659,Denver
Edison School Community Garden,EDI-V-7,EDI,vane,7,minute pirate bug,Insecta,Hemiptera,Anthocoridae,Orius,,Predator,July,15-07-2025,18-07-2025,39.76548756,-105.0395583,1659,Denver
Edison School Community Garden,EDI-V-8,EDI,vane,8,minute pirate bug,Insecta,Hemiptera,Anthocoridae,Orius,,Predator,July,15-07-2025,18-07-2025,39.76548756,-105.0395583,1659,Denver
Edison School Community Garden,EDI-V-9,EDI,vane,9,minute pirate bug,Insecta,Hemiptera,Anthocoridae,Orius,,Predator,July,15-07-2025,18-07-2025,39.76548756,-105.0395583,1659,Denver
Edison School Community Garden,EDI-V-10,EDI,vane,10,minute pirate bug,Insecta,Hemiptera,Anthocoridae,Orius,,Predator,July,15-07-2025,18-07-2025,39.76548756,-105.0395583,1659,Denver
Edison School Community Garden,EDI-V-11,EDI,vane,11,minute pirate bug,Insecta,Hemiptera,Anthocoridae,Orius,,Predator,July,15-07-2025,18-07-2025,39.76548756,-105.0395583,1659,Denver
Edison School Community Garden,EDI-V-12,EDI,vane,12,minute pirate bug,Insecta,Hemiptera,Anthocoridae,Orius,,Predator,July,15-07-2025,18-07-2025,39.76548756,-105.0395583,1659,Denver
Edison School Community Garden,EDI-V-13,EDI,vane,13,minute pirate bug,Insecta,Hemiptera,Anthocoridae,Orius,,Predator,July,15-07-2025,18-07-2025,39.76548756,-105.0395583,1659,Denver
Edison School Community Garden,EDI-V-14,EDI,vane,14,minute pirate bug,Insecta,Hemiptera,Anthocoridae,Orius,,Predator,July,15-07-2025,18-07-2025,39.76548756,-105.0395583,1659,Denver
Edison School Community Garden,EDI-V-15,EDI,vane,15,minute pirate bug,Insecta,Hemiptera,Anthocoridae,Orius,,Predator,July,15-07-2025,18-07-2025,39.76548756,-105.0395583,1659,Denver
Edison School Community Garden,EDI-V-16,EDI,vane,16,minute pirate bug,Insecta,Hemiptera,Anthocoridae,Orius,,Predator,July,15-07-2025,18-07-2025,39.76548756,-105.0395583,1659,Denver
Edison School Community Garden,EDI-V-17,EDI,vane,17,nitops,Insecta,Coleoptera,Nitulidae,Nitops,,Detritivore,July,15-07-2025,18-07-2025,39.76548756,-105.0395583,1659,Denver
Edison School Community Garden,EDI-V-18,EDI,vane,18,nitops,Insecta,Coleoptera,Nitulidae,Nitops,,Detritivore,July,15-07-2025,18-07-2025,39.76548756,-105.0395583,1659,Denver
Edison School Community Garden,EDI-V-19,EDI,vane,19,lace bug,Insecta,Hemiptera,Tingidae,,,Herbivore,July,15-07-2025,18-07-2025,39.76548756,-105.0395583,1659,Denver
Edison School Community Garden,EDI-V-20,EDI,vane,20,nitops,Insecta,Coleoptera,Nitulidae,Nitops,,Detritivore,July,15-07-2025,18-07-2025,39.76548756,-105.0395583,1659,Denver
Edison School Community Garden,EDI-V-21,EDI,vane,21,flying aphid,Insecta,Hemiptera,Aphididae,,,Herbivore,July,15-07-2025,18-07-2025,39.76548756,-105.0395583,1659,Denver
Edison School Community Garden,EDI-V-22,EDI,vane,22,flying aphid,Insecta,Hemiptera,Aphididae,,,Herbivore,July,15-07-2025,18-07-2025,39.76548756,-105.0395583,1659,Denver
Edison School Community Garden,EDI-V-23,EDI,vane,23,cotton fleahopper,Insecta,Hemiptera,Miridae,Pseudatomoscelis,seriatus,Herbivore,July,15-07-2025,18-07-2025,39.76548756,-105.0395583,1659,Denver
Edison School Community Garden,EDI-V-24,EDI,vane,24,cotton fleahopper,Insecta,Hemiptera,Miridae,Pseudatomoscelis,seriatus,Herbivore,July,15-07-2025,18-07-2025,39.76548756,-105.0395583,1659,Denver
Edison School Community Garden,EDI-V-25,EDI,vane,25,big eye bug,Insecta,Hemiptera,Geocoridae,Geocoris,,Predator,July,15-07-2025,18-07-2025,39.76548756,-105.0395583,1659,Denver
Edison School Community Garden,EDI-V-26,EDI,vane,26,fairy wasp,Insecta,Hymenoptera,,,,Parasitoid,July,15-07-2025,18-07-2025,39.76548756,-105.0395583,1659,Denver
Edison School Community Garden,EDI-V-27,EDI,vane,27,leafhopper,Insecta,Hemiptera,Cicadellidae,,,Herbivore,July,15-07-2025,18-07-2025,39.76548756,-105.0395583,1659,Denver
Edison School Community Garden,EDI-V-28,EDI,vane,28,leafhopper,Insecta,Hemiptera,Cicadellidae,,,Herbivore,July,15-07-2025,18-07-2025,39.76548756,-105.0395583,1659,Denver
Edison School Community Garden,EDI-V-29,EDI,vane,29,leafhopper,Insecta,Hemiptera,Cicadellidae,,,Herbivore,July,15-07-2025,18-07-2025,39.76548756,-105.0395583,1659,Denver
Edison School Community Garden,EDI-V-30,EDI,vane,30,minute pirate bug,Insecta,Hemiptera,Anthocoridae,Orius,,Predator,July,15-07-2025,18-07-2025,39.76548756,-105.0395583,1659,Denver
Edison School Community Garden,EDI-V-31,EDI,vane,31,minute pirate bug,Insecta,Hemiptera,Anthocoridae,Orius,,Predator,July,15-07-2025,18-07-2025,39.76548756,-105.0395583,1659,Denver
Edison School Community Garden,EDI-V-32,EDI,vane,32,unknown hemiptera,Insecta,Hemiptera,,,,,July,15-07-2025,18-07-2025,39.76548756,-105.0395583,1659,Denver
Edison School Community Garden,EDI-V-33,EDI,vane,33,lace bug,Insecta,Hemiptera,Tingidae,,,Herbivore,July,15-07-2025,18-07-2025,39.76548756,-105.0395583,1659,Denver
Edison School Community Garden,EDI-V-34,EDI,vane,34,thrip,Insecta,Thysanoptera,,,,Herbivore,July,15-07-2025,18-07-2025,39.76548756,-105.0395583,1659,Denver
Edison School Community Garden,EDI-V-35,EDI,vane,35,thrip,Insecta,Thysanoptera,,,,Herbivore,July,15-07-2025,18-07-2025,39.76548756,-105.0395583,1659,Denver
Edison School Community Garden,EDI-V-36,EDI,vane,36,thrip,Insecta,Thysanoptera,,,,Herbivore,July,15-07-2025,18-07-2025,39.76548756,-105.0395583,1659,Denver
Edison School Community Garden,EDI-V-37,EDI,vane,37,thrip,Insecta,Thysanoptera,,,,Herbivore,July,15-07-2025,18-07-2025,39.76548756,-105.0395583,1659,Denver
Edison School Community Garden,EDI-V-38,EDI,vane,38,thrip,Insecta,Thysanoptera,,,,Herbivore,July,15-07-2025,18-07-2025,39.76548756,-105.0395583,1659,Denver
Edison School Community Garden,EDI-V-39,EDI,vane,39,thrip,Insecta,Thysanoptera,,,,Herbivore,July,15-07-2025,18-07-2025,39.76548756,-105.0395583,1659,Denver
Edison School Community Garden,EDI-V-40,EDI,vane,40,thrip,Insecta,Thysanoptera,,,,Herbivore,July,15-07-2025,18-07-2025,39.76548756,-105.0395583,1659,Denver
Edison School Community Garden,EDI-V-41,EDI,vane,41,thrip,Insecta,Thysanoptera,,,,Herbivore,July,15-07-2025,18-07-2025,39.76548756,-105.0395583,1659,Denver
Edison School Community Garden,EDI-V-42,EDI,vane,42,thrip,Insecta,Thysanoptera,,,,Herbivore,July,15-07-2025,18-07-2025,39.76548756,-105.0395583,1659,Denver
Edison School Community Garden,EDI-V-43,EDI,vane,43,thrip,Insecta,Thysanoptera,,,,Herbivore,July,15-07-2025,18-07-2025,39.76548756,-105.0395583,1659,Denver
Edison School Community Garden,EDI-V-44,EDI,vane,44,thrip,Insecta,Thysanoptera,,,,Herbivore,July,15-07-2025,18-07-2025,39.76548756,-105.0395583,1659,Denver
Edison School Community Garden,EDI-V-45,EDI,vane,45,thrip,Insecta,Thysanoptera,,,,Herbivore,July,15-07-2025,18-07-2025,39.76548756,-105.0395583,1659,Denver
Edison School Community Garden,EDI-V-46,EDI,vane,46,thrip,Insecta,Thysanoptera,,,,Herbivore,July,15-07-2025,18-07-2025,39.76548756,-105.0395583,1659,Denver
Edison School Community Garden,EDI-V-47,EDI,vane,47,thrip,Insecta,Thysanoptera,,,,Herbivore,July,15-07-2025,18-07-2025,39.76548756,-105.0395583,1659,Denver
Edison School Community Garden,EDI-V-48,EDI,vane,48,thrip,Insecta,Thysanoptera,,,,Herbivore,July,15-07-2025,18-07-2025,39.76548756,-105.0395583,1659,Denver
Edison School Community Garden,EDI-V-49,EDI,vane,49,thrip,Insecta,Thysanoptera,,,,Herbivore,July,15-07-2025,18-07-2025,39.76548756,-105.0395583,1659,Denver
Edison School Community Garden,EDI-V-50,EDI,vane,50,thrip,Insecta,Thysanoptera,,,,Herbivore,July,15-07-2025,18-07-2025,39.76548756,-105.0395583,1659,Denver
Edison School Community Garden,EDI-V-51,EDI,vane,51,thrip,Insecta,Thysanoptera,,,,Herbivore,July,15-07-2025,18-07-2025,39.76548756,-105.0395583,1659,Denver
Edison School Community Garden,EDI-V-52,EDI,vane,52,thrip,Insecta,Thysanoptera,,,,Herbivore,July,15-07-2025,18-07-2025,39.76548756,-105.0395583,1659,Denver
Edison School Community Garden,EDI-V-53,EDI,vane,53,thrip,Insecta,Thysanoptera,,,,Herbivore,July,15-07-2025,18-07-2025,39.76548756,-105.0395583,1659,Denver
Edison School Community Garden,EDI-V-54,EDI,vane,54,thrip,Insecta,Thysanoptera,,,,Herbivore,July,15-07-2025,18-07-2025,39.76548756,-105.0395583,1659,Denver
Edison School Community Garden,EDI-V-55,EDI,vane,55,thrip,Insecta,Thysanoptera,,,,Herbivore,July,15-07-2025,18-07-2025,39.76548756,-105.0395583,1659,Denver
Edison School Community Garden,EDI-V-56,EDI,vane,56,thrip,Insecta,Thysanoptera,,,,Herbivore,July,15-07-2025,18-07-2025,39.76548756,-105.0395583,1659,Denver
Edison School Community Garden,EDI-V-57,EDI,vane,57,thrip,Insecta,Thysanoptera,,,,Herbivore,July,15-07-2025,18-07-2025,39.76548756,-105.0395583,1659,Denver
Edison School Community Garden,EDI-V-58,EDI,vane,58,thrip,Insecta,Thysanoptera,,,,Herbivore,July,15-07-2025,18-07-2025,39.76548756,-105.0395583,1659,Denver
Edison School Community Garden,EDI-V-59,EDI,vane,59,thrip,Insecta,Thysanoptera,,,,Herbivore,July,15-07-2025,18-07-2025,39.76548756,-105.0395583,1659,Denver
Edison School Community Garden,EDI-V-60,EDI,vane,60,thrip,Insecta,Thysanoptera,,,,Herbivore,July,15-07-2025,18-07-2025,39.76548756,-105.0395583,1659,Denver
Edison School Community Garden,EDI-V-61,EDI,vane,61,thrip,Insecta,Thysanoptera,,,,Herbivore,July,15-07-2025,18-07-2025,39.76548756,-105.0395583,1659,Denver
Edison School Community Garden,EDI-V-62,EDI,vane,62,thrip,Insecta,Thysanoptera,,,,Herbivore,July,15-07-2025,18-07-2025,39.76548756,-105.0395583,1659,Denver
Edison School Community Garden,EDI-V-63,EDI,vane,63,thrip,Insecta,Thysanoptera,,,,Herbivore,July,15-07-2025,18-07-2025,39.76548756,-105.0395583,1659,Denver
Edison School Community Garden,EDI-V-64,EDI,vane,64,thrip,Insecta,Thysanoptera,,,,Herbivore,July,15-07-2025,18-07-2025,39.76548756,-105.0395583,1659,Denver
Edison School Community Garden,EDI-V-65,EDI,vane,65,thrip,Insecta,Thysanoptera,,,,Herbivore,July,15-07-2025,18-07-2025,39.76548756,-105.0395583,1659,Denver
Edison School Community Garden,EDI-V-66,EDI,vane,66,thrip,Insecta,Thysanoptera,,,,Herbivore,July,15-07-2025,18-07-2025,39.76548756,-105.0395583,1659,Denver
Edison School Community Garden,EDI-V-67,EDI,vane,67,thrip,Insecta,Thysanoptera,,,,Herbivore,July,15-07-2025,18-07-2025,39.76548756,-105.0395583,1659,Denver
Edison School Community Garden,EDI-V-68,EDI,vane,68,thrip,Insecta,Thysanoptera,,,,Herbivore,July,15-07-2025,18-07-2025,39.76548756,-105.0395583,1659,Denver
Edison School Community Garden,EDI-V-69,EDI,vane,69,thrip,Insecta,Thysanoptera,,,,Herbivore,July,15-07-2025,18-07-2025,39.76548756,-105.0395583,1659,Denver
Edison School Community Garden,EDI-V-70,EDI,vane,70,thrip,Insecta,Thysanoptera,,,,Herbivore,July,15-07-2025,18-07-2025,39.76548756,-105.0395583,1659,Denver
Edison School Community Garden,EDI-V-71,EDI,vane,71,thrip,Insecta,Thysanoptera,,,,Herbivore,July,15-07-2025,18-07-2025,39.76548756,-105.0395583,1659,Denver
Edison School Community Garden,EDI-V-72,EDI,vane,72,thrip,Insecta,Thysanoptera,,,,Herbivore,July,15-07-2025,18-07-2025,39.76548756,-105.0395583,1659,Denver
Edison School Community Garden,EDI-V-73,EDI,vane,73,thrip,Insecta,Thysanoptera,,,,Herbivore,July,15-07-2025,18-07-2025,39.76548756,-105.0395583,1659,Denver
Edison School Community Garden,EDI-V-74,EDI,vane,74,thrip,Insecta,Thysanoptera,,,,Herbivore,July,15-07-2025,18-07-2025,39.76548756,-105.0395583,1659,Denver
Edison School Community Garden,EDI-V-75,EDI,vane,75,thrip,Insecta,Thysanoptera,,,,Herbivore,July,15-07-2025,18-07-2025,39.76548756,-105.0395583,1659,Denver
Edison School Community Garden,EDI-V-76,EDI,vane,76,thrip,Insecta,Thysanoptera,,,,Herbivore,July,15-07-2025,18-07-2025,39.76548756,-105.0395583,1659,Denver
Edison School Community Garden,EDI-V-77,EDI,vane,77,thrip,Insecta,Thysanoptera,,,,Herbivore,July,15-07-2025,18-07-2025,39.76548756,-105.0395583,1659,Denver
Edison School Community Garden,EDI-V-78,EDI,vane,78,thrip,Insecta,Thysanoptera,,,,Herbivore,July,15-07-2025,18-07-2025,39.76548756,-105.0395583,1659,Denver
Edison School Community Garden,EDI-V-79,EDI,vane,79,thrip,Insecta,Thysanoptera,,,,Herbivore,July,15-07-2025,18-07-2025,39.76548756,-105.0395583,1659,Denver
Edison School Community Garden,EDI-V-80,EDI,vane,80,thrip,Insecta,Thysanoptera,,,,Herbivore,July,15-07-2025,18-07-2025,39.76548756,-105.0395583,1659,Denver
Edison School Community Garden,EDI-V-81,EDI,vane,81,thrip,Insecta,Thysanoptera,,,,Herbivore,July,15-07-2025,18-07-2025,39.76548756,-105.0395583,1659,Denver
Edison School Community Garden,EDI-V-82,EDI,vane,82,thrip,Insecta,Thysanoptera,,,,Herbivore,July,15-07-2025,18-07-2025,39.76548756,-105.0395583,1659,Denver
Edison School Community Garden,EDI-V-83,EDI,vane,83,thrip,Insecta,Thysanoptera,,,,Herbivore,July,15-07-2025,18-07-2025,39.76548756,-105.0395583,1659,Denver
Edison School Community Garden,EDI-V-84,EDI,vane,84,thrip,Insecta,Thysanoptera,,,,Herbivore,July,15-07-2025,18-07-2025,39.76548756,-105.0395583,1659,Denver
Edison School Community Garden,EDI-V-85,EDI,vane,85,cotton fleahopper,Insecta,Hemiptera,Miridae,Pseudatomoscelis,seriatus,Herbivore,July,15-07-2025,18-07-2025,39.76548756,-105.0395583,1659,Denver
Edison School Community Garden,EDI-V-86,EDI,vane,86,bumble flower beetle,Insecta,Coleoptera,Scarabaeidae,Euphoria,inda,Detritivore,July,15-07-2025,18-07-2025,39.76548756,-105.0395583,1659,Denver
Edison School Community Garden,EDI-V-87,EDI,vane,87,wasp,Insecta,Hymenoptera,,,,Predator,July,15-07-2025,18-07-2025,39.76548756,-105.0395583,1659,Denver
Edison School Community Garden,EDI-V-88,EDI,vane,88,squash bee,Insecta,Hymenoptera,Apidae,Eucera,pruinosa,Pollinator,July,15-07-2025,18-07-2025,39.76548756,-105.0395583,1659,Denver
Edison School Community Garden,EDI-V-89,EDI,vane,89,squash bee,Insecta,Hymenoptera,Apidae,Eucera,pruinosa,Pollinator,July,15-07-2025,18-07-2025,39.76548756,-105.0395583,1659,Denver
Edison School Community Garden,EDI-V-90,EDI,vane,90,squash bee,Insecta,Hymenoptera,Apidae,Eucera,pruinosa,Pollinator,July,15-07-2025,18-07-2025,39.76548756,-105.0395583,1659,Denver
Edison School Community Garden,EDI-V-91,EDI,vane,91,squash bee,Insecta,Hymenoptera,Apidae,Eucera,pruinosa,Pollinator,July,15-07-2025,18-07-2025,39.76548756,-105.0395583,1659,Denver
Edison School Community Garden,EDI-V-92,EDI,vane,92,squash bee,Insecta,Hymenoptera,Apidae,Eucera,pruinosa,Pollinator,July,15-07-2025,18-07-2025,39.76548756,-105.0395583,1659,Denver
Edison School Community Garden,EDI-V-93,EDI,vane,93,squash bee,Insecta,Hymenoptera,Apidae,Eucera,pruinosa,Pollinator,July,15-07-2025,18-07-2025,39.76548756,-105.0395583,1659,Denver
Edison School Community Garden,EDI-V-94,EDI,vane,94,squash bee,Insecta,Hymenoptera,Apidae,Eucera,pruinosa,Pollinator,July,15-07-2025,18-07-2025,39.76548756,-105.0395583,1659,Denver
Edison School Community Garden,EDI-V-95,EDI,vane,95,squash bee,Insecta,Hymenoptera,Apidae,Eucera,pruinosa,Pollinator,July,15-07-2025,18-07-2025,39.76548756,-105.0395583,1659,Denver
Edison School Community Garden,EDI-V-96,EDI,vane,96,squash bee,Insecta,Hymenoptera,Apidae,Eucera,pruinosa,Pollinator,July,15-07-2025,18-07-2025,39.76548756,-105.0395583,1659,Denver
Edison School Community Garden,EDI-V-97,EDI,vane,97,squash bee,Insecta,Hymenoptera,Apidae,Eucera,pruinosa,Pollinator,July,15-07-2025,18-07-2025,39.76548756,-105.0395583,1659,Denver
Edison School Community Garden,EDI-V-98,EDI,vane,98,squash bee,Insecta,Hymenoptera,Apidae,Eucera,pruinosa,Pollinator,July,15-07-2025,18-07-2025,39.76548756,-105.0395583,1659,Denver
Edison School Community Garden,EDI-V-99,EDI,vane,99,squash bee,Insecta,Hymenoptera,Apidae,Eucera,pruinosa,Pollinator,July,15-07-2025,18-07-2025,39.76548756,-105.0395583,1659,Denver
Edison School Community Garden,EDI-V-100,EDI,vane,100,squash bee,Insecta,Hymenoptera,Apidae,Eucera,pruinosa,Pollinator,July,15-07-2025,18-07-2025,39.76548756,-105.0395583,1659,Denver
Edison School Community Garden,EDI-V-101,EDI,vane,101,squash bee,Insecta,Hymenoptera,Apidae,Eucera,pruinosa,Pollinator,July,15-07-2025,18-07-2025,39.76548756,-105.0395583,1659,Denver
Edison School Community Garden,EDI-V-102,EDI,vane,102,squash bee,Insecta,Hymenoptera,Apidae,Eucera,pruinosa,Pollinator,July,15-07-2025,18-07-2025,39.76548756,-105.0395583,1659,Denver
Edison School Community Garden,EDI-V-103,EDI,vane,103,two spotted longhorn,Insecta,Hymenoptera,Apidae,Melissodes,bimaculatus,Pollinator,July,15-07-2025,18-07-2025,39.76548756,-105.0395583,1659,Denver
Edison School Community Garden,EDI-V-104,EDI,vane,104,two spotted longhorn,Insecta,Hymenoptera,Apidae,Melissodes,bimaculatus,Pollinator,July,15-07-2025,18-07-2025,39.76548756,-105.0395583,1659,Denver
Edison School Community Garden,EDI-V-105,EDI,vane,105,longhorn bee,Insecta,Hymenoptera,Apidae,,,Pollinator,July,15-07-2025,18-07-2025,39.76548756,-105.0395583,1659,Denver
Edison School Community Garden,EDI-V-106,EDI,vane,106,longhorn bee,Insecta,Hymenoptera,Apidae,,,Pollinator,July,15-07-2025,18-07-2025,39.76548756,-105.0395583,1659,Denver
Edison School Community Garden,EDI-V-107,EDI,vane,107,longhorn bee,Insecta,Hymenoptera,Apidae,,,Pollinator,July,15-07-2025,18-07-2025,39.76548756,-105.0395583,1659,Denver
Edison School Community Garden,EDI-V-108,EDI,vane,108,longhorn bee,Insecta,Hymenoptera,Apidae,,,Pollinator,July,15-07-2025,18-07-2025,39.76548756,-105.0395583,1659,Denver
Edison School Community Garden,EDI-V-109,EDI,vane,109,longhorn bee,Insecta,Hymenoptera,Apidae,,,Pollinator,July,15-07-2025,18-07-2025,39.76548756,-105.0395583,1659,Denver
Edison School Community Garden,EDI-V-110,EDI,vane,110,longhorn bee,Insecta,Hymenoptera,Apidae,,,Pollinator,July,15-07-2025,18-07-2025,39.76548756,-105.0395583,1659,Denver
Edison School Community Garden,EDI-V-111,EDI,vane,111,longhorn bee,Insecta,Hymenoptera,Apidae,,,Pollinator,July,15-07-2025,18-07-2025,39.76548756,-105.0395583,1659,Denver
Edison School Community Garden,EDI-V-112,EDI,vane,112,longhorn bee,Insecta,Hymenoptera,Apidae,,,Pollinator,July,15-07-2025,18-07-2025,39.76548756,-105.0395583,1659,Denver
Edison School Community Garden,EDI-V-113,EDI,vane,113,longhorn bee,Insecta,Hymenoptera,Apidae,,,Pollinator,July,15-07-2025,18-07-2025,39.76548756,-105.0395583,1659,Denver
Edison School Community Garden,EDI-V-114,EDI,vane,114,longhorn bee,Insecta,Hymenoptera,Apidae,,,Pollinator,July,15-07-2025,18-07-2025,39.76548756,-105.0395583,1659,Denver
Edison School Community Garden,EDI-V-115,EDI,vane,115,longhorn bee,Insecta,Hymenoptera,Apidae,,,Pollinator,July,15-07-2025,18-07-2025,39.76548756,-105.0395583,1659,Denver
Edison School Community Garden,EDI-V-116,EDI,vane,116,longhorn bee,Insecta,Hymenoptera,Apidae,,,Pollinator,July,15-07-2025,18-07-2025,39.76548756,-105.0395583,1659,Denver
Edison School Community Garden,EDI-V-117,EDI,vane,117,longhorn bee,Insecta,Hymenoptera,Apidae,,,Pollinator,July,15-07-2025,18-07-2025,39.76548756,-105.0395583,1659,Denver
Edison School Community Garden,EDI-V-118,EDI,vane,118,longhorn bee,Insecta,Hymenoptera,Apidae,,,Pollinator,July,15-07-2025,18-07-2025,39.76548756,-105.0395583,1659,Denver
Edison School Community Garden,EDI-V-119,EDI,vane,119,longhorn bee,Insecta,Hymenoptera,Apidae,,,Pollinator,July,15-07-2025,18-07-2025,39.76548756,-105.0395583,1659,Denver
Edison School Community Garden,EDI-V-120,EDI,vane,120,longhorn bee,Insecta,Hymenoptera,Apidae,,,Pollinator,July,15-07-2025,18-07-2025,39.76548756,-105.0395583,1659,Denver
Edison School Community Garden,EDI-V-121,EDI,vane,121,longhorn bee,Insecta,Hymenoptera,Apidae,,,Pollinator,July,15-07-2025,18-07-2025,39.76548756,-105.0395583,1659,Denver
Edison School Community Garden,EDI-V-122,EDI,vane,122,longhorn bee,Insecta,Hymenoptera,Apidae,,,Pollinator,July,15-07-2025,18-07-2025,39.76548756,-105.0395583,1659,Denver
Edison School Community Garden,EDI-V-123,EDI,vane,123,longhorn bee,Insecta,Hymenoptera,Apidae,,,Pollinator,July,15-07-2025,18-07-2025,39.76548756,-105.0395583,1659,Denver
Edison School Community Garden,EDI-V-124,EDI,vane,124,longhorn bee,Insecta,Hymenoptera,Apidae,,,Pollinator,July,15-07-2025,18-07-2025,39.76548756,-105.0395583,1659,Denver
Edison School Community Garden,EDI-V-125,EDI,vane,125,longhorn bee,Insecta,Hymenoptera,Apidae,,,Pollinator,July,15-07-2025,18-07-2025,39.76548756,-105.0395583,1659,Denver
Edison School Community Garden,EDI-V-126,EDI,vane,126,longhorn bee,Insecta,Hymenoptera,Apidae,,,Pollinator,July,15-07-2025,18-07-2025,39.76548756,-105.0395583,1659,Denver
Edison School Community Garden,EDI-V-127,EDI,vane,127,longhorn bee,Insecta,Hymenoptera,Apidae,,,Pollinator,July,15-07-2025,18-07-2025,39.76548756,-105.0395583,1659,Denver
Edison School Community Garden,EDI-V-128,EDI,vane,128,longhorn bee,Insecta,Hymenoptera,Apidae,,,Pollinator,July,15-07-2025,18-07-2025,39.76548756,-105.0395583,1659,Denver
Edison School Community Garden,EDI-V-129,EDI,vane,129,longhorn bee,Insecta,Hymenoptera,Apidae,,,Pollinator,July,15-07-2025,18-07-2025,39.76548756,-105.0395583,1659,Denver
Edison School Community Garden,EDI-V-130,EDI,vane,130,longhorn bee,Insecta,Hymenoptera,Apidae,,,Pollinator,July,15-07-2025,18-07-2025,39.76548756,-105.0395583,1659,Denver
Edison School Community Garden,EDI-V-131,EDI,vane,131,longhorn bee,Insecta,Hymenoptera,Apidae,,,Pollinator,July,15-07-2025,18-07-2025,39.76548756,-105.0395583,1659,Denver
Edison School Community Garden,EDI-V-132,EDI,vane,132,longhorn bee,Insecta,Hymenoptera,Apidae,,,Pollinator,July,15-07-2025,18-07-2025,39.76548756,-105.0395583,1659,Denver
Edison School Community Garden,EDI-V-133,EDI,vane,133,longhorn bee,Insecta,Hymenoptera,Apidae,,,Pollinator,July,15-07-2025,18-07-2025,39.76548756,-105.0395583,1659,Denver
Edison School Community Garden,EDI-V-134,EDI,vane,134,longhorn bee,Insecta,Hymenoptera,Apidae,,,Pollinator,July,15-07-2025,18-07-2025,39.76548756,-105.0395583,1659,Denver
Edison School Community Garden,EDI-V-135,EDI,vane,135,longhorn bee,Insecta,Hymenoptera,Apidae,,,Pollinator,July,15-07-2025,18-07-2025,39.76548756,-105.0395583,1659,Denver
Edison School Community Garden,EDI-V-136,EDI,vane,136,sweatbee,Insecta,Hymenoptera,Halictidae,,,Pollinator,July,15-07-2025,18-07-2025,39.76548756,-105.0395583,1659,Denver
Edison School Community Garden,EDI-V-137,EDI,vane,137,two spotted longhorn,Insecta,Hymenoptera,Apidae,Melissodes,bimaculatus,Pollinator,July,15-07-2025,18-07-2025,39.76548756,-105.0395583,1659,Denver
Edison School Community Garden,EDI-V-138,EDI,vane,138,green sweatbee,Insecta,Hymenoptera,Halictidae,,,Pollinator,July,15-07-2025,18-07-2025,39.76548756,-105.0395583,1659,Denver
Edison School Community Garden,EDI-V-139,EDI,vane,139,small sweatbee,Insecta,Hymenoptera,Halictidae,,,Pollinator,July,15-07-2025,18-07-2025,39.76548756,-105.0395583,1659,Denver
Edison School Community Garden,EDI-V-140,EDI,vane,140,longhorn beetle,Insecta,Coleoptera,Cerambycidae,,,Herbivore,July,15-07-2025,18-07-2025,39.76548756,-105.0395583,1659,Denver
Edison School Community Garden,EDI-V-141,EDI,vane,141,japanese beetle,Insecta,Coleoptera,Scarabaeidae,Popillia,japonica,Herbivore,July,15-07-2025,18-07-2025,39.76548756,-105.0395583,1659,Denver
Edison School Community Garden,EDI-V-142,EDI,vane,142,blister beetle,Insecta,Coleoptera,Meloidae,Epicauta,,Herbivore,July,15-07-2025,18-07-2025,39.76548756,-105.0395583,1659,Denver
Edison School Community Garden,EDI-V-143,EDI,vane,143,squash bee,Insecta,Hymenoptera,Apidae,Eucera,pruinosa,Pollinator,July,15-07-2025,18-07-2025,39.76548756,-105.0395583,1659,Denver
Edison School Community Garden,EDI-V-144,EDI,vane,144,longhorn bee,Insecta,Hymenoptera,Apidae,,,Pollinator,July,15-07-2025,18-07-2025,39.76548756,-105.0395583,1659,Denver
Edison School Community Garden,EDI-V-145,EDI,vane,145,longhorn bee,Insecta,Hymenoptera,Apidae,,,Pollinator,July,15-07-2025,18-07-2025,39.76548756,-105.0395583,1659,Denver
Edison School Community Garden,EDI-V-146,EDI,vane,146,two spotted bee,Insecta,Hymenoptera,Apidae,Melissodes,bimaculatus,Pollinator,July,15-07-2025,18-07-2025,39.76548756,-105.0395583,1659,Denver
Edison School Community Garden,EDI-V-147,EDI,vane,147,two spotted bee,Insecta,Hymenoptera,Apidae,Melissodes,bimaculatus,Pollinator,July,15-07-2025,18-07-2025,39.76548756,-105.0395583,1659,Denver
Edison School Community Garden,EDI-V-148,EDI,vane,148,very cool bee,Insecta,Hymenoptera,Apidae,,,Pollinator,July,15-07-2025,18-07-2025,39.76548756,-105.0395583,1659,Denver
Edison School Community Garden,EDI-V-149,EDI,vane,149,longhorn bee,Insecta,Hymenoptera,Apidae,,,Pollinator,July,15-07-2025,18-07-2025,39.76548756,-105.0395583,1659,Denver
Edison School Community Garden,EDI-V-150,EDI,vane,150,longhorn bee,Insecta,Hymenoptera,Apidae,,,Pollinator,July,15-07-2025,18-07-2025,39.76548756,-105.0395583,1659,Denver
Edison School Community Garden,EDI-V-151,EDI,vane,151,longhorn bee,Insecta,Hymenoptera,Apidae,,,Pollinator,July,15-07-2025,18-07-2025,39.76548756,-105.0395583,1659,Denver
Edison School Community Garden,EDI-V-152,EDI,vane,152,longhorn bee,Insecta,Hymenoptera,Apidae,,,Pollinator,July,15-07-2025,18-07-2025,39.76548756,-105.0395583,1659,Denver
Edison School Community Garden,EDI-V-153,EDI,vane,153,longhorn bee,Insecta,Hymenoptera,Apidae,,,Pollinator,July,15-07-2025,18-07-2025,39.76548756,-105.0395583,1659,Denver
Edison School Community Garden,EDI-V-154,EDI,vane,154,squash bee,Insecta,Hymenoptera,Apidae,Eucera,pruinosa,Pollinator,July,15-07-2025,18-07-2025,39.76548756,-105.0395583,1659,Denver
Edison School Community Garden,EDI-V-155,EDI,vane,155,longhorn bee,Insecta,Hymenoptera,Apidae,,,Pollinator,July,15-07-2025,18-07-2025,39.76548756,-105.0395583,1659,Denver
Edison School Community Garden,EDI-V-156,EDI,vane,156,sweat bee,Insecta,Hymenoptera,Halictidae,,,Pollinator,July,15-07-2025,18-07-2025,39.76548756,-105.0395583,1659,Denver
Edison School Community Garden,EDI-V-157,EDI,vane,157,longhorn bee,Insecta,Hymenoptera,Apidae,,,Pollinator,July,15-07-2025,18-07-2025,39.76548756,-105.0395583,1659,Denver
Edison School Community Garden,EDI-V-158,EDI,vane,158,longhorn bee,Insecta,Hymenoptera,Apidae,,,Pollinator,July,15-07-2025,18-07-2025,39.76548756,-105.0395583,1659,Denver
Edison School Community Garden,EDI-V-159,EDI,vane,159,longhorn bee,Insecta,Hymenoptera,Apidae,,,Pollinator,July,15-07-2025,18-07-2025,39.76548756,-105.0395583,1659,Denver
Edison School Community Garden,EDI-V-160,EDI,vane,160,longhorn bee,Insecta,Hymenoptera,Apidae,,,Pollinator,July,15-07-2025,18-07-2025,39.76548756,-105.0395583,1659,Denver
Edison School Community Garden,EDI-V-161,EDI,vane,161,longhorn bee,Insecta,Hymenoptera,Apidae,,,Pollinator,July,15-07-2025,18-07-2025,39.76548756,-105.0395583,1659,Denver
Edison School Community Garden,EDI-V-162,EDI,vane,162,longhorn bee,Insecta,Hymenoptera,Apidae,,,Pollinator,July,15-07-2025,18-07-2025,39.76548756,-105.0395583,1659,Denver
Edison School Community Garden,EDI-V-163,EDI,vane,163,longhorn bee,Insecta,Hymenoptera,Apidae,,,Pollinator,July,15-07-2025,18-07-2025,39.76548756,-105.0395583,1659,Denver
Edison School Community Garden,EDI-V-164,EDI,vane,164,longhorn bee,Insecta,Hymenoptera,Apidae,,,Pollinator,July,15-07-2025,18-07-2025,39.76548756,-105.0395583,1659,Denver
Edison School Community Garden,EDI-V-165,EDI,vane,165,green sweatbee,Insecta,Hymenoptera,Halictidae,Agapostemon,,Pollinator,July,15-07-2025,18-07-2025,39.76548756,-105.0395583,1659,Denver
Edison School Community Garden,EDI-V-166,EDI,vane,166,longhorn bee,Insecta,Hymenoptera,Apidae,,,Pollinator,July,15-07-2025,18-07-2025,39.76548756,-105.0395583,1659,Denver
Edison School Community Garden,EDI-V-167,EDI,vane,167,cool bee,Insecta,Hymenoptera,,,,Pollinator,July,15-07-2025,18-07-2025,39.76548756,-105.0395583,1659,Denver
Edison School Community Garden,EDI-V-168,EDI,vane,168,small sweatbee,Insecta,Hymenoptera,Halictidae,,,Pollinator,July,15-07-2025,18-07-2025,39.76548756,-105.0395583,1659,Denver
Edison School Community Garden,EDI-V-169,EDI,vane,169,small sweatbee,Insecta,Hymenoptera,Halictidae,,,Pollinator,July,15-07-2025,18-07-2025,39.76548756,-105.0395583,1659,Denver
Edison School Community Garden,EDI-V-170,EDI,vane,170,fairy wasp,Insecta,Hymenoptera,,,,Parasitoid,July,15-07-2025,18-07-2025,39.76548756,-105.0395583,1659,Denver
Edison School Community Garden,EDI-V-171,EDI,vane,171,weevil,Insecta,Coleoptera,Curculionidae,,,Herbivore,July,15-07-2025,18-07-2025,39.76548756,-105.0395583,1659,Denver
Edison School Community Garden,EDI-V-172,EDI,vane,172,leafhopper,Insecta,Hemiptera,Cicadellidae,,,Herbivore,July,15-07-2025,18-07-2025,39.76548756,-105.0395583,1659,Denver
Edison School Community Garden,EDI-V-173,EDI,vane,173,ragweed plant bug,Insecta,Hemiptera,Miridae,Chlamydatus,associatus,Predator,July,15-07-2025,18-07-2025,39.76548756,-105.0395583,1659,Denver
Edison School Community Garden,EDI-P-1,EDI,pitfall-2,1,leafhopper,Insecta,Hemiptera,Cicadellidae,,,Herbivore,July,15-07-2025,18-07-2025,39.76548756,-105.0395583,1659,Denver
Edison School Community Garden,EDI-P-2,EDI,pitfall-2,2,leafhopper,Insecta,Hemiptera,Cicadellidae,,,Herbivore,July,15-07-2025,18-07-2025,39.76548756,-105.0395583,1659,Denver
Edison School Community Garden,EDI-P-3,EDI,pitfall-2,3,leafhopper,Insecta,Hemiptera,Cicadellidae,,,Herbivore,July,15-07-2025,18-07-2025,39.76548756,-105.0395583,1659,Denver
Edison School Community Garden,EDI-P-4,EDI,pitfall-2,4,leafhopper,Insecta,Hemiptera,Cicadellidae,,,Herbivore,July,15-07-2025,18-07-2025,39.76548756,-105.0395583,1659,Denver
Edison School Community Garden,EDI-P-5,EDI,pitfall-2,5,leafhopper,Insecta,Hemiptera,Cicadellidae,,,Herbivore,July,15-07-2025,18-07-2025,39.76548756,-105.0395583,1659,Denver
Edison School Community Garden,EDI-P-6,EDI,pitfall-2,6,leafhopper,Insecta,Hemiptera,Cicadellidae,,,Herbivore,July,15-07-2025,18-07-2025,39.76548756,-105.0395583,1659,Denver
Edison School Community Garden,EDI-P-7,EDI,pitfall-2,7,leafhopper,Insecta,Hemiptera,Cicadellidae,,,Herbivore,July,15-07-2025,18-07-2025,39.76548756,-105.0395583,1659,Denver
Edison School Community Garden,EDI-P-8,EDI,pitfall-2,8,leafhopper,Insecta,Hemiptera,Cicadellidae,,,Herbivore,July,15-07-2025,18-07-2025,39.76548756,-105.0395583,1659,Denver
Edison School Community Garden,EDI-P-9,EDI,pitfall-2,9,ants,Insecta,Hymenoptera,Formicidae,,,,July,15-07-2025,18-07-2025,39.76548756,-105.0395583,1659,Denver
Edison School Community Garden,EDI-P-10,EDI,pitfall-2,10,ants,Insecta,Hymenoptera,Formicidae,,,,July,15-07-2025,18-07-2025,39.76548756,-105.0395583,1659,Denver
Edison School Community Garden,EDI-P-11,EDI,pitfall-2,11,ants,Insecta,Hymenoptera,Formicidae,,,,July,15-07-2025,18-07-2025,39.76548756,-105.0395583,1659,Denver
Edison School Community Garden,EDI-P-12,EDI,pitfall-2,12,spider,Arachnida ,Araneae,,,,Predator,July,15-07-2025,18-07-2025,39.76548756,-105.0395583,1659,Denver
Edison School Community Garden,EDI-P-13,EDI,pitfall-2,13,fly ,Insecta,Diptera,,,,,July,15-07-2025,18-07-2025,39.76548756,-105.0395583,1659,Denver
Edison School Community Garden,EDI-P-14,EDI,pitfall-2,14,beetle ,Insecta,Coleoptera,,,,,July,15-07-2025,18-07-2025,39.76548756,-105.0395583,1659,Denver
Edison School Community Garden,EDI-P-15,EDI,pitfall-2,15,flying ant,Insecta,Hymenoptera,Formicidae,,,,July,15-07-2025,18-07-2025,39.76548756,-105.0395583,1659,Denver
Eiber School Community Garden,EIB-V-1,EIB,vane,1,spider,Arachnida,Araneae,,,,Predator,July,15-07-2025,18-07-2025,39.7370155,-105.1062374,1691,Jefferson
Eiber School Community Garden,EIB-V-2,EIB,vane,2,leaf hopper ,Insecta,Hemiptera,Cicadellidae,,,Herbivore,July,15-07-2025,18-07-2025,39.7370155,-105.1062374,1691,Jefferson
Eiber School Community Garden,EIB-V-3,EIB,vane,3,beetle ,Insecta,Coleoptera,,,,,July,15-07-2025,18-07-2025,39.7370155,-105.1062374,1691,Jefferson
Eiber School Community Garden,EIB-V-4,EIB,vane,4,beetle ,Insecta,Coleoptera,,,,,July,15-07-2025,18-07-2025,39.7370155,-105.1062374,1691,Jefferson
Eiber School Community Garden,EIB-V-5,EIB,vane,5,beetle ,Insecta,Coleoptera,,,,,July,15-07-2025,18-07-2025,39.7370155,-105.1062374,1691,Jefferson
Eiber School Community Garden,EIB-V-6,EIB,vane,6,beetle ,Insecta,Coleoptera,,,,,July,15-07-2025,18-07-2025,39.7370155,-105.1062374,1691,Jefferson
Eiber School Community Garden,EIB-V-7,EIB,vane,7,beetle ,Insecta,Coleoptera,,,,,July,15-07-2025,18-07-2025,39.7370155,-105.1062374,1691,Jefferson
Eiber School Community Garden,EIB-V-8,EIB,vane,8,small fly,Insecta,Diptera,,,,,July,15-07-2025,18-07-2025,39.7370155,-105.1062374,1691,Jefferson
Eiber School Community Garden,EIB-V-9,EIB,vane,9,small fly,Insecta,Diptera,,,,,July,15-07-2025,18-07-2025,39.7370155,-105.1062374,1691,Jefferson
Eiber School Community Garden,EIB-V-10,EIB,vane,10,small fly,Insecta,Diptera,,,,,July,15-07-2025,18-07-2025,39.7370155,-105.1062374,1691,Jefferson
Eiber School Community Garden,EIB-V-11,EIB,vane,11,small fly,Insecta,Diptera,,,,,July,15-07-2025,18-07-2025,39.7370155,-105.1062374,1691,Jefferson
Eiber School Community Garden,EIB-V-12,EIB,vane,12,minute pirate bug,Insecta,Hemiptera,Anthocoridae,Orius,,Predator,July,15-07-2025,18-07-2025,39.7370155,-105.1062374,1691,Jefferson
Eiber School Community Garden,EIB-V-13,EIB,vane,13,minute pirate bug,Insecta,Hemiptera,Anthocoridae,Orius,,Predator,July,15-07-2025,18-07-2025,39.7370155,-105.1062374,1691,Jefferson
Eiber School Community Garden,EIB-V-14,EIB,vane,14,minute pirate bug,Insecta,Hemiptera,Anthocoridae,Orius,,Predator,July,15-07-2025,18-07-2025,39.7370155,-105.1062374,1691,Jefferson
Eiber School Community Garden,EIB-V-15,EIB,vane,15,minute pirate bug,Insecta,Hemiptera,Anthocoridae,Orius,,Predator,July,15-07-2025,18-07-2025,39.7370155,-105.1062374,1691,Jefferson
Eiber School Community Garden,EIB-V-16,EIB,vane,16,minute pirate bug,Insecta,Hemiptera,Anthocoridae,Orius,,Predator,July,15-07-2025,18-07-2025,39.7370155,-105.1062374,1691,Jefferson
Eiber School Community Garden,EIB-V-17,EIB,vane,17,minute pirate bug,Insecta,Hemiptera,Anthocoridae,Orius,,Predator,July,15-07-2025,18-07-2025,39.7370155,-105.1062374,1691,Jefferson
Eiber School Community Garden,EIB-V-18,EIB,vane,18,minute pirate bug,Insecta,Hemiptera,Anthocoridae,Orius,,Predator,July,15-07-2025,18-07-2025,39.7370155,-105.1062374,1691,Jefferson
Eiber School Community Garden,EIB-V-19,EIB,vane,19,minute pirate bug,Insecta,Hemiptera,Anthocoridae,Orius,,Predator,July,15-07-2025,18-07-2025,39.7370155,-105.1062374,1691,Jefferson
Eiber School Community Garden,EIB-V-20,EIB,vane,20,minute pirate bug,Insecta,Hemiptera,Anthocoridae,Orius,,Predator,July,15-07-2025,18-07-2025,39.7370155,-105.1062374,1691,Jefferson
Eiber School Community Garden,EIB-V-21,EIB,vane,21,minute pirate bug,Insecta,Hemiptera,Anthocoridae,Orius,,Predator,July,15-07-2025,18-07-2025,39.7370155,-105.1062374,1691,Jefferson
Eiber School Community Garden,EIB-V-22,EIB,vane,22,minute pirate bug,Insecta,Hemiptera,Anthocoridae,Orius,,Predator,July,15-07-2025,18-07-2025,39.7370155,-105.1062374,1691,Jefferson
Eiber School Community Garden,EIB-V-23,EIB,vane,23,minute pirate bug,Insecta,Hemiptera,Anthocoridae,Orius,,Predator,July,15-07-2025,18-07-2025,39.7370155,-105.1062374,1691,Jefferson
Eiber School Community Garden,EIB-V-24,EIB,vane,24,minute pirate bug,Insecta,Hemiptera,Anthocoridae,Orius,,Predator,July,15-07-2025,18-07-2025,39.7370155,-105.1062374,1691,Jefferson
Eiber School Community Garden,EIB-V-25,EIB,vane,25,minute pirate bug,Insecta,Hemiptera,Anthocoridae,Orius,,Predator,July,15-07-2025,18-07-2025,39.7370155,-105.1062374,1691,Jefferson
Eiber School Community Garden,EIB-V-26,EIB,vane,26,minute pirate bug,Insecta,Hemiptera,Anthocoridae,Orius,,Predator,July,15-07-2025,18-07-2025,39.7370155,-105.1062374,1691,Jefferson
Eiber School Community Garden,EIB-V-27,EIB,vane,27,minute pirate bug,Insecta,Hemiptera,Anthocoridae,Orius,,Predator,July,15-07-2025,18-07-2025,39.7370155,-105.1062374,1691,Jefferson
Eiber School Community Garden,EIB-V-28,EIB,vane,28,minute pirate bug,Insecta,Hemiptera,Anthocoridae,Orius,,Predator,July,15-07-2025,18-07-2025,39.7370155,-105.1062374,1691,Jefferson
Eiber School Community Garden,EIB-V-29,EIB,vane,29,minute pirate bug,Insecta,Hemiptera,Anthocoridae,Orius,,Predator,July,15-07-2025,18-07-2025,39.7370155,-105.1062374,1691,Jefferson
Eiber School Community Garden,EIB-V-30,EIB,vane,30,minute pirate bug,Insecta,Hemiptera,Anthocoridae,Orius,,Predator,July,15-07-2025,18-07-2025,39.7370155,-105.1062374,1691,Jefferson
Eiber School Community Garden,EIB-V-31,EIB,vane,31,minute pirate bug,Insecta,Hemiptera,Anthocoridae,Orius,,Predator,July,15-07-2025,18-07-2025,39.7370155,-105.1062374,1691,Jefferson
Eiber School Community Garden,EIB-V-32,EIB,vane,32,minute pirate bug,Insecta,Hemiptera,Anthocoridae,Orius,,Predator,July,15-07-2025,18-07-2025,39.7370155,-105.1062374,1691,Jefferson
Eiber School Community Garden,EIB-V-33,EIB,vane,33,minute pirate bug,Insecta,Hemiptera,Anthocoridae,Orius,,Predator,July,15-07-2025,18-07-2025,39.7370155,-105.1062374,1691,Jefferson
Eiber School Community Garden,EIB-V-34,EIB,vane,34,minute pirate bug,Insecta,Hemiptera,Anthocoridae,Orius,,Predator,July,15-07-2025,18-07-2025,39.7370155,-105.1062374,1691,Jefferson
Eiber School Community Garden,EIB-V-35,EIB,vane,35,minute pirate bug,Insecta,Hemiptera,Anthocoridae,Orius,,Predator,July,15-07-2025,18-07-2025,39.7370155,-105.1062374,1691,Jefferson
Eiber School Community Garden,EIB-V-36,EIB,vane,36,minute pirate bug,Insecta,Hemiptera,Anthocoridae,Orius,,Predator,July,15-07-2025,18-07-2025,39.7370155,-105.1062374,1691,Jefferson
Eiber School Community Garden,EIB-V-37,EIB,vane,37,minute pirate bug,Insecta,Hemiptera,Anthocoridae,Orius,,Predator,July,15-07-2025,18-07-2025,39.7370155,-105.1062374,1691,Jefferson
Eiber School Community Garden,EIB-V-38,EIB,vane,38,minute pirate bug,Insecta,Hemiptera,Anthocoridae,Orius,,Predator,July,15-07-2025,18-07-2025,39.7370155,-105.1062374,1691,Jefferson
Eiber School Community Garden,EIB-V-39,EIB,vane,39,minute pirate bug,Insecta,Hemiptera,Anthocoridae,Orius,,Predator,July,15-07-2025,18-07-2025,39.7370155,-105.1062374,1691,Jefferson
Eiber School Community Garden,EIB-V-40,EIB,vane,40,minute pirate bug,Insecta,Hemiptera,Anthocoridae,Orius,,Predator,July,15-07-2025,18-07-2025,39.7370155,-105.1062374,1691,Jefferson
Eiber School Community Garden,EIB-V-41,EIB,vane,41,thrips,Insecta,Thysanoptera,Thripidae,,,Herbivore,July,15-07-2025,18-07-2025,39.7370155,-105.1062374,1691,Jefferson
Eiber School Community Garden,EIB-V-42,EIB,vane,42,thrips,Insecta,Thysanoptera,Thripidae,,,Herbivore,July,15-07-2025,18-07-2025,39.7370155,-105.1062374,1691,Jefferson
Eiber School Community Garden,EIB-V-43,EIB,vane,43,thrips,Insecta,Thysanoptera,Thripidae,,,Herbivore,July,15-07-2025,18-07-2025,39.7370155,-105.1062374,1691,Jefferson
Eiber School Community Garden,EIB-V-44,EIB,vane,44,thrips,Insecta,Thysanoptera,Thripidae,,,Herbivore,July,15-07-2025,18-07-2025,39.7370155,-105.1062374,1691,Jefferson
Eiber School Community Garden,EIB-V-45,EIB,vane,45,thrips,Insecta,Thysanoptera,Thripidae,,,Herbivore,July,15-07-2025,18-07-2025,39.7370155,-105.1062374,1691,Jefferson
Eiber School Community Garden,EIB-V-46,EIB,vane,46,thrips,Insecta,Thysanoptera,Thripidae,,,Herbivore,July,15-07-2025,18-07-2025,39.7370155,-105.1062374,1691,Jefferson
Eiber School Community Garden,EIB-V-47,EIB,vane,47,thrips,Insecta,Thysanoptera,Thripidae,,,Herbivore,July,15-07-2025,18-07-2025,39.7370155,-105.1062374,1691,Jefferson
Eiber School Community Garden,EIB-V-48,EIB,vane,48,thrips,Insecta,Thysanoptera,Thripidae,,,Herbivore,July,15-07-2025,18-07-2025,39.7370155,-105.1062374,1691,Jefferson
Eiber School Community Garden,EIB-V-49,EIB,vane,49,thrips,Insecta,Thysanoptera,Thripidae,,,Herbivore,July,15-07-2025,18-07-2025,39.7370155,-105.1062374,1691,Jefferson
Eiber School Community Garden,EIB-V-50,EIB,vane,50,thrips,Insecta,Thysanoptera,Thripidae,,,Herbivore,July,15-07-2025,18-07-2025,39.7370155,-105.1062374,1691,Jefferson
Eiber School Community Garden,EIB-V-51,EIB,vane,51,thrips,Insecta,Thysanoptera,Thripidae,,,Herbivore,July,15-07-2025,18-07-2025,39.7370155,-105.1062374,1691,Jefferson
Eiber School Community Garden,EIB-V-52,EIB,vane,52,thrips,Insecta,Thysanoptera,Thripidae,,,Herbivore,July,15-07-2025,18-07-2025,39.7370155,-105.1062374,1691,Jefferson
Eiber School Community Garden,EIB-V-53,EIB,vane,53,thrips,Insecta,Thysanoptera,Thripidae,,,Herbivore,July,15-07-2025,18-07-2025,39.7370155,-105.1062374,1691,Jefferson
Eiber School Community Garden,EIB-V-54,EIB,vane,54,thrips,Insecta,Thysanoptera,Thripidae,,,Herbivore,July,15-07-2025,18-07-2025,39.7370155,-105.1062374,1691,Jefferson
Eiber School Community Garden,EIB-V-55,EIB,vane,55,thrips,Insecta,Thysanoptera,Thripidae,,,Herbivore,July,15-07-2025,18-07-2025,39.7370155,-105.1062374,1691,Jefferson
Eiber School Community Garden,EIB-V-56,EIB,vane,56,thrips,Insecta,Thysanoptera,Thripidae,,,Herbivore,July,15-07-2025,18-07-2025,39.7370155,-105.1062374,1691,Jefferson
Eiber School Community Garden,EIB-V-57,EIB,vane,57,thrips,Insecta,Thysanoptera,Thripidae,,,Herbivore,July,15-07-2025,18-07-2025,39.7370155,-105.1062374,1691,Jefferson
Eiber School Community Garden,EIB-V-58,EIB,vane,58,thrips,Insecta,Thysanoptera,Thripidae,,,Herbivore,July,15-07-2025,18-07-2025,39.7370155,-105.1062374,1691,Jefferson
Eiber School Community Garden,EIB-V-59,EIB,vane,59,thrips,Insecta,Thysanoptera,Thripidae,,,Herbivore,July,15-07-2025,18-07-2025,39.7370155,-105.1062374,1691,Jefferson
Eiber School Community Garden,EIB-V-60,EIB,vane,60,thrips,Insecta,Thysanoptera,Thripidae,,,Herbivore,July,15-07-2025,18-07-2025,39.7370155,-105.1062374,1691,Jefferson
Eiber School Community Garden,EIB-V-61,EIB,vane,61,thrips,Insecta,Thysanoptera,Thripidae,,,Herbivore,July,15-07-2025,18-07-2025,39.7370155,-105.1062374,1691,Jefferson
Eiber School Community Garden,EIB-V-62,EIB,vane,62,thrips,Insecta,Thysanoptera,Thripidae,,,Herbivore,July,15-07-2025,18-07-2025,39.7370155,-105.1062374,1691,Jefferson
Eiber School Community Garden,EIB-V-63,EIB,vane,63,thrips,Insecta,Thysanoptera,Thripidae,,,Herbivore,July,15-07-2025,18-07-2025,39.7370155,-105.1062374,1691,Jefferson
Eiber School Community Garden,EIB-V-64,EIB,vane,64,thrips,Insecta,Thysanoptera,Thripidae,,,Herbivore,July,15-07-2025,18-07-2025,39.7370155,-105.1062374,1691,Jefferson
Eiber School Community Garden,EIB-V-65,EIB,vane,65,thrips,Insecta,Thysanoptera,Thripidae,,,Herbivore,July,15-07-2025,18-07-2025,39.7370155,-105.1062374,1691,Jefferson
Eiber School Community Garden,EIB-V-66,EIB,vane,66,thrips,Insecta,Thysanoptera,Thripidae,,,Herbivore,July,15-07-2025,18-07-2025,39.7370155,-105.1062374,1691,Jefferson
Eiber School Community Garden,EIB-V-67,EIB,vane,67,thrips,Insecta,Thysanoptera,Thripidae,,,Herbivore,July,15-07-2025,18-07-2025,39.7370155,-105.1062374,1691,Jefferson
Eiber School Community Garden,EIB-V-68,EIB,vane,68,thrips,Insecta,Thysanoptera,Thripidae,,,Herbivore,July,15-07-2025,18-07-2025,39.7370155,-105.1062374,1691,Jefferson
Eiber School Community Garden,EIB-V-69,EIB,vane,69,thrips,Insecta,Thysanoptera,Thripidae,,,Herbivore,July,15-07-2025,18-07-2025,39.7370155,-105.1062374,1691,Jefferson
Eiber School Community Garden,EIB-V-70,EIB,vane,70,thrips,Insecta,Thysanoptera,Thripidae,,,Herbivore,July,15-07-2025,18-07-2025,39.7370155,-105.1062374,1691,Jefferson
Eiber School Community Garden,EIB-V-71,EIB,vane,71,thrips,Insecta,Thysanoptera,Thripidae,,,Herbivore,July,15-07-2025,18-07-2025,39.7370155,-105.1062374,1691,Jefferson
Eiber School Community Garden,EIB-V-72,EIB,vane,72,thrips,Insecta,Thysanoptera,Thripidae,,,Herbivore,July,15-07-2025,18-07-2025,39.7370155,-105.1062374,1691,Jefferson
Eiber School Community Garden,EIB-V-73,EIB,vane,73,thrips,Insecta,Thysanoptera,Thripidae,,,Herbivore,July,15-07-2025,18-07-2025,39.7370155,-105.1062374,1691,Jefferson
Eiber School Community Garden,EIB-V-74,EIB,vane,74,thrips,Insecta,Thysanoptera,Thripidae,,,Herbivore,July,15-07-2025,18-07-2025,39.7370155,-105.1062374,1691,Jefferson
Eiber School Community Garden,EIB-V-75,EIB,vane,75,thrips,Insecta,Thysanoptera,Thripidae,,,Herbivore,July,15-07-2025,18-07-2025,39.7370155,-105.1062374,1691,Jefferson
Eiber School Community Garden,EIB-V-76,EIB,vane,76,thrips,Insecta,Thysanoptera,Thripidae,,,Herbivore,July,15-07-2025,18-07-2025,39.7370155,-105.1062374,1691,Jefferson
Eiber School Community Garden,EIB-V-77,EIB,vane,77,thrips,Insecta,Thysanoptera,Thripidae,,,Herbivore,July,15-07-2025,18-07-2025,39.7370155,-105.1062374,1691,Jefferson
Eiber School Community Garden,EIB-V-78,EIB,vane,78,thrips,Insecta,Thysanoptera,Thripidae,,,Herbivore,July,15-07-2025,18-07-2025,39.7370155,-105.1062374,1691,Jefferson
Eiber School Community Garden,EIB-V-79,EIB,vane,79,thrips,Insecta,Thysanoptera,Thripidae,,,Herbivore,July,15-07-2025,18-07-2025,39.7370155,-105.1062374,1691,Jefferson
Eiber School Community Garden,EIB-V-80,EIB,vane,80,thrips,Insecta,Thysanoptera,Thripidae,,,Herbivore,July,15-07-2025,18-07-2025,39.7370155,-105.1062374,1691,Jefferson
Eiber School Community Garden,EIB-V-81,EIB,vane,81,thrips,Insecta,Thysanoptera,Thripidae,,,Herbivore,July,15-07-2025,18-07-2025,39.7370155,-105.1062374,1691,Jefferson
Eiber School Community Garden,EIB-V-82,EIB,vane,82,thrips,Insecta,Thysanoptera,Thripidae,,,Herbivore,July,15-07-2025,18-07-2025,39.7370155,-105.1062374,1691,Jefferson
Eiber School Community Garden,EIB-V-83,EIB,vane,83,thrips,Insecta,Thysanoptera,Thripidae,,,Herbivore,July,15-07-2025,18-07-2025,39.7370155,-105.1062374,1691,Jefferson
Eiber School Community Garden,EIB-V-84,EIB,vane,84,thrips,Insecta,Thysanoptera,Thripidae,,,Herbivore,July,15-07-2025,18-07-2025,39.7370155,-105.1062374,1691,Jefferson
Eiber School Community Garden,EIB-V-85,EIB,vane,85,thrips,Insecta,Thysanoptera,Thripidae,,,Herbivore,July,15-07-2025,18-07-2025,39.7370155,-105.1062374,1691,Jefferson
Eiber School Community Garden,EIB-V-86,EIB,vane,86,thrips,Insecta,Thysanoptera,Thripidae,,,Herbivore,July,15-07-2025,18-07-2025,39.7370155,-105.1062374,1691,Jefferson
Eiber School Community Garden,EIB-V-87,EIB,vane,87,thrips,Insecta,Thysanoptera,Thripidae,,,Herbivore,July,15-07-2025,18-07-2025,39.7370155,-105.1062374,1691,Jefferson
Eiber School Community Garden,EIB-V-88,EIB,vane,88,thrips,Insecta,Thysanoptera,Thripidae,,,Herbivore,July,15-07-2025,18-07-2025,39.7370155,-105.1062374,1691,Jefferson
Eiber School Community Garden,EIB-V-89,EIB,vane,89,thrips,Insecta,Thysanoptera,Thripidae,,,Herbivore,July,15-07-2025,18-07-2025,39.7370155,-105.1062374,1691,Jefferson
Eiber School Community Garden,EIB-V-90,EIB,vane,90,thrips,Insecta,Thysanoptera,Thripidae,,,Herbivore,July,15-07-2025,18-07-2025,39.7370155,-105.1062374,1691,Jefferson
Eiber School Community Garden,EIB-V-91,EIB,vane,91,thrips,Insecta,Thysanoptera,Thripidae,,,Herbivore,July,15-07-2025,18-07-2025,39.7370155,-105.1062374,1691,Jefferson
Eiber School Community Garden,EIB-V-92,EIB,vane,92,thrips,Insecta,Thysanoptera,Thripidae,,,Herbivore,July,15-07-2025,18-07-2025,39.7370155,-105.1062374,1691,Jefferson
Eiber School Community Garden,EIB-V-93,EIB,vane,93,thrips,Insecta,Thysanoptera,Thripidae,,,Herbivore,July,15-07-2025,18-07-2025,39.7370155,-105.1062374,1691,Jefferson
Eiber School Community Garden,EIB-V-94,EIB,vane,94,thrips,Insecta,Thysanoptera,Thripidae,,,Herbivore,July,15-07-2025,18-07-2025,39.7370155,-105.1062374,1691,Jefferson
Eiber School Community Garden,EIB-V-95,EIB,vane,95,thrips,Insecta,Thysanoptera,Thripidae,,,Herbivore,July,15-07-2025,18-07-2025,39.7370155,-105.1062374,1691,Jefferson
Eiber School Community Garden,EIB-V-96,EIB,vane,96,thrips,Insecta,Thysanoptera,Thripidae,,,Herbivore,July,15-07-2025,18-07-2025,39.7370155,-105.1062374,1691,Jefferson
Eiber School Community Garden,EIB-V-97,EIB,vane,97,thrips,Insecta,Thysanoptera,Thripidae,,,Herbivore,July,15-07-2025,18-07-2025,39.7370155,-105.1062374,1691,Jefferson
Eiber School Community Garden,EIB-V-98,EIB,vane,98,thrips,Insecta,Thysanoptera,Thripidae,,,Herbivore,July,15-07-2025,18-07-2025,39.7370155,-105.1062374,1691,Jefferson
Eiber School Community Garden,EIB-V-99,EIB,vane,99,thrips,Insecta,Thysanoptera,Thripidae,,,Herbivore,July,15-07-2025,18-07-2025,39.7370155,-105.1062374,1691,Jefferson
Eiber School Community Garden,EIB-V-100,EIB,vane,100,thrips,Insecta,Thysanoptera,Thripidae,,,Herbivore,July,15-07-2025,18-07-2025,39.7370155,-105.1062374,1691,Jefferson
Eiber School Community Garden,EIB-V-101,EIB,vane,101,thrips,Insecta,Thysanoptera,Thripidae,,,Herbivore,July,15-07-2025,18-07-2025,39.7370155,-105.1062374,1691,Jefferson
Eiber School Community Garden,EIB-V-102,EIB,vane,102,thrips,Insecta,Thysanoptera,Thripidae,,,Herbivore,July,15-07-2025,18-07-2025,39.7370155,-105.1062374,1691,Jefferson
Eiber School Community Garden,EIB-V-103,EIB,vane,103,thrips,Insecta,Thysanoptera,Thripidae,,,Herbivore,July,15-07-2025,18-07-2025,39.7370155,-105.1062374,1691,Jefferson
Eiber School Community Garden,EIB-V-104,EIB,vane,104,thrips,Insecta,Thysanoptera,Thripidae,,,Herbivore,July,15-07-2025,18-07-2025,39.7370155,-105.1062374,1691,Jefferson
Eiber School Community Garden,EIB-V-105,EIB,vane,105,thrips,Insecta,Thysanoptera,Thripidae,,,Herbivore,July,15-07-2025,18-07-2025,39.7370155,-105.1062374,1691,Jefferson
Eiber School Community Garden,EIB-V-106,EIB,vane,106,thrips,Insecta,Thysanoptera,Thripidae,,,Herbivore,July,15-07-2025,18-07-2025,39.7370155,-105.1062374,1691,Jefferson
Eiber School Community Garden,EIB-V-107,EIB,vane,107,thrips,Insecta,Thysanoptera,Thripidae,,,Herbivore,July,15-07-2025,18-07-2025,39.7370155,-105.1062374,1691,Jefferson
Eiber School Community Garden,EIB-V-108,EIB,vane,108,thrips,Insecta,Thysanoptera,Thripidae,,,Herbivore,July,15-07-2025,18-07-2025,39.7370155,-105.1062374,1691,Jefferson
Eiber School Community Garden,EIB-V-109,EIB,vane,109,thrips,Insecta,Thysanoptera,Thripidae,,,Herbivore,July,15-07-2025,18-07-2025,39.7370155,-105.1062374,1691,Jefferson
Eiber School Community Garden,EIB-V-110,EIB,vane,110,thrips,Insecta,Thysanoptera,Thripidae,,,Herbivore,July,15-07-2025,18-07-2025,39.7370155,-105.1062374,1691,Jefferson
Eiber School Community Garden,EIB-V-111,EIB,vane,111,thrips,Insecta,Thysanoptera,Thripidae,,,Herbivore,July,15-07-2025,18-07-2025,39.7370155,-105.1062374,1691,Jefferson
Eiber School Community Garden,EIB-V-112,EIB,vane,112,thrips,Insecta,Thysanoptera,Thripidae,,,Herbivore,July,15-07-2025,18-07-2025,39.7370155,-105.1062374,1691,Jefferson
Eiber School Community Garden,EIB-V-113,EIB,vane,113,thrips,Insecta,Thysanoptera,Thripidae,,,Herbivore,July,15-07-2025,18-07-2025,39.7370155,-105.1062374,1691,Jefferson
Eiber School Community Garden,EIB-V-114,EIB,vane,114,thrips,Insecta,Thysanoptera,Thripidae,,,Herbivore,July,15-07-2025,18-07-2025,39.7370155,-105.1062374,1691,Jefferson
Eiber School Community Garden,EIB-V-115,EIB,vane,115,thrips,Insecta,Thysanoptera,Thripidae,,,Herbivore,July,15-07-2025,18-07-2025,39.7370155,-105.1062374,1691,Jefferson
Eiber School Community Garden,EIB-V-116,EIB,vane,116,thrips,Insecta,Thysanoptera,Thripidae,,,Herbivore,July,15-07-2025,18-07-2025,39.7370155,-105.1062374,1691,Jefferson
Eiber School Community Garden,EIB-V-117,EIB,vane,117,thrips,Insecta,Thysanoptera,Thripidae,,,Herbivore,July,15-07-2025,18-07-2025,39.7370155,-105.1062374,1691,Jefferson
Eiber School Community Garden,EIB-V-118,EIB,vane,118,thrips,Insecta,Thysanoptera,Thripidae,,,Herbivore,July,15-07-2025,18-07-2025,39.7370155,-105.1062374,1691,Jefferson
Eiber School Community Garden,EIB-V-119,EIB,vane,119,thrips,Insecta,Thysanoptera,Thripidae,,,Herbivore,July,15-07-2025,18-07-2025,39.7370155,-105.1062374,1691,Jefferson
Eiber School Community Garden,EIB-V-120,EIB,vane,120,thrips,Insecta,Thysanoptera,Thripidae,,,Herbivore,July,15-07-2025,18-07-2025,39.7370155,-105.1062374,1691,Jefferson
Eiber School Community Garden,EIB-V-121,EIB,vane,121,thrips,Insecta,Thysanoptera,Thripidae,,,Herbivore,July,15-07-2025,18-07-2025,39.7370155,-105.1062374,1691,Jefferson
Eiber School Community Garden,EIB-V-122,EIB,vane,122,thrips,Insecta,Thysanoptera,Thripidae,,,Herbivore,July,15-07-2025,18-07-2025,39.7370155,-105.1062374,1691,Jefferson
Eiber School Community Garden,EIB-V-123,EIB,vane,123,thrips,Insecta,Thysanoptera,Thripidae,,,Herbivore,July,15-07-2025,18-07-2025,39.7370155,-105.1062374,1691,Jefferson
Eiber School Community Garden,EIB-V-124,EIB,vane,124,thrips,Insecta,Thysanoptera,Thripidae,,,Herbivore,July,15-07-2025,18-07-2025,39.7370155,-105.1062374,1691,Jefferson
Eiber School Community Garden,EIB-V-125,EIB,vane,125,thrips,Insecta,Thysanoptera,Thripidae,,,Herbivore,July,15-07-2025,18-07-2025,39.7370155,-105.1062374,1691,Jefferson
Eiber School Community Garden,EIB-V-126,EIB,vane,126,thrips,Insecta,Thysanoptera,Thripidae,,,Herbivore,July,15-07-2025,18-07-2025,39.7370155,-105.1062374,1691,Jefferson
Eiber School Community Garden,EIB-V-127,EIB,vane,127,thrips,Insecta,Thysanoptera,Thripidae,,,Herbivore,July,15-07-2025,18-07-2025,39.7370155,-105.1062374,1691,Jefferson
Eiber School Community Garden,EIB-V-128,EIB,vane,128,thrips,Insecta,Thysanoptera,Thripidae,,,Herbivore,July,15-07-2025,18-07-2025,39.7370155,-105.1062374,1691,Jefferson
Eiber School Community Garden,EIB-V-129,EIB,vane,129,thrips,Insecta,Thysanoptera,Thripidae,,,Herbivore,July,15-07-2025,18-07-2025,39.7370155,-105.1062374,1691,Jefferson
Eiber School Community Garden,EIB-V-130,EIB,vane,130,thrips,Insecta,Thysanoptera,Thripidae,,,Herbivore,July,15-07-2025,18-07-2025,39.7370155,-105.1062374,1691,Jefferson
Eiber School Community Garden,EIB-V-131,EIB,vane,131,thrips,Insecta,Thysanoptera,Thripidae,,,Herbivore,July,15-07-2025,18-07-2025,39.7370155,-105.1062374,1691,Jefferson
Eiber School Community Garden,EIB-V-132,EIB,vane,132,thrips,Insecta,Thysanoptera,Thripidae,,,Herbivore,July,15-07-2025,18-07-2025,39.7370155,-105.1062374,1691,Jefferson
Eiber School Community Garden,EIB-V-133,EIB,vane,133,thrips,Insecta,Thysanoptera,Thripidae,,,Herbivore,July,15-07-2025,18-07-2025,39.7370155,-105.1062374,1691,Jefferson
Eiber School Community Garden,EIB-V-134,EIB,vane,134,thrips,Insecta,Thysanoptera,Thripidae,,,Herbivore,July,15-07-2025,18-07-2025,39.7370155,-105.1062374,1691,Jefferson
Eiber School Community Garden,EIB-V-135,EIB,vane,135,thrips,Insecta,Thysanoptera,Thripidae,,,Herbivore,July,15-07-2025,18-07-2025,39.7370155,-105.1062374,1691,Jefferson
Eiber School Community Garden,EIB-V-136,EIB,vane,136,thrips,Insecta,Thysanoptera,Thripidae,,,Herbivore,July,15-07-2025,18-07-2025,39.7370155,-105.1062374,1691,Jefferson
Eiber School Community Garden,EIB-V-137,EIB,vane,137,thrips,Insecta,Thysanoptera,Thripidae,,,Herbivore,July,15-07-2025,18-07-2025,39.7370155,-105.1062374,1691,Jefferson
Eiber School Community Garden,EIB-V-138,EIB,vane,138,thrips,Insecta,Thysanoptera,Thripidae,,,Herbivore,July,15-07-2025,18-07-2025,39.7370155,-105.1062374,1691,Jefferson
Eiber School Community Garden,EIB-V-139,EIB,vane,139,thrips,Insecta,Thysanoptera,Thripidae,,,Herbivore,July,15-07-2025,18-07-2025,39.7370155,-105.1062374,1691,Jefferson
Eiber School Community Garden,EIB-V-140,EIB,vane,140,thrips,Insecta,Thysanoptera,Thripidae,,,Herbivore,July,15-07-2025,18-07-2025,39.7370155,-105.1062374,1691,Jefferson
Eiber School Community Garden,EIB-V-141,EIB,vane,141,thrips,Insecta,Thysanoptera,Thripidae,,,Herbivore,July,15-07-2025,18-07-2025,39.7370155,-105.1062374,1691,Jefferson
Eiber School Community Garden,EIB-V-142,EIB,vane,142,thrips,Insecta,Thysanoptera,Thripidae,,,Herbivore,July,15-07-2025,18-07-2025,39.7370155,-105.1062374,1691,Jefferson
Eiber School Community Garden,EIB-V-143,EIB,vane,143,thrips,Insecta,Thysanoptera,Thripidae,,,Herbivore,July,15-07-2025,18-07-2025,39.7370155,-105.1062374,1691,Jefferson
Eiber School Community Garden,EIB-V-144,EIB,vane,144,thrips,Insecta,Thysanoptera,Thripidae,,,Herbivore,July,15-07-2025,18-07-2025,39.7370155,-105.1062374,1691,Jefferson
Eiber School Community Garden,EIB-V-145,EIB,vane,145,thrips,Insecta,Thysanoptera,Thripidae,,,Herbivore,July,15-07-2025,18-07-2025,39.7370155,-105.1062374,1691,Jefferson
Eiber School Community Garden,EIB-V-146,EIB,vane,146,thrips,Insecta,Thysanoptera,Thripidae,,,Herbivore,July,15-07-2025,18-07-2025,39.7370155,-105.1062374,1691,Jefferson
Eiber School Community Garden,EIB-V-147,EIB,vane,147,thrips,Insecta,Thysanoptera,Thripidae,,,Herbivore,July,15-07-2025,18-07-2025,39.7370155,-105.1062374,1691,Jefferson
Eiber School Community Garden,EIB-V-148,EIB,vane,148,thrips,Insecta,Thysanoptera,Thripidae,,,Herbivore,July,15-07-2025,18-07-2025,39.7370155,-105.1062374,1691,Jefferson
Eiber School Community Garden,EIB-V-149,EIB,vane,149,thrips,Insecta,Thysanoptera,Thripidae,,,Herbivore,July,15-07-2025,18-07-2025,39.7370155,-105.1062374,1691,Jefferson
Eiber School Community Garden,EIB-V-150,EIB,vane,150,thrips,Insecta,Thysanoptera,Thripidae,,,Herbivore,July,15-07-2025,18-07-2025,39.7370155,-105.1062374,1691,Jefferson
Eiber School Community Garden,EIB-V-151,EIB,vane,151,thrips,Insecta,Thysanoptera,Thripidae,,,Herbivore,July,15-07-2025,18-07-2025,39.7370155,-105.1062374,1691,Jefferson
Eiber School Community Garden,EIB-V-152,EIB,vane,152,thrips,Insecta,Thysanoptera,Thripidae,,,Herbivore,July,15-07-2025,18-07-2025,39.7370155,-105.1062374,1691,Jefferson
Eiber School Community Garden,EIB-V-153,EIB,vane,153,thrips,Insecta,Thysanoptera,Thripidae,,,Herbivore,July,15-07-2025,18-07-2025,39.7370155,-105.1062374,1691,Jefferson
Eiber School Community Garden,EIB-V-154,EIB,vane,154,thrips,Insecta,Thysanoptera,Thripidae,,,Herbivore,July,15-07-2025,18-07-2025,39.7370155,-105.1062374,1691,Jefferson
Eiber School Community Garden,EIB-V-155,EIB,vane,155,thrips,Insecta,Thysanoptera,Thripidae,,,Herbivore,July,15-07-2025,18-07-2025,39.7370155,-105.1062374,1691,Jefferson
Eiber School Community Garden,EIB-V-156,EIB,vane,156,thrips,Insecta,Thysanoptera,Thripidae,,,Herbivore,July,15-07-2025,18-07-2025,39.7370155,-105.1062374,1691,Jefferson
Eiber School Community Garden,EIB-V-157,EIB,vane,157,thrips,Insecta,Thysanoptera,Thripidae,,,Herbivore,July,15-07-2025,18-07-2025,39.7370155,-105.1062374,1691,Jefferson
Eiber School Community Garden,EIB-V-158,EIB,vane,158,thrips,Insecta,Thysanoptera,Thripidae,,,Herbivore,July,15-07-2025,18-07-2025,39.7370155,-105.1062374,1691,Jefferson
Eiber School Community Garden,EIB-V-159,EIB,vane,159,thrips,Insecta,Thysanoptera,Thripidae,,,Herbivore,July,15-07-2025,18-07-2025,39.7370155,-105.1062374,1691,Jefferson
Eiber School Community Garden,EIB-V-160,EIB,vane,160,thrips,Insecta,Thysanoptera,Thripidae,,,Herbivore,July,15-07-2025,18-07-2025,39.7370155,-105.1062374,1691,Jefferson
Eiber School Community Garden,EIB-V-161,EIB,vane,161,thrips,Insecta,Thysanoptera,Thripidae,,,Herbivore,July,15-07-2025,18-07-2025,39.7370155,-105.1062374,1691,Jefferson
Eiber School Community Garden,EIB-V-162,EIB,vane,162,thrips,Insecta,Thysanoptera,Thripidae,,,Herbivore,July,15-07-2025,18-07-2025,39.7370155,-105.1062374,1691,Jefferson
Eiber School Community Garden,EIB-V-163,EIB,vane,163,thrips,Insecta,Thysanoptera,Thripidae,,,Herbivore,July,15-07-2025,18-07-2025,39.7370155,-105.1062374,1691,Jefferson
Eiber School Community Garden,EIB-V-164,EIB,vane,164,thrips,Insecta,Thysanoptera,Thripidae,,,Herbivore,July,15-07-2025,18-07-2025,39.7370155,-105.1062374,1691,Jefferson
Eiber School Community Garden,EIB-V-165,EIB,vane,165,longhorn bee,Insecta,Hymenoptera,Apidae,,,Pollinator,July,15-07-2025,18-07-2025,39.7370155,-105.1062374,1691,Jefferson
Eiber School Community Garden,EIB-V-166,EIB,vane,166,bumblebee,Insecta,Hymenoptera,Apidae,Bombus,,Pollinator,July,15-07-2025,18-07-2025,39.7370155,-105.1062374,1691,Jefferson
Eiber School Community Garden,EIB-V-167,EIB,vane,167,longhorn bee,Insecta,Hymenoptera,Apidae,,,Pollinator,July,15-07-2025,18-07-2025,39.7370155,-105.1062374,1691,Jefferson
Eiber School Community Garden,EIB-V-168,EIB,vane,168,longhorn bee,Insecta,Hymenoptera,Apidae,,,Pollinator,July,15-07-2025,18-07-2025,39.7370155,-105.1062374,1691,Jefferson
Eiber School Community Garden,EIB-V-169,EIB,vane,169,honeybee,Insecta,Hymenoptera,Apidae,Apis,mellifera,Pollinator,July,15-07-2025,18-07-2025,39.7370155,-105.1062374,1691,Jefferson
Eiber School Community Garden,EIB-V-170,EIB,vane,170,m. bimaculatus,Insecta,Hymenoptera,Apidae,Melissodes,bimaculatus,Pollinator,July,15-07-2025,18-07-2025,39.7370155,-105.1062374,1691,Jefferson
Eiber School Community Garden,EIB-V-171,EIB,vane,171,longhorn bee,Insecta,Hymenoptera,Apidae,,,Pollinator,July,15-07-2025,18-07-2025,39.7370155,-105.1062374,1691,Jefferson
Eiber School Community Garden,EIB-V-172,EIB,vane,172,longhorn bee,Insecta,Hymenoptera,Apidae,,,Pollinator,July,15-07-2025,18-07-2025,39.7370155,-105.1062374,1691,Jefferson
Eiber School Community Garden,EIB-V-173,EIB,vane,173,bee,Insecta,Hymenoptera,,,,Pollinator,July,15-07-2025,18-07-2025,39.7370155,-105.1062374,1691,Jefferson
Eiber School Community Garden,EIB-V-174,EIB,vane,174,bee,Insecta,Hymenoptera,,,,Pollinator,July,15-07-2025,18-07-2025,39.7370155,-105.1062374,1691,Jefferson
Eiber School Community Garden,EIB-V-175,EIB,vane,175,bumble flower beetle,Insecta,Coleoptera,Scarabaeidae,Euphoria,inda,Detritivore,July,15-07-2025,18-07-2025,39.7370155,-105.1062374,1691,Jefferson
Eiber School Community Garden,EIB-V-176,EIB,vane,176,japanese beetle,Insecta,Coleoptera,Scarabaeidae,Popillia,japonica,Herbivore,July,15-07-2025,18-07-2025,39.7370155,-105.1062374,1691,Jefferson
Eiber School Community Garden,EIB-V-177,EIB,vane,177,japanese beetle,Insecta,Coleoptera,Scarabaeidae,Popillia,japonica,Herbivore,July,15-07-2025,18-07-2025,39.7370155,-105.1062374,1691,Jefferson
Eiber School Community Garden,EIB-V-178,EIB,vane,178,japanese beetle,Insecta,Coleoptera,Scarabaeidae,Popillia,japonica,Herbivore,July,15-07-2025,18-07-2025,39.7370155,-105.1062374,1691,Jefferson
Eiber School Community Garden,EIB-V-179,EIB,vane,179,japanese beetle,Insecta,Coleoptera,Scarabaeidae,Popillia,japonica,Herbivore,July,15-07-2025,18-07-2025,39.7370155,-105.1062374,1691,Jefferson
Eiber School Community Garden,EIB-V-180,EIB,vane,180,japanese beetle,Insecta,Coleoptera,Scarabaeidae,Popillia,japonica,Herbivore,July,15-07-2025,18-07-2025,39.7370155,-105.1062374,1691,Jefferson
Eiber School Community Garden,EIB-V-181,EIB,vane,181,japanese beetle,Insecta,Coleoptera,Scarabaeidae,Popillia,japonica,Herbivore,July,15-07-2025,18-07-2025,39.7370155,-105.1062374,1691,Jefferson
Eiber School Community Garden,EIB-V-182,EIB,vane,182,japanese beetle,Insecta,Coleoptera,Scarabaeidae,Popillia,japonica,Herbivore,July,15-07-2025,18-07-2025,39.7370155,-105.1062374,1691,Jefferson
Eiber School Community Garden,EIB-V-183,EIB,vane,183,japanese beetle,Insecta,Coleoptera,Scarabaeidae,Popillia,japonica,Herbivore,July,15-07-2025,18-07-2025,39.7370155,-105.1062374,1691,Jefferson
Eiber School Community Garden,EIB-V-184,EIB,vane,184,japanese beetle,Insecta,Coleoptera,Scarabaeidae,Popillia,japonica,Herbivore,July,15-07-2025,18-07-2025,39.7370155,-105.1062374,1691,Jefferson
Eiber School Community Garden,EIB-V-185,EIB,vane,185,longhorn bee,Insecta,Hymenoptera,Apidae,,,Pollinator,July,15-07-2025,18-07-2025,39.7370155,-105.1062374,1691,Jefferson
Eiber School Community Garden,EIB-V-186,EIB,vane,186,beetle ,Insecta,Coleoptera,,,,,July,15-07-2025,18-07-2025,39.7370155,-105.1062374,1691,Jefferson
Eiber School Community Garden,EIB-V-187,EIB,vane,187,small bee,Insecta,Hymenoptera,,,,Pollinator,July,15-07-2025,18-07-2025,39.7370155,-105.1062374,1691,Jefferson
Eiber School Community Garden,EIB-V-188,EIB,vane,188,muscid fly,Insecta,Diptera,,,,,July,15-07-2025,18-07-2025,39.7370155,-105.1062374,1691,Jefferson
Eiber School Community Garden,EIB-V-189,EIB,vane,189,muscid fly,Insecta,Diptera,,,,,July,15-07-2025,18-07-2025,39.7370155,-105.1062374,1691,Jefferson
Eiber School Community Garden,EIB-V-190,EIB,vane,190,muscid fly,Insecta,Diptera,,,,,July,15-07-2025,18-07-2025,39.7370155,-105.1062374,1691,Jefferson
Eiber School Community Garden,EIB-V-191,EIB,vane,191,muscid fly,Insecta,Diptera,,,,,July,15-07-2025,18-07-2025,39.7370155,-105.1062374,1691,Jefferson
Eiber School Community Garden,EIB-V-192,EIB,vane,192,muscid fly,Insecta,Diptera,,,,,July,15-07-2025,18-07-2025,39.7370155,-105.1062374,1691,Jefferson
Eiber School Community Garden,EIB-V-193,EIB,vane,193,muscid fly,Insecta,Diptera,,,,,July,15-07-2025,18-07-2025,39.7370155,-105.1062374,1691,Jefferson
Eiber School Community Garden,EIB-V-194,EIB,vane,194,muscid fly,Insecta,Diptera,,,,,July,15-07-2025,18-07-2025,39.7370155,-105.1062374,1691,Jefferson
Eiber School Community Garden,EIB-V-195,EIB,vane,195,muscid fly,Insecta,Diptera,,,,,July,15-07-2025,18-07-2025,39.7370155,-105.1062374,1691,Jefferson
Eiber School Community Garden,EIB-V-196,EIB,vane,196,muscid fly,Insecta,Diptera,,,,,July,15-07-2025,18-07-2025,39.7370155,-105.1062374,1691,Jefferson
Eiber School Community Garden,EIB-V-197,EIB,vane,197,ant,Insecta,Hymenoptera,Formicidae,,,,July,15-07-2025,18-07-2025,39.7370155,-105.1062374,1691,Jefferson
Eiber School Community Garden,EIB-V-198,EIB,vane,198,ant,Insecta,Hymenoptera,Formicidae,,,,July,15-07-2025,18-07-2025,39.7370155,-105.1062374,1691,Jefferson
Eiber School Community Garden,EIB-V-199,EIB,vane,199,leaf hopper ,Insecta,Hemiptera,Cicadellidae,,,,July,15-07-2025,18-07-2025,39.7370155,-105.1062374,1691,Jefferson
Eiber School Community Garden,EIB-V-200,EIB,vane,200,bark beetle,Insecta,Coleoptera,Curculionidae,Scolytus,,Herbivore,July,15-07-2025,18-07-2025,39.7370155,-105.1062374,1691,Jefferson
Eiber School Community Garden,EIB-P-1,EIB,pitfall-1,1,spider,Arachnida,Araneae,,,,Predator,July,15-07-2025,18-07-2025,39.7370155,-105.1062374,1691,Jefferson
Eiber School Community Garden,EIB-P-2,EIB,pitfall-1,2,spider,Arachnida,Araneae,,,,Predator,July,15-07-2025,18-07-2025,39.7370155,-105.1062374,1691,Jefferson
Eiber School Community Garden,EIB-P-3,EIB,pitfall-1,3,spider,Arachnida,Araneae,,,,Predator,July,15-07-2025,18-07-2025,39.7370155,-105.1062374,1691,Jefferson
Eiber School Community Garden,EIB-P-4,EIB,pitfall-1,4,spider,Arachnida,Araneae,,,,Predator,July,15-07-2025,18-07-2025,39.7370155,-105.1062374,1691,Jefferson
Eiber School Community Garden,EIB-P-5,EIB,pitfall-1,5,spider,Arachnida,Araneae,,,,Predator,July,15-07-2025,18-07-2025,39.7370155,-105.1062374,1691,Jefferson
Eiber School Community Garden,EIB-P-6,EIB,pitfall-1,6,spider,Arachnida,Araneae,,,,Predator,July,15-07-2025,18-07-2025,39.7370155,-105.1062374,1691,Jefferson
Eiber School Community Garden,EIB-P-7,EIB,pitfall-1,7,spider,Arachnida,Araneae,,,,Predator,July,15-07-2025,18-07-2025,39.7370155,-105.1062374,1691,Jefferson
Eiber School Community Garden,EIB-P-8,EIB,pitfall-1,8,spider,Arachnida,Araneae,,,,Predator,July,15-07-2025,18-07-2025,39.7370155,-105.1062374,1691,Jefferson
Eiber School Community Garden,EIB-P-9,EIB,pitfall-1,9,harvestman,Arachnida,Opiliones,,,,Predator/Scavenger,July,15-07-2025,18-07-2025,39.7370155,-105.1062374,1691,Jefferson
Eiber School Community Garden,EIB-P-10,EIB,pitfall-1,10,harvestman,Arachnida,Opiliones,,,,Predator/Scavenger,July,15-07-2025,18-07-2025,39.7370155,-105.1062374,1691,Jefferson
Eiber School Community Garden,EIB-P-11,EIB,pitfall-1,11,muscid fly,Insecta,Diptera,Muscidae,,,,July,15-07-2025,18-07-2025,39.7370155,-105.1062374,1691,Jefferson
Eiber School Community Garden,EIB-P-12,EIB,pitfall-1,12,leafhopper,Insecta,Hemiptera,Cicadellidae,Anascopus,serratulae,Herbivore,July,15-07-2025,18-07-2025,39.7370155,-105.1062374,1691,Jefferson
Eiber School Community Garden,EIB-P-13,EIB,pitfall-1,13,beetle ,Insecta,Coleoptera,,,,,July,15-07-2025,18-07-2025,39.7370155,-105.1062374,1691,Jefferson
Eiber School Community Garden,EIB-P-14,EIB,pitfall-2,14,ant,Insecta,Hymenoptera,Formicidae,,,,July,15-07-2025,18-07-2025,39.7370155,-105.1062374,1691,Jefferson
Eiber School Community Garden,EIB-P-15,EIB,pitfall-2,15,spider,Arachnida,Araneae,,,,Predator,July,15-07-2025,18-07-2025,39.7370155,-105.1062374,1691,Jefferson
Eiber School Community Garden,EIB-P-16,EIB,pitfall-2,16,spider,Arachnida,Araneae,,,,Predator,July,15-07-2025,18-07-2025,39.7370155,-105.1062374,1691,Jefferson
Gables School and Community Garden,GABL-V-1,GABL,vane,1,pirate bug,Insecta,Hemiptera,Anthocoridae,Orius,,Predator,July,15-07-2025,18-07-2025,39.67926421,-105.0937713,1700,Jefferson
Gables School and Community Garden,GABL-V-2,GABL,vane,2,tiny beetle ,Insecta,Coleoptera,,,,,July,15-07-2025,18-07-2025,39.67926421,-105.0937713,1700,Jefferson
Gables School and Community Garden,GABL-V-3,GABL,vane,3,tiny beetle ,Insecta,Coleoptera,,,,,July,15-07-2025,18-07-2025,39.67926421,-105.0937713,1700,Jefferson
Gables School and Community Garden,GABL-V-4,GABL,vane,4,pirate bug,Insecta,Hemiptera,Anthocoridae,Orius,,Predator,July,15-07-2025,18-07-2025,39.67926421,-105.0937713,1700,Jefferson
Gables School and Community Garden,GABL-V-5,GABL,vane,5,pirate bug,Insecta,Hemiptera,Anthocoridae,Orius,,Predator,July,15-07-2025,18-07-2025,39.67926421,-105.0937713,1700,Jefferson
Gables School and Community Garden,GABL-V-6,GABL,vane,6,pirate bug,Insecta,Hemiptera,Anthocoridae,Orius,,Predator,July,15-07-2025,18-07-2025,39.67926421,-105.0937713,1700,Jefferson
Gables School and Community Garden,GABL-V-7,GABL,vane,7,pirate bug,Insecta,Hemiptera,Anthocoridae,Orius,,Predator,July,15-07-2025,18-07-2025,39.67926421,-105.0937713,1700,Jefferson
Gables School and Community Garden,GABL-V-8,GABL,vane,8,pirate bug,Insecta,Hemiptera,Anthocoridae,Orius,,Predator,July,15-07-2025,18-07-2025,39.67926421,-105.0937713,1700,Jefferson
Gables School and Community Garden,GABL-V-9,GABL,vane,9,tiny beetle ,Insecta,Coleoptera,,,,,July,15-07-2025,18-07-2025,39.67926421,-105.0937713,1700,Jefferson
Gables School and Community Garden,GABL-V-10,GABL,vane,10,tiny mosquito ,Insecta,Diptera,Culicidae,,,Sanguivore,July,15-07-2025,18-07-2025,39.67926421,-105.0937713,1700,Jefferson
Gables School and Community Garden,GABL-V-11,GABL,vane,11,winged ant,Insecta,Hymenoptera,Formicidae,,,,July,15-07-2025,18-07-2025,39.67926421,-105.0937713,1700,Jefferson
Gables School and Community Garden,GABL-V-12,GABL,vane,12,tiny spider,Arachnida,Araneae,,,,Predator,July,15-07-2025,18-07-2025,39.67926421,-105.0937713,1700,Jefferson
Gables School and Community Garden,GABL-V-13,GABL,vane,13,thrips ,Insecta,Thysanoptera,,,,Herbivore,July,15-07-2025,18-07-2025,39.67926421,-105.0937713,1700,Jefferson
Gables School and Community Garden,GABL-V-14,GABL,vane,14,thrips ,Insecta,Thysanoptera,,,,Herbivore,July,15-07-2025,18-07-2025,39.67926421,-105.0937713,1700,Jefferson
Gables School and Community Garden,GABL-V-15,GABL,vane,15,thrips ,Insecta,Thysanoptera,,,,Herbivore,July,15-07-2025,18-07-2025,39.67926421,-105.0937713,1700,Jefferson
Gables School and Community Garden,GABL-V-16,GABL,vane,16,thrips ,Insecta,Thysanoptera,,,,Herbivore,July,15-07-2025,18-07-2025,39.67926421,-105.0937713,1700,Jefferson
Gables School and Community Garden,GABL-V-17,GABL,vane,17,thrips ,Insecta,Thysanoptera,,,,Herbivore,July,15-07-2025,18-07-2025,39.67926421,-105.0937713,1700,Jefferson
Gables School and Community Garden,GABL-V-18,GABL,vane,18,thrips ,Insecta,Thysanoptera,,,,Herbivore,July,15-07-2025,18-07-2025,39.67926421,-105.0937713,1700,Jefferson
Gables School and Community Garden,GABL-V-19,GABL,vane,19,thrips ,Insecta,Thysanoptera,,,,Herbivore,July,15-07-2025,18-07-2025,39.67926421,-105.0937713,1700,Jefferson
Gables School and Community Garden,GABL-V-20,GABL,vane,20,thrips ,Insecta,Thysanoptera,,,,Herbivore,July,15-07-2025,18-07-2025,39.67926421,-105.0937713,1700,Jefferson
Gables School and Community Garden,GABL-V-21,GABL,vane,21,thrips ,Insecta,Thysanoptera,,,,Herbivore,July,15-07-2025,18-07-2025,39.67926421,-105.0937713,1700,Jefferson
Gables School and Community Garden,GABL-V-22,GABL,vane,22,thrips ,Insecta,Thysanoptera,,,,Herbivore,July,15-07-2025,18-07-2025,39.67926421,-105.0937713,1700,Jefferson
Gables School and Community Garden,GABL-V-23,GABL,vane,23,thrips ,Insecta,Thysanoptera,,,,Herbivore,July,15-07-2025,18-07-2025,39.67926421,-105.0937713,1700,Jefferson
Gables School and Community Garden,GABL-V-24,GABL,vane,24,thrips ,Insecta,Thysanoptera,,,,Herbivore,July,15-07-2025,18-07-2025,39.67926421,-105.0937713,1700,Jefferson
Gables School and Community Garden,GABL-V-25,GABL,vane,25,thrips ,Insecta,Thysanoptera,,,,Herbivore,July,15-07-2025,18-07-2025,39.67926421,-105.0937713,1700,Jefferson
Gables School and Community Garden,GABL-V-26,GABL,vane,26,thrips ,Insecta,Thysanoptera,,,,Herbivore,July,15-07-2025,18-07-2025,39.67926421,-105.0937713,1700,Jefferson
Gables School and Community Garden,GABL-V-27,GABL,vane,27,thrips ,Insecta,Thysanoptera,,,,Herbivore,July,15-07-2025,18-07-2025,39.67926421,-105.0937713,1700,Jefferson
Gables School and Community Garden,GABL-V-28,GABL,vane,28,thrips ,Insecta,Thysanoptera,,,,Herbivore,July,15-07-2025,18-07-2025,39.67926421,-105.0937713,1700,Jefferson
Gables School and Community Garden,GABL-V-29,GABL,vane,29,thrips ,Insecta,Thysanoptera,,,,Herbivore,July,15-07-2025,18-07-2025,39.67926421,-105.0937713,1700,Jefferson
Gables School and Community Garden,GABL-V-30,GABL,vane,30,thrips ,Insecta,Thysanoptera,,,,Herbivore,July,15-07-2025,18-07-2025,39.67926421,-105.0937713,1700,Jefferson
Gables School and Community Garden,GABL-V-31,GABL,vane,31,thrips ,Insecta,Thysanoptera,,,,Herbivore,July,15-07-2025,18-07-2025,39.67926421,-105.0937713,1700,Jefferson
Gables School and Community Garden,GABL-V-32,GABL,vane,32,thrips ,Insecta,Thysanoptera,,,,Herbivore,July,15-07-2025,18-07-2025,39.67926421,-105.0937713,1700,Jefferson
Gables School and Community Garden,GABL-V-33,GABL,vane,33,thrips ,Insecta,Thysanoptera,,,,Herbivore,July,15-07-2025,18-07-2025,39.67926421,-105.0937713,1700,Jefferson
Gables School and Community Garden,GABL-V-34,GABL,vane,34,thrips ,Insecta,Thysanoptera,,,,Herbivore,July,15-07-2025,18-07-2025,39.67926421,-105.0937713,1700,Jefferson
Gables School and Community Garden,GABL-V-35,GABL,vane,35,thrips ,Insecta,Thysanoptera,,,,Herbivore,July,15-07-2025,18-07-2025,39.67926421,-105.0937713,1700,Jefferson
Gables School and Community Garden,GABL-V-36,GABL,vane,36,thrips ,Insecta,Thysanoptera,,,,Herbivore,July,15-07-2025,18-07-2025,39.67926421,-105.0937713,1700,Jefferson
Gables School and Community Garden,GABL-V-37,GABL,vane,37,thrips ,Insecta,Thysanoptera,,,,Herbivore,July,15-07-2025,18-07-2025,39.67926421,-105.0937713,1700,Jefferson
Gables School and Community Garden,GABL-V-38,GABL,vane,38,thrips ,Insecta,Thysanoptera,,,,Herbivore,July,15-07-2025,18-07-2025,39.67926421,-105.0937713,1700,Jefferson
Gables School and Community Garden,GABL-V-39,GABL,vane,39,thrips ,Insecta,Thysanoptera,,,,Herbivore,July,15-07-2025,18-07-2025,39.67926421,-105.0937713,1700,Jefferson
Gables School and Community Garden,GABL-V-40,GABL,vane,40,thrips ,Insecta,Thysanoptera,,,,Herbivore,July,15-07-2025,18-07-2025,39.67926421,-105.0937713,1700,Jefferson
Gables School and Community Garden,GABL-V-41,GABL,vane,41,thrips ,Insecta,Thysanoptera,,,,Herbivore,July,15-07-2025,18-07-2025,39.67926421,-105.0937713,1700,Jefferson
Gables School and Community Garden,GABL-V-42,GABL,vane,42,thrips ,Insecta,Thysanoptera,,,,Herbivore,July,15-07-2025,18-07-2025,39.67926421,-105.0937713,1700,Jefferson
Gables School and Community Garden,GABL-V-43,GABL,vane,43,thrips ,Insecta,Thysanoptera,,,,Herbivore,July,15-07-2025,18-07-2025,39.67926421,-105.0937713,1700,Jefferson
Gables School and Community Garden,GABL-V-44,GABL,vane,44,thrips ,Insecta,Thysanoptera,,,,Herbivore,July,15-07-2025,18-07-2025,39.67926421,-105.0937713,1700,Jefferson
Gables School and Community Garden,GABL-V-45,GABL,vane,45,thrips ,Insecta,Thysanoptera,,,,Herbivore,July,15-07-2025,18-07-2025,39.67926421,-105.0937713,1700,Jefferson
Gables School and Community Garden,GABL-V-46,GABL,vane,46,thrips ,Insecta,Thysanoptera,,,,Herbivore,July,15-07-2025,18-07-2025,39.67926421,-105.0937713,1700,Jefferson
Gables School and Community Garden,GABL-V-47,GABL,vane,47,thrips ,Insecta,Thysanoptera,,,,Herbivore,July,15-07-2025,18-07-2025,39.67926421,-105.0937713,1700,Jefferson
Gables School and Community Garden,GABL-V-48,GABL,vane,48,thrips ,Insecta,Thysanoptera,,,,Herbivore,July,15-07-2025,18-07-2025,39.67926421,-105.0937713,1700,Jefferson
Gables School and Community Garden,GABL-V-49,GABL,vane,49,thrips ,Insecta,Thysanoptera,,,,Herbivore,July,15-07-2025,18-07-2025,39.67926421,-105.0937713,1700,Jefferson
Gables School and Community Garden,GABL-V-50,GABL,vane,50,thrips ,Insecta,Thysanoptera,,,,Herbivore,July,15-07-2025,18-07-2025,39.67926421,-105.0937713,1700,Jefferson
Gables School and Community Garden,GABL-V-51,GABL,vane,51,thrips ,Insecta,Thysanoptera,,,,Herbivore,July,15-07-2025,18-07-2025,39.67926421,-105.0937713,1700,Jefferson
Gables School and Community Garden,GABL-V-52,GABL,vane,52,thrips ,Insecta,Thysanoptera,,,,Herbivore,July,15-07-2025,18-07-2025,39.67926421,-105.0937713,1700,Jefferson
Gables School and Community Garden,GABL-V-53,GABL,vane,53,thrips ,Insecta,Thysanoptera,,,,Herbivore,July,15-07-2025,18-07-2025,39.67926421,-105.0937713,1700,Jefferson
Gables School and Community Garden,GABL-V-54,GABL,vane,54,thrips ,Insecta,Thysanoptera,,,,Herbivore,July,15-07-2025,18-07-2025,39.67926421,-105.0937713,1700,Jefferson
Gables School and Community Garden,GABL-V-55,GABL,vane,55,thrips ,Insecta,Thysanoptera,,,,Herbivore,July,15-07-2025,18-07-2025,39.67926421,-105.0937713,1700,Jefferson
Gables School and Community Garden,GABL-V-56,GABL,vane,56,thrips ,Insecta,Thysanoptera,,,,Herbivore,July,15-07-2025,18-07-2025,39.67926421,-105.0937713,1700,Jefferson
Gables School and Community Garden,GABL-V-57,GABL,vane,57,thrips ,Insecta,Thysanoptera,,,,Herbivore,July,15-07-2025,18-07-2025,39.67926421,-105.0937713,1700,Jefferson
Gables School and Community Garden,GABL-V-58,GABL,vane,58,thrips ,Insecta,Thysanoptera,,,,Herbivore,July,15-07-2025,18-07-2025,39.67926421,-105.0937713,1700,Jefferson
Gables School and Community Garden,GABL-V-59,GABL,vane,59,thrips ,Insecta,Thysanoptera,,,,Herbivore,July,15-07-2025,18-07-2025,39.67926421,-105.0937713,1700,Jefferson
Gables School and Community Garden,GABL-V-60,GABL,vane,60,thrips ,Insecta,Thysanoptera,,,,Herbivore,July,15-07-2025,18-07-2025,39.67926421,-105.0937713,1700,Jefferson
Gables School and Community Garden,GABL-V-61,GABL,vane,61,thrips ,Insecta,Thysanoptera,,,,Herbivore,July,15-07-2025,18-07-2025,39.67926421,-105.0937713,1700,Jefferson
Gables School and Community Garden,GABL-V-62,GABL,vane,62,thrips ,Insecta,Thysanoptera,,,,Herbivore,July,15-07-2025,18-07-2025,39.67926421,-105.0937713,1700,Jefferson
Gables School and Community Garden,GABL-V-63,GABL,vane,63,thrips ,Insecta,Thysanoptera,,,,Herbivore,July,15-07-2025,18-07-2025,39.67926421,-105.0937713,1700,Jefferson
Gables School and Community Garden,GABL-V-64,GABL,vane,64,thrips ,Insecta,Thysanoptera,,,,Herbivore,July,15-07-2025,18-07-2025,39.67926421,-105.0937713,1700,Jefferson
Gables School and Community Garden,GABL-V-65,GABL,vane,65,thrips ,Insecta,Thysanoptera,,,,Herbivore,July,15-07-2025,18-07-2025,39.67926421,-105.0937713,1700,Jefferson
Gables School and Community Garden,GABL-V-66,GABL,vane,66,black longhorn,Insecta,Hymenoptera,Apidae,Melissodes,bimaculatus,Pollinator,July,15-07-2025,18-07-2025,39.67926421,-105.0937713,1700,Jefferson
Gables School and Community Garden,GABL-V-67,GABL,vane,67,black longhorn,Insecta,Hymenoptera,Apidae,Melissodes,bimaculatus,Pollinator,July,15-07-2025,18-07-2025,39.67926421,-105.0937713,1700,Jefferson
Gables School and Community Garden,GABL-V-68,GABL,vane,68,honeybee,Insecta,Hymenoptera,Apidae,Apis,mellifera,Pollinator,July,15-07-2025,18-07-2025,39.67926421,-105.0937713,1700,Jefferson
Gables School and Community Garden,GABL-V-69,GABL,vane,69,honeybee,Insecta,Hymenoptera,Apidae,Apis,mellifera,Pollinator,July,15-07-2025,18-07-2025,39.67926421,-105.0937713,1700,Jefferson
Gables School and Community Garden,GABL-V-70,GABL,vane,70,honeybee,Insecta,Hymenoptera,Apidae,Apis,mellifera,Pollinator,July,15-07-2025,18-07-2025,39.67926421,-105.0937713,1700,Jefferson
Gables School and Community Garden,GABL-V-71,GABL,vane,71,squash bee,Insecta,Hymenoptera,Apidae,Eucera,pruinosa,Pollinator,July,15-07-2025,18-07-2025,39.67926421,-105.0937713,1700,Jefferson
Gables School and Community Garden,GABL-V-72,GABL,vane,72,squash bee,Insecta,Hymenoptera,Apidae,Eucera,pruinosa,Pollinator,July,15-07-2025,18-07-2025,39.67926421,-105.0937713,1700,Jefferson
Gables School and Community Garden,GABL-V-73,GABL,vane,73,squash bee,Insecta,Hymenoptera,Apidae,Eucera,pruinosa,Pollinator,July,15-07-2025,18-07-2025,39.67926421,-105.0937713,1700,Jefferson
Gables School and Community Garden,GABL-V-74,GABL,vane,74,squash bee,Insecta,Hymenoptera,Apidae,Eucera,pruinosa,Pollinator,July,15-07-2025,18-07-2025,39.67926421,-105.0937713,1700,Jefferson
Gables School and Community Garden,GABL-V-75,GABL,vane,75,squash bee,Insecta,Hymenoptera,Apidae,Eucera,pruinosa,Pollinator,July,15-07-2025,18-07-2025,39.67926421,-105.0937713,1700,Jefferson
Gables School and Community Garden,GABL-V-76,GABL,vane,76,squash bee,Insecta,Hymenoptera,Apidae,Eucera,pruinosa,Pollinator,July,15-07-2025,18-07-2025,39.67926421,-105.0937713,1700,Jefferson
Gables School and Community Garden,GABL-V-77,GABL,vane,77,squash bee,Insecta,Hymenoptera,Apidae,Eucera,pruinosa,Pollinator,July,15-07-2025,18-07-2025,39.67926421,-105.0937713,1700,Jefferson
Gables School and Community Garden,GABL-V-78,GABL,vane,78,squash bee,Insecta,Hymenoptera,Apidae,Eucera,pruinosa,Pollinator,July,15-07-2025,18-07-2025,39.67926421,-105.0937713,1700,Jefferson
Gables School and Community Garden,GABL-V-79,GABL,vane,79,squash bee,Insecta,Hymenoptera,Apidae,Eucera,pruinosa,Pollinator,July,15-07-2025,18-07-2025,39.67926421,-105.0937713,1700,Jefferson
Gables School and Community Garden,GABL-V-80,GABL,vane,80,squash bee,Insecta,Hymenoptera,Apidae,Eucera,pruinosa,Pollinator,July,15-07-2025,18-07-2025,39.67926421,-105.0937713,1700,Jefferson
Gables School and Community Garden,GABL-V-81,GABL,vane,81,squash bee,Insecta,Hymenoptera,Apidae,Eucera,pruinosa,Pollinator,July,15-07-2025,18-07-2025,39.67926421,-105.0937713,1700,Jefferson
Gables School and Community Garden,GABL-V-82,GABL,vane,82,squash bee,Insecta,Hymenoptera,Apidae,Eucera,pruinosa,Pollinator,July,15-07-2025,18-07-2025,39.67926421,-105.0937713,1700,Jefferson
Gables School and Community Garden,GABL-V-83,GABL,vane,83,squash bee,Insecta,Hymenoptera,Apidae,Eucera,pruinosa,Pollinator,July,15-07-2025,18-07-2025,39.67926421,-105.0937713,1700,Jefferson
Gables School and Community Garden,GABL-V-84,GABL,vane,84,squash bee,Insecta,Hymenoptera,Apidae,Eucera,pruinosa,Pollinator,July,15-07-2025,18-07-2025,39.67926421,-105.0937713,1700,Jefferson
Gables School and Community Garden,GABL-V-85,GABL,vane,85,squash bee,Insecta,Hymenoptera,Apidae,Eucera,pruinosa,Pollinator,July,15-07-2025,18-07-2025,39.67926421,-105.0937713,1700,Jefferson
Gables School and Community Garden,GABL-V-86,GABL,vane,86,squash bee,Insecta,Hymenoptera,Apidae,Eucera,pruinosa,Pollinator,July,15-07-2025,18-07-2025,39.67926421,-105.0937713,1700,Jefferson
Gables School and Community Garden,GABL-V-87,GABL,vane,87,squash bee,Insecta,Hymenoptera,Apidae,Eucera,pruinosa,Pollinator,July,15-07-2025,18-07-2025,39.67926421,-105.0937713,1700,Jefferson
Gables School and Community Garden,GABL-V-88,GABL,vane,88,squash bee,Insecta,Hymenoptera,Apidae,Eucera,pruinosa,Pollinator,July,15-07-2025,18-07-2025,39.67926421,-105.0937713,1700,Jefferson
Gables School and Community Garden,GABL-V-89,GABL,vane,89,squash bee,Insecta,Hymenoptera,Apidae,Eucera,pruinosa,Pollinator,July,15-07-2025,18-07-2025,39.67926421,-105.0937713,1700,Jefferson
Gables School and Community Garden,GABL-V-90,GABL,vane,90,squash bee,Insecta,Hymenoptera,Apidae,Eucera,pruinosa,Pollinator,July,15-07-2025,18-07-2025,39.67926421,-105.0937713,1700,Jefferson
Gables School and Community Garden,GABL-V-91,GABL,vane,91,longhorn bee,Insecta,Hymenoptera,Apidae,,,Pollinator,July,15-07-2025,18-07-2025,39.67926421,-105.0937713,1700,Jefferson
Gables School and Community Garden,GABL-V-92,GABL,vane,92,longhorn bee,Insecta,Hymenoptera,Apidae,,,Pollinator,July,15-07-2025,18-07-2025,39.67926421,-105.0937713,1700,Jefferson
Gables School and Community Garden,GABL-V-93,GABL,vane,93,longhorn bee,Insecta,Hymenoptera,Apidae,,,Pollinator,July,15-07-2025,18-07-2025,39.67926421,-105.0937713,1700,Jefferson
Gables School and Community Garden,GABL-V-94,GABL,vane,94,longhorn bee,Insecta,Hymenoptera,Apidae,,,Pollinator,July,15-07-2025,18-07-2025,39.67926421,-105.0937713,1700,Jefferson
Gables School and Community Garden,GABL-V-95,GABL,vane,95,white colored longhorn bee,Insecta,Hymenoptera,Apidae,,,Pollinator,July,15-07-2025,18-07-2025,39.67926421,-105.0937713,1700,Jefferson
Gables School and Community Garden,GABL-V-96,GABL,vane,96,white colored longhorn bee,Insecta,Hymenoptera,Apidae,,,Pollinator,July,15-07-2025,18-07-2025,39.67926421,-105.0937713,1700,Jefferson
Gables School and Community Garden,GABL-V-97,GABL,vane,97,longhorn bee,Insecta,Hymenoptera,Apidae,,,Pollinator,July,15-07-2025,18-07-2025,39.67926421,-105.0937713,1700,Jefferson
Gables School and Community Garden,GABL-V-98,GABL,vane,98,longhorn bee,Insecta,Hymenoptera,Apidae,,,Pollinator,July,15-07-2025,18-07-2025,39.67926421,-105.0937713,1700,Jefferson
Gables School and Community Garden,GABL-V-99,GABL,vane,99,longhorn bee,Insecta,Hymenoptera,Apidae,,,Pollinator,July,15-07-2025,18-07-2025,39.67926421,-105.0937713,1700,Jefferson
Gables School and Community Garden,GABL-V-100,GABL,vane,100,longhorn bee,Insecta,Hymenoptera,Apidae,,,Pollinator,July,15-07-2025,18-07-2025,39.67926421,-105.0937713,1700,Jefferson
Gables School and Community Garden,GABL-V-101,GABL,vane,101,longhorn bee,Insecta,Hymenoptera,Apidae,,,Pollinator,July,15-07-2025,18-07-2025,39.67926421,-105.0937713,1700,Jefferson
Gables School and Community Garden,GABL-V-102,GABL,vane,102,longhorn bee,Insecta,Hymenoptera,Apidae,,,Pollinator,July,15-07-2025,18-07-2025,39.67926421,-105.0937713,1700,Jefferson
Gables School and Community Garden,GABL-V-103,GABL,vane,103,longhorn bee,Insecta,Hymenoptera,Apidae,,,Pollinator,July,15-07-2025,18-07-2025,39.67926421,-105.0937713,1700,Jefferson
Gables School and Community Garden,GABL-V-104,GABL,vane,104,longhorn bee,Insecta,Hymenoptera,Apidae,,,Pollinator,July,15-07-2025,18-07-2025,39.67926421,-105.0937713,1700,Jefferson
Gables School and Community Garden,GABL-V-105,GABL,vane,105,sweatbee,Insecta,Hymenoptera,Halictidae,,,Pollinator,July,15-07-2025,18-07-2025,39.67926421,-105.0937713,1700,Jefferson
Gables School and Community Garden,GABL-V-106,GABL,vane,106,sweatbee,Insecta,Hymenoptera,Halictidae,,,Pollinator,July,15-07-2025,18-07-2025,39.67926421,-105.0937713,1700,Jefferson
Gables School and Community Garden,GABL-V-107,GABL,vane,107,sweatbee,Insecta,Hymenoptera,Halictidae,,,Pollinator,July,15-07-2025,18-07-2025,39.67926421,-105.0937713,1700,Jefferson
Gables School and Community Garden,GABL-V-108,GABL,vane,108,sweatbee,Insecta,Hymenoptera,Halictidae,,,Pollinator,July,15-07-2025,18-07-2025,39.67926421,-105.0937713,1700,Jefferson
Gables School and Community Garden,GABL-V-109,GABL,vane,109,sweatbee,Insecta,Hymenoptera,Halictidae,,,Pollinator,July,15-07-2025,18-07-2025,39.67926421,-105.0937713,1700,Jefferson
Gables School and Community Garden,GABL-V-110,GABL,vane,110,sweatbee,Insecta,Hymenoptera,Halictidae,,,Pollinator,July,15-07-2025,18-07-2025,39.67926421,-105.0937713,1700,Jefferson
Gables School and Community Garden,GABL-V-111,GABL,vane,111,sweatbee,Insecta,Hymenoptera,Halictidae,,,Pollinator,July,15-07-2025,18-07-2025,39.67926421,-105.0937713,1700,Jefferson
Gables School and Community Garden,GABL-V-112,GABL,vane,112,sweatbee,Insecta,Hymenoptera,Halictidae,,,Pollinator,July,15-07-2025,18-07-2025,39.67926421,-105.0937713,1700,Jefferson
Gables School and Community Garden,GABL-V-113,GABL,vane,113,small sweatbee,Insecta,Hymenoptera,Halictidae,,,Pollinator,July,15-07-2025,18-07-2025,39.67926421,-105.0937713,1700,Jefferson
Gables School and Community Garden,GABL-V-114,GABL,vane,114,small sweatbee,Insecta,Hymenoptera,Halictidae,,,Pollinator,July,15-07-2025,18-07-2025,39.67926421,-105.0937713,1700,Jefferson
Gables School and Community Garden,GABL-V-115,GABL,vane,115,small sweatbee,Insecta,Hymenoptera,Halictidae,,,Pollinator,July,15-07-2025,18-07-2025,39.67926421,-105.0937713,1700,Jefferson
Gables School and Community Garden,GABL-V-116,GABL,vane,116,small sweatbee,Insecta,Hymenoptera,Halictidae,,,Pollinator,July,15-07-2025,18-07-2025,39.67926421,-105.0937713,1700,Jefferson
Gables School and Community Garden,GABL-V-117,GABL,vane,117,small sweatbee,Insecta,Hymenoptera,Halictidae,,,Pollinator,July,15-07-2025,18-07-2025,39.67926421,-105.0937713,1700,Jefferson
Gables School and Community Garden,GABL-V-118,GABL,vane,118,fly,Insecta,Diptera,,,,,July,15-07-2025,18-07-2025,39.67926421,-105.0937713,1700,Jefferson
Gables School and Community Garden,GABL-V-119,GABL,vane,119,small fly,Insecta,Diptera,,,,,July,15-07-2025,18-07-2025,39.67926421,-105.0937713,1700,Jefferson
Gables School and Community Garden,GABL-V-120,GABL,vane,120,small fly,Insecta,Diptera,,,,,July,15-07-2025,18-07-2025,39.67926421,-105.0937713,1700,Jefferson
Gables School and Community Garden,GABL-P-1,GABL,pitfall-1,1,ant,Insecta,Hymenoptera,Formicidae,,,,July,15-07-2025,18-07-2025,39.67926421,-105.0937713,1700,Jefferson
Gables School and Community Garden,GABL-P-2,GABL,pitfall-1,2,ant queen,Insecta,Hymenoptera,Formicidae,Lasius,,,July,15-07-2025,18-07-2025,39.67926421,-105.0937713,1700,Jefferson
Gables School and Community Garden,GABL-P-3,GABL,pitfall-1,3,coleopteran larva,Insecta,Coleoptera,,,,,July,15-07-2025,18-07-2025,39.67926421,-105.0937713,1700,Jefferson
Gables School and Community Garden,GABL-P-4,GABL,pitfall-1,4,coleopteran larva,Insecta,Coleoptera,,,,,July,15-07-2025,18-07-2025,39.67926421,-105.0937713,1700,Jefferson
Gables School and Community Garden,GABL-P-5,GABL,pitfall-1,5,coleopteran larva,Insecta,Coleoptera,,,,,July,15-07-2025,18-07-2025,39.67926421,-105.0937713,1700,Jefferson
Gables School and Community Garden,GABL-P-6,GABL,pitfall-1,6,fossorial bug,Insecta,Hemiptera,,,,,July,15-07-2025,18-07-2025,39.67926421,-105.0937713,1700,Jefferson
Gables School and Community Garden,GABL-P-7,GABL,pitfall-1,7,beetle ,Insecta,Coleoptera,,,,,July,15-07-2025,18-07-2025,39.67926421,-105.0937713,1700,Jefferson
Gables School and Community Garden,GABL-P-8,GABL,pitfall-1,8,spider,Arachnida,Araneae,Linyphiidae,,,Predator,July,15-07-2025,18-07-2025,39.67926421,-105.0937713,1700,Jefferson
Gables School and Community Garden,GABL-P-9,GABL,pitfall-1,9,beetle ,Insecta,Coleoptera,,,,,July,15-07-2025,18-07-2025,39.67926421,-105.0937713,1700,Jefferson
Gables School and Community Garden,GABL-P-10,GABL,pitfall-1,10,fossorial bug,Insecta,Hemiptera,,,,,July,15-07-2025,18-07-2025,39.67926421,-105.0937713,1700,Jefferson
Gables School and Community Garden,GABL-P-11,GABL,pitfall-2,11,harvestman,Arachnida,Opiliones,,,,,July,15-07-2025,18-07-2025,39.67926421,-105.0937713,1700,Jefferson
Gables School and Community Garden,GABL-P-12,GABL,pitfall-2,12,harvestman,Arachnida,Opiliones,,,,,July,15-07-2025,18-07-2025,39.67926421,-105.0937713,1700,Jefferson
Gables School and Community Garden,GABL-P-13,GABL,pitfall-2,13,ant,Insecta,Hymenoptera,Formicidae,,,,July,15-07-2025,18-07-2025,39.67926421,-105.0937713,1700,Jefferson
Gables School and Community Garden,GABL-P-14,GABL,pitfall-2,14,ant,Insecta,Hymenoptera,Formicidae,,,,July,15-07-2025,18-07-2025,39.67926421,-105.0937713,1700,Jefferson
Gables School and Community Garden,GABL-P-15,GABL,pitfall-2,15,ant,Insecta,Hymenoptera,Formicidae,,,,July,15-07-2025,18-07-2025,39.67926421,-105.0937713,1700,Jefferson
Gables School and Community Garden,GABL-P-16,GABL,pitfall-2,16,ant,Insecta,Hymenoptera,Formicidae,,,,July,15-07-2025,18-07-2025,39.67926421,-105.0937713,1700,Jefferson
Gables School and Community Garden,GABL-P-17,GABL,pitfall-2,17,ant,Insecta,Hymenoptera,Formicidae,,,,July,15-07-2025,18-07-2025,39.67926421,-105.0937713,1700,Jefferson
Gables School and Community Garden,GABL-P-18,GABL,pitfall-2,18,ant,Insecta,Hymenoptera,Formicidae,,,,July,15-07-2025,18-07-2025,39.67926421,-105.0937713,1700,Jefferson
Gables School and Community Garden,GABL-P-19,GABL,pitfall-2,19,ant,Insecta,Hymenoptera,Formicidae,,,,July,15-07-2025,18-07-2025,39.67926421,-105.0937713,1700,Jefferson
Gables School and Community Garden,GABL-P-20,GABL,pitfall-2,20,pillbug,Malacostraca,Isopoda,,,,,July,15-07-2025,18-07-2025,39.67926421,-105.0937713,1700,Jefferson
Gables School and Community Garden,GABL-P-21,GABL,pitfall-2,21,ant,Insecta,Hymenoptera,Formicidae,,,,July,15-07-2025,18-07-2025,39.67926421,-105.0937713,1700,Jefferson
Gables School and Community Garden,GABL-P-22,GABL,pitfall-2,22,ant,Insecta,Hymenoptera,Formicidae,,,,July,15-07-2025,18-07-2025,39.67926421,-105.0937713,1700,Jefferson
Gables School and Community Garden,GABL-P-23,GABL,pitfall-2,23,ant,Insecta,Hymenoptera,Formicidae,,,,July,15-07-2025,18-07-2025,39.67926421,-105.0937713,1700,Jefferson
Gabriel Cam Memorial Community Garden,GABR-V-1,GABR,vane,1,minute pirate bug,Insecta,Hemiptera,Anthocoridae,Orius,,Predator,July,15-07-2025,18-07-2025,39.72381522,-104.8309439,1655,Arapahoe
Gabriel Cam Memorial Community Garden,GABR-V-2,GABR,vane,2,minute pirate bug,Insecta,Hemiptera,Anthocoridae,Orius,,Predator,July,15-07-2025,18-07-2025,39.72381522,-104.8309439,1655,Arapahoe
Gabriel Cam Memorial Community Garden,GABR-V-3,GABR,vane,3,minute pirate bug,Insecta,Hemiptera,Anthocoridae,Orius,,Predator,July,15-07-2025,18-07-2025,39.72381522,-104.8309439,1655,Arapahoe
Gabriel Cam Memorial Community Garden,GABR-V-4,GABR,vane,4,minute pirate bug,Insecta,Hemiptera,Anthocoridae,Orius,,Predator,July,15-07-2025,18-07-2025,39.72381522,-104.8309439,1655,Arapahoe
Gabriel Cam Memorial Community Garden,GABR-V-5,GABR,vane,5,minute pirate bug,Insecta,Hemiptera,Anthocoridae,Orius,,Predator,July,15-07-2025,18-07-2025,39.72381522,-104.8309439,1655,Arapahoe
Gabriel Cam Memorial Community Garden,GABR-V-6,GABR,vane,6,minute pirate bug,Insecta,Hemiptera,Anthocoridae,Orius,,Predator,July,15-07-2025,18-07-2025,39.72381522,-104.8309439,1655,Arapahoe
Gabriel Cam Memorial Community Garden,GABR-V-7,GABR,vane,7,minute pirate bug,Insecta,Hemiptera,Anthocoridae,Orius,,Predator,July,15-07-2025,18-07-2025,39.72381522,-104.8309439,1655,Arapahoe
Gabriel Cam Memorial Community Garden,GABR-V-8,GABR,vane,8,minute pirate bug,Insecta,Hemiptera,Anthocoridae,Orius,,Predator,July,15-07-2025,18-07-2025,39.72381522,-104.8309439,1655,Arapahoe
Gabriel Cam Memorial Community Garden,GABR-V-9,GABR,vane,9,minute pirate bug,Insecta,Hemiptera,Anthocoridae,Orius,,Predator,July,15-07-2025,18-07-2025,39.72381522,-104.8309439,1655,Arapahoe
Gabriel Cam Memorial Community Garden,GABR-V-10,GABR,vane,10,minute pirate bug,Insecta,Hemiptera,Anthocoridae,Orius,,Predator,July,15-07-2025,18-07-2025,39.72381522,-104.8309439,1655,Arapahoe
Gabriel Cam Memorial Community Garden,GABR-V-11,GABR,vane,11,minute pirate bug,Insecta,Hemiptera,Anthocoridae,Orius,,Predator,July,15-07-2025,18-07-2025,39.72381522,-104.8309439,1655,Arapahoe
Gabriel Cam Memorial Community Garden,GABR-V-12,GABR,vane,12,minute pirate bug,Insecta,Hemiptera,Anthocoridae,Orius,,Predator,July,15-07-2025,18-07-2025,39.72381522,-104.8309439,1655,Arapahoe
Gabriel Cam Memorial Community Garden,GABR-V-13,GABR,vane,13,minute pirate bug,Insecta,Hemiptera,Anthocoridae,Orius,,Predator,July,15-07-2025,18-07-2025,39.72381522,-104.8309439,1655,Arapahoe
Gabriel Cam Memorial Community Garden,GABR-V-14,GABR,vane,14,minute pirate bug,Insecta,Hemiptera,Anthocoridae,Orius,,Predator,July,15-07-2025,18-07-2025,39.72381522,-104.8309439,1655,Arapahoe
Gabriel Cam Memorial Community Garden,GABR-V-15,GABR,vane,15,minute pirate bug,Insecta,Hemiptera,Anthocoridae,Orius,,Predator,July,15-07-2025,18-07-2025,39.72381522,-104.8309439,1655,Arapahoe
Gabriel Cam Memorial Community Garden,GABR-V-16,GABR,vane,16,minute pirate bug,Insecta,Hemiptera,Anthocoridae,Orius,,Predator,July,15-07-2025,18-07-2025,39.72381522,-104.8309439,1655,Arapahoe
Gabriel Cam Memorial Community Garden,GABR-V-17,GABR,vane,17,minute pirate bug,Insecta,Hemiptera,Anthocoridae,Orius,,Predator,July,15-07-2025,18-07-2025,39.72381522,-104.8309439,1655,Arapahoe
Gabriel Cam Memorial Community Garden,GABR-V-18,GABR,vane,18,minute pirate bug,Insecta,Hemiptera,Anthocoridae,Orius,,Predator,July,15-07-2025,18-07-2025,39.72381522,-104.8309439,1655,Arapahoe
Gabriel Cam Memorial Community Garden,GABR-V-19,GABR,vane,19,minute pirate bug,Insecta,Hemiptera,Anthocoridae,Orius,,Predator,July,15-07-2025,18-07-2025,39.72381522,-104.8309439,1655,Arapahoe
Gabriel Cam Memorial Community Garden,GABR-V-20,GABR,vane,20,minute pirate bug,Insecta,Hemiptera,Anthocoridae,Orius,,Predator,July,15-07-2025,18-07-2025,39.72381522,-104.8309439,1655,Arapahoe
Gabriel Cam Memorial Community Garden,GABR-V-21,GABR,vane,21,minute pirate bug,Insecta,Hemiptera,Anthocoridae,Orius,,Predator,July,15-07-2025,18-07-2025,39.72381522,-104.8309439,1655,Arapahoe
Gabriel Cam Memorial Community Garden,GABR-V-22,GABR,vane,22,minute pirate bug,Insecta,Hemiptera,Anthocoridae,Orius,,Predator,July,15-07-2025,18-07-2025,39.72381522,-104.8309439,1655,Arapahoe
Gabriel Cam Memorial Community Garden,GABR-V-23,GABR,vane,23,minute pirate bug,Insecta,Hemiptera,Anthocoridae,Orius,,Predator,July,15-07-2025,18-07-2025,39.72381522,-104.8309439,1655,Arapahoe
Gabriel Cam Memorial Community Garden,GABR-V-24,GABR,vane,24,minute pirate bug,Insecta,Hemiptera,Anthocoridae,Orius,,Predator,July,15-07-2025,18-07-2025,39.72381522,-104.8309439,1655,Arapahoe
Gabriel Cam Memorial Community Garden,GABR-V-25,GABR,vane,25,minute pirate bug,Insecta,Hemiptera,Anthocoridae,Orius,,Predator,July,15-07-2025,18-07-2025,39.72381522,-104.8309439,1655,Arapahoe
Gabriel Cam Memorial Community Garden,GABR-V-26,GABR,vane,26,minute pirate bug,Insecta,Hemiptera,Anthocoridae,Orius,,Predator,July,15-07-2025,18-07-2025,39.72381522,-104.8309439,1655,Arapahoe
Gabriel Cam Memorial Community Garden,GABR-V-27,GABR,vane,27,minute pirate bug,Insecta,Hemiptera,Anthocoridae,Orius,,Predator,July,15-07-2025,18-07-2025,39.72381522,-104.8309439,1655,Arapahoe
Gabriel Cam Memorial Community Garden,GABR-V-28,GABR,vane,28,minute pirate bug,Insecta,Hemiptera,Anthocoridae,Orius,,Predator,July,15-07-2025,18-07-2025,39.72381522,-104.8309439,1655,Arapahoe
Gabriel Cam Memorial Community Garden,GABR-V-29,GABR,vane,29,minute pirate bug,Insecta,Hemiptera,Anthocoridae,Orius,,Predator,July,15-07-2025,18-07-2025,39.72381522,-104.8309439,1655,Arapahoe
Gabriel Cam Memorial Community Garden,GABR-V-30,GABR,vane,30,minute pirate bug,Insecta,Hemiptera,Anthocoridae,Orius,,Predator,July,15-07-2025,18-07-2025,39.72381522,-104.8309439,1655,Arapahoe
Gabriel Cam Memorial Community Garden,GABR-V-31,GABR,vane,31,minute pirate bug,Insecta,Hemiptera,Anthocoridae,Orius,,Predator,July,15-07-2025,18-07-2025,39.72381522,-104.8309439,1655,Arapahoe
Gabriel Cam Memorial Community Garden,GABR-V-32,GABR,vane,32,minute pirate bug,Insecta,Hemiptera,Anthocoridae,Orius,,Predator,July,15-07-2025,18-07-2025,39.72381522,-104.8309439,1655,Arapahoe
Gabriel Cam Memorial Community Garden,GABR-V-33,GABR,vane,33,minute pirate bug,Insecta,Hemiptera,Anthocoridae,Orius,,Predator,July,15-07-2025,18-07-2025,39.72381522,-104.8309439,1655,Arapahoe
Gabriel Cam Memorial Community Garden,GABR-V-34,GABR,vane,34,minute pirate bug,Insecta,Hemiptera,Anthocoridae,Orius,,Predator,July,15-07-2025,18-07-2025,39.72381522,-104.8309439,1655,Arapahoe
Gabriel Cam Memorial Community Garden,GABR-V-35,GABR,vane,35,minute pirate bug,Insecta,Hemiptera,Anthocoridae,Orius,,Predator,July,15-07-2025,18-07-2025,39.72381522,-104.8309439,1655,Arapahoe
Gabriel Cam Memorial Community Garden,GABR-V-36,GABR,vane,36,minute pirate bug,Insecta,Hemiptera,Anthocoridae,Orius,,Predator,July,15-07-2025,18-07-2025,39.72381522,-104.8309439,1655,Arapahoe
Gabriel Cam Memorial Community Garden,GABR-V-37,GABR,vane,37,minute pirate bug,Insecta,Hemiptera,Anthocoridae,Orius,,Predator,July,15-07-2025,18-07-2025,39.72381522,-104.8309439,1655,Arapahoe
Gabriel Cam Memorial Community Garden,GABR-V-38,GABR,vane,38,minute pirate bug,Insecta,Hemiptera,Anthocoridae,Orius,,Predator,July,15-07-2025,18-07-2025,39.72381522,-104.8309439,1655,Arapahoe
Gabriel Cam Memorial Community Garden,GABR-V-39,GABR,vane,39,minute pirate bug,Insecta,Hemiptera,Anthocoridae,Orius,,Predator,July,15-07-2025,18-07-2025,39.72381522,-104.8309439,1655,Arapahoe
Gabriel Cam Memorial Community Garden,GABR-V-40,GABR,vane,40,minute pirate bug,Insecta,Hemiptera,Anthocoridae,Orius,,Predator,July,15-07-2025,18-07-2025,39.72381522,-104.8309439,1655,Arapahoe
Gabriel Cam Memorial Community Garden,GABR-V-41,GABR,vane,41,unk hemi ,Insecta,Hemiptera,,,,,July,15-07-2025,18-07-2025,39.72381522,-104.8309439,1655,Arapahoe
Gabriel Cam Memorial Community Garden,GABR-V-42,GABR,vane,42,minute pirate bug,Insecta,Hemiptera,Anthocoridae,Orius,,Predator,July,15-07-2025,18-07-2025,39.72381522,-104.8309439,1655,Arapahoe
Gabriel Cam Memorial Community Garden,GABR-V-43,GABR,vane,43,Beetle ,Insecta,Coleoptera,,,,,July,15-07-2025,18-07-2025,39.72381522,-104.8309439,1655,Arapahoe
Gabriel Cam Memorial Community Garden,GABR-V-44,GABR,vane,44,Beetle ,Insecta,Coleoptera,,,,,July,15-07-2025,18-07-2025,39.72381522,-104.8309439,1655,Arapahoe
Gabriel Cam Memorial Community Garden,GABR-V-45,GABR,vane,45,Beetle ,Insecta,Coleoptera,,,,,July,15-07-2025,18-07-2025,39.72381522,-104.8309439,1655,Arapahoe
Gabriel Cam Memorial Community Garden,GABR-V-46,GABR,vane,46,Beetle ,Insecta,Coleoptera,,,,,July,15-07-2025,18-07-2025,39.72381522,-104.8309439,1655,Arapahoe
Gabriel Cam Memorial Community Garden,GABR-V-47,GABR,vane,47,Beetle ,Insecta,Coleoptera,,,,,July,15-07-2025,18-07-2025,39.72381522,-104.8309439,1655,Arapahoe
Gabriel Cam Memorial Community Garden,GABR-V-48,GABR,vane,48,Beetle ,Insecta,Coleoptera,,,,,July,15-07-2025,18-07-2025,39.72381522,-104.8309439,1655,Arapahoe
Gabriel Cam Memorial Community Garden,GABR-V-49,GABR,vane,49,thrips ,Insecta,Thysanoptera,,,,Herbivore,July,15-07-2025,18-07-2025,39.72381522,-104.8309439,1655,Arapahoe
Gabriel Cam Memorial Community Garden,GABR-V-50,GABR,vane,50,thrips ,Insecta,Thysanoptera,,,,Herbivore,July,15-07-2025,18-07-2025,39.72381522,-104.8309439,1655,Arapahoe
Gabriel Cam Memorial Community Garden,GABR-V-51,GABR,vane,51,thrips ,Insecta,Thysanoptera,,,,Herbivore,July,15-07-2025,18-07-2025,39.72381522,-104.8309439,1655,Arapahoe
Gabriel Cam Memorial Community Garden,GABR-V-52,GABR,vane,52,thrips ,Insecta,Thysanoptera,,,,Herbivore,July,15-07-2025,18-07-2025,39.72381522,-104.8309439,1655,Arapahoe
Gabriel Cam Memorial Community Garden,GABR-V-53,GABR,vane,53,thrips ,Insecta,Thysanoptera,,,,Herbivore,July,15-07-2025,18-07-2025,39.72381522,-104.8309439,1655,Arapahoe
Gabriel Cam Memorial Community Garden,GABR-V-54,GABR,vane,54,thrips ,Insecta,Thysanoptera,,,,Herbivore,July,15-07-2025,18-07-2025,39.72381522,-104.8309439,1655,Arapahoe
Gabriel Cam Memorial Community Garden,GABR-V-55,GABR,vane,55,thrips ,Insecta,Thysanoptera,,,,Herbivore,July,15-07-2025,18-07-2025,39.72381522,-104.8309439,1655,Arapahoe
Gabriel Cam Memorial Community Garden,GABR-V-56,GABR,vane,56,thrips ,Insecta,Thysanoptera,,,,Herbivore,July,15-07-2025,18-07-2025,39.72381522,-104.8309439,1655,Arapahoe
Gabriel Cam Memorial Community Garden,GABR-V-57,GABR,vane,57,thrips ,Insecta,Thysanoptera,,,,Herbivore,July,15-07-2025,18-07-2025,39.72381522,-104.8309439,1655,Arapahoe
Gabriel Cam Memorial Community Garden,GABR-V-58,GABR,vane,58,thrips ,Insecta,Thysanoptera,,,,Herbivore,July,15-07-2025,18-07-2025,39.72381522,-104.8309439,1655,Arapahoe
Gabriel Cam Memorial Community Garden,GABR-V-59,GABR,vane,59,thrips ,Insecta,Thysanoptera,,,,Herbivore,July,15-07-2025,18-07-2025,39.72381522,-104.8309439,1655,Arapahoe
Gabriel Cam Memorial Community Garden,GABR-V-60,GABR,vane,60,thrips ,Insecta,Thysanoptera,,,,Herbivore,July,15-07-2025,18-07-2025,39.72381522,-104.8309439,1655,Arapahoe
Gabriel Cam Memorial Community Garden,GABR-V-61,GABR,vane,61,thrips ,Insecta,Thysanoptera,,,,Herbivore,July,15-07-2025,18-07-2025,39.72381522,-104.8309439,1655,Arapahoe
Gabriel Cam Memorial Community Garden,GABR-V-62,GABR,vane,62,thrips ,Insecta,Thysanoptera,,,,Herbivore,July,15-07-2025,18-07-2025,39.72381522,-104.8309439,1655,Arapahoe
Gabriel Cam Memorial Community Garden,GABR-V-63,GABR,vane,63,thrips ,Insecta,Thysanoptera,,,,Herbivore,July,15-07-2025,18-07-2025,39.72381522,-104.8309439,1655,Arapahoe
Gabriel Cam Memorial Community Garden,GABR-V-64,GABR,vane,64,thrips ,Insecta,Thysanoptera,,,,Herbivore,July,15-07-2025,18-07-2025,39.72381522,-104.8309439,1655,Arapahoe
Gabriel Cam Memorial Community Garden,GABR-V-65,GABR,vane,65,thrips ,Insecta,Thysanoptera,,,,Herbivore,July,15-07-2025,18-07-2025,39.72381522,-104.8309439,1655,Arapahoe
Gabriel Cam Memorial Community Garden,GABR-V-66,GABR,vane,66,thrips ,Insecta,Thysanoptera,,,,Herbivore,July,15-07-2025,18-07-2025,39.72381522,-104.8309439,1655,Arapahoe
Gabriel Cam Memorial Community Garden,GABR-V-67,GABR,vane,67,thrips ,Insecta,Thysanoptera,,,,Herbivore,July,15-07-2025,18-07-2025,39.72381522,-104.8309439,1655,Arapahoe
Gabriel Cam Memorial Community Garden,GABR-V-68,GABR,vane,68,thrips ,Insecta,Thysanoptera,,,,Herbivore,July,15-07-2025,18-07-2025,39.72381522,-104.8309439,1655,Arapahoe
Gabriel Cam Memorial Community Garden,GABR-V-69,GABR,vane,69,thrips ,Insecta,Thysanoptera,,,,Herbivore,July,15-07-2025,18-07-2025,39.72381522,-104.8309439,1655,Arapahoe
Gabriel Cam Memorial Community Garden,GABR-V-70,GABR,vane,70,thrips ,Insecta,Thysanoptera,,,,Herbivore,July,15-07-2025,18-07-2025,39.72381522,-104.8309439,1655,Arapahoe
Gabriel Cam Memorial Community Garden,GABR-V-71,GABR,vane,71,thrips ,Insecta,Thysanoptera,,,,Herbivore,July,15-07-2025,18-07-2025,39.72381522,-104.8309439,1655,Arapahoe
Gabriel Cam Memorial Community Garden,GABR-V-72,GABR,vane,72,thrips ,Insecta,Thysanoptera,,,,Herbivore,July,15-07-2025,18-07-2025,39.72381522,-104.8309439,1655,Arapahoe
Gabriel Cam Memorial Community Garden,GABR-V-73,GABR,vane,73,thrips ,Insecta,Thysanoptera,,,,Herbivore,July,15-07-2025,18-07-2025,39.72381522,-104.8309439,1655,Arapahoe
Gabriel Cam Memorial Community Garden,GABR-V-74,GABR,vane,74,thrips ,Insecta,Thysanoptera,,,,Herbivore,July,15-07-2025,18-07-2025,39.72381522,-104.8309439,1655,Arapahoe
Gabriel Cam Memorial Community Garden,GABR-V-75,GABR,vane,75,thrips ,Insecta,Thysanoptera,,,,Herbivore,July,15-07-2025,18-07-2025,39.72381522,-104.8309439,1655,Arapahoe
Gabriel Cam Memorial Community Garden,GABR-V-76,GABR,vane,76,thrips ,Insecta,Thysanoptera,,,,Herbivore,July,15-07-2025,18-07-2025,39.72381522,-104.8309439,1655,Arapahoe
Gabriel Cam Memorial Community Garden,GABR-V-77,GABR,vane,77,thrips ,Insecta,Thysanoptera,,,,Herbivore,July,15-07-2025,18-07-2025,39.72381522,-104.8309439,1655,Arapahoe
Gabriel Cam Memorial Community Garden,GABR-V-78,GABR,vane,78,thrips ,Insecta,Thysanoptera,,,,Herbivore,July,15-07-2025,18-07-2025,39.72381522,-104.8309439,1655,Arapahoe
Gabriel Cam Memorial Community Garden,GABR-V-79,GABR,vane,79,thrips ,Insecta,Thysanoptera,,,,Herbivore,July,15-07-2025,18-07-2025,39.72381522,-104.8309439,1655,Arapahoe
Gabriel Cam Memorial Community Garden,GABR-V-80,GABR,vane,80,thrips ,Insecta,Thysanoptera,,,,Herbivore,July,15-07-2025,18-07-2025,39.72381522,-104.8309439,1655,Arapahoe
Gabriel Cam Memorial Community Garden,GABR-V-81,GABR,vane,81,thrips ,Insecta,Thysanoptera,,,,Herbivore,July,15-07-2025,18-07-2025,39.72381522,-104.8309439,1655,Arapahoe
Gabriel Cam Memorial Community Garden,GABR-V-82,GABR,vane,82,thrips ,Insecta,Thysanoptera,,,,Herbivore,July,15-07-2025,18-07-2025,39.72381522,-104.8309439,1655,Arapahoe
Gabriel Cam Memorial Community Garden,GABR-V-83,GABR,vane,83,thrips ,Insecta,Thysanoptera,,,,Herbivore,July,15-07-2025,18-07-2025,39.72381522,-104.8309439,1655,Arapahoe
Gabriel Cam Memorial Community Garden,GABR-V-84,GABR,vane,84,thrips ,Insecta,Thysanoptera,,,,Herbivore,July,15-07-2025,18-07-2025,39.72381522,-104.8309439,1655,Arapahoe
Gabriel Cam Memorial Community Garden,GABR-V-85,GABR,vane,85,thrips ,Insecta,Thysanoptera,,,,Herbivore,July,15-07-2025,18-07-2025,39.72381522,-104.8309439,1655,Arapahoe
Gabriel Cam Memorial Community Garden,GABR-V-86,GABR,vane,86,thrips ,Insecta,Thysanoptera,,,,Herbivore,July,15-07-2025,18-07-2025,39.72381522,-104.8309439,1655,Arapahoe
Gabriel Cam Memorial Community Garden,GABR-V-87,GABR,vane,87,thrips ,Insecta,Thysanoptera,,,,Herbivore,July,15-07-2025,18-07-2025,39.72381522,-104.8309439,1655,Arapahoe
Gabriel Cam Memorial Community Garden,GABR-V-88,GABR,vane,88,thrips ,Insecta,Thysanoptera,,,,Herbivore,July,15-07-2025,18-07-2025,39.72381522,-104.8309439,1655,Arapahoe
Gabriel Cam Memorial Community Garden,GABR-V-89,GABR,vane,89,thrips ,Insecta,Thysanoptera,,,,Herbivore,July,15-07-2025,18-07-2025,39.72381522,-104.8309439,1655,Arapahoe
Gabriel Cam Memorial Community Garden,GABR-V-90,GABR,vane,90,thrips ,Insecta,Thysanoptera,,,,Herbivore,July,15-07-2025,18-07-2025,39.72381522,-104.8309439,1655,Arapahoe
Gabriel Cam Memorial Community Garden,GABR-V-91,GABR,vane,91,thrips ,Insecta,Thysanoptera,,,,Herbivore,July,15-07-2025,18-07-2025,39.72381522,-104.8309439,1655,Arapahoe
Gabriel Cam Memorial Community Garden,GABR-V-92,GABR,vane,92,thrips ,Insecta,Thysanoptera,,,,Herbivore,July,15-07-2025,18-07-2025,39.72381522,-104.8309439,1655,Arapahoe
Gabriel Cam Memorial Community Garden,GABR-V-93,GABR,vane,93,thrips ,Insecta,Thysanoptera,,,,Herbivore,July,15-07-2025,18-07-2025,39.72381522,-104.8309439,1655,Arapahoe
Gabriel Cam Memorial Community Garden,GABR-V-94,GABR,vane,94,thrips ,Insecta,Thysanoptera,,,,Herbivore,July,15-07-2025,18-07-2025,39.72381522,-104.8309439,1655,Arapahoe
Gabriel Cam Memorial Community Garden,GABR-V-95,GABR,vane,95,thrips ,Insecta,Thysanoptera,,,,Herbivore,July,15-07-2025,18-07-2025,39.72381522,-104.8309439,1655,Arapahoe
Gabriel Cam Memorial Community Garden,GABR-V-96,GABR,vane,96,thrips ,Insecta,Thysanoptera,,,,Herbivore,July,15-07-2025,18-07-2025,39.72381522,-104.8309439,1655,Arapahoe
Gabriel Cam Memorial Community Garden,GABR-V-97,GABR,vane,97,aphid ,Insecta,Hemiptera,Aphididae,,,Herbivore,July,15-07-2025,18-07-2025,39.72381522,-104.8309439,1655,Arapahoe
Gabriel Cam Memorial Community Garden,GABR-V-98,GABR,vane,98,aphid ,Insecta,Hemiptera,Aphididae,,,Herbivore,July,15-07-2025,18-07-2025,39.72381522,-104.8309439,1655,Arapahoe
Gabriel Cam Memorial Community Garden,GABR-V-99,GABR,vane,99,minute pirate bug,Insecta,Hemiptera,Anthocoridae,Orius,,Predator,July,15-07-2025,18-07-2025,39.72381522,-104.8309439,1655,Arapahoe
Gabriel Cam Memorial Community Garden,GABR-V-100,GABR,vane,100,minute pirate bug,Insecta,Hemiptera,Anthocoridae,Orius,,Predator,July,15-07-2025,18-07-2025,39.72381522,-104.8309439,1655,Arapahoe
Gabriel Cam Memorial Community Garden,GABR-V-101,GABR,vane,101,minute pirate bug,Insecta,Hemiptera,Anthocoridae,Orius,,Predator,July,15-07-2025,18-07-2025,39.72381522,-104.8309439,1655,Arapahoe
Gabriel Cam Memorial Community Garden,GABR-V-102,GABR,vane,102,black longhorn,Insecta,Hymenoptera,Apidae,Melissodes,bimaculatus,Pollinator,July,15-07-2025,18-07-2025,39.72381522,-104.8309439,1655,Arapahoe
Gabriel Cam Memorial Community Garden,GABR-V-103,GABR,vane,103,black longhorn,Insecta,Hymenoptera,Apidae,Melissodes,bimaculatus,Pollinator,July,15-07-2025,18-07-2025,39.72381522,-104.8309439,1655,Arapahoe
Gabriel Cam Memorial Community Garden,GABR-V-104,GABR,vane,104,black longhorn,Insecta,Hymenoptera,Apidae,Melissodes,bimaculatus,Pollinator,July,15-07-2025,18-07-2025,39.72381522,-104.8309439,1655,Arapahoe
Gabriel Cam Memorial Community Garden,GABR-V-105,GABR,vane,105,black longhorn,Insecta,Hymenoptera,Apidae,Melissodes,bimaculatus,Pollinator,July,15-07-2025,18-07-2025,39.72381522,-104.8309439,1655,Arapahoe
Gabriel Cam Memorial Community Garden,GABR-V-106,GABR,vane,106,black longhorn,Insecta,Hymenoptera,Apidae,Melissodes,bimaculatus,Pollinator,July,15-07-2025,18-07-2025,39.72381522,-104.8309439,1655,Arapahoe
Gabriel Cam Memorial Community Garden,GABR-V-107,GABR,vane,107,squash bee,Insecta,Hymenoptera,Apidae,Eucera,pruinosa,Pollinator,July,15-07-2025,18-07-2025,39.72381522,-104.8309439,1655,Arapahoe
Gabriel Cam Memorial Community Garden,GABR-V-108,GABR,vane,108,squash bee,Insecta,Hymenoptera,Apidae,Eucera,pruinosa,Pollinator,July,15-07-2025,18-07-2025,39.72381522,-104.8309439,1655,Arapahoe
Gabriel Cam Memorial Community Garden,GABR-V-109,GABR,vane,109,squash bee,Insecta,Hymenoptera,Apidae,Eucera,pruinosa,Pollinator,July,15-07-2025,18-07-2025,39.72381522,-104.8309439,1655,Arapahoe
Gabriel Cam Memorial Community Garden,GABR-V-110,GABR,vane,110,squash bee,Insecta,Hymenoptera,Apidae,Eucera,pruinosa,Pollinator,July,15-07-2025,18-07-2025,39.72381522,-104.8309439,1655,Arapahoe
Gabriel Cam Memorial Community Garden,GABR-V-111,GABR,vane,111,squash bee,Insecta,Hymenoptera,Apidae,Eucera,pruinosa,Pollinator,July,15-07-2025,18-07-2025,39.72381522,-104.8309439,1655,Arapahoe
Gabriel Cam Memorial Community Garden,GABR-V-112,GABR,vane,112,squash bee,Insecta,Hymenoptera,Apidae,Eucera,pruinosa,Pollinator,July,15-07-2025,18-07-2025,39.72381522,-104.8309439,1655,Arapahoe
Gabriel Cam Memorial Community Garden,GABR-V-113,GABR,vane,113,longhorn bee,Insecta,Hymenoptera,Apidae,,,Pollinator,July,15-07-2025,18-07-2025,39.72381522,-104.8309439,1655,Arapahoe
Gabriel Cam Memorial Community Garden,GABR-V-114,GABR,vane,114,longhorn bee,Insecta,Hymenoptera,Apidae,,,Pollinator,July,15-07-2025,18-07-2025,39.72381522,-104.8309439,1655,Arapahoe
Gabriel Cam Memorial Community Garden,GABR-V-115,GABR,vane,115,longhorn bee,Insecta,Hymenoptera,Apidae,,,Pollinator,July,15-07-2025,18-07-2025,39.72381522,-104.8309439,1655,Arapahoe
Gabriel Cam Memorial Community Garden,GABR-V-116,GABR,vane,116,interesting bee,Insecta,Hymenoptera,,,,Pollinator,July,15-07-2025,18-07-2025,39.72381522,-104.8309439,1655,Arapahoe
Gabriel Cam Memorial Community Garden,GABR-V-117,GABR,vane,117,sweatbee,Insecta,Hymenoptera,Halictidae,,,Pollinator,July,15-07-2025,18-07-2025,39.72381522,-104.8309439,1655,Arapahoe
Gabriel Cam Memorial Community Garden,GABR-V-118,GABR,vane,118,sweatbee,Insecta,Hymenoptera,Halictidae,,,Pollinator,July,15-07-2025,18-07-2025,39.72381522,-104.8309439,1655,Arapahoe
Gabriel Cam Memorial Community Garden,GABR-V-119,GABR,vane,119,interesting bee/maybe sweat bee,Insecta,Hymenoptera,,,,Pollinator,July,15-07-2025,18-07-2025,39.72381522,-104.8309439,1655,Arapahoe
Gabriel Cam Memorial Community Garden,GABR-V-120,GABR,vane,120,interesting wasp,Insecta,Hymenoptera,,,,Predator,July,15-07-2025,18-07-2025,39.72381522,-104.8309439,1655,Arapahoe
Gabriel Cam Memorial Community Garden,GABR-V-121,GABR,vane,121,small sweatbee,Insecta,Hymenoptera,Halictidae,,,Pollinator,July,15-07-2025,18-07-2025,39.72381522,-104.8309439,1655,Arapahoe
Gabriel Cam Memorial Community Garden,GABR-V-122,GABR,vane,122,small sweatbee,Insecta,Hymenoptera,Halictidae,,,Pollinator,July,15-07-2025,18-07-2025,39.72381522,-104.8309439,1655,Arapahoe
Gabriel Cam Memorial Community Garden,GABR-V-123,GABR,vane,123,small sweatbee,Insecta,Hymenoptera,Halictidae,,,Pollinator,July,15-07-2025,18-07-2025,39.72381522,-104.8309439,1655,Arapahoe
Gabriel Cam Memorial Community Garden,GABR-V-124,GABR,vane,124,ladybug,Insecta,Coleoptera,Coccinellidae,,,Predator,July,15-07-2025,18-07-2025,39.72381522,-104.8309439,1655,Arapahoe
Gabriel Cam Memorial Community Garden,GABR-V-125,GABR,vane,125,blister beetle,Insecta,Coleoptera,Meloidae,,,Herbivore,July,15-07-2025,18-07-2025,39.72381522,-104.8309439,1655,Arapahoe
Gabriel Cam Memorial Community Garden,GABR-V-126,GABR,vane,126,blister beetle,Insecta,Coleoptera,Meloidae,,,Herbivore,July,15-07-2025,18-07-2025,39.72381522,-104.8309439,1655,Arapahoe
Gabriel Cam Memorial Community Garden,GABR-V-127,GABR,vane,127,green lacewing,Insecta,Neuroptera,Chrysopidae,,,Herbivore,July,15-07-2025,18-07-2025,39.72381522,-104.8309439,1655,Arapahoe
Gabriel Cam Memorial Community Garden,GABR-V-128,GABR,vane,128,muscid fly,Insecta,Diptera,Muscidae,,,,July,15-07-2025,18-07-2025,39.72381522,-104.8309439,1655,Arapahoe
Gabriel Cam Memorial Community Garden,GABR-V-129,GABR,vane,129,muscid fly,Insecta,Diptera,Muscidae,,,,July,15-07-2025,18-07-2025,39.72381522,-104.8309439,1655,Arapahoe
Gabriel Cam Memorial Community Garden,GABR-V-130,GABR,vane,130,muscid fly,Insecta,Diptera,Muscidae,,,,July,15-07-2025,18-07-2025,39.72381522,-104.8309439,1655,Arapahoe
Gabriel Cam Memorial Community Garden,GABR-V-131,GABR,vane,131,muscid fly,Insecta,Diptera,Muscidae,,,,July,15-07-2025,18-07-2025,39.72381522,-104.8309439,1655,Arapahoe
Gabriel Cam Memorial Community Garden,GABR-V-132,GABR,vane,132,muscid fly,Insecta,Diptera,Muscidae,,,,July,15-07-2025,18-07-2025,39.72381522,-104.8309439,1655,Arapahoe
Gabriel Cam Memorial Community Garden,GABR-V-133,GABR,vane,133,muscid fly,Insecta,Diptera,Muscidae,,,,July,15-07-2025,18-07-2025,39.72381522,-104.8309439,1655,Arapahoe
Gabriel Cam Memorial Community Garden,GABR-V-134,GABR,vane,134,muscid fly,Insecta,Diptera,Muscidae,,,,July,15-07-2025,18-07-2025,39.72381522,-104.8309439,1655,Arapahoe
Gabriel Cam Memorial Community Garden,GABR-V-135,GABR,vane,135,anthomyiid fly,Insecta,Diptera,Anthomyiidae,Delia,,Herbivore,July,15-07-2025,18-07-2025,39.72381522,-104.8309439,1655,Arapahoe
Gabriel Cam Memorial Community Garden,GABR-V-136,GABR,vane,136,anthomyiid fly,Insecta,Diptera,Anthomyiidae,Delia,,Herbivore,July,15-07-2025,18-07-2025,39.72381522,-104.8309439,1655,Arapahoe
Gabriel Cam Memorial Community Garden,GABR-V-137,GABR,vane,137,cotton fleahopper,Insecta,Hemiptera,Miridae,Pseudatomoscelis ,seriatus,Herbivore,July,15-07-2025,18-07-2025,39.72381522,-104.8309439,1655,Arapahoe
Gabriel Cam Memorial Community Garden,GABR-V-138,GABR,vane,138,sap beetle,Insecta,Coleoptera,Nitulidae,Nitops,,Herbivore,July,15-07-2025,18-07-2025,39.72381522,-104.8309439,1655,Arapahoe
Gabriel Cam Memorial Community Garden,GABR-V-139,GABR,vane,139,sap beetle,Insecta,Coleoptera,Nitulidae,Nitops,,Herbivore,July,15-07-2025,18-07-2025,39.72381522,-104.8309439,1655,Arapahoe
Gabriel Cam Memorial Community Garden,GABR-V-140,GABR,vane,140,sap beetle,Insecta,Coleoptera,Nitulidae,Nitops,,Herbivore,July,15-07-2025,18-07-2025,39.72381522,-104.8309439,1655,Arapahoe
Gabriel Cam Memorial Community Garden,GABR-V-141,GABR,vane,141,sap beetle,Insecta,Coleoptera,Nitulidae,Nitops,,Herbivore,July,15-07-2025,18-07-2025,39.72381522,-104.8309439,1655,Arapahoe
Gabriel Cam Memorial Community Garden,GABR-V-142,GABR,vane,142,grasshopper,Insecta,Orthoptera,Acrididae,,,,July,15-07-2025,18-07-2025,39.72381522,-104.8309439,1655,Arapahoe
Gabriel Cam Memorial Community Garden,GABR-V-143,GABR,vane,143,japanese beetle,Insecta,Coleoptera,Scarabaeidae,,,,July,15-07-2025,18-07-2025,39.72381522,-104.8309439,1655,Arapahoe
Gabriel Cam Memorial Community Garden,GABR-V-144,GABR,vane,144,japanese beetle,Insecta,Coleoptera,Scarabaeidae,,,,July,15-07-2025,18-07-2025,39.72381522,-104.8309439,1655,Arapahoe
Gabriel Cam Memorial Community Garden,GABR-V-145,GABR,vane,145,blister beetle,Insecta,Coleoptera,Meloidae,,,,July,15-07-2025,18-07-2025,39.72381522,-104.8309439,1655,Arapahoe
Gabriel Cam Memorial Community Garden,GABR-V-146,GABR,vane,146,blister beetle,Insecta,Coleoptera,,,,,July,15-07-2025,18-07-2025,39.72381522,-104.8309439,1655,Arapahoe
Gabriel Cam Memorial Community Garden,GABR-V-147,GABR,vane,147,plant bug,Insecta,Hemiptera,,Lygus,,Herbivore,July,15-07-2025,18-07-2025,39.72381522,-104.8309439,1655,Arapahoe
Greenway Community Garden,GRE-V-1,GRE,vane,1,spider,Arachnida,Araneae,,,,Predator,July,15-07-2025,18-07-2025,39.75074088,-104.8969895,1625,Denver
Greenway Community Garden,GRE-V-2,GRE,vane,2,spider,Arachnida,Araneae,,,,Predator,July,15-07-2025,18-07-2025,39.75074088,-104.8969895,1625,Denver
Greenway Community Garden,GRE-V-3,GRE,vane,3,minute pirate bug,Insecta,Hemiptera,Anthocoridae,Orius,,Predator,July,15-07-2025,18-07-2025,39.75074088,-104.8969895,1625,Denver
Greenway Community Garden,GRE-V-4,GRE,vane,4,minute pirate bug,Insecta,Hemiptera,Anthocoridae,Orius,,Predator,July,15-07-2025,18-07-2025,39.75074088,-104.8969895,1625,Denver
Greenway Community Garden,GRE-V-5,GRE,vane,5,minute pirate bug,Insecta,Hemiptera,Anthocoridae,Orius,,Predator,July,15-07-2025,18-07-2025,39.75074088,-104.8969895,1625,Denver
Greenway Community Garden,GRE-V-6,GRE,vane,6,minute pirate bug,Insecta,Hemiptera,Anthocoridae,Orius,,Predator,July,15-07-2025,18-07-2025,39.75074088,-104.8969895,1625,Denver
Greenway Community Garden,GRE-V-7,GRE,vane,7,minute pirate bug,Insecta,Hemiptera,Anthocoridae,Orius,,Predator,July,15-07-2025,18-07-2025,39.75074088,-104.8969895,1625,Denver
Greenway Community Garden,GRE-V-8,GRE,vane,8,minute pirate bug,Insecta,Hemiptera,Anthocoridae,Orius,,Predator,July,15-07-2025,18-07-2025,39.75074088,-104.8969895,1625,Denver
Greenway Community Garden,GRE-V-9,GRE,vane,9,minute pirate bug,Insecta,Hemiptera,Anthocoridae,Orius,,Predator,July,15-07-2025,18-07-2025,39.75074088,-104.8969895,1625,Denver
Greenway Community Garden,GRE-V-10,GRE,vane,10,minute pirate bug,Insecta,Hemiptera,Anthocoridae,Orius,,Predator,July,15-07-2025,18-07-2025,39.75074088,-104.8969895,1625,Denver
Greenway Community Garden,GRE-V-11,GRE,vane,11,minute pirate bug,Insecta,Hemiptera,Anthocoridae,Orius,,Predator,July,15-07-2025,18-07-2025,39.75074088,-104.8969895,1625,Denver
Greenway Community Garden,GRE-V-12,GRE,vane,12,minute pirate bug,Insecta,Hemiptera,Anthocoridae,Orius,,Predator,July,15-07-2025,18-07-2025,39.75074088,-104.8969895,1625,Denver
Greenway Community Garden,GRE-V-13,GRE,vane,13,spider,Arachnida,Araneae,,,,Predator,July,15-07-2025,18-07-2025,39.75074088,-104.8969895,1625,Denver
Greenway Community Garden,GRE-V-14,GRE,vane,14,Beetle ,Insecta,Coleoptera,,,,,July,15-07-2025,18-07-2025,39.75074088,-104.8969895,1625,Denver
Greenway Community Garden,GRE-V-15,GRE,vane,15,thrips,Insecta,Thysanoptera,Thripidae,,,Herbivore,July,15-07-2025,18-07-2025,39.75074088,-104.8969895,1625,Denver
Greenway Community Garden,GRE-V-16,GRE,vane,16,thrips,Insecta,Thysanoptera,Thripidae,,,Herbivore,July,15-07-2025,18-07-2025,39.75074088,-104.8969895,1625,Denver
Greenway Community Garden,GRE-V-17,GRE,vane,17,thrips,Insecta,Thysanoptera,Thripidae,,,Herbivore,July,15-07-2025,18-07-2025,39.75074088,-104.8969895,1625,Denver
Greenway Community Garden,GRE-V-18,GRE,vane,18,thrips,Insecta,Thysanoptera,Thripidae,,,Herbivore,July,15-07-2025,18-07-2025,39.75074088,-104.8969895,1625,Denver
Greenway Community Garden,GRE-V-19,GRE,vane,19,thrips,Insecta,Thysanoptera,Thripidae,,,Herbivore,July,15-07-2025,18-07-2025,39.75074088,-104.8969895,1625,Denver
Greenway Community Garden,GRE-V-20,GRE,vane,20,thrips,Insecta,Thysanoptera,Thripidae,,,Herbivore,July,15-07-2025,18-07-2025,39.75074088,-104.8969895,1625,Denver
Greenway Community Garden,GRE-V-21,GRE,vane,21,thrips,Insecta,Thysanoptera,Thripidae,,,Herbivore,July,15-07-2025,18-07-2025,39.75074088,-104.8969895,1625,Denver
Greenway Community Garden,GRE-V-22,GRE,vane,22,thrips,Insecta,Thysanoptera,Thripidae,,,Herbivore,July,15-07-2025,18-07-2025,39.75074088,-104.8969895,1625,Denver
Greenway Community Garden,GRE-V-23,GRE,vane,23,thrips,Insecta,Thysanoptera,Thripidae,,,Herbivore,July,15-07-2025,18-07-2025,39.75074088,-104.8969895,1625,Denver
Greenway Community Garden,GRE-V-24,GRE,vane,24,thrips,Insecta,Thysanoptera,Thripidae,,,Herbivore,July,15-07-2025,18-07-2025,39.75074088,-104.8969895,1625,Denver
Greenway Community Garden,GRE-V-25,GRE,vane,25,thrips,Insecta,Thysanoptera,Thripidae,,,Herbivore,July,15-07-2025,18-07-2025,39.75074088,-104.8969895,1625,Denver
Greenway Community Garden,GRE-V-26,GRE,vane,26,thrips,Insecta,Thysanoptera,Thripidae,,,Herbivore,July,15-07-2025,18-07-2025,39.75074088,-104.8969895,1625,Denver
Greenway Community Garden,GRE-V-27,GRE,vane,27,thrips,Insecta,Thysanoptera,Thripidae,,,Herbivore,July,15-07-2025,18-07-2025,39.75074088,-104.8969895,1625,Denver
Greenway Community Garden,GRE-V-28,GRE,vane,28,thrips,Insecta,Thysanoptera,Thripidae,,,Herbivore,July,15-07-2025,18-07-2025,39.75074088,-104.8969895,1625,Denver
Greenway Community Garden,GRE-V-29,GRE,vane,29,thrips,Insecta,Thysanoptera,Thripidae,,,Herbivore,July,15-07-2025,18-07-2025,39.75074088,-104.8969895,1625,Denver
Greenway Community Garden,GRE-V-30,GRE,vane,30,thrips,Insecta,Thysanoptera,Thripidae,,,Herbivore,July,15-07-2025,18-07-2025,39.75074088,-104.8969895,1625,Denver
Greenway Community Garden,GRE-V-31,GRE,vane,31,thrips,Insecta,Thysanoptera,Thripidae,,,Herbivore,July,15-07-2025,18-07-2025,39.75074088,-104.8969895,1625,Denver
Greenway Community Garden,GRE-V-32,GRE,vane,32,thrips,Insecta,Thysanoptera,Thripidae,,,Herbivore,July,15-07-2025,18-07-2025,39.75074088,-104.8969895,1625,Denver
Greenway Community Garden,GRE-V-33,GRE,vane,33,thrips,Insecta,Thysanoptera,Thripidae,,,Herbivore,July,15-07-2025,18-07-2025,39.75074088,-104.8969895,1625,Denver
Greenway Community Garden,GRE-V-34,GRE,vane,34,thrips,Insecta,Thysanoptera,Thripidae,,,Herbivore,July,15-07-2025,18-07-2025,39.75074088,-104.8969895,1625,Denver
Greenway Community Garden,GRE-V-35,GRE,vane,35,thrips,Insecta,Thysanoptera,Thripidae,,,Herbivore,July,15-07-2025,18-07-2025,39.75074088,-104.8969895,1625,Denver
Greenway Community Garden,GRE-V-36,GRE,vane,36,thrips,Insecta,Thysanoptera,Thripidae,,,Herbivore,July,15-07-2025,18-07-2025,39.75074088,-104.8969895,1625,Denver
Greenway Community Garden,GRE-V-37,GRE,vane,37,thrips,Insecta,Thysanoptera,Thripidae,,,Herbivore,July,15-07-2025,18-07-2025,39.75074088,-104.8969895,1625,Denver
Greenway Community Garden,GRE-V-38,GRE,vane,38,thrips,Insecta,Thysanoptera,Thripidae,,,Herbivore,July,15-07-2025,18-07-2025,39.75074088,-104.8969895,1625,Denver
Greenway Community Garden,GRE-V-39,GRE,vane,39,thrips,Insecta,Thysanoptera,Thripidae,,,Herbivore,July,15-07-2025,18-07-2025,39.75074088,-104.8969895,1625,Denver
Greenway Community Garden,GRE-V-40,GRE,vane,40,thrips,Insecta,Thysanoptera,Thripidae,,,Herbivore,July,15-07-2025,18-07-2025,39.75074088,-104.8969895,1625,Denver
Greenway Community Garden,GRE-V-41,GRE,vane,41,thrips,Insecta,Thysanoptera,Thripidae,,,Herbivore,July,15-07-2025,18-07-2025,39.75074088,-104.8969895,1625,Denver
Greenway Community Garden,GRE-V-42,GRE,vane,42,thrips,Insecta,Thysanoptera,Thripidae,,,Herbivore,July,15-07-2025,18-07-2025,39.75074088,-104.8969895,1625,Denver
Greenway Community Garden,GRE-V-43,GRE,vane,43,thrips,Insecta,Thysanoptera,Thripidae,,,Herbivore,July,15-07-2025,18-07-2025,39.75074088,-104.8969895,1625,Denver
Greenway Community Garden,GRE-V-44,GRE,vane,44,thrips,Insecta,Thysanoptera,Thripidae,,,Herbivore,July,15-07-2025,18-07-2025,39.75074088,-104.8969895,1625,Denver
Greenway Community Garden,GRE-V-45,GRE,vane,45,thrips,Insecta,Thysanoptera,Thripidae,,,Herbivore,July,15-07-2025,18-07-2025,39.75074088,-104.8969895,1625,Denver
Greenway Community Garden,GRE-V-46,GRE,vane,46,thrips,Insecta,Thysanoptera,Thripidae,,,Herbivore,July,15-07-2025,18-07-2025,39.75074088,-104.8969895,1625,Denver
Greenway Community Garden,GRE-V-47,GRE,vane,47,thrips,Insecta,Thysanoptera,Thripidae,,,Herbivore,July,15-07-2025,18-07-2025,39.75074088,-104.8969895,1625,Denver
Greenway Community Garden,GRE-V-48,GRE,vane,48,thrips,Insecta,Thysanoptera,Thripidae,,,Herbivore,July,15-07-2025,18-07-2025,39.75074088,-104.8969895,1625,Denver
Greenway Community Garden,GRE-V-49,GRE,vane,49,thrips,Insecta,Thysanoptera,Thripidae,,,Herbivore,July,15-07-2025,18-07-2025,39.75074088,-104.8969895,1625,Denver
Greenway Community Garden,GRE-V-50,GRE,vane,50,thrips,Insecta,Thysanoptera,Thripidae,,,Herbivore,July,15-07-2025,18-07-2025,39.75074088,-104.8969895,1625,Denver
Greenway Community Garden,GRE-V-51,GRE,vane,51,thrips,Insecta,Thysanoptera,Thripidae,,,Herbivore,July,15-07-2025,18-07-2025,39.75074088,-104.8969895,1625,Denver
Greenway Community Garden,GRE-V-52,GRE,vane,52,thrips,Insecta,Thysanoptera,Thripidae,,,Herbivore,July,15-07-2025,18-07-2025,39.75074088,-104.8969895,1625,Denver
Greenway Community Garden,GRE-V-53,GRE,vane,53,thrips,Insecta,Thysanoptera,Thripidae,,,Herbivore,July,15-07-2025,18-07-2025,39.75074088,-104.8969895,1625,Denver
Greenway Community Garden,GRE-V-54,GRE,vane,54,thrips,Insecta,Thysanoptera,Thripidae,,,Herbivore,July,15-07-2025,18-07-2025,39.75074088,-104.8969895,1625,Denver
Greenway Community Garden,GRE-V-55,GRE,vane,55,thrips,Insecta,Thysanoptera,Thripidae,,,Herbivore,July,15-07-2025,18-07-2025,39.75074088,-104.8969895,1625,Denver
Greenway Community Garden,GRE-V-56,GRE,vane,56,thrips,Insecta,Thysanoptera,Thripidae,,,Herbivore,July,15-07-2025,18-07-2025,39.75074088,-104.8969895,1625,Denver
Greenway Community Garden,GRE-V-57,GRE,vane,57,thrips,Insecta,Thysanoptera,Thripidae,,,Herbivore,July,15-07-2025,18-07-2025,39.75074088,-104.8969895,1625,Denver
Greenway Community Garden,GRE-V-58,GRE,vane,58,thrips,Insecta,Thysanoptera,Thripidae,,,Herbivore,July,15-07-2025,18-07-2025,39.75074088,-104.8969895,1625,Denver
Greenway Community Garden,GRE-V-59,GRE,vane,59,thrips,Insecta,Thysanoptera,Thripidae,,,Herbivore,July,15-07-2025,18-07-2025,39.75074088,-104.8969895,1625,Denver
Greenway Community Garden,GRE-V-60,GRE,vane,60,thrips,Insecta,Thysanoptera,Thripidae,,,Herbivore,July,15-07-2025,18-07-2025,39.75074088,-104.8969895,1625,Denver
Greenway Community Garden,GRE-V-61,GRE,vane,61,thrips,Insecta,Thysanoptera,Thripidae,,,Herbivore,July,15-07-2025,18-07-2025,39.75074088,-104.8969895,1625,Denver
Greenway Community Garden,GRE-V-62,GRE,vane,62,thrips,Insecta,Thysanoptera,Thripidae,,,Herbivore,July,15-07-2025,18-07-2025,39.75074088,-104.8969895,1625,Denver
Greenway Community Garden,GRE-V-63,GRE,vane,63,thrips,Insecta,Thysanoptera,Thripidae,,,Herbivore,July,15-07-2025,18-07-2025,39.75074088,-104.8969895,1625,Denver
Greenway Community Garden,GRE-V-64,GRE,vane,64,thrips,Insecta,Thysanoptera,Thripidae,,,Herbivore,July,15-07-2025,18-07-2025,39.75074088,-104.8969895,1625,Denver
Greenway Community Garden,GRE-V-65,GRE,vane,65,thrips,Insecta,Thysanoptera,Thripidae,,,Herbivore,July,15-07-2025,18-07-2025,39.75074088,-104.8969895,1625,Denver
Greenway Community Garden,GRE-V-66,GRE,vane,66,thrips,Insecta,Thysanoptera,Thripidae,,,Herbivore,July,15-07-2025,18-07-2025,39.75074088,-104.8969895,1625,Denver
Greenway Community Garden,GRE-V-67,GRE,vane,67,thrips,Insecta,Thysanoptera,Thripidae,,,Herbivore,July,15-07-2025,18-07-2025,39.75074088,-104.8969895,1625,Denver
Greenway Community Garden,GRE-V-68,GRE,vane,68,thrips,Insecta,Thysanoptera,Thripidae,,,Herbivore,July,15-07-2025,18-07-2025,39.75074088,-104.8969895,1625,Denver
Greenway Community Garden,GRE-V-69,GRE,vane,69,thrips,Insecta,Thysanoptera,Thripidae,,,Herbivore,July,15-07-2025,18-07-2025,39.75074088,-104.8969895,1625,Denver
Greenway Community Garden,GRE-V-70,GRE,vane,70,thrips,Insecta,Thysanoptera,Thripidae,,,Herbivore,July,15-07-2025,18-07-2025,39.75074088,-104.8969895,1625,Denver
Greenway Community Garden,GRE-V-71,GRE,vane,71,thrips,Insecta,Thysanoptera,Thripidae,,,Herbivore,July,15-07-2025,18-07-2025,39.75074088,-104.8969895,1625,Denver
Greenway Community Garden,GRE-V-72,GRE,vane,72,thrips,Insecta,Thysanoptera,Thripidae,,,Herbivore,July,15-07-2025,18-07-2025,39.75074088,-104.8969895,1625,Denver
Greenway Community Garden,GRE-V-73,GRE,vane,73,thrips,Insecta,Thysanoptera,Thripidae,,,Herbivore,July,15-07-2025,18-07-2025,39.75074088,-104.8969895,1625,Denver
Greenway Community Garden,GRE-V-74,GRE,vane,74,thrips,Insecta,Thysanoptera,Thripidae,,,Herbivore,July,15-07-2025,18-07-2025,39.75074088,-104.8969895,1625,Denver
Greenway Community Garden,GRE-V-75,GRE,vane,75,thrips,Insecta,Thysanoptera,Thripidae,,,Herbivore,July,15-07-2025,18-07-2025,39.75074088,-104.8969895,1625,Denver
Greenway Community Garden,GRE-V-76,GRE,vane,76,thrips,Insecta,Thysanoptera,Thripidae,,,Herbivore,July,15-07-2025,18-07-2025,39.75074088,-104.8969895,1625,Denver
Greenway Community Garden,GRE-V-77,GRE,vane,77,thrips,Insecta,Thysanoptera,Thripidae,,,Herbivore,July,15-07-2025,18-07-2025,39.75074088,-104.8969895,1625,Denver
Greenway Community Garden,GRE-V-78,GRE,vane,78,thrips,Insecta,Thysanoptera,Thripidae,,,Herbivore,July,15-07-2025,18-07-2025,39.75074088,-104.8969895,1625,Denver
Greenway Community Garden,GRE-V-79,GRE,vane,79,thrips,Insecta,Thysanoptera,Thripidae,,,Herbivore,July,15-07-2025,18-07-2025,39.75074088,-104.8969895,1625,Denver
Greenway Community Garden,GRE-V-80,GRE,vane,80,thrips,Insecta,Thysanoptera,Thripidae,,,Herbivore,July,15-07-2025,18-07-2025,39.75074088,-104.8969895,1625,Denver
Greenway Community Garden,GRE-V-81,GRE,vane,81,thrips,Insecta,Thysanoptera,Thripidae,,,Herbivore,July,15-07-2025,18-07-2025,39.75074088,-104.8969895,1625,Denver
Greenway Community Garden,GRE-V-82,GRE,vane,82,thrips,Insecta,Thysanoptera,Thripidae,,,Herbivore,July,15-07-2025,18-07-2025,39.75074088,-104.8969895,1625,Denver
Greenway Community Garden,GRE-V-83,GRE,vane,83,thrips,Insecta,Thysanoptera,Thripidae,,,Herbivore,July,15-07-2025,18-07-2025,39.75074088,-104.8969895,1625,Denver
Greenway Community Garden,GRE-V-84,GRE,vane,84,thrips,Insecta,Thysanoptera,Thripidae,,,Herbivore,July,15-07-2025,18-07-2025,39.75074088,-104.8969895,1625,Denver
Greenway Community Garden,GRE-V-85,GRE,vane,85,thrips,Insecta,Thysanoptera,Thripidae,,,Herbivore,July,15-07-2025,18-07-2025,39.75074088,-104.8969895,1625,Denver
Greenway Community Garden,GRE-V-86,GRE,vane,86,thrips,Insecta,Thysanoptera,Thripidae,,,Herbivore,July,15-07-2025,18-07-2025,39.75074088,-104.8969895,1625,Denver
Greenway Community Garden,GRE-V-87,GRE,vane,87,thrips,Insecta,Thysanoptera,Thripidae,,,Herbivore,July,15-07-2025,18-07-2025,39.75074088,-104.8969895,1625,Denver
Greenway Community Garden,GRE-V-88,GRE,vane,88,thrips,Insecta,Thysanoptera,Thripidae,,,Herbivore,July,15-07-2025,18-07-2025,39.75074088,-104.8969895,1625,Denver
Greenway Community Garden,GRE-V-89,GRE,vane,89,thrips,Insecta,Thysanoptera,Thripidae,,,Herbivore,July,15-07-2025,18-07-2025,39.75074088,-104.8969895,1625,Denver
Greenway Community Garden,GRE-V-90,GRE,vane,90,thrips,Insecta,Thysanoptera,Thripidae,,,Herbivore,July,15-07-2025,18-07-2025,39.75074088,-104.8969895,1625,Denver
Greenway Community Garden,GRE-V-91,GRE,vane,91,thrips,Insecta,Thysanoptera,Thripidae,,,Herbivore,July,15-07-2025,18-07-2025,39.75074088,-104.8969895,1625,Denver
Greenway Community Garden,GRE-V-92,GRE,vane,92,thrips,Insecta,Thysanoptera,Thripidae,,,Herbivore,July,15-07-2025,18-07-2025,39.75074088,-104.8969895,1625,Denver
Greenway Community Garden,GRE-V-93,GRE,vane,93,thrips,Insecta,Thysanoptera,Thripidae,,,Herbivore,July,15-07-2025,18-07-2025,39.75074088,-104.8969895,1625,Denver
Greenway Community Garden,GRE-V-94,GRE,vane,94,thrips,Insecta,Thysanoptera,Thripidae,,,Herbivore,July,15-07-2025,18-07-2025,39.75074088,-104.8969895,1625,Denver
Greenway Community Garden,GRE-V-95,GRE,vane,95,thrips,Insecta,Thysanoptera,Thripidae,,,Herbivore,July,15-07-2025,18-07-2025,39.75074088,-104.8969895,1625,Denver
Greenway Community Garden,GRE-V-96,GRE,vane,96,thrips,Insecta,Thysanoptera,Thripidae,,,Herbivore,July,15-07-2025,18-07-2025,39.75074088,-104.8969895,1625,Denver
Greenway Community Garden,GRE-V-97,GRE,vane,97,thrips,Insecta,Thysanoptera,Thripidae,,,Herbivore,July,15-07-2025,18-07-2025,39.75074088,-104.8969895,1625,Denver
Greenway Community Garden,GRE-V-98,GRE,vane,98,thrips,Insecta,Thysanoptera,Thripidae,,,Herbivore,July,15-07-2025,18-07-2025,39.75074088,-104.8969895,1625,Denver
Greenway Community Garden,GRE-V-99,GRE,vane,99,thrips,Insecta,Thysanoptera,Thripidae,,,Herbivore,July,15-07-2025,18-07-2025,39.75074088,-104.8969895,1625,Denver
Greenway Community Garden,GRE-V-100,GRE,vane,100,thrips,Insecta,Thysanoptera,Thripidae,,,Herbivore,July,15-07-2025,18-07-2025,39.75074088,-104.8969895,1625,Denver
Greenway Community Garden,GRE-V-101,GRE,vane,101,thrips,Insecta,Thysanoptera,Thripidae,,,Herbivore,July,15-07-2025,18-07-2025,39.75074088,-104.8969895,1625,Denver
Greenway Community Garden,GRE-V-102,GRE,vane,102,thrips,Insecta,Thysanoptera,Thripidae,,,Herbivore,July,15-07-2025,18-07-2025,39.75074088,-104.8969895,1625,Denver
Greenway Community Garden,GRE-V-103,GRE,vane,103,thrips,Insecta,Thysanoptera,Thripidae,,,Herbivore,July,15-07-2025,18-07-2025,39.75074088,-104.8969895,1625,Denver
Greenway Community Garden,GRE-V-104,GRE,vane,104,thrips,Insecta,Thysanoptera,Thripidae,,,Herbivore,July,15-07-2025,18-07-2025,39.75074088,-104.8969895,1625,Denver
Greenway Community Garden,GRE-V-105,GRE,vane,105,thrips,Insecta,Thysanoptera,Thripidae,,,Herbivore,July,15-07-2025,18-07-2025,39.75074088,-104.8969895,1625,Denver
Greenway Community Garden,GRE-V-106,GRE,vane,106,thrips,Insecta,Thysanoptera,Thripidae,,,Herbivore,July,15-07-2025,18-07-2025,39.75074088,-104.8969895,1625,Denver
Greenway Community Garden,GRE-V-107,GRE,vane,107,thrips,Insecta,Thysanoptera,Thripidae,,,Herbivore,July,15-07-2025,18-07-2025,39.75074088,-104.8969895,1625,Denver
Greenway Community Garden,GRE-V-108,GRE,vane,108,bumblebee,Insecta,Hymenoptera,Apidae,Bombus,,Pollinator,July,15-07-2025,18-07-2025,39.75074088,-104.8969895,1625,Denver
Greenway Community Garden,GRE-V-109,GRE,vane,109,squashbee,Insecta,Hymenoptera,Apidae,Eucera,pruinosa,Pollinator,July,15-07-2025,18-07-2025,39.75074088,-104.8969895,1625,Denver
Greenway Community Garden,GRE-V-110,GRE,vane,110,squashbee,Insecta,Hymenoptera,Apidae,Eucera,pruinosa,Pollinator,July,15-07-2025,18-07-2025,39.75074088,-104.8969895,1625,Denver
Greenway Community Garden,GRE-V-111,GRE,vane,111,squashbee,Insecta,Hymenoptera,Apidae,Eucera,pruinosa,Pollinator,July,15-07-2025,18-07-2025,39.75074088,-104.8969895,1625,Denver
Greenway Community Garden,GRE-V-112,GRE,vane,112,squashbee,Insecta,Hymenoptera,Apidae,Eucera,pruinosa,Pollinator,July,15-07-2025,18-07-2025,39.75074088,-104.8969895,1625,Denver
Greenway Community Garden,GRE-V-113,GRE,vane,113,squashbee,Insecta,Hymenoptera,Apidae,Eucera,pruinosa,Pollinator,July,15-07-2025,18-07-2025,39.75074088,-104.8969895,1625,Denver
Greenway Community Garden,GRE-V-114,GRE,vane,114,squashbee,Insecta,Hymenoptera,Apidae,Eucera,pruinosa,Pollinator,July,15-07-2025,18-07-2025,39.75074088,-104.8969895,1625,Denver
Greenway Community Garden,GRE-V-115,GRE,vane,115,squashbee,Insecta,Hymenoptera,Apidae,Eucera,pruinosa,Pollinator,July,15-07-2025,18-07-2025,39.75074088,-104.8969895,1625,Denver
Greenway Community Garden,GRE-V-116,GRE,vane,116,squashbee,Insecta,Hymenoptera,Apidae,Eucera,pruinosa,Pollinator,July,15-07-2025,18-07-2025,39.75074088,-104.8969895,1625,Denver
Greenway Community Garden,GRE-V-117,GRE,vane,117,black longhorn,Insecta,Hymenoptera,Apidae,Melissodes,bimaculatus,Pollinator,July,15-07-2025,18-07-2025,39.75074088,-104.8969895,1625,Denver
Greenway Community Garden,GRE-V-118,GRE,vane,118,black longhorn,Insecta,Hymenoptera,Apidae,Melissodes,bimaculatus,Pollinator,July,15-07-2025,18-07-2025,39.75074088,-104.8969895,1625,Denver
Greenway Community Garden,GRE-V-119,GRE,vane,119,longhorn,Insecta,Hymenoptera,Apidae,,,Pollinator,July,15-07-2025,18-07-2025,39.75074088,-104.8969895,1625,Denver
Greenway Community Garden,GRE-V-120,GRE,vane,120,longhorn,Insecta,Hymenoptera,Apidae,,,Pollinator,July,15-07-2025,18-07-2025,39.75074088,-104.8969895,1625,Denver
Greenway Community Garden,GRE-V-121,GRE,vane,121,longhorn,Insecta,Hymenoptera,Apidae,,,Pollinator,July,15-07-2025,18-07-2025,39.75074088,-104.8969895,1625,Denver
Greenway Community Garden,GRE-V-122,GRE,vane,122,longhorn,Insecta,Hymenoptera,Apidae,,,Pollinator,July,15-07-2025,18-07-2025,39.75074088,-104.8969895,1625,Denver
Greenway Community Garden,GRE-V-123,GRE,vane,123,longhorn,Insecta,Hymenoptera,Apidae,,,Pollinator,July,15-07-2025,18-07-2025,39.75074088,-104.8969895,1625,Denver
Greenway Community Garden,GRE-V-124,GRE,vane,124,longhorn,Insecta,Hymenoptera,Apidae,,,Pollinator,July,15-07-2025,18-07-2025,39.75074088,-104.8969895,1625,Denver
Greenway Community Garden,GRE-V-125,GRE,vane,125,longhorn,Insecta,Hymenoptera,Apidae,,,Pollinator,July,15-07-2025,18-07-2025,39.75074088,-104.8969895,1625,Denver
Greenway Community Garden,GRE-V-126,GRE,vane,126,longhorn,Insecta,Hymenoptera,Apidae,,,Pollinator,July,15-07-2025,18-07-2025,39.75074088,-104.8969895,1625,Denver
Greenway Community Garden,GRE-V-127,GRE,vane,127,longhorn,Insecta,Hymenoptera,Apidae,,,Pollinator,July,15-07-2025,18-07-2025,39.75074088,-104.8969895,1625,Denver
Greenway Community Garden,GRE-V-128,GRE,vane,128,longhorn,Insecta,Hymenoptera,Apidae,,,Pollinator,July,15-07-2025,18-07-2025,39.75074088,-104.8969895,1625,Denver
Greenway Community Garden,GRE-V-129,GRE,vane,129,longhorn,Insecta,Hymenoptera,Apidae,,,Pollinator,July,15-07-2025,18-07-2025,39.75074088,-104.8969895,1625,Denver
Greenway Community Garden,GRE-V-130,GRE,vane,130,longhorn,Insecta,Hymenoptera,Apidae,,,Pollinator,July,15-07-2025,18-07-2025,39.75074088,-104.8969895,1625,Denver
Greenway Community Garden,GRE-V-131,GRE,vane,131,longhorn,Insecta,Hymenoptera,Apidae,,,Pollinator,July,15-07-2025,18-07-2025,39.75074088,-104.8969895,1625,Denver
Greenway Community Garden,GRE-V-132,GRE,vane,132,longhorn,Insecta,Hymenoptera,Apidae,,,Pollinator,July,15-07-2025,18-07-2025,39.75074088,-104.8969895,1625,Denver
Greenway Community Garden,GRE-V-133,GRE,vane,133,green sweatbee,Insecta,Hymenoptera,Halictidae,Agapostemon,,Pollinator,July,15-07-2025,18-07-2025,39.75074088,-104.8969895,1625,Denver
Greenway Community Garden,GRE-V-134,GRE,vane,134,green sweatbee,Insecta,Hymenoptera,Halictidae,Agapostemon,,Pollinator,July,15-07-2025,18-07-2025,39.75074088,-104.8969895,1625,Denver
Greenway Community Garden,GRE-V-135,GRE,vane,135,sweatbee,Insecta,Hymenoptera,Halictidae,,,Pollinator,July,15-07-2025,18-07-2025,39.75074088,-104.8969895,1625,Denver
Greenway Community Garden,GRE-V-136,GRE,vane,136,sweatbee,Insecta,Hymenoptera,Halictidae,,,Pollinator,July,15-07-2025,18-07-2025,39.75074088,-104.8969895,1625,Denver
Greenway Community Garden,GRE-V-137,GRE,vane,137,sweatbee,Insecta,Hymenoptera,Halictidae,,,Pollinator,July,15-07-2025,18-07-2025,39.75074088,-104.8969895,1625,Denver
Greenway Community Garden,GRE-V-138,GRE,vane,138,blister beetle,Insecta,Coleoptera,Meloidae,Epicauta,,Herbivore,July,15-07-2025,18-07-2025,39.75074088,-104.8969895,1625,Denver
Greenway Community Garden,GRE-V-139,GRE,vane,139,blister beetle,Insecta,Coleoptera,Meloidae,Epicauta,,Herbivore,July,15-07-2025,18-07-2025,39.75074088,-104.8969895,1625,Denver
Greenway Community Garden,GRE-V-140,GRE,vane,140,muscid fly,Insecta,Diptera,Muscidae,,,,July,15-07-2025,18-07-2025,39.75074088,-104.8969895,1625,Denver
Greenway Community Garden,GRE-V-141,GRE,vane,141,muscid fly,Insecta,Diptera,Muscidae,,,,July,15-07-2025,18-07-2025,39.75074088,-104.8969895,1625,Denver
Greenway Community Garden,GRE-V-142,GRE,vane,142,muscid fly,Insecta,Diptera,Muscidae,,,,July,15-07-2025,18-07-2025,39.75074088,-104.8969895,1625,Denver
Greenway Community Garden,GRE-V-143,GRE,vane,143,nitops beetle,Insecta,Coleoptera,Nitidulidae ,Nitops,,Herbivore,July,15-07-2025,18-07-2025,39.75074088,-104.8969895,1625,Denver
Greenway Community Garden,GRE-V-144,GRE,vane,144,small ant,Insecta,Hymenoptera,,,,,July,15-07-2025,18-07-2025,39.75074088,-104.8969895,1625,Denver
GW School and Community Garden,GW-V-1,GW,vane,1,spider,Arachnida,Araneae,,,,Predator,July,15-07-2025,18-07-2025,39.70479323,-104.9149051,1644,Denver
GW School and Community Garden,GW-V-2,GW,vane,2,pirate bug ,Insecta,Hemiptera,Anthocoridae,Orius,,Predator,July,15-07-2025,18-07-2025,39.70479323,-104.9149051,1644,Denver
GW School and Community Garden,GW-V-3,GW,vane,3,pirate bug ,Insecta,Hemiptera,Anthocoridae,Orius,,Predator,July,15-07-2025,18-07-2025,39.70479323,-104.9149051,1644,Denver
GW School and Community Garden,GW-V-4,GW,vane,4,pirate bug ,Insecta,Hemiptera,Anthocoridae,Orius,,Predator,July,15-07-2025,18-07-2025,39.70479323,-104.9149051,1644,Denver
GW School and Community Garden,GW-V-5,GW,vane,5,pirate bug ,Insecta,Hemiptera,Anthocoridae,Orius,,Predator,July,15-07-2025,18-07-2025,39.70479323,-104.9149051,1644,Denver
GW School and Community Garden,GW-V-6,GW,vane,6,pirate bug ,Insecta,Hemiptera,Anthocoridae,Orius,,Predator,July,15-07-2025,18-07-2025,39.70479323,-104.9149051,1644,Denver
GW School and Community Garden,GW-V-7,GW,vane,7,aphid ,Insecta,Hemiptera,Aphididae,,,Herbivore,July,15-07-2025,18-07-2025,39.70479323,-104.9149051,1644,Denver
GW School and Community Garden,GW-V-8,GW,vane,8,aphid ,Insecta,Hemiptera,Aphididae,,,Herbivore,July,15-07-2025,18-07-2025,39.70479323,-104.9149051,1644,Denver
GW School and Community Garden,GW-V-9,GW,vane,9,tiny mosquito,Insecta,Diptera,,,,Sanguivore,July,15-07-2025,18-07-2025,39.70479323,-104.9149051,1644,Denver
GW School and Community Garden,GW-V-10,GW,vane,10,Thrips,Insecta,Thysanoptera,,,,Herbivore,July,15-07-2025,18-07-2025,39.70479323,-104.9149051,1644,Denver
GW School and Community Garden,GW-V-11,GW,vane,11,Thrips,Insecta,Thysanoptera,,,,Herbivore,July,15-07-2025,18-07-2025,39.70479323,-104.9149051,1644,Denver
GW School and Community Garden,GW-V-12,GW,vane,12,Thrips,Insecta,Thysanoptera,,,,Herbivore,July,15-07-2025,18-07-2025,39.70479323,-104.9149051,1644,Denver
GW School and Community Garden,GW-V-13,GW,vane,13,Thrips,Insecta,Thysanoptera,,,,Herbivore,July,15-07-2025,18-07-2025,39.70479323,-104.9149051,1644,Denver
GW School and Community Garden,GW-V-14,GW,vane,14,Thrips,Insecta,Thysanoptera,,,,Herbivore,July,15-07-2025,18-07-2025,39.70479323,-104.9149051,1644,Denver
GW School and Community Garden,GW-V-15,GW,vane,15,Thrips,Insecta,Thysanoptera,,,,Herbivore,July,15-07-2025,18-07-2025,39.70479323,-104.9149051,1644,Denver
GW School and Community Garden,GW-V-16,GW,vane,16,Thrips,Insecta,Thysanoptera,,,,Herbivore,July,15-07-2025,18-07-2025,39.70479323,-104.9149051,1644,Denver
GW School and Community Garden,GW-V-17,GW,vane,17,Thrips,Insecta,Thysanoptera,,,,Herbivore,July,15-07-2025,18-07-2025,39.70479323,-104.9149051,1644,Denver
GW School and Community Garden,GW-V-18,GW,vane,18,Thrips,Insecta,Thysanoptera,,,,Herbivore,July,15-07-2025,18-07-2025,39.70479323,-104.9149051,1644,Denver
GW School and Community Garden,GW-V-19,GW,vane,19,Thrips,Insecta,Thysanoptera,,,,Herbivore,July,15-07-2025,18-07-2025,39.70479323,-104.9149051,1644,Denver
GW School and Community Garden,GW-V-20,GW,vane,20,Thrips,Insecta,Thysanoptera,,,,Herbivore,July,15-07-2025,18-07-2025,39.70479323,-104.9149051,1644,Denver
GW School and Community Garden,GW-V-21,GW,vane,21,Thrips,Insecta,Thysanoptera,,,,Herbivore,July,15-07-2025,18-07-2025,39.70479323,-104.9149051,1644,Denver
GW School and Community Garden,GW-V-22,GW,vane,22,Thrips,Insecta,Thysanoptera,,,,Herbivore,July,15-07-2025,18-07-2025,39.70479323,-104.9149051,1644,Denver
GW School and Community Garden,GW-V-23,GW,vane,23,Thrips,Insecta,Thysanoptera,,,,Herbivore,July,15-07-2025,18-07-2025,39.70479323,-104.9149051,1644,Denver
GW School and Community Garden,GW-V-24,GW,vane,24,Thrips,Insecta,Thysanoptera,,,,Herbivore,July,15-07-2025,18-07-2025,39.70479323,-104.9149051,1644,Denver
GW School and Community Garden,GW-V-25,GW,vane,25,Thrips,Insecta,Thysanoptera,,,,Herbivore,July,15-07-2025,18-07-2025,39.70479323,-104.9149051,1644,Denver
GW School and Community Garden,GW-V-26,GW,vane,26,Thrips,Insecta,Thysanoptera,,,,Herbivore,July,15-07-2025,18-07-2025,39.70479323,-104.9149051,1644,Denver
GW School and Community Garden,GW-V-27,GW,vane,27,Thrips,Insecta,Thysanoptera,,,,Herbivore,July,15-07-2025,18-07-2025,39.70479323,-104.9149051,1644,Denver
GW School and Community Garden,GW-V-28,GW,vane,28,Japanese beetle,Insecta,Coleoptera,Scarabaeidae,Popillia,japonica,Herbivore,July,15-07-2025,18-07-2025,39.70479323,-104.9149051,1644,Denver
GW School and Community Garden,GW-V-29,GW,vane,29,bumble flower beetle,Insecta,Coleoptera,Scarabaeidae,Euphoria,inda,Detritivore,July,15-07-2025,18-07-2025,39.70479323,-104.9149051,1644,Denver
GW School and Community Garden,GW-V-30,GW,vane,30,japanese beetle,Insecta,Coleoptera,Scarabaeidae,Popillia,japonica,Herbivore,July,15-07-2025,18-07-2025,39.70479323,-104.9149051,1644,Denver
GW School and Community Garden,GW-V-31,GW,vane,31,black bee,Insecta,Hymenoptera,,,,Pollinator,July,15-07-2025,18-07-2025,39.70479323,-104.9149051,1644,Denver
GW School and Community Garden,GW-V-32,GW,vane,32,black bee,Insecta,Hymenoptera,,,,Pollinator,July,15-07-2025,18-07-2025,39.70479323,-104.9149051,1644,Denver
GW School and Community Garden,GW-V-33,GW,vane,33,bumble flower beetle,Insecta,Coleoptera,Scarabaeidae,Euphoria,inda,Detritivore,July,15-07-2025,18-07-2025,39.70479323,-104.9149051,1644,Denver
GW School and Community Garden,GW-V-34,GW,vane,34,Bee,Insecta,Hymenoptera,,,,Pollinator,July,15-07-2025,18-07-2025,39.70479323,-104.9149051,1644,Denver
GW School and Community Garden,GW-V-35,GW,vane,35,bee,Insecta,Hymenoptera,,,,Pollinator,July,15-07-2025,18-07-2025,39.70479323,-104.9149051,1644,Denver
GW School and Community Garden,GW-V-36,GW,vane,36,firefly,Insecta,Coleoptera,Lampyridae,,,Predator,July,15-07-2025,18-07-2025,39.70479323,-104.9149051,1644,Denver
GW School and Community Garden,GW-V-37,GW,vane,37,bee,Insecta,Hymenoptera,Halictidae,,,Pollinator,July,15-07-2025,18-07-2025,39.70479323,-104.9149051,1644,Denver
GW School and Community Garden,GW-V-38,GW,vane,38,bee,Insecta,Hymenoptera,,,,Pollinator,July,15-07-2025,18-07-2025,39.70479323,-104.9149051,1644,Denver
GW School and Community Garden,GW-V-39,GW,vane,39,green bee,Insecta,Hymenoptera,Halictidae,,,Pollinator,July,15-07-2025,18-07-2025,39.70479323,-104.9149051,1644,Denver
GW School and Community Garden,GW-V-40,GW,vane,40,green bee,Insecta,Hymenoptera,Halictidae,,,Pollinator,July,15-07-2025,18-07-2025,39.70479323,-104.9149051,1644,Denver
GW School and Community Garden,GW-V-41,GW,vane,41,japanese beetle,Insecta,Coleoptera,Scarabaeidae,Popillia,japonica,Herbivore,July,15-07-2025,18-07-2025,39.70479323,-104.9149051,1644,Denver
GW School and Community Garden,GW-V-42,GW,vane,42,longhorn bee,Insecta,Hymenoptera,Apidae,,,Pollinator,July,15-07-2025,18-07-2025,39.70479323,-104.9149051,1644,Denver
GW School and Community Garden,GW-V-43,GW,vane,43,longhorn bee,Insecta,Hymenoptera,Apidae,,,Pollinator,July,15-07-2025,18-07-2025,39.70479323,-104.9149051,1644,Denver
GW School and Community Garden,GW-V-44,GW,vane,44,black bee,Insecta,Hymenoptera,,,,Pollinator,July,15-07-2025,18-07-2025,39.70479323,-104.9149051,1644,Denver
GW School and Community Garden,GW-V-45,GW,vane,45,black bee,Insecta,Hymenoptera,,,,Pollinator,July,15-07-2025,18-07-2025,39.70479323,-104.9149051,1644,Denver
GW School and Community Garden,GW-V-46,GW,vane,46,black bee,Insecta,Hymenoptera,,,,Pollinator,July,15-07-2025,18-07-2025,39.70479323,-104.9149051,1644,Denver
GW School and Community Garden,GW-V-47,GW,vane,47,black bee,Insecta,Hymenoptera,,,,Pollinator,July,15-07-2025,18-07-2025,39.70479323,-104.9149051,1644,Denver
GW School and Community Garden,GW-V-48,GW,vane,48,black bee,Insecta,Hymenoptera,,,,Pollinator,July,15-07-2025,18-07-2025,39.70479323,-104.9149051,1644,Denver
GW School and Community Garden,GW-V-49,GW,vane,49,bee,Insecta,Hymenoptera,,,,Pollinator,July,15-07-2025,18-07-2025,39.70479323,-104.9149051,1644,Denver
GW School and Community Garden,GW-V-50,GW,vane,50,bee,Insecta,Hymenoptera,,,,Pollinator,July,15-07-2025,18-07-2025,39.70479323,-104.9149051,1644,Denver
GW School and Community Garden,GW-V-51,GW,vane,51,orangeish bee,Insecta,Hymenoptera,,,,Pollinator,July,15-07-2025,18-07-2025,39.70479323,-104.9149051,1644,Denver
GW School and Community Garden,GW-V-52,GW,vane,52,black longhorn bee,Insecta,Hymenoptera,Apidae,,,Pollinator,July,15-07-2025,18-07-2025,39.70479323,-104.9149051,1644,Denver
GW School and Community Garden,GW-V-53,GW,vane,53,bee,Insecta,Hymenoptera,,,,Pollinator,July,15-07-2025,18-07-2025,39.70479323,-104.9149051,1644,Denver
GW School and Community Garden,GW-V-54,GW,vane,54,longhorn bee,Insecta,Hymenoptera,Apidae,,,Pollinator,July,15-07-2025,18-07-2025,39.70479323,-104.9149051,1644,Denver
GW School and Community Garden,GW-V-55,GW,vane,55,small bee,Insecta,Hymenoptera,,,,Pollinator,July,15-07-2025,18-07-2025,39.70479323,-104.9149051,1644,Denver
GW School and Community Garden,GW-V-56,GW,vane,56,little bug,Insecta,Hemiptera,,,,,July,15-07-2025,18-07-2025,39.70479323,-104.9149051,1644,Denver
GW School and Community Garden,GW-V-57,GW,vane,57,small fly,Insecta,Diptera,,,,,July,15-07-2025,18-07-2025,39.70479323,-104.9149051,1644,Denver
Jefferson Green Community Garden,JEF-V-1,JEF,vane,1,minute pirate bug,Insecta,Hemiptera,Anthocoridae,Orius,,Predator,July,15-07-2025,18-07-2025,39.65720004,-105.0984888,1671,Jefferson
Jefferson Green Community Garden,JEF-V-2,JEF,vane,2,minute pirate bug,Insecta,Hemiptera,Anthocoridae,Orius,,Predator,July,15-07-2025,18-07-2025,39.65720004,-105.0984888,1671,Jefferson
Jefferson Green Community Garden,JEF-V-3,JEF,vane,3,minute pirate bug,Insecta,Hemiptera,Anthocoridae,Orius,,Predator,July,15-07-2025,18-07-2025,39.65720004,-105.0984888,1671,Jefferson
Jefferson Green Community Garden,JEF-V-4,JEF,vane,4,minute pirate bug,Insecta,Hemiptera,Anthocoridae,Orius,,Predator,July,15-07-2025,18-07-2025,39.65720004,-105.0984888,1671,Jefferson
Jefferson Green Community Garden,JEF-V-5,JEF,vane,5,minute pirate bug,Insecta,Hemiptera,Anthocoridae,Orius,,Predator,July,15-07-2025,18-07-2025,39.65720004,-105.0984888,1671,Jefferson
Jefferson Green Community Garden,JEF-V-6,JEF,vane,6,minute pirate bug,Insecta,Hemiptera,Anthocoridae,Orius,,Predator,July,15-07-2025,18-07-2025,39.65720004,-105.0984888,1671,Jefferson
Jefferson Green Community Garden,JEF-V-7,JEF,vane,7,minute pirate bug,Insecta,Hemiptera,Anthocoridae,Orius,,Predator,July,15-07-2025,18-07-2025,39.65720004,-105.0984888,1671,Jefferson
Jefferson Green Community Garden,JEF-V-8,JEF,vane,8,minute pirate bug,Insecta,Hemiptera,Anthocoridae,Orius,,Predator,July,15-07-2025,18-07-2025,39.65720004,-105.0984888,1671,Jefferson
Jefferson Green Community Garden,JEF-V-9,JEF,vane,9,minute pirate bug,Insecta,Hemiptera,Anthocoridae,Orius,,Predator,July,15-07-2025,18-07-2025,39.65720004,-105.0984888,1671,Jefferson
Jefferson Green Community Garden,JEF-V-10,JEF,vane,10,minute pirate bug,Insecta,Hemiptera,Anthocoridae,Orius,,Predator,July,15-07-2025,18-07-2025,39.65720004,-105.0984888,1671,Jefferson
Jefferson Green Community Garden,JEF-V-11,JEF,vane,11,spider,Arachnida,Araneae,,,,Predator,July,15-07-2025,18-07-2025,39.65720004,-105.0984888,1671,Jefferson
Jefferson Green Community Garden,JEF-V-12,JEF,vane,12,spider,Arachnida,Araneae,,,,Predator,July,15-07-2025,18-07-2025,39.65720004,-105.0984888,1671,Jefferson
Jefferson Green Community Garden,JEF-V-13,JEF,vane,13,fly ,Insecta,Diptera,,,,,July,15-07-2025,18-07-2025,39.65720004,-105.0984888,1671,Jefferson
Jefferson Green Community Garden,JEF-V-14,JEF,vane,14,fly ,Insecta,Diptera,,,,,July,15-07-2025,18-07-2025,39.65720004,-105.0984888,1671,Jefferson
Jefferson Green Community Garden,JEF-V-15,JEF,vane,15,ant ,Insecta,Hymenoptera,Formicidae,,,,July,15-07-2025,18-07-2025,39.65720004,-105.0984888,1671,Jefferson
Jefferson Green Community Garden,JEF-V-16,JEF,vane,16,leaf hopper,Insecta,Hemiptera,Cicadellidae,,,Herbivore,July,15-07-2025,18-07-2025,39.65720004,-105.0984888,1671,Jefferson
Jefferson Green Community Garden,JEF-V-17,JEF,vane,17,fly ,Insecta,Diptera,,,,,July,15-07-2025,18-07-2025,39.65720004,-105.0984888,1671,Jefferson
Jefferson Green Community Garden,JEF-V-18,JEF,vane,18,beetle,Insecta,Coleoptera,,,,,July,15-07-2025,18-07-2025,39.65720004,-105.0984888,1671,Jefferson
Jefferson Green Community Garden,JEF-V-19,JEF,vane,19,mite,Arachnida,Acari,,,,,July,15-07-2025,18-07-2025,39.65720004,-105.0984888,1671,Jefferson
Jefferson Green Community Garden,JEF-V-20,JEF,vane,20,mite,Arachnida,Acari,,,,,July,15-07-2025,18-07-2025,39.65720004,-105.0984888,1671,Jefferson
Jefferson Green Community Garden,JEF-V-21,JEF,vane,21,beetle,Insecta,Coleoptera,,,,,July,15-07-2025,18-07-2025,39.65720004,-105.0984888,1671,Jefferson
Jefferson Green Community Garden,JEF-V-22,JEF,vane,22,thrips,Insecta,Thysanoptera,,,,Herbivore,July,15-07-2025,18-07-2025,39.65720004,-105.0984888,1671,Jefferson
Jefferson Green Community Garden,JEF-V-23,JEF,vane,23,thrips,Insecta,Thysanoptera,,,,Herbivore,July,15-07-2025,18-07-2025,39.65720004,-105.0984888,1671,Jefferson
Jefferson Green Community Garden,JEF-V-24,JEF,vane,24,thrips,Insecta,Thysanoptera,,,,Herbivore,July,15-07-2025,18-07-2025,39.65720004,-105.0984888,1671,Jefferson
Jefferson Green Community Garden,JEF-V-25,JEF,vane,25,thrips,Insecta,Thysanoptera,,,,Herbivore,July,15-07-2025,18-07-2025,39.65720004,-105.0984888,1671,Jefferson
Jefferson Green Community Garden,JEF-V-26,JEF,vane,26,thrips,Insecta,Thysanoptera,,,,Herbivore,July,15-07-2025,18-07-2025,39.65720004,-105.0984888,1671,Jefferson
Jefferson Green Community Garden,JEF-V-27,JEF,vane,27,thrips,Insecta,Thysanoptera,,,,Herbivore,July,15-07-2025,18-07-2025,39.65720004,-105.0984888,1671,Jefferson
Jefferson Green Community Garden,JEF-V-28,JEF,vane,28,thrips,Insecta,Thysanoptera,,,,Herbivore,July,15-07-2025,18-07-2025,39.65720004,-105.0984888,1671,Jefferson
Jefferson Green Community Garden,JEF-V-29,JEF,vane,29,thrips,Insecta,Thysanoptera,,,,Herbivore,July,15-07-2025,18-07-2025,39.65720004,-105.0984888,1671,Jefferson
Jefferson Green Community Garden,JEF-V-30,JEF,vane,30,thrips,Insecta,Thysanoptera,,,,Herbivore,July,15-07-2025,18-07-2025,39.65720004,-105.0984888,1671,Jefferson
Jefferson Green Community Garden,JEF-V-31,JEF,vane,31,thrips,Insecta,Thysanoptera,,,,Herbivore,July,15-07-2025,18-07-2025,39.65720004,-105.0984888,1671,Jefferson
Jefferson Green Community Garden,JEF-V-32,JEF,vane,32,thrips,Insecta,Thysanoptera,,,,Herbivore,July,15-07-2025,18-07-2025,39.65720004,-105.0984888,1671,Jefferson
Jefferson Green Community Garden,JEF-V-33,JEF,vane,33,thrips,Insecta,Thysanoptera,,,,Herbivore,July,15-07-2025,18-07-2025,39.65720004,-105.0984888,1671,Jefferson
Jefferson Green Community Garden,JEF-V-34,JEF,vane,34,thrips,Insecta,Thysanoptera,,,,Herbivore,July,15-07-2025,18-07-2025,39.65720004,-105.0984888,1671,Jefferson
Jefferson Green Community Garden,JEF-V-35,JEF,vane,35,thrips,Insecta,Thysanoptera,,,,Herbivore,July,15-07-2025,18-07-2025,39.65720004,-105.0984888,1671,Jefferson
Jefferson Green Community Garden,JEF-V-36,JEF,vane,36,thrips,Insecta,Thysanoptera,,,,Herbivore,July,15-07-2025,18-07-2025,39.65720004,-105.0984888,1671,Jefferson
Jefferson Green Community Garden,JEF-V-37,JEF,vane,37,thrips,Insecta,Thysanoptera,,,,Herbivore,July,15-07-2025,18-07-2025,39.65720004,-105.0984888,1671,Jefferson
Jefferson Green Community Garden,JEF-V-38,JEF,vane,38,thrips,Insecta,Thysanoptera,,,,Herbivore,July,15-07-2025,18-07-2025,39.65720004,-105.0984888,1671,Jefferson
Jefferson Green Community Garden,JEF-V-39,JEF,vane,39,thrips,Insecta,Thysanoptera,,,,Herbivore,July,15-07-2025,18-07-2025,39.65720004,-105.0984888,1671,Jefferson
Jefferson Green Community Garden,JEF-V-40,JEF,vane,40,thrips,Insecta,Thysanoptera,,,,Herbivore,July,15-07-2025,18-07-2025,39.65720004,-105.0984888,1671,Jefferson
Jefferson Green Community Garden,JEF-V-41,JEF,vane,41,thrips,Insecta,Thysanoptera,,,,Herbivore,July,15-07-2025,18-07-2025,39.65720004,-105.0984888,1671,Jefferson
Jefferson Green Community Garden,JEF-V-42,JEF,vane,42,thrips,Insecta,Thysanoptera,,,,Herbivore,July,15-07-2025,18-07-2025,39.65720004,-105.0984888,1671,Jefferson
Jefferson Green Community Garden,JEF-V-43,JEF,vane,43,thrips,Insecta,Thysanoptera,,,,Herbivore,July,15-07-2025,18-07-2025,39.65720004,-105.0984888,1671,Jefferson
Jefferson Green Community Garden,JEF-V-44,JEF,vane,44,thrips,Insecta,Thysanoptera,,,,Herbivore,July,15-07-2025,18-07-2025,39.65720004,-105.0984888,1671,Jefferson
Jefferson Green Community Garden,JEF-V-45,JEF,vane,45,thrips,Insecta,Thysanoptera,,,,Herbivore,July,15-07-2025,18-07-2025,39.65720004,-105.0984888,1671,Jefferson
Jefferson Green Community Garden,JEF-V-46,JEF,vane,46,thrips,Insecta,Thysanoptera,,,,Herbivore,July,15-07-2025,18-07-2025,39.65720004,-105.0984888,1671,Jefferson
Jefferson Green Community Garden,JEF-V-47,JEF,vane,47,thrips,Insecta,Thysanoptera,,,,Herbivore,July,15-07-2025,18-07-2025,39.65720004,-105.0984888,1671,Jefferson
Jefferson Green Community Garden,JEF-V-48,JEF,vane,48,thrips,Insecta,Thysanoptera,,,,Herbivore,July,15-07-2025,18-07-2025,39.65720004,-105.0984888,1671,Jefferson
Jefferson Green Community Garden,JEF-V-49,JEF,vane,49,thrips,Insecta,Thysanoptera,,,,Herbivore,July,15-07-2025,18-07-2025,39.65720004,-105.0984888,1671,Jefferson
Jefferson Green Community Garden,JEF-V-50,JEF,vane,50,thrips,Insecta,Thysanoptera,,,,Herbivore,July,15-07-2025,18-07-2025,39.65720004,-105.0984888,1671,Jefferson
Jefferson Green Community Garden,JEF-V-51,JEF,vane,51,thrips,Insecta,Thysanoptera,,,,Herbivore,July,15-07-2025,18-07-2025,39.65720004,-105.0984888,1671,Jefferson
Jefferson Green Community Garden,JEF-V-52,JEF,vane,52,thrips,Insecta,Thysanoptera,,,,Herbivore,July,15-07-2025,18-07-2025,39.65720004,-105.0984888,1671,Jefferson
Jefferson Green Community Garden,JEF-V-53,JEF,vane,53,thrips,Insecta,Thysanoptera,,,,Herbivore,July,15-07-2025,18-07-2025,39.65720004,-105.0984888,1671,Jefferson
Jefferson Green Community Garden,JEF-V-54,JEF,vane,54,thrips,Insecta,Thysanoptera,,,,Herbivore,July,15-07-2025,18-07-2025,39.65720004,-105.0984888,1671,Jefferson
Jefferson Green Community Garden,JEF-V-55,JEF,vane,55,thrips,Insecta,Thysanoptera,,,,Herbivore,July,15-07-2025,18-07-2025,39.65720004,-105.0984888,1671,Jefferson
Jefferson Green Community Garden,JEF-V-56,JEF,vane,56,thrips,Insecta,Thysanoptera,,,,Herbivore,July,15-07-2025,18-07-2025,39.65720004,-105.0984888,1671,Jefferson
Jefferson Green Community Garden,JEF-V-57,JEF,vane,57,thrips,Insecta,Thysanoptera,,,,Herbivore,July,15-07-2025,18-07-2025,39.65720004,-105.0984888,1671,Jefferson
Jefferson Green Community Garden,JEF-V-58,JEF,vane,58,thrips,Insecta,Thysanoptera,,,,Herbivore,July,15-07-2025,18-07-2025,39.65720004,-105.0984888,1671,Jefferson
Jefferson Green Community Garden,JEF-V-59,JEF,vane,59,thrips,Insecta,Thysanoptera,,,,Herbivore,July,15-07-2025,18-07-2025,39.65720004,-105.0984888,1671,Jefferson
Jefferson Green Community Garden,JEF-V-60,JEF,vane,60,thrips,Insecta,Thysanoptera,,,,Herbivore,July,15-07-2025,18-07-2025,39.65720004,-105.0984888,1671,Jefferson
Jefferson Green Community Garden,JEF-V-61,JEF,vane,61,thrips,Insecta,Thysanoptera,,,,Herbivore,July,15-07-2025,18-07-2025,39.65720004,-105.0984888,1671,Jefferson
Jefferson Green Community Garden,JEF-V-62,JEF,vane,62,thrips,Insecta,Thysanoptera,,,,Herbivore,July,15-07-2025,18-07-2025,39.65720004,-105.0984888,1671,Jefferson
Jefferson Green Community Garden,JEF-V-63,JEF,vane,63,thrips,Insecta,Thysanoptera,,,,Herbivore,July,15-07-2025,18-07-2025,39.65720004,-105.0984888,1671,Jefferson
Jefferson Green Community Garden,JEF-V-64,JEF,vane,64,thrips,Insecta,Thysanoptera,,,,Herbivore,July,15-07-2025,18-07-2025,39.65720004,-105.0984888,1671,Jefferson
Jefferson Green Community Garden,JEF-V-65,JEF,vane,65,thrips,Insecta,Thysanoptera,,,,Herbivore,July,15-07-2025,18-07-2025,39.65720004,-105.0984888,1671,Jefferson
Jefferson Green Community Garden,JEF-V-66,JEF,vane,66,thrips,Insecta,Thysanoptera,,,,Herbivore,July,15-07-2025,18-07-2025,39.65720004,-105.0984888,1671,Jefferson
Jefferson Green Community Garden,JEF-V-67,JEF,vane,67,thrips,Insecta,Thysanoptera,,,,Herbivore,July,15-07-2025,18-07-2025,39.65720004,-105.0984888,1671,Jefferson
Jefferson Green Community Garden,JEF-V-68,JEF,vane,68,thrips,Insecta,Thysanoptera,,,,Herbivore,July,15-07-2025,18-07-2025,39.65720004,-105.0984888,1671,Jefferson
Jefferson Green Community Garden,JEF-V-69,JEF,vane,69,thrips,Insecta,Thysanoptera,,,,Herbivore,July,15-07-2025,18-07-2025,39.65720004,-105.0984888,1671,Jefferson
Jefferson Green Community Garden,JEF-V-70,JEF,vane,70,thrips,Insecta,Thysanoptera,,,,Herbivore,July,15-07-2025,18-07-2025,39.65720004,-105.0984888,1671,Jefferson
Jefferson Green Community Garden,JEF-V-71,JEF,vane,71,thrips,Insecta,Thysanoptera,,,,Herbivore,July,15-07-2025,18-07-2025,39.65720004,-105.0984888,1671,Jefferson
Jefferson Green Community Garden,JEF-V-72,JEF,vane,72,thrips,Insecta,Thysanoptera,,,,Herbivore,July,15-07-2025,18-07-2025,39.65720004,-105.0984888,1671,Jefferson
Jefferson Green Community Garden,JEF-V-73,JEF,vane,73,thrips,Insecta,Thysanoptera,,,,Herbivore,July,15-07-2025,18-07-2025,39.65720004,-105.0984888,1671,Jefferson
Jefferson Green Community Garden,JEF-V-74,JEF,vane,74,thrips,Insecta,Thysanoptera,,,,Herbivore,July,15-07-2025,18-07-2025,39.65720004,-105.0984888,1671,Jefferson
Jefferson Green Community Garden,JEF-V-75,JEF,vane,75,thrips,Insecta,Thysanoptera,,,,Herbivore,July,15-07-2025,18-07-2025,39.65720004,-105.0984888,1671,Jefferson
Jefferson Green Community Garden,JEF-V-76,JEF,vane,76,thrips,Insecta,Thysanoptera,,,,Herbivore,July,15-07-2025,18-07-2025,39.65720004,-105.0984888,1671,Jefferson
Jefferson Green Community Garden,JEF-V-77,JEF,vane,77,thrips,Insecta,Thysanoptera,,,,Herbivore,July,15-07-2025,18-07-2025,39.65720004,-105.0984888,1671,Jefferson
Jefferson Green Community Garden,JEF-V-78,JEF,vane,78,thrips,Insecta,Thysanoptera,,,,Herbivore,July,15-07-2025,18-07-2025,39.65720004,-105.0984888,1671,Jefferson
Jefferson Green Community Garden,JEF-V-79,JEF,vane,79,thrips,Insecta,Thysanoptera,,,,Herbivore,July,15-07-2025,18-07-2025,39.65720004,-105.0984888,1671,Jefferson
Jefferson Green Community Garden,JEF-V-80,JEF,vane,80,thrips,Insecta,Thysanoptera,,,,Herbivore,July,15-07-2025,18-07-2025,39.65720004,-105.0984888,1671,Jefferson
Jefferson Green Community Garden,JEF-V-81,JEF,vane,81,thrips,Insecta,Thysanoptera,,,,Herbivore,July,15-07-2025,18-07-2025,39.65720004,-105.0984888,1671,Jefferson
Jefferson Green Community Garden,JEF-V-82,JEF,vane,82,thrips,Insecta,Thysanoptera,,,,Herbivore,July,15-07-2025,18-07-2025,39.65720004,-105.0984888,1671,Jefferson
Jefferson Green Community Garden,JEF-V-83,JEF,vane,83,thrips,Insecta,Thysanoptera,,,,Herbivore,July,15-07-2025,18-07-2025,39.65720004,-105.0984888,1671,Jefferson
Jefferson Green Community Garden,JEF-V-84,JEF,vane,84,thrips,Insecta,Thysanoptera,,,,Herbivore,July,15-07-2025,18-07-2025,39.65720004,-105.0984888,1671,Jefferson
Jefferson Green Community Garden,JEF-V-85,JEF,vane,85,thrips,Insecta,Thysanoptera,,,,Herbivore,July,15-07-2025,18-07-2025,39.65720004,-105.0984888,1671,Jefferson
Jefferson Green Community Garden,JEF-V-86,JEF,vane,86,thrips,Insecta,Thysanoptera,,,,Herbivore,July,15-07-2025,18-07-2025,39.65720004,-105.0984888,1671,Jefferson
Jefferson Green Community Garden,JEF-V-87,JEF,vane,87,bumblebee,Insecta,Hymenoptera,Apidae,,,Pollinator,July,15-07-2025,18-07-2025,39.65720004,-105.0984888,1671,Jefferson
Jefferson Green Community Garden,JEF-V-88,JEF,vane,88,bumblebee,Insecta,Hymenoptera,Apidae,,,Pollinator,July,15-07-2025,18-07-2025,39.65720004,-105.0984888,1671,Jefferson
Jefferson Green Community Garden,JEF-V-89,JEF,vane,89,squashbee,Insecta,Hymenoptera,Apidae,,,Pollinator,July,15-07-2025,18-07-2025,39.65720004,-105.0984888,1671,Jefferson
Jefferson Green Community Garden,JEF-V-90,JEF,vane,90,squashbee,Insecta,Hymenoptera,Apidae,,,Pollinator,July,15-07-2025,18-07-2025,39.65720004,-105.0984888,1671,Jefferson
Jefferson Green Community Garden,JEF-V-91,JEF,vane,91,squashbee,Insecta,Hymenoptera,Apidae,,,Pollinator,July,15-07-2025,18-07-2025,39.65720004,-105.0984888,1671,Jefferson
Jefferson Green Community Garden,JEF-V-92,JEF,vane,92,longhorn bee,Insecta,Hymenoptera,Apidae,,,Pollinator,July,15-07-2025,18-07-2025,39.65720004,-105.0984888,1671,Jefferson
Jefferson Green Community Garden,JEF-V-93,JEF,vane,93,longhorn bee,Insecta,Hymenoptera,Apidae,,,Pollinator,July,15-07-2025,18-07-2025,39.65720004,-105.0984888,1671,Jefferson
Jefferson Green Community Garden,JEF-V-94,JEF,vane,94,longhorn bee,Insecta,Hymenoptera,Apidae,,,Pollinator,July,15-07-2025,18-07-2025,39.65720004,-105.0984888,1671,Jefferson
Jefferson Green Community Garden,JEF-V-95,JEF,vane,95,longhorn bee,Insecta,Hymenoptera,Apidae,,,Pollinator,July,15-07-2025,18-07-2025,39.65720004,-105.0984888,1671,Jefferson
Jefferson Green Community Garden,JEF-V-96,JEF,vane,96,longhorn bee,Insecta,Hymenoptera,Apidae,,,Pollinator,July,15-07-2025,18-07-2025,39.65720004,-105.0984888,1671,Jefferson
Jefferson Green Community Garden,JEF-V-97,JEF,vane,97,longhorn bee,Insecta,Hymenoptera,Apidae,,,Pollinator,July,15-07-2025,18-07-2025,39.65720004,-105.0984888,1671,Jefferson
Jefferson Green Community Garden,JEF-V-98,JEF,vane,98,longhorn bee,Insecta,Hymenoptera,Apidae,,,Pollinator,July,15-07-2025,18-07-2025,39.65720004,-105.0984888,1671,Jefferson
Jefferson Green Community Garden,JEF-V-99,JEF,vane,99,longhorn bee,Insecta,Hymenoptera,Apidae,,,Pollinator,July,15-07-2025,18-07-2025,39.65720004,-105.0984888,1671,Jefferson
Jefferson Green Community Garden,JEF-V-100,JEF,vane,100,longhorn bee,Insecta,Hymenoptera,Apidae,,,Pollinator,July,15-07-2025,18-07-2025,39.65720004,-105.0984888,1671,Jefferson
Jefferson Green Community Garden,JEF-V-101,JEF,vane,101,longhorn bee,Insecta,Hymenoptera,Apidae,,,Pollinator,July,15-07-2025,18-07-2025,39.65720004,-105.0984888,1671,Jefferson
Jefferson Green Community Garden,JEF-V-102,JEF,vane,102,longhorn bee,Insecta,Hymenoptera,Apidae,,,Pollinator,July,15-07-2025,18-07-2025,39.65720004,-105.0984888,1671,Jefferson
Jefferson Green Community Garden,JEF-V-103,JEF,vane,103,longhorn bee,Insecta,Hymenoptera,Apidae,,,Pollinator,July,15-07-2025,18-07-2025,39.65720004,-105.0984888,1671,Jefferson
Jefferson Green Community Garden,JEF-V-104,JEF,vane,104,sweatbee,Insecta,Hymenoptera,Halictidae,,,Pollinator,July,15-07-2025,18-07-2025,39.65720004,-105.0984888,1671,Jefferson
Jefferson Green Community Garden,JEF-V-105,JEF,vane,105,sweatbee,Insecta,Hymenoptera,Halictidae,,,Pollinator,July,15-07-2025,18-07-2025,39.65720004,-105.0984888,1671,Jefferson
Jefferson Green Community Garden,JEF-V-106,JEF,vane,106,sweatbee,Insecta,Hymenoptera,Halictidae,,,Pollinator,July,15-07-2025,18-07-2025,39.65720004,-105.0984888,1671,Jefferson
Jefferson Green Community Garden,JEF-V-107,JEF,vane,107,sweatbee,Insecta,Hymenoptera,Halictidae,,,Pollinator,July,15-07-2025,18-07-2025,39.65720004,-105.0984888,1671,Jefferson
Jefferson Green Community Garden,JEF-V-108,JEF,vane,108,sweatbee,Insecta,Hymenoptera,Halictidae,,,Pollinator,July,15-07-2025,18-07-2025,39.65720004,-105.0984888,1671,Jefferson
Jefferson Green Community Garden,JEF-V-109,JEF,vane,109,sweatbee,Insecta,Hymenoptera,Halictidae,,,Pollinator,July,15-07-2025,18-07-2025,39.65720004,-105.0984888,1671,Jefferson
Jefferson Green Community Garden,JEF-V-110,JEF,vane,110,bumble flower beetle,Insecta,Coleoptera,Scarabaeidae,Euphoria,inda,Detritivore,July,15-07-2025,18-07-2025,39.65720004,-105.0984888,1671,Jefferson
Jefferson Green Community Garden,JEF-V-111,JEF,vane,111,bumble flower beetle,Insecta,Coleoptera,Scarabaeidae,Euphoria,inda,Detritivore,July,15-07-2025,18-07-2025,39.65720004,-105.0984888,1671,Jefferson
Jefferson Green Community Garden,JEF-V-112,JEF,vane,112,japanese beetle,Insecta,Coleoptera,Scarabaeidae,Popillia,japonica,Herbivore,July,15-07-2025,18-07-2025,39.65720004,-105.0984888,1671,Jefferson
Jefferson Green Community Garden,JEF-V-113,JEF,vane,113,japanese beetle,Insecta,Coleoptera,Scarabaeidae,Popillia,japonica,Herbivore,July,15-07-2025,18-07-2025,39.65720004,-105.0984888,1671,Jefferson
Jefferson Green Community Garden,JEF-V-114,JEF,vane,114,japanese beetle,Insecta,Coleoptera,Scarabaeidae,Popillia,japonica,Herbivore,July,15-07-2025,18-07-2025,39.65720004,-105.0984888,1671,Jefferson
Jefferson Green Community Garden,JEF-V-115,JEF,vane,115,fly,Insecta,Diptera,,,,,July,15-07-2025,18-07-2025,39.65720004,-105.0984888,1671,Jefferson
Jefferson Green Community Garden,JEF-V-116,JEF,vane,116,fly,Insecta,Diptera,,,,,July,15-07-2025,18-07-2025,39.65720004,-105.0984888,1671,Jefferson
Jefferson Green Community Garden,JEF-V-117,JEF,vane,117,fly,Insecta,Diptera,,,,,July,15-07-2025,18-07-2025,39.65720004,-105.0984888,1671,Jefferson
Jefferson Green Community Garden,JEF-V-118,JEF,vane,118,fly,Insecta,Diptera,,,,,July,15-07-2025,18-07-2025,39.65720004,-105.0984888,1671,Jefferson
Jefferson Green Community Garden,JEF-V-119,JEF,vane,119,earwig,Insecta,Dermaptera,,,,Omnivore,July,15-07-2025,18-07-2025,39.65720004,-105.0984888,1671,Jefferson
Jefferson Green Community Garden,JEF-V-120,JEF,vane,120,earwig,Insecta,Dermaptera,,,,Omnivore,July,15-07-2025,18-07-2025,39.65720004,-105.0984888,1671,Jefferson
Jefferson Green Community Garden,JEF-V-121,JEF,vane,121,earwig,Insecta,Dermaptera,,,,Omnivore,July,15-07-2025,18-07-2025,39.65720004,-105.0984888,1671,Jefferson
Jefferson Green Community Garden,JEF-V-122,JEF,vane,122,earwig,Insecta,Dermaptera,,,,Omnivore,July,15-07-2025,18-07-2025,39.65720004,-105.0984888,1671,Jefferson
Jefferson Green Community Garden,JEF-V-123,JEF,vane,123,earwig,Insecta,Dermaptera,,,,Omnivore,July,15-07-2025,18-07-2025,39.65720004,-105.0984888,1671,Jefferson
Jefferson Green Community Garden,JEF-V-124,JEF,vane,124,beetle (fallling apart),Insecta,Coleoptera,,,,,July,15-07-2025,18-07-2025,39.65720004,-105.0984888,1671,Jefferson
Jefferson Green Community Garden,JEF-V-125,JEF,vane,125,small spider,Arachnida,Araneae,,,,Predator,July,15-07-2025,18-07-2025,39.65720004,-105.0984888,1671,Jefferson
Jefferson Green Community Garden,JEF-V-126,JEF,vane,126,minute pirate bug,Insecta,Coleoptera,Anthocoridae,Orius,,Predator,July,15-07-2025,18-07-2025,39.65720004,-105.0984888,1671,Jefferson
Jefferson Green Community Garden,JEF-V-127,JEF,vane,127,lace bug,Insecta,Hemiptera,Tingidae,,,Herbivore,July,15-07-2025,18-07-2025,39.65720004,-105.0984888,1671,Jefferson
Jefferson Green Community Garden,JEF-P-1,JEF,pitfall-1,1,ant ,Insecta,Hymenoptera,Formicidae,,,,July,15-07-2025,18-07-2025,39.65720004,-105.0984888,1671,Jefferson
Jefferson Green Community Garden,JEF-P-2,JEF,pitfall-1,2,ant ,Insecta,Hymenoptera,Formicidae,,,,July,15-07-2025,18-07-2025,39.65720004,-105.0984888,1671,Jefferson
Jefferson Green Community Garden,JEF-P-3,JEF,pitfall-1,3,ant ,Insecta,Hymenoptera,Formicidae,,,,July,15-07-2025,18-07-2025,39.65720004,-105.0984888,1671,Jefferson
Jefferson Green Community Garden,JEF-P-4,JEF,pitfall-1,4,ant ,Insecta,Hymenoptera,Formicidae,,,,July,15-07-2025,18-07-2025,39.65720004,-105.0984888,1671,Jefferson
Jefferson Green Community Garden,JEF-P-5,JEF,pitfall-1,5,spider,Arachnida,Araneae,,,,Predator,July,15-07-2025,18-07-2025,39.65720004,-105.0984888,1671,Jefferson
Jefferson Green Community Garden,JEF-P-6,JEF,pitfall-1,6,spider,Arachnida,Araneae,,,,Predator,July,15-07-2025,18-07-2025,39.65720004,-105.0984888,1671,Jefferson
Jefferson Green Community Garden,JEF-P-7,JEF,pitfall-1,7,harvestman,Arachnida,Opiliones,,,,Predator,July,15-07-2025,18-07-2025,39.65720004,-105.0984888,1671,Jefferson
Jefferson Green Community Garden,JEF-P-8,JEF,pitfall-1,8,earwig,Insecta,Dermaptera,,,,Predator,July,15-07-2025,18-07-2025,39.65720004,-105.0984888,1671,Jefferson
Jefferson Green Community Garden,JEF-P-9,JEF,pitfall-1,9,leafhopper ,Insecta,Hemiptera,Cicadellidae,,,Herbivore,July,15-07-2025,18-07-2025,39.65720004,-105.0984888,1671,Jefferson
Jefferson Green Community Garden,JEF-P-10,JEF,pitfall-1,10,leafhopper ,Insecta,Hemiptera,Cicadellidae,,,Herbivore,July,15-07-2025,18-07-2025,39.65720004,-105.0984888,1671,Jefferson
Jefferson Green Community Garden,JEF-P-11,JEF,pitfall-1,11,leafhopper ,Insecta,Hemiptera,Cicadellidae,,,Herbivore,July,15-07-2025,18-07-2025,39.65720004,-105.0984888,1671,Jefferson
Jefferson Green Community Garden,JEF-P-12,JEF,pitfall-1,12,bug,Insecta,Hemiptera,,,,,July,15-07-2025,18-07-2025,39.65720004,-105.0984888,1671,Jefferson
Jefferson Green Community Garden,JEF-P-13,JEF,pitfall-1,13,beetle,Insecta,Coleoptera,,,,,July,15-07-2025,18-07-2025,39.65720004,-105.0984888,1671,Jefferson
Jefferson Green Community Garden,JEF-P-14,JEF,pitfall-1,14,spider,Arachnida,Araneae,,,,Predator,July,15-07-2025,18-07-2025,39.65720004,-105.0984888,1671,Jefferson
Jefferson Green Community Garden,JEF-P-15,JEF,pitfall-1,15,ant ,Insecta,Hymenoptera,Formicidae,,,,July,15-07-2025,18-07-2025,39.65720004,-105.0984888,1671,Jefferson
Jefferson Green Community Garden,JEF-P-16,JEF,pitfall-1,16,ant ,Insecta,Hymenoptera,Formicidae,,,,July,15-07-2025,18-07-2025,39.65720004,-105.0984888,1671,Jefferson
Jefferson Green Community Garden,JEF-P-17,JEF,pitfall-1,17,ant ,Insecta,Hymenoptera,Formicidae,,,,July,15-07-2025,18-07-2025,39.65720004,-105.0984888,1671,Jefferson
Jefferson Green Community Garden,JEF-P-18,JEF,pitfall-1,18,beetle,Insecta,Coleoptera,,,,,July,15-07-2025,18-07-2025,39.65720004,-105.0984888,1671,Jefferson
Jefferson Green Community Garden,JEF-P-19,JEF,pitfall-2,19,pillbug,Malacostraca,Isopoda,,,,,July,15-07-2025,18-07-2025,39.65720004,-105.0984888,1671,Jefferson
Jefferson Green Community Garden,JEF-P-20,JEF,pitfall-2,20,spider,Arachnida,Araneae,,,,,July,15-07-2025,18-07-2025,39.65720004,-105.0984888,1671,Jefferson
Jefferson Green Community Garden,JEF-P-21,JEF,pitfall-2,21,centipede,Myriapoda,,,,,,July,15-07-2025,18-07-2025,39.65720004,-105.0984888,1671,Jefferson
Jefferson Green Community Garden,JEF-P-22,JEF,pitfall-2,22,beetle,Insecta,Coleoptera,,,,,July,15-07-2025,18-07-2025,39.65720004,-105.0984888,1671,Jefferson
Jefferson Green Community Garden,JEF-P-23,JEF,pitfall-2,23,four-spotted sap beetle,Insecta,Coleoptera,Nitidulidae,Glischrochilus ,quadrisignatus,Herbivore,July,15-07-2025,18-07-2025,39.65720004,-105.0984888,1671,Jefferson
Jefferson Green Community Garden,JEF-P-24,JEF,pitfall-2,24,fly,Insecta,Diptera,,,,,July,15-07-2025,18-07-2025,39.65720004,-105.0984888,1671,Jefferson
KCAA Community Studio Garden,KCA-V-1,KCA,vane,1,leafhopper,Insecta,Hemiptera,Cicadellidae,,,Herbivore,July,15-07-2025,18-07-2025,39.67568994,-105.038795,1666,Denver
KCAA Community Studio Garden,KCA-V-2,KCA,vane,2,leafhopper,Insecta,Hemiptera,Cicadellidae,,,Herbivore,July,15-07-2025,18-07-2025,39.67568994,-105.038795,1666,Denver
KCAA Community Studio Garden,KCA-V-3,KCA,vane,3,plant bug,Insecta,Hemiptera,Rhopalidae,Brachycarenus,,Herbivore,July,15-07-2025,18-07-2025,39.67568994,-105.038795,1666,Denver
KCAA Community Studio Garden,KCA-V-4,KCA,vane,4,small sap beetle,Insecta,Coleoptera,Nitulidae,Nitops,,Herbivore,July,15-07-2025,18-07-2025,39.67568994,-105.038795,1666,Denver
KCAA Community Studio Garden,KCA-V-5,KCA,vane,5,fly,Insecta,Diptera,Muscidae,,,Detritivore,July,15-07-2025,18-07-2025,39.67568994,-105.038795,1666,Denver
KCAA Community Studio Garden,KCA-V-6,KCA,vane,6,winged aphid,Insecta,Hemiptera,Aphididae,,,Herbivore,July,15-07-2025,18-07-2025,39.67568994,-105.038795,1666,Denver
KCAA Community Studio Garden,KCA-V-7,KCA,vane,7,small sap beetle,Insecta,Coleoptera,Nitulidae,Nitops,,Herbivore,July,15-07-2025,18-07-2025,39.67568994,-105.038795,1666,Denver
KCAA Community Studio Garden,KCA-V-8,KCA,vane,8,leafhopper,Insecta,Hemiptera,Cicadellidae,,,Herbivore,July,15-07-2025,18-07-2025,39.67568994,-105.038795,1666,Denver
KCAA Community Studio Garden,KCA-V-9,KCA,vane,9,true bug,Insecta,Hemiptera,,,,,July,15-07-2025,18-07-2025,39.67568994,-105.038795,1666,Denver
KCAA Community Studio Garden,KCA-V-10,KCA,vane,10,minute pirate bug,Insecta,Hemiptera,Anthocoridae,Orius,,Predator,July,15-07-2025,18-07-2025,39.67568994,-105.038795,1666,Denver
KCAA Community Studio Garden,KCA-V-11,KCA,vane,11,thrip,Insecta,Thysanoptera,,,,Herbivore,July,15-07-2025,18-07-2025,39.67568994,-105.038795,1666,Denver
KCAA Community Studio Garden,KCA-V-12,KCA,vane,12,thrip,Insecta,Thysanoptera,,,,Herbivore,July,15-07-2025,18-07-2025,39.67568994,-105.038795,1666,Denver
KCAA Community Studio Garden,KCA-V-13,KCA,vane,13,thrip,Insecta,Thysanoptera,,,,Herbivore,July,15-07-2025,18-07-2025,39.67568994,-105.038795,1666,Denver
KCAA Community Studio Garden,KCA-V-14,KCA,vane,14,thrip,Insecta,Thysanoptera,,,,Herbivore,July,15-07-2025,18-07-2025,39.67568994,-105.038795,1666,Denver
KCAA Community Studio Garden,KCA-V-15,KCA,vane,15,black longhorn bee,Insecta,Hymenoptera,Apidae,Melissodes,bimaculatus,Pollinator,July,15-07-2025,18-07-2025,39.67568994,-105.038795,1666,Denver
KCAA Community Studio Garden,KCA-V-16,KCA,vane,16,black longhorn bee,Insecta,Hymenoptera,Apidae,Melissodes,bimaculatus,Pollinator,July,15-07-2025,18-07-2025,39.67568994,-105.038795,1666,Denver
KCAA Community Studio Garden,KCA-V-17,KCA,vane,17,black longhorn bee,Insecta,Hymenoptera,Apidae,Melissodes,bimaculatus,Pollinator,July,15-07-2025,18-07-2025,39.67568994,-105.038795,1666,Denver
KCAA Community Studio Garden,KCA-V-18,KCA,vane,18,squashbee,Insecta,Hymenoptera,Apidae,Eucera,pruinosa,Pollinator,July,15-07-2025,18-07-2025,39.67568994,-105.038795,1666,Denver
KCAA Community Studio Garden,KCA-V-19,KCA,vane,19,squashbee,Insecta,Hymenoptera,Apidae,Eucera,pruinosa,Pollinator,July,15-07-2025,18-07-2025,39.67568994,-105.038795,1666,Denver
KCAA Community Studio Garden,KCA-V-20,KCA,vane,20,squashbee,Insecta,Hymenoptera,Apidae,Eucera,pruinosa,Pollinator,July,15-07-2025,18-07-2025,39.67568994,-105.038795,1666,Denver
KCAA Community Studio Garden,KCA-V-21,KCA,vane,21,squashbee,Insecta,Hymenoptera,Apidae,Eucera,pruinosa,Pollinator,July,15-07-2025,18-07-2025,39.67568994,-105.038795,1666,Denver
KCAA Community Studio Garden,KCA-V-22,KCA,vane,22,longhorn bee,Insecta,Hymenoptera,Apidae,,,Pollinator,July,15-07-2025,18-07-2025,39.67568994,-105.038795,1666,Denver
KCAA Community Studio Garden,KCA-V-23,KCA,vane,23,bee,Insecta,Hymenoptera,,,,Pollinator,July,15-07-2025,18-07-2025,39.67568994,-105.038795,1666,Denver
KCAA Community Studio Garden,KCA-V-24,KCA,vane,24,bee,Insecta,Hymenoptera,,,,Pollinator,July,15-07-2025,18-07-2025,39.67568994,-105.038795,1666,Denver
KCAA Community Studio Garden,KCA-V-25,KCA,vane,25,green sweatbee,Insecta,Hymenoptera,Halictidae,,,Pollinator,July,15-07-2025,18-07-2025,39.67568994,-105.038795,1666,Denver
KCAA Community Studio Garden,KCA-V-26,KCA,vane,26,leafcutter bee,Insecta,Hymenoptera,Megachilidae,,,Pollinator,July,15-07-2025,18-07-2025,39.67568994,-105.038795,1666,Denver
KCAA Community Studio Garden,KCA-V-27,KCA,vane,27,bumble flower beetle,Insecta,Coleoptera,Scarabaeidae,Euphoria,inda,Detritivore,July,15-07-2025,18-07-2025,39.67568994,-105.038795,1666,Denver
KCAA Community Studio Garden,KCA-V-28,KCA,vane,28,japanese beetle,Insecta,Coleoptera,Scarabaeidae,Popillia,japonica,Herbivore,July,15-07-2025,18-07-2025,39.67568994,-105.038795,1666,Denver
KCAA Community Studio Garden,KCA-V-29,KCA,vane,29,blowfly,Insecta,Diptera,Calliphoridae,Protophormia,,Scavenger,July,15-07-2025,18-07-2025,39.67568994,-105.038795,1666,Denver
KCAA Community Studio Garden,KCA-V-30,KCA,vane,30,small sap beetle,Insecta,Coleoptera,Nitulidae,Nitops,,Herbivore,July,15-07-2025,18-07-2025,39.67568994,-105.038795,1666,Denver
KCAA Community Studio Garden,KCA-V-31,KCA,vane,31,lace bug,Insecta,Hemiptera,Tingidae,,,Herbivore,July,15-07-2025,18-07-2025,39.67568994,-105.038795,1666,Denver
KCAA Community Studio Garden,KCA-P-1,KCA,pitfall-1,1,millipede,Diplopoda,,,,,Detritivore,July,15-07-2025,18-07-2025,39.67568994,-105.038795,1666,Denver
KCAA Community Studio Garden,KCA-P-2,KCA,pitfall-1,2,millipede,Diplopoda,,,,,Detritivore,July,15-07-2025,18-07-2025,39.67568994,-105.038795,1666,Denver
KCAA Community Studio Garden,KCA-P-3,KCA,pitfall-1,3,millipede,Diplopoda,,,,,Detritivore,July,15-07-2025,18-07-2025,39.67568994,-105.038795,1666,Denver
KCAA Community Studio Garden,KCA-P-4,KCA,pitfall-1,4,centipede,Myriapoda,,,,,Predator,July,15-07-2025,18-07-2025,39.67568994,-105.038795,1666,Denver
KCAA Community Studio Garden,KCA-P-5,KCA,pitfall-1,5,coleopteran larva,Insecta,Coleoptera,,,,,July,15-07-2025,18-07-2025,39.67568994,-105.038795,1666,Denver
KCAA Community Studio Garden,KCA-P-6,KCA,pitfall-1,6,coleopteran larva,Insecta,Coleoptera,,,,,July,15-07-2025,18-07-2025,39.67568994,-105.038795,1666,Denver
KCAA Community Studio Garden,KCA-P-7,KCA,pitfall-1,7,coleopteran larva,Insecta,Coleoptera,,,,,July,15-07-2025,18-07-2025,39.67568994,-105.038795,1666,Denver
KCAA Community Studio Garden,KCA-P-8,KCA,pitfall-1,8,ant ,Insecta,Hymenoptera,Formicidae,,,,July,15-07-2025,18-07-2025,39.67568994,-105.038795,1666,Denver
KCAA Community Studio Garden,KCA-P-9,KCA,pitfall-1,9,ant ,Insecta,Hymenoptera,Formicidae,,,,July,15-07-2025,18-07-2025,39.67568994,-105.038795,1666,Denver
KCAA Community Studio Garden,KCA-P-10,KCA,pitfall-1,10,ant ,Insecta,Hymenoptera,Formicidae,,,,July,15-07-2025,18-07-2025,39.67568994,-105.038795,1666,Denver
KCAA Community Studio Garden,KCA-P-11,KCA,pitfall-1,11,ant ,Insecta,Hymenoptera,Formicidae,,,,July,15-07-2025,18-07-2025,39.67568994,-105.038795,1666,Denver
KCAA Community Studio Garden,KCA-P-12,KCA,pitfall-1,12,ant ,Insecta,Hymenoptera,Formicidae,,,,July,15-07-2025,18-07-2025,39.67568994,-105.038795,1666,Denver
KCAA Community Studio Garden,KCA-P-13,KCA,pitfall-1,13,ant ,Insecta,Hymenoptera,Formicidae,,,,July,15-07-2025,18-07-2025,39.67568994,-105.038795,1666,Denver
KCAA Community Studio Garden,KCA-P-14,KCA,pitfall-1,14,ant ,Insecta,Hymenoptera,Formicidae,,,,July,15-07-2025,18-07-2025,39.67568994,-105.038795,1666,Denver
KCAA Community Studio Garden,KCA-P-15,KCA,pitfall-1,15,earwig,Insecta,Dermaptera,,,,Predator,July,15-07-2025,18-07-2025,39.67568994,-105.038795,1666,Denver
KCAA Community Studio Garden,KCA-P-16,KCA,pitfall-1,16,fly,Insecta,Diptera,,,,,July,15-07-2025,18-07-2025,39.67568994,-105.038795,1666,Denver
KCAA Community Studio Garden,KCA-P-17,KCA,pitfall-1,17,rove beetle,Insecta,Coleoptera,Staphylinidae,,,Predator,July,15-07-2025,18-07-2025,39.67568994,-105.038795,1666,Denver
KCAA Community Studio Garden,KCA-P-18,KCA,pitfall-1,18,bug,Insecta,Hemiptera,,,,,July,15-07-2025,18-07-2025,39.67568994,-105.038795,1666,Denver
KCAA Community Studio Garden,KCA-P-19,KCA,pitfall-1,19,bug,Insecta,Hemiptera,,,,,July,15-07-2025,18-07-2025,39.67568994,-105.038795,1666,Denver
KCAA Community Studio Garden,KCA-P-20,KCA,pitfall-1,20,bug,Insecta,Hemiptera,,,,,July,15-07-2025,18-07-2025,39.67568994,-105.038795,1666,Denver
KCAA Community Studio Garden,KCA-P-21,KCA,pitfall-1,21,pseudoscorpion,Arachnida,Pseudoscorpiones,,,,,July,15-07-2025,18-07-2025,39.67568994,-105.038795,1666,Denver
KCAA Community Studio Garden,KCA-P-22,KCA,pitfall-1,22,pseudoscorpion,Arachnida,Pseudoscorpiones,,,,,July,15-07-2025,18-07-2025,39.67568994,-105.038795,1666,Denver
KCAA Community Studio Garden,KCA-P-23,KCA,pitfall-2,23,spider,Arachnida,Araneae,,,,Predator,July,15-07-2025,18-07-2025,39.67568994,-105.038795,1666,Denver
KCAA Community Studio Garden,KCA-P-24,KCA,pitfall-2,24,ant ,Insecta,Hymenoptera,Formicidae,,,,July,15-07-2025,18-07-2025,39.67568994,-105.038795,1666,Denver
KCAA Community Studio Garden,KCA-P-25,KCA,pitfall-2,25,ant ,Insecta,Hymenoptera,Formicidae,,,,July,15-07-2025,18-07-2025,39.67568994,-105.038795,1666,Denver
KCAA Community Studio Garden,KCA-P-26,KCA,pitfall-2,26,ant ,Insecta,Hymenoptera,Formicidae,,,,July,15-07-2025,18-07-2025,39.67568994,-105.038795,1666,Denver
KCAA Community Studio Garden,KCA-P-27,KCA,pitfall-2,27,ant ,Insecta,Hymenoptera,Formicidae,,,,July,15-07-2025,18-07-2025,39.67568994,-105.038795,1666,Denver
KCAA Community Studio Garden,KCA-P-28,KCA,pitfall-2,28,jumper,Arachnida,Araneae,Salticidae,,,,July,15-07-2025,18-07-2025,39.67568994,-105.038795,1666,Denver
KCAA Community Studio Garden,KCA-P-29,KCA,pitfall-2,29,leafhopper,Insecta,Hemiptera,Cicadellidae,,,,July,15-07-2025,18-07-2025,39.67568994,-105.038795,1666,Denver
KCAA Community Studio Garden,KCA-P-30,KCA,pitfall-2,30,leaf beetle,Insecta,Coleoptera,Chrysomelidae,,,Herbivore,July,15-07-2025,18-07-2025,39.67568994,-105.038795,1666,Denver
Market Station Community Garden,MAR-V-1,MAR,vane,1,aphid,Insecta,Hemiptera,Aphididae,,,Herbivore,July,15-07-2025,18-07-2025,39.75069957,-104.9979256,1584,Denver
Market Station Community Garden,MAR-V-2,MAR,vane,2,thrips,Insecta,Thysanoptera,,,,Herbivore,July,15-07-2025,18-07-2025,39.75069957,-104.9979256,1584,Denver
Market Station Community Garden,MAR-V-3,MAR,vane,3,thrips,Insecta,Thysanoptera,,,,Herbivore,July,15-07-2025,18-07-2025,39.75069957,-104.9979256,1584,Denver
Market Station Community Garden,MAR-V-4,MAR,vane,4,thrips,Insecta,Thysanoptera,,,,Herbivore,July,15-07-2025,18-07-2025,39.75069957,-104.9979256,1584,Denver
Market Station Community Garden,MAR-V-5,MAR,vane,5,thrips,Insecta,Thysanoptera,,,,Herbivore,July,15-07-2025,18-07-2025,39.75069957,-104.9979256,1584,Denver
Market Station Community Garden,MAR-V-6,MAR,vane,6,thrips,Insecta,Thysanoptera,,,,Herbivore,July,15-07-2025,18-07-2025,39.75069957,-104.9979256,1584,Denver
Market Station Community Garden,MAR-V-7,MAR,vane,7,thrips ,Insecta,Thysanoptera,,,,Herbivore,July,15-07-2025,18-07-2025,39.75069957,-104.9979256,1584,Denver
Market Station Community Garden,MAR-V-8,MAR,vane,8,thrips,Insecta,Thysanoptera,,,,Herbivore,July,15-07-2025,18-07-2025,39.75069957,-104.9979256,1584,Denver
Market Station Community Garden,MAR-V-9,MAR,vane,9,thrips,Insecta,Thysanoptera,,,,Herbivore,July,15-07-2025,18-07-2025,39.75069957,-104.9979256,1584,Denver
Market Station Community Garden,MAR-V-10,MAR,vane,10,tiny spider,Arachnida,Araneae,,,,Predator,July,15-07-2025,18-07-2025,39.75069957,-104.9979256,1584,Denver
Market Station Community Garden,MAR-V-11,MAR,vane,11,sweatbee,Insecta,Hymenoptera,Halictidae,,,Pollinator,July,15-07-2025,18-07-2025,39.75069957,-104.9979256,1584,Denver
Market Station Community Garden,MAR-V-12,MAR,vane,12,small fly,Insecta,Diptera,,,,,July,15-07-2025,18-07-2025,39.75069957,-104.9979256,1584,Denver
Market Station Community Garden,MAR-V-13,MAR,vane,13,minute pirate bug,Insecta,Hemiptera,Anthocoridae,Orius,,Predator,July,15-07-2025,18-07-2025,39.75069957,-104.9979256,1584,Denver
Market Station Community Garden,MAR-P-1,MAR,pitfall-1,1,spider,Arachnida,Araneae,,,,Predator,July,15-07-2025,18-07-2025,39.75069957,-104.9979256,1584,Denver
Market Station Community Garden,MAR-P-2,MAR,pitfall-2,2,beetle ,Insecta,Coleoptera,,,,,July,15-07-2025,18-07-2025,39.75069957,-104.9979256,1584,Denver
Market Station Community Garden,MAR-P-3,MAR,pitfall-2,3,fly,Insecta,Diptera,,,,,July,15-07-2025,18-07-2025,39.75069957,-104.9979256,1584,Denver
Market Station Community Garden,MAR-P-4,MAR,pitfall-2,4,ant ,Insecta,Hymenoptera,Formicidae,,,,July,15-07-2025,18-07-2025,39.75069957,-104.9979256,1584,Denver
Palmer School Community Garden,PAL-V-1,PAL,vane,1,minute pirate bug,Insecta,Hemiptera,Anthocoridae,Orius,,Predator,July,15-07-2025,18-07-2025,39.73170041,-104.9249383,1632,Denver
Palmer School Community Garden,PAL-V-2,PAL,vane,2,minute pirate bug,Insecta,Hemiptera,Anthocoridae,Orius,,Predator,July,15-07-2025,18-07-2025,39.73170041,-104.9249383,1632,Denver
Palmer School Community Garden,PAL-V-3,PAL,vane,3,minute pirate bug,Insecta,Hemiptera,Anthocoridae,Orius,,Predator,July,15-07-2025,18-07-2025,39.73170041,-104.9249383,1632,Denver
Palmer School Community Garden,PAL-V-4,PAL,vane,4,minute pirate bug,Insecta,Hemiptera,Anthocoridae,Orius,,Predator,July,15-07-2025,18-07-2025,39.73170041,-104.9249383,1632,Denver
Palmer School Community Garden,PAL-V-5,PAL,vane,5,minute pirate bug,Insecta,Hemiptera,Anthocoridae,Orius,,Predator,July,15-07-2025,18-07-2025,39.73170041,-104.9249383,1632,Denver
Palmer School Community Garden,PAL-V-6,PAL,vane,6,minute pirate bug,Insecta,Hemiptera,Anthocoridae,Orius,,Predator,July,15-07-2025,18-07-2025,39.73170041,-104.9249383,1632,Denver
Palmer School Community Garden,PAL-V-7,PAL,vane,7,minute pirate bug,Insecta,Hemiptera,Anthocoridae,Orius,,Predator,July,15-07-2025,18-07-2025,39.73170041,-104.9249383,1632,Denver
Palmer School Community Garden,PAL-V-8,PAL,vane,8,minute pirate bug,Insecta,Hemiptera,Anthocoridae,Orius,,Predator,July,15-07-2025,18-07-2025,39.73170041,-104.9249383,1632,Denver
Palmer School Community Garden,PAL-V-9,PAL,vane,9,minute pirate bug,Insecta,Hemiptera,Anthocoridae,Orius,,Predator,July,15-07-2025,18-07-2025,39.73170041,-104.9249383,1632,Denver
Palmer School Community Garden,PAL-V-10,PAL,vane,10,minute pirate bug,Insecta,Hemiptera,Anthocoridae,Orius,,Predator,July,15-07-2025,18-07-2025,39.73170041,-104.9249383,1632,Denver
Palmer School Community Garden,PAL-V-11,PAL,vane,11,bug,Insecta,Hemiptera,,,,,July,15-07-2025,18-07-2025,39.73170041,-104.9249383,1632,Denver
Palmer School Community Garden,PAL-V-12,PAL,vane,12,bug,Insecta,Hemiptera,,,,,July,15-07-2025,18-07-2025,39.73170041,-104.9249383,1632,Denver
Palmer School Community Garden,PAL-V-13,PAL,vane,13,beetle,Insecta,Coleoptera,,,,,July,15-07-2025,18-07-2025,39.73170041,-104.9249383,1632,Denver
Palmer School Community Garden,PAL-V-14,PAL,vane,14,beetle,Insecta,Coleoptera,,,,,July,15-07-2025,18-07-2025,39.73170041,-104.9249383,1632,Denver
Palmer School Community Garden,PAL-V-15,PAL,vane,15,beetle,Insecta,Coleoptera,,,,,July,15-07-2025,18-07-2025,39.73170041,-104.9249383,1632,Denver
Palmer School Community Garden,PAL-V-16,PAL,vane,16,beetle,Insecta,Coleoptera,,,,,July,15-07-2025,18-07-2025,39.73170041,-104.9249383,1632,Denver
Palmer School Community Garden,PAL-V-17,PAL,vane,17,fly,Insecta,Diptera,,,,,July,15-07-2025,18-07-2025,39.73170041,-104.9249383,1632,Denver
Palmer School Community Garden,PAL-V-18,PAL,vane,18,fly,Insecta,Diptera,,,,,July,15-07-2025,18-07-2025,39.73170041,-104.9249383,1632,Denver
Palmer School Community Garden,PAL-V-19,PAL,vane,19,fly,Insecta,Diptera,,,,,July,15-07-2025,18-07-2025,39.73170041,-104.9249383,1632,Denver
Palmer School Community Garden,PAL-V-20,PAL,vane,20,mosquito,Insecta,Diptera,Culicidae,,,Sanguivore,July,15-07-2025,18-07-2025,39.73170041,-104.9249383,1632,Denver
Palmer School Community Garden,PAL-V-21,PAL,vane,21,spider,Arachnida,Araneae,,,,Predator,July,15-07-2025,18-07-2025,39.73170041,-104.9249383,1632,Denver
Palmer School Community Garden,PAL-V-22,PAL,vane,22,bug,Insecta,Hemiptera,,,,,July,15-07-2025,18-07-2025,39.73170041,-104.9249383,1632,Denver
Palmer School Community Garden,PAL-V-23,PAL,vane,23,fly,Insecta,Diptera,,,,,July,15-07-2025,18-07-2025,39.73170041,-104.9249383,1632,Denver
Palmer School Community Garden,PAL-V-24,PAL,vane,24,dark thrip,Insecta,Thysanoptera,,,,Herbivore,July,15-07-2025,18-07-2025,39.73170041,-104.9249383,1632,Denver
Palmer School Community Garden,PAL-V-25,PAL,vane,25,onion thrip,Insecta,Thysanoptera,,,,Herbivore,July,15-07-2025,18-07-2025,39.73170041,-104.9249383,1632,Denver
Palmer School Community Garden,PAL-V-26,PAL,vane,26,onion thrip,Insecta,Thysanoptera,,,,Herbivore,July,15-07-2025,18-07-2025,39.73170041,-104.9249383,1632,Denver
Palmer School Community Garden,PAL-V-27,PAL,vane,27,onion thrip,Insecta,Thysanoptera,,,,Herbivore,July,15-07-2025,18-07-2025,39.73170041,-104.9249383,1632,Denver
Palmer School Community Garden,PAL-V-28,PAL,vane,28,onion thrip,Insecta,Thysanoptera,,,,Herbivore,July,15-07-2025,18-07-2025,39.73170041,-104.9249383,1632,Denver
Palmer School Community Garden,PAL-V-29,PAL,vane,29,onion thrip,Insecta,Thysanoptera,,,,Herbivore,July,15-07-2025,18-07-2025,39.73170041,-104.9249383,1632,Denver
Palmer School Community Garden,PAL-V-30,PAL,vane,30,onion thrip,Insecta,Thysanoptera,,,,Herbivore,July,15-07-2025,18-07-2025,39.73170041,-104.9249383,1632,Denver
Palmer School Community Garden,PAL-V-31,PAL,vane,31,onion thrip,Insecta,Thysanoptera,,,,Herbivore,July,15-07-2025,18-07-2025,39.73170041,-104.9249383,1632,Denver
Palmer School Community Garden,PAL-V-32,PAL,vane,32,onion thrip,Insecta,Thysanoptera,,,,Herbivore,July,15-07-2025,18-07-2025,39.73170041,-104.9249383,1632,Denver
Palmer School Community Garden,PAL-V-33,PAL,vane,33,onion thrip,Insecta,Thysanoptera,,,,Herbivore,July,15-07-2025,18-07-2025,39.73170041,-104.9249383,1632,Denver
Palmer School Community Garden,PAL-V-34,PAL,vane,34,onion thrip,Insecta,Thysanoptera,,,,Herbivore,July,15-07-2025,18-07-2025,39.73170041,-104.9249383,1632,Denver
Palmer School Community Garden,PAL-V-35,PAL,vane,35,onion thrip,Insecta,Thysanoptera,,,,Herbivore,July,15-07-2025,18-07-2025,39.73170041,-104.9249383,1632,Denver
Palmer School Community Garden,PAL-V-36,PAL,vane,36,onion thrip,Insecta,Thysanoptera,,,,Herbivore,July,15-07-2025,18-07-2025,39.73170041,-104.9249383,1632,Denver
Palmer School Community Garden,PAL-V-37,PAL,vane,37,onion thrip,Insecta,Thysanoptera,,,,Herbivore,July,15-07-2025,18-07-2025,39.73170041,-104.9249383,1632,Denver
Palmer School Community Garden,PAL-V-38,PAL,vane,38,onion thrip,Insecta,Thysanoptera,,,,Herbivore,July,15-07-2025,18-07-2025,39.73170041,-104.9249383,1632,Denver
Palmer School Community Garden,PAL-V-39,PAL,vane,39,onion thrip,Insecta,Thysanoptera,,,,Herbivore,July,15-07-2025,18-07-2025,39.73170041,-104.9249383,1632,Denver
Palmer School Community Garden,PAL-V-40,PAL,vane,40,onion thrip,Insecta,Thysanoptera,,,,Herbivore,July,15-07-2025,18-07-2025,39.73170041,-104.9249383,1632,Denver
Palmer School Community Garden,PAL-V-41,PAL,vane,41,onion thrip,Insecta,Thysanoptera,,,,Herbivore,July,15-07-2025,18-07-2025,39.73170041,-104.9249383,1632,Denver
Palmer School Community Garden,PAL-V-42,PAL,vane,42,onion thrip,Insecta,Thysanoptera,,,,Herbivore,July,15-07-2025,18-07-2025,39.73170041,-104.9249383,1632,Denver
Palmer School Community Garden,PAL-V-43,PAL,vane,43,onion thrip,Insecta,Thysanoptera,,,,Herbivore,July,15-07-2025,18-07-2025,39.73170041,-104.9249383,1632,Denver
Palmer School Community Garden,PAL-V-44,PAL,vane,44,jumping spider,Arachnida,Araneae,Salticidae,,,Predator,July,15-07-2025,18-07-2025,39.73170041,-104.9249383,1632,Denver
Palmer School Community Garden,PAL-V-45,PAL,vane,45,springtail,Entognatha,Collembola,,,,Detritivore,July,15-07-2025,18-07-2025,39.73170041,-104.9249383,1632,Denver
Palmer School Community Garden,PAL-V-46,PAL,vane,46,honeybee,Insecta,Hymenoptera,Apidae,Apis,mellifera,Pollinator,July,15-07-2025,18-07-2025,39.73170041,-104.9249383,1632,Denver
Palmer School Community Garden,PAL-V-47,PAL,vane,47,squashbee,Insecta,Hymenoptera,Apidae,Eucera,pruinosa,Pollinator,July,15-07-2025,18-07-2025,39.73170041,-104.9249383,1632,Denver
Palmer School Community Garden,PAL-V-48,PAL,vane,48,squashbee,Insecta,Hymenoptera,Apidae,Eucera,pruinosa,Pollinator,July,15-07-2025,18-07-2025,39.73170041,-104.9249383,1632,Denver
Palmer School Community Garden,PAL-V-49,PAL,vane,49,squashbee,Insecta,Hymenoptera,Apidae,Eucera,pruinosa,Pollinator,July,15-07-2025,18-07-2025,39.73170041,-104.9249383,1632,Denver
Palmer School Community Garden,PAL-V-50,PAL,vane,50,squashbee,Insecta,Hymenoptera,Apidae,Eucera,pruinosa,Pollinator,July,15-07-2025,18-07-2025,39.73170041,-104.9249383,1632,Denver
Palmer School Community Garden,PAL-V-51,PAL,vane,51,squashbee,Insecta,Hymenoptera,Apidae,Eucera,pruinosa,Pollinator,July,15-07-2025,18-07-2025,39.73170041,-104.9249383,1632,Denver
Palmer School Community Garden,PAL-V-52,PAL,vane,52,squashbee,Insecta,Hymenoptera,Apidae,Eucera,pruinosa,Pollinator,July,15-07-2025,18-07-2025,39.73170041,-104.9249383,1632,Denver
Palmer School Community Garden,PAL-V-53,PAL,vane,53,squashbee,Insecta,Hymenoptera,Apidae,Eucera,pruinosa,Pollinator,July,15-07-2025,18-07-2025,39.73170041,-104.9249383,1632,Denver
Palmer School Community Garden,PAL-V-54,PAL,vane,54,longhorn bee,Insecta,Hymenoptera,Apidae,,,Pollinator,July,15-07-2025,18-07-2025,39.73170041,-104.9249383,1632,Denver
Palmer School Community Garden,PAL-V-55,PAL,vane,55,squashbee,Insecta,Hymenoptera,Apidae,Eucera ,pruinosa,Pollinator,July,15-07-2025,18-07-2025,39.73170041,-104.9249383,1632,Denver
Palmer School Community Garden,PAL-V-56,PAL,vane,56,longhorn bee,Insecta,Hymenoptera,Apidae,,,Pollinator,July,15-07-2025,18-07-2025,39.73170041,-104.9249383,1632,Denver
Palmer School Community Garden,PAL-V-57,PAL,vane,57,longhorn bee,Insecta,Hymenoptera,Apidae,,,Pollinator,July,15-07-2025,18-07-2025,39.73170041,-104.9249383,1632,Denver
Palmer School Community Garden,PAL-V-58,PAL,vane,58,longhorn bee,Insecta,Hymenoptera,Apidae,,,Pollinator,July,15-07-2025,18-07-2025,39.73170041,-104.9249383,1632,Denver
Palmer School Community Garden,PAL-V-59,PAL,vane,59,longhorn bee,Insecta,Hymenoptera,Apidae,,,Pollinator,July,15-07-2025,18-07-2025,39.73170041,-104.9249383,1632,Denver
Palmer School Community Garden,PAL-V-60,PAL,vane,60,longhorn bee,Insecta,Hymenoptera,Apidae,,,Pollinator,July,15-07-2025,18-07-2025,39.73170041,-104.9249383,1632,Denver
Palmer School Community Garden,PAL-V-61,PAL,vane,61,longhorn bee,Insecta,Hymenoptera,Apidae,,,Pollinator,July,15-07-2025,18-07-2025,39.73170041,-104.9249383,1632,Denver
Palmer School Community Garden,PAL-V-62,PAL,vane,62,longhorn bee,Insecta,Hymenoptera,Apidae,,,Pollinator,July,15-07-2025,18-07-2025,39.73170041,-104.9249383,1632,Denver
Palmer School Community Garden,PAL-V-63,PAL,vane,63,longhorn bee,Insecta,Hymenoptera,Apidae,,,Pollinator,July,15-07-2025,18-07-2025,39.73170041,-104.9249383,1632,Denver
Palmer School Community Garden,PAL-V-64,PAL,vane,64,longhorn bee,Insecta,Hymenoptera,Apidae,,,Pollinator,July,15-07-2025,18-07-2025,39.73170041,-104.9249383,1632,Denver
Palmer School Community Garden,PAL-V-65,PAL,vane,65,longhorn bee,Insecta,Hymenoptera,Apidae,,,Pollinator,July,15-07-2025,18-07-2025,39.73170041,-104.9249383,1632,Denver
Palmer School Community Garden,PAL-V-66,PAL,vane,66,squashbee,Insecta,Hymenoptera,Apidae,Eucera,pruinosa,Pollinator,July,15-07-2025,18-07-2025,39.73170041,-104.9249383,1632,Denver
Palmer School Community Garden,PAL-V-67,PAL,vane,67,bee,Insecta,Hymenoptera,,,,Pollinator,July,15-07-2025,18-07-2025,39.73170041,-104.9249383,1632,Denver
Palmer School Community Garden,PAL-V-68,PAL,vane,68,bee,Insecta,Hymenoptera,,,,Pollinator,July,15-07-2025,18-07-2025,39.73170041,-104.9249383,1632,Denver
Palmer School Community Garden,PAL-V-69,PAL,vane,69,bee,Insecta,Hymenoptera,,,,Pollinator,July,15-07-2025,18-07-2025,39.73170041,-104.9249383,1632,Denver
Palmer School Community Garden,PAL-V-70,PAL,vane,70,bee,Insecta,Hymenoptera,,,,Pollinator,July,15-07-2025,18-07-2025,39.73170041,-104.9249383,1632,Denver
Palmer School Community Garden,PAL-V-71,PAL,vane,71,bee,Insecta,Hymenoptera,,,,Pollinator,July,15-07-2025,18-07-2025,39.73170041,-104.9249383,1632,Denver
Palmer School Community Garden,PAL-V-72,PAL,vane,72,bee,Insecta,Hymenoptera,,,,Pollinator,July,15-07-2025,18-07-2025,39.73170041,-104.9249383,1632,Denver
Palmer School Community Garden,PAL-V-73,PAL,vane,73,bee,Insecta,Hymenoptera,,,,Pollinator,July,15-07-2025,18-07-2025,39.73170041,-104.9249383,1632,Denver
Palmer School Community Garden,PAL-V-74,PAL,vane,74,bee,Insecta,Hymenoptera,,,,Pollinator,July,15-07-2025,18-07-2025,39.73170041,-104.9249383,1632,Denver
Palmer School Community Garden,PAL-V-75,PAL,vane,75,bee,Insecta,Hymenoptera,,,,Pollinator,July,15-07-2025,18-07-2025,39.73170041,-104.9249383,1632,Denver
Palmer School Community Garden,PAL-V-76,PAL,vane,76,bee,Insecta,Hymenoptera,,,,Pollinator,July,15-07-2025,18-07-2025,39.73170041,-104.9249383,1632,Denver
Palmer School Community Garden,PAL-V-77,PAL,vane,77,bee,Insecta,Hymenoptera,,,,Pollinator,July,15-07-2025,18-07-2025,39.73170041,-104.9249383,1632,Denver
Palmer School Community Garden,PAL-V-78,PAL,vane,78,bee,Insecta,Hymenoptera,,,,Pollinator,July,15-07-2025,18-07-2025,39.73170041,-104.9249383,1632,Denver
Palmer School Community Garden,PAL-V-79,PAL,vane,79,bee,Insecta,Hymenoptera,,,,Pollinator,July,15-07-2025,18-07-2025,39.73170041,-104.9249383,1632,Denver
Palmer School Community Garden,PAL-V-80,PAL,vane,80,bee,Insecta,Hymenoptera,,,,Pollinator,July,15-07-2025,18-07-2025,39.73170041,-104.9249383,1632,Denver
Palmer School Community Garden,PAL-V-81,PAL,vane,81,bee,Insecta,Hymenoptera,,,,Pollinator,July,15-07-2025,18-07-2025,39.73170041,-104.9249383,1632,Denver
Palmer School Community Garden,PAL-V-82,PAL,vane,82,bee,Insecta,Hymenoptera,,,,Pollinator,July,15-07-2025,18-07-2025,39.73170041,-104.9249383,1632,Denver
Palmer School Community Garden,PAL-V-83,PAL,vane,83,bee,Insecta,Hymenoptera,,,,Pollinator,July,15-07-2025,18-07-2025,39.73170041,-104.9249383,1632,Denver
Palmer School Community Garden,PAL-V-84,PAL,vane,84,bee,Insecta,Hymenoptera,,,,Pollinator,July,15-07-2025,18-07-2025,39.73170041,-104.9249383,1632,Denver
Palmer School Community Garden,PAL-V-85,PAL,vane,85,bee,Insecta,Hymenoptera,,,,Pollinator,July,15-07-2025,18-07-2025,39.73170041,-104.9249383,1632,Denver
Palmer School Community Garden,PAL-V-86,PAL,vane,86,bee,Insecta,Hymenoptera,,,,Pollinator,July,15-07-2025,18-07-2025,39.73170041,-104.9249383,1632,Denver
Palmer School Community Garden,PAL-V-87,PAL,vane,87,bee,Insecta,Hymenoptera,,,,Pollinator,July,15-07-2025,18-07-2025,39.73170041,-104.9249383,1632,Denver
Palmer School Community Garden,PAL-V-88,PAL,vane,88,bee,Insecta,Hymenoptera,,,,Pollinator,July,15-07-2025,18-07-2025,39.73170041,-104.9249383,1632,Denver
Palmer School Community Garden,PAL-V-89,PAL,vane,89,bee,Insecta,Hymenoptera,,,,Pollinator,July,15-07-2025,18-07-2025,39.73170041,-104.9249383,1632,Denver
Palmer School Community Garden,PAL-V-90,PAL,vane,90,bee,Insecta,Hymenoptera,,,,Pollinator,July,15-07-2025,18-07-2025,39.73170041,-104.9249383,1632,Denver
Palmer School Community Garden,PAL-V-91,PAL,vane,91,small sweatbee,Insecta,Hymenoptera,Halictidae,,,Pollinator,July,15-07-2025,18-07-2025,39.73170041,-104.9249383,1632,Denver
Palmer School Community Garden,PAL-V-92,PAL,vane,92,small sweatbee,Insecta,Hymenoptera,Halictidae,,,Pollinator,July,15-07-2025,18-07-2025,39.73170041,-104.9249383,1632,Denver
Palmer School Community Garden,PAL-V-93,PAL,vane,93,small sweatbee,Insecta,Hymenoptera,Halictidae,,,Pollinator,July,15-07-2025,18-07-2025,39.73170041,-104.9249383,1632,Denver
Palmer School Community Garden,PAL-V-94,PAL,vane,94,small sweatbee,Insecta,Hymenoptera,Halictidae,,,Pollinator,July,15-07-2025,18-07-2025,39.73170041,-104.9249383,1632,Denver
Palmer School Community Garden,PAL-V-95,PAL,vane,95,small sweatbee,Insecta,Hymenoptera,Halictidae,,,Pollinator,July,15-07-2025,18-07-2025,39.73170041,-104.9249383,1632,Denver
Palmer School Community Garden,PAL-V-96,PAL,vane,96,small sweatbee,Insecta,Hymenoptera,Halictidae,,,Pollinator,July,15-07-2025,18-07-2025,39.73170041,-104.9249383,1632,Denver
Palmer School Community Garden,PAL-V-97,PAL,vane,97,small sweatbee,Insecta,Hymenoptera,Halictidae,,,Pollinator,July,15-07-2025,18-07-2025,39.73170041,-104.9249383,1632,Denver
Palmer School Community Garden,PAL-V-98,PAL,vane,98,small sweatbee,Insecta,Hymenoptera,Halictidae,,,Pollinator,July,15-07-2025,18-07-2025,39.73170041,-104.9249383,1632,Denver
Palmer School Community Garden,PAL-V-99,PAL,vane,99,small sweatbee,Insecta,Hymenoptera,Halictidae,,,Pollinator,July,15-07-2025,18-07-2025,39.73170041,-104.9249383,1632,Denver
Palmer School Community Garden,PAL-V-100,PAL,vane,100,small sweatbee,Insecta,Hymenoptera,Halictidae,,,Pollinator,July,15-07-2025,18-07-2025,39.73170041,-104.9249383,1632,Denver
Palmer School Community Garden,PAL-V-101,PAL,vane,101,small sweatbee,Insecta,Hymenoptera,Halictidae,,,Pollinator,July,15-07-2025,18-07-2025,39.73170041,-104.9249383,1632,Denver
Palmer School Community Garden,PAL-V-102,PAL,vane,102,small sweatbee,Insecta,Hymenoptera,Halictidae,,,Pollinator,July,15-07-2025,18-07-2025,39.73170041,-104.9249383,1632,Denver
Palmer School Community Garden,PAL-V-103,PAL,vane,103,small sweatbee red butt,Insecta,Hymenoptera,Halictidae,,,Pollinator,July,15-07-2025,18-07-2025,39.73170041,-104.9249383,1632,Denver
Palmer School Community Garden,PAL-V-104,PAL,vane,104,small sweatbee red butt,Insecta,Hymenoptera,Halictidae,,,Pollinator,July,15-07-2025,18-07-2025,39.73170041,-104.9249383,1632,Denver
Palmer School Community Garden,PAL-V-105,PAL,vane,105,mosquito,Insecta,Diptera,Culicidae,,,Sanguivore,July,15-07-2025,18-07-2025,39.73170041,-104.9249383,1632,Denver
Palmer School Community Garden,PAL-V-106,PAL,vane,106,small hemiptera,Insecta,Hemiptera,,,,,July,15-07-2025,18-07-2025,39.73170041,-104.9249383,1632,Denver
Palmer School Community Garden,PAL-V-107,PAL,vane,107,bumblebee,Insecta,Hymenoptera,Apidae,Bombus,,Pollinator,July,15-07-2025,18-07-2025,39.73170041,-104.9249383,1632,Denver
Palmer School Community Garden,PAL-V-108,PAL,vane,108,bumblebee,Insecta,Hymenoptera,Apidae,Bombus,,Pollinator,July,15-07-2025,18-07-2025,39.73170041,-104.9249383,1632,Denver
Palmer School Community Garden,PAL-V-109,PAL,vane,109,black longhorn,Insecta,Hymenoptera,Apidae,Melissodes,bimaculatus,Pollinator,July,15-07-2025,18-07-2025,39.73170041,-104.9249383,1632,Denver
Palmer School Community Garden,PAL-V-110,PAL,vane,110,squashbee,Insecta,Hymenoptera,Apidae,Eucera,pruinosa,Pollinator,July,15-07-2025,18-07-2025,39.73170041,-104.9249383,1632,Denver
Palmer School Community Garden,PAL-V-111,PAL,vane,111,squashbee,Insecta,Hymenoptera,Apidae,Eucera,pruinosa,Pollinator,July,15-07-2025,18-07-2025,39.73170041,-104.9249383,1632,Denver
Palmer School Community Garden,PAL-V-112,PAL,vane,112,squashbee,Insecta,Hymenoptera,Apidae,Eucera,pruinosa,Pollinator,July,15-07-2025,18-07-2025,39.73170041,-104.9249383,1632,Denver
Palmer School Community Garden,PAL-V-113,PAL,vane,113,squashbee,Insecta,Hymenoptera,Apidae,Eucera,pruinosa,Pollinator,July,15-07-2025,18-07-2025,39.73170041,-104.9249383,1632,Denver
Palmer School Community Garden,PAL-V-114,PAL,vane,114,squashbee,Insecta,Hymenoptera,Apidae,Eucera,pruinosa,Pollinator,July,15-07-2025,18-07-2025,39.73170041,-104.9249383,1632,Denver
Palmer School Community Garden,PAL-V-115,PAL,vane,115,squashbee,Insecta,Hymenoptera,Apidae,Eucera,pruinosa,Pollinator,July,15-07-2025,18-07-2025,39.73170041,-104.9249383,1632,Denver
Palmer School Community Garden,PAL-V-116,PAL,vane,116,squashbee,Insecta,Hymenoptera,Apidae,Eucera,pruinosa,Pollinator,July,15-07-2025,18-07-2025,39.73170041,-104.9249383,1632,Denver
Palmer School Community Garden,PAL-V-117,PAL,vane,117,squashbee,Insecta,Hymenoptera,Apidae,Eucera,pruinosa,Pollinator,July,15-07-2025,18-07-2025,39.73170041,-104.9249383,1632,Denver
Palmer School Community Garden,PAL-V-118,PAL,vane,118,squashbee,Insecta,Hymenoptera,Apidae,Eucera,pruinosa,Pollinator,July,15-07-2025,18-07-2025,39.73170041,-104.9249383,1632,Denver
Palmer School Community Garden,PAL-V-119,PAL,vane,119,squashbee,Insecta,Hymenoptera,Apidae,Eucera,pruinosa,Pollinator,July,15-07-2025,18-07-2025,39.73170041,-104.9249383,1632,Denver
Palmer School Community Garden,PAL-V-120,PAL,vane,120,squashbee,Insecta,Hymenoptera,Apidae,Eucera,pruinosa,Pollinator,July,15-07-2025,18-07-2025,39.73170041,-104.9249383,1632,Denver
Palmer School Community Garden,PAL-V-121,PAL,vane,121,squashbee,Insecta,Hymenoptera,Apidae,Eucera,pruinosa,Pollinator,July,15-07-2025,18-07-2025,39.73170041,-104.9249383,1632,Denver
Palmer School Community Garden,PAL-V-122,PAL,vane,122,squashbee,Insecta,Hymenoptera,Apidae,Eucera,pruinosa,Pollinator,July,15-07-2025,18-07-2025,39.73170041,-104.9249383,1632,Denver
Palmer School Community Garden,PAL-V-123,PAL,vane,123,squashbee,Insecta,Hymenoptera,Apidae,Eucera,pruinosa,Pollinator,July,15-07-2025,18-07-2025,39.73170041,-104.9249383,1632,Denver
Palmer School Community Garden,PAL-V-124,PAL,vane,124,squashbee,Insecta,Hymenoptera,Apidae,Eucera,pruinosa,Pollinator,July,15-07-2025,18-07-2025,39.73170041,-104.9249383,1632,Denver
Palmer School Community Garden,PAL-V-125,PAL,vane,125,squashbee,Insecta,Hymenoptera,Apidae,Eucera,pruinosa,Pollinator,July,15-07-2025,18-07-2025,39.73170041,-104.9249383,1632,Denver
Palmer School Community Garden,PAL-V-126,PAL,vane,126,longhorn bee,Insecta,Hymenoptera,Apidae,,,Pollinator,July,15-07-2025,18-07-2025,39.73170041,-104.9249383,1632,Denver
Palmer School Community Garden,PAL-V-127,PAL,vane,127,longhorn bee,Insecta,Hymenoptera,Apidae,,,Pollinator,July,15-07-2025,18-07-2025,39.73170041,-104.9249383,1632,Denver
Palmer School Community Garden,PAL-V-128,PAL,vane,128,longhorn bee,Insecta,Hymenoptera,Apidae,,,Pollinator,July,15-07-2025,18-07-2025,39.73170041,-104.9249383,1632,Denver
Palmer School Community Garden,PAL-V-129,PAL,vane,129,longhorn bee,Insecta,Hymenoptera,Apidae,,,Pollinator,July,15-07-2025,18-07-2025,39.73170041,-104.9249383,1632,Denver
Palmer School Community Garden,PAL-V-130,PAL,vane,130,longhorn bee,Insecta,Hymenoptera,Apidae,,,Pollinator,July,15-07-2025,18-07-2025,39.73170041,-104.9249383,1632,Denver
Palmer School Community Garden,PAL-V-131,PAL,vane,131,longhorn bee,Insecta,Hymenoptera,Apidae,,,Pollinator,July,15-07-2025,18-07-2025,39.73170041,-104.9249383,1632,Denver
Palmer School Community Garden,PAL-V-132,PAL,vane,132,longhorn bee,Insecta,Hymenoptera,Apidae,,,Pollinator,July,15-07-2025,18-07-2025,39.73170041,-104.9249383,1632,Denver
Palmer School Community Garden,PAL-V-133,PAL,vane,133,longhorn bee,Insecta,Hymenoptera,Apidae,,,Pollinator,July,15-07-2025,18-07-2025,39.73170041,-104.9249383,1632,Denver
Palmer School Community Garden,PAL-V-134,PAL,vane,134,longhorn bee,Insecta,Hymenoptera,Apidae,,,Pollinator,July,15-07-2025,18-07-2025,39.73170041,-104.9249383,1632,Denver
Palmer School Community Garden,PAL-V-135,PAL,vane,135,longhorn bee,Insecta,Hymenoptera,Apidae,,,Pollinator,July,15-07-2025,18-07-2025,39.73170041,-104.9249383,1632,Denver
Palmer School Community Garden,PAL-V-136,PAL,vane,136,longhorn bee,Insecta,Hymenoptera,Apidae,,,Pollinator,July,15-07-2025,18-07-2025,39.73170041,-104.9249383,1632,Denver
Palmer School Community Garden,PAL-V-137,PAL,vane,137,longhorn bee,Insecta,Hymenoptera,Apidae,,,Pollinator,July,15-07-2025,18-07-2025,39.73170041,-104.9249383,1632,Denver
Palmer School Community Garden,PAL-V-138,PAL,vane,138,longhorn bee,Insecta,Hymenoptera,Apidae,,,Pollinator,July,15-07-2025,18-07-2025,39.73170041,-104.9249383,1632,Denver
Palmer School Community Garden,PAL-V-139,PAL,vane,139,longhorn bee,Insecta,Hymenoptera,Apidae,,,Pollinator,July,15-07-2025,18-07-2025,39.73170041,-104.9249383,1632,Denver
Palmer School Community Garden,PAL-V-140,PAL,vane,140,longhorn bee,Insecta,Hymenoptera,Apidae,,,Pollinator,July,15-07-2025,18-07-2025,39.73170041,-104.9249383,1632,Denver
Palmer School Community Garden,PAL-V-141,PAL,vane,141,longhorn bee,Insecta,Hymenoptera,Apidae,,,Pollinator,July,15-07-2025,18-07-2025,39.73170041,-104.9249383,1632,Denver
Palmer School Community Garden,PAL-V-142,PAL,vane,142,sweatbee,Insecta,Hymenoptera,Halictidae,,,Pollinator,July,15-07-2025,18-07-2025,39.73170041,-104.9249383,1632,Denver
Palmer School Community Garden,PAL-V-143,PAL,vane,143,sweatbee,Insecta,Hymenoptera,Halictidae,,,Pollinator,July,15-07-2025,18-07-2025,39.73170041,-104.9249383,1632,Denver
Palmer School Community Garden,PAL-V-144,PAL,vane,144,longhorn bee,Insecta,Hymenoptera,Apidae,,,Pollinator,July,15-07-2025,18-07-2025,39.73170041,-104.9249383,1632,Denver
Palmer School Community Garden,PAL-V-145,PAL,vane,145,sweatbee,Insecta,Hymenoptera,Halictidae,,,Pollinator,July,15-07-2025,18-07-2025,39.73170041,-104.9249383,1632,Denver
Palmer School Community Garden,PAL-V-146,PAL,vane,146,sweatbee,Insecta,Hymenoptera,Halictidae,,,Pollinator,July,15-07-2025,18-07-2025,39.73170041,-104.9249383,1632,Denver
Palmer School Community Garden,PAL-V-147,PAL,vane,147,sweatbee,Insecta,Hymenoptera,Halictidae,,,Pollinator,July,15-07-2025,18-07-2025,39.73170041,-104.9249383,1632,Denver
Palmer School Community Garden,PAL-V-148,PAL,vane,148,sweatbee,Insecta,Hymenoptera,Halictidae,,,Pollinator,July,15-07-2025,18-07-2025,39.73170041,-104.9249383,1632,Denver
Palmer School Community Garden,PAL-V-149,PAL,vane,149,sweatbee,Insecta,Hymenoptera,Halictidae,,,Pollinator,July,15-07-2025,18-07-2025,39.73170041,-104.9249383,1632,Denver
Palmer School Community Garden,PAL-V-150,PAL,vane,150,sweatbee,Insecta,Hymenoptera,Halictidae,,,Pollinator,July,15-07-2025,18-07-2025,39.73170041,-104.9249383,1632,Denver
Palmer School Community Garden,PAL-V-151,PAL,vane,151,sweatbee,Insecta,Hymenoptera,Halictidae,,,Pollinator,July,15-07-2025,18-07-2025,39.73170041,-104.9249383,1632,Denver
Palmer School Community Garden,PAL-V-152,PAL,vane,152,sweatbee,Insecta,Hymenoptera,Halictidae,,,Pollinator,July,15-07-2025,18-07-2025,39.73170041,-104.9249383,1632,Denver
Palmer School Community Garden,PAL-V-153,PAL,vane,153,green sweetbee,Insecta,Hymenoptera,Halictidae,,,Pollinator,July,15-07-2025,18-07-2025,39.73170041,-104.9249383,1632,Denver
Palmer School Community Garden,PAL-V-154,PAL,vane,154,green sweetbee,Insecta,Hymenoptera,Halictidae,,,Pollinator,July,15-07-2025,18-07-2025,39.73170041,-104.9249383,1632,Denver
Palmer School Community Garden,PAL-V-155,PAL,vane,155,small green sweatbee,Insecta,Hymenoptera,Halictidae,,,Pollinator,July,15-07-2025,18-07-2025,39.73170041,-104.9249383,1632,Denver
Palmer School Community Garden,PAL-V-156,PAL,vane,156,small sweatbee,Insecta,Hymenoptera,Halictidae,,,Pollinator,July,15-07-2025,18-07-2025,39.73170041,-104.9249383,1632,Denver
Palmer School Community Garden,PAL-V-157,PAL,vane,157,small sweatbee,Insecta,Hymenoptera,Halictidae,,,Pollinator,July,15-07-2025,18-07-2025,39.73170041,-104.9249383,1632,Denver
Palmer School Community Garden,PAL-V-158,PAL,vane,158,ladybug,Insecta,Coleoptera,Coccinellidae,,,Predator,July,15-07-2025,18-07-2025,39.73170041,-104.9249383,1632,Denver
Palmer School Community Garden,PAL-V-159,PAL,vane,159,muscid fly,Insecta,Diptera,Muscidae,,,,July,15-07-2025,18-07-2025,39.73170041,-104.9249383,1632,Denver
Palmer School Community Garden,PAL-V-160,PAL,vane,160,small bug,Insecta,Hemiptera,,,,,July,15-07-2025,18-07-2025,39.73170041,-104.9249383,1632,Denver
Palmer School Community Garden,PAL-V-161,PAL,vane,161,minute pirate bug,Insecta,Hemiptera,Anthocoridae,Orius,,Predator,July,15-07-2025,18-07-2025,39.73170041,-104.9249383,1632,Denver
Palmer School Community Garden,PAL-P-46,PAL,pitfall-1,46,beetle ,Insecta,Coleoptera,,,,,July,15-07-2025,18-07-2025,39.73170041,-104.9249383,1632,Denver
Palmer School Community Garden,PAL-P-47,PAL,pitfall-1,47,fly ,Insecta,Diptera,Muscidae,,,Detritivore,July,15-07-2025,18-07-2025,39.73170041,-104.9249383,1632,Denver
Palmer School Community Garden,PAL-P-48,PAL,pitfall-1,48,fly ,Insecta,Diptera,Muscidae,,,Detritivore,July,15-07-2025,18-07-2025,39.73170041,-104.9249383,1632,Denver
Palmer School Community Garden,PAL-P-49,PAL,pitfall-1,49,fly,Insecta,Diptera,Muscidae,,,Detritivore,July,15-07-2025,18-07-2025,39.73170041,-104.9249383,1632,Denver
Palmer School Community Garden,PAL-P-50,PAL,pitfall-1,50,fly,Insecta,Diptera,Muscidae,,,Detritivore,July,15-07-2025,18-07-2025,39.73170041,-104.9249383,1632,Denver
Palmer School Community Garden,PAL-P-51,PAL,pitfall-1,51,beetle ,Insecta,Coleoptera,,,,,July,15-07-2025,18-07-2025,39.73170041,-104.9249383,1632,Denver
Palmer School Community Garden,PAL-P-52,PAL,pitfall-1,52,ant,Insecta,Hymenoptera,Formicidae,Tetramorium,immigrans,Omnivore,July,15-07-2025,18-07-2025,39.73170041,-104.9249383,1632,Denver
Palmer School Community Garden,PAL-P-53,PAL,pitfall-1,53,rolly-polly,Malacostraca,Isopoda,Armadillidiidae,,,Detritivore,July,15-07-2025,18-07-2025,39.73170041,-104.9249383,1632,Denver
Palmer School Community Garden,PAL-P-54,PAL,pitfall-2,54,leaf hopper ,Insecta,Hemiptera,Cicadellidae,,,Herbivore,July,15-07-2025,18-07-2025,39.73170041,-104.9249383,1632,Denver
Palmer School Community Garden,PAL-P-55,PAL,pitfall-2,55,leaf hopper ,Insecta,Hemiptera,Cicadellidae,,,Herbivore,July,15-07-2025,18-07-2025,39.73170041,-104.9249383,1632,Denver
Palmer School Community Garden,PAL-P-56,PAL,pitfall-2,56,leaf hopper ,Insecta,Hemiptera,Cicadellidae,,,Herbivore,July,15-07-2025,18-07-2025,39.73170041,-104.9249383,1632,Denver
Palmer School Community Garden,PAL-P-57,PAL,pitfall-2,57,Fly,Insecta,Diptera,Muscidae,,,Detritivore,July,15-07-2025,18-07-2025,39.73170041,-104.9249383,1632,Denver
Palmer School Community Garden,PAL-P-58,PAL,pitfall-2,58,mosquito,Insecta,Diptera,Culicidae,,,Sanguivore,July,15-07-2025,18-07-2025,39.73170041,-104.9249383,1632,Denver
Palmer School Community Garden,PAL-P-59,PAL,pitfall-2,59,leaf hopper ,Insecta,Hemiptera,Cicadellidae,,,Herbivore,July,15-07-2025,18-07-2025,39.73170041,-104.9249383,1632,Denver
Palmer School Community Garden,PAL-P-60,PAL,pitfall-2,60,leaf hopper ,Insecta,Hemiptera,Cicadellidae,,,Herbivore,July,15-07-2025,18-07-2025,39.73170041,-104.9249383,1632,Denver
Palmer School Community Garden,PAL-P-61,PAL,pitfall-2,61,leaf hopper ,Insecta,Hemiptera,Cicadellidae,,,Herbivore,July,15-07-2025,18-07-2025,39.73170041,-104.9249383,1632,Denver
Palmer School Community Garden,PAL-P-62,PAL,pitfall-2,62,leaf hopper ,Insecta,Hemiptera,Cicadellidae,,,Herbivore,July,15-07-2025,18-07-2025,39.73170041,-104.9249383,1632,Denver
Palmer School Community Garden,PAL-P-63,PAL,pitfall-2,63,Ants,Insecta,Hymenoptera,Formicidae,,,,July,15-07-2025,18-07-2025,39.73170041,-104.9249383,1632,Denver
Park Hill School Garden,PAR-V-1,PAR,vane,1,minute pirate bug,Insecta,Hemiptera ,Anthocoridae,Orius,,Predator,July,15-07-2025,18-07-2025,39.74455504,-104.9288718,1623,Denver
Park Hill School Garden,PAR-V-2,PAR,vane,2,minute pirate bug,Insecta,Hemiptera ,Anthocoridae,Orius,,Predator,July,15-07-2025,18-07-2025,39.74455504,-104.9288718,1623,Denver
Park Hill School Garden,PAR-V-3,PAR,vane,3,minute pirate bug,Insecta,Hemiptera ,Anthocoridae,Orius,,Predator,July,15-07-2025,18-07-2025,39.74455504,-104.9288718,1623,Denver
Park Hill School Garden,PAR-V-4,PAR,vane,4,minute pirate bug,Insecta,Hemiptera ,Anthocoridae,Orius,,Predator,July,15-07-2025,18-07-2025,39.74455504,-104.9288718,1623,Denver
Park Hill School Garden,PAR-V-5,PAR,vane,5,minute pirate bug,Insecta,Hemiptera ,Anthocoridae,Orius,,Predator,July,15-07-2025,18-07-2025,39.74455504,-104.9288718,1623,Denver
Park Hill School Garden,PAR-V-6,PAR,vane,6,minute pirate bug,Insecta,Hemiptera ,Anthocoridae,Orius,,Predator,July,15-07-2025,18-07-2025,39.74455504,-104.9288718,1623,Denver
Park Hill School Garden,PAR-V-7,PAR,vane,7,minute pirate bug,Insecta,Hemiptera ,Anthocoridae,Orius,,Predator,July,15-07-2025,18-07-2025,39.74455504,-104.9288718,1623,Denver
Park Hill School Garden,PAR-V-8,PAR,vane,8,minute pirate bug,Insecta,Hemiptera ,Anthocoridae,Orius,,Predator,July,15-07-2025,18-07-2025,39.74455504,-104.9288718,1623,Denver
Park Hill School Garden,PAR-V-9,PAR,vane,9,minute pirate bug,Insecta,Hemiptera ,Anthocoridae,Orius,,Predator,July,15-07-2025,18-07-2025,39.74455504,-104.9288718,1623,Denver
Park Hill School Garden,PAR-V-10,PAR,vane,10,minute pirate bug,Insecta,Hemiptera ,Anthocoridae,Orius,,Predator,July,15-07-2025,18-07-2025,39.74455504,-104.9288718,1623,Denver
Park Hill School Garden,PAR-V-11,PAR,vane,11,minute pirate bug,Insecta,Hemiptera ,Anthocoridae,Orius,,Predator,July,15-07-2025,18-07-2025,39.74455504,-104.9288718,1623,Denver
Park Hill School Garden,PAR-V-12,PAR,vane,12,minute pirate bug,Insecta,Hemiptera ,Anthocoridae,Orius,,Predator,July,15-07-2025,18-07-2025,39.74455504,-104.9288718,1623,Denver
Park Hill School Garden,PAR-V-13,PAR,vane,13,minute pirate bug,Insecta,Hemiptera ,Anthocoridae,Orius,,Predator,July,15-07-2025,18-07-2025,39.74455504,-104.9288718,1623,Denver
Park Hill School Garden,PAR-V-14,PAR,vane,14,minute pirate bug,Insecta,Hemiptera ,Anthocoridae,Orius,,Predator,July,15-07-2025,18-07-2025,39.74455504,-104.9288718,1623,Denver
Park Hill School Garden,PAR-V-15,PAR,vane,15,minute pirate bug,Insecta,Hemiptera ,Anthocoridae,Orius,,Predator,July,15-07-2025,18-07-2025,39.74455504,-104.9288718,1623,Denver
Park Hill School Garden,PAR-V-16,PAR,vane,16,minute pirate bug,Insecta,Hemiptera ,Anthocoridae,Orius,,Predator,July,15-07-2025,18-07-2025,39.74455504,-104.9288718,1623,Denver
Park Hill School Garden,PAR-V-17,PAR,vane,17,minute pirate bug,Insecta,Hemiptera ,Anthocoridae,Orius,,Predator,July,15-07-2025,18-07-2025,39.74455504,-104.9288718,1623,Denver
Park Hill School Garden,PAR-V-18,PAR,vane,18,minute pirate bug,Insecta,Hemiptera ,Anthocoridae,Orius,,Predator,July,15-07-2025,18-07-2025,39.74455504,-104.9288718,1623,Denver
Park Hill School Garden,PAR-V-19,PAR,vane,19,minute pirate bug,Insecta,Hemiptera ,Anthocoridae,Orius,,Predator,July,15-07-2025,18-07-2025,39.74455504,-104.9288718,1623,Denver
Park Hill School Garden,PAR-V-20,PAR,vane,20,minute pirate bug,Insecta,Hemiptera ,Anthocoridae,Orius,,Predator,July,15-07-2025,18-07-2025,39.74455504,-104.9288718,1623,Denver
Park Hill School Garden,PAR-V-21,PAR,vane,21,minute pirate bug,Insecta,Hemiptera ,Anthocoridae,Orius,,Predator,July,15-07-2025,18-07-2025,39.74455504,-104.9288718,1623,Denver
Park Hill School Garden,PAR-V-22,PAR,vane,22,minute pirate bug,Insecta,Hemiptera ,Anthocoridae,Orius,,Predator,July,15-07-2025,18-07-2025,39.74455504,-104.9288718,1623,Denver
Park Hill School Garden,PAR-V-23,PAR,vane,23,minute pirate bug,Insecta,Hemiptera ,Anthocoridae,Orius,,Predator,July,15-07-2025,18-07-2025,39.74455504,-104.9288718,1623,Denver
Park Hill School Garden,PAR-V-24,PAR,vane,24,minute pirate bug,Insecta,Hemiptera ,Anthocoridae,Orius,,Predator,July,15-07-2025,18-07-2025,39.74455504,-104.9288718,1623,Denver
Park Hill School Garden,PAR-V-25,PAR,vane,25,minute pirate bug,Insecta,Hemiptera ,Anthocoridae,Orius,,Predator,July,15-07-2025,18-07-2025,39.74455504,-104.9288718,1623,Denver
Park Hill School Garden,PAR-V-26,PAR,vane,26,minute pirate bug,Insecta,Hemiptera ,Anthocoridae,Orius,,Predator,July,15-07-2025,18-07-2025,39.74455504,-104.9288718,1623,Denver
Park Hill School Garden,PAR-V-27,PAR,vane,27,minute pirate bug,Insecta,Hemiptera ,Anthocoridae,Orius,,Predator,July,15-07-2025,18-07-2025,39.74455504,-104.9288718,1623,Denver
Park Hill School Garden,PAR-V-28,PAR,vane,28,minute pirate bug,Insecta,Hemiptera ,Anthocoridae,Orius,,Predator,July,15-07-2025,18-07-2025,39.74455504,-104.9288718,1623,Denver
Park Hill School Garden,PAR-V-29,PAR,vane,29,minute pirate bug,Insecta,Hemiptera ,Anthocoridae,Orius,,Predator,July,15-07-2025,18-07-2025,39.74455504,-104.9288718,1623,Denver
Park Hill School Garden,PAR-V-30,PAR,vane,30,minute pirate bug,Insecta,Hemiptera ,Anthocoridae,Orius,,Predator,July,15-07-2025,18-07-2025,39.74455504,-104.9288718,1623,Denver
Park Hill School Garden,PAR-V-31,PAR,vane,31,minute pirate bug,Insecta,Hemiptera ,Anthocoridae,Orius,,Predator,July,15-07-2025,18-07-2025,39.74455504,-104.9288718,1623,Denver
Park Hill School Garden,PAR-V-32,PAR,vane,32,leaf hopper,Insecta,Hemiptera,Cicadellidae,,,Herbivore,July,15-07-2025,18-07-2025,39.74455504,-104.9288718,1623,Denver
Park Hill School Garden,PAR-V-33,PAR,vane,33,leaf hopper,Insecta,Hemiptera,Cicadellidae,,,Herbivore,July,15-07-2025,18-07-2025,39.74455504,-104.9288718,1623,Denver
Park Hill School Garden,PAR-V-34,PAR,vane,34,leaf hopper,Insecta,Hemiptera,Cicadellidae,,,Herbivore,July,15-07-2025,18-07-2025,39.74455504,-104.9288718,1623,Denver
Park Hill School Garden,PAR-V-35,PAR,vane,35,bug,Insecta,Hemiptera,,,,,July,15-07-2025,18-07-2025,39.74455504,-104.9288718,1623,Denver
Park Hill School Garden,PAR-V-36,PAR,vane,36,bug,Insecta,Hemiptera,,,,,July,15-07-2025,18-07-2025,39.74455504,-104.9288718,1623,Denver
Park Hill School Garden,PAR-V-37,PAR,vane,37,orange mite w/ two spots,Arachnida,Acari,,,,,July,15-07-2025,18-07-2025,39.74455504,-104.9288718,1623,Denver
Park Hill School Garden,PAR-V-38,PAR,vane,38,bug,Insecta,Hemiptera,,,,,July,15-07-2025,18-07-2025,39.74455504,-104.9288718,1623,Denver
Park Hill School Garden,PAR-V-39,PAR,vane,39,small fly,Insecta,Diptera,,,,,July,15-07-2025,18-07-2025,39.74455504,-104.9288718,1623,Denver
Park Hill School Garden,PAR-V-40,PAR,vane,40,small fly,Insecta,Diptera,,,,,July,15-07-2025,18-07-2025,39.74455504,-104.9288718,1623,Denver
Park Hill School Garden,PAR-V-41,PAR,vane,41,small fly,Insecta,Diptera,,,,,July,15-07-2025,18-07-2025,39.74455504,-104.9288718,1623,Denver
Park Hill School Garden,PAR-V-42,PAR,vane,42,small fly,Insecta,Diptera,,,,,July,15-07-2025,18-07-2025,39.74455504,-104.9288718,1623,Denver
Park Hill School Garden,PAR-V-43,PAR,vane,43,beetle,Insecta,Coleoptera,,,,,July,15-07-2025,18-07-2025,39.74455504,-104.9288718,1623,Denver
Park Hill School Garden,PAR-V-44,PAR,vane,44,beetle,Insecta,Coleoptera,,,,,July,15-07-2025,18-07-2025,39.74455504,-104.9288718,1623,Denver
Park Hill School Garden,PAR-V-45,PAR,vane,45,bug,Insecta,Hemiptera,,,,,July,15-07-2025,18-07-2025,39.74455504,-104.9288718,1623,Denver
Park Hill School Garden,PAR-V-46,PAR,vane,46,thrips,Insecta,Thysanoptera,,,,Herbivore,July,15-07-2025,18-07-2025,39.74455504,-104.9288718,1623,Denver
Park Hill School Garden,PAR-V-47,PAR,vane,47,thrips,Insecta,Thysanoptera,,,,Herbivore,July,15-07-2025,18-07-2025,39.74455504,-104.9288718,1623,Denver
Park Hill School Garden,PAR-V-48,PAR,vane,48,thrips,Insecta,Thysanoptera,,,,Herbivore,July,15-07-2025,18-07-2025,39.74455504,-104.9288718,1623,Denver
Park Hill School Garden,PAR-V-49,PAR,vane,49,thrips,Insecta,Thysanoptera,,,,Herbivore,July,15-07-2025,18-07-2025,39.74455504,-104.9288718,1623,Denver
Park Hill School Garden,PAR-V-50,PAR,vane,50,thrips,Insecta,Thysanoptera,,,,Herbivore,July,15-07-2025,18-07-2025,39.74455504,-104.9288718,1623,Denver
Park Hill School Garden,PAR-V-51,PAR,vane,51,thrips,Insecta,Thysanoptera,,,,Herbivore,July,15-07-2025,18-07-2025,39.74455504,-104.9288718,1623,Denver
Park Hill School Garden,PAR-V-52,PAR,vane,52,thrips,Insecta,Thysanoptera,,,,Herbivore,July,15-07-2025,18-07-2025,39.74455504,-104.9288718,1623,Denver
Park Hill School Garden,PAR-V-53,PAR,vane,53,thrips,Insecta,Thysanoptera,,,,Herbivore,July,15-07-2025,18-07-2025,39.74455504,-104.9288718,1623,Denver
Park Hill School Garden,PAR-V-54,PAR,vane,54,thrips,Insecta,Thysanoptera,,,,Herbivore,July,15-07-2025,18-07-2025,39.74455504,-104.9288718,1623,Denver
Park Hill School Garden,PAR-V-55,PAR,vane,55,thrips,Insecta,Thysanoptera,,,,Herbivore,July,15-07-2025,18-07-2025,39.74455504,-104.9288718,1623,Denver
Park Hill School Garden,PAR-V-56,PAR,vane,56,thrips,Insecta,Thysanoptera,,,,Herbivore,July,15-07-2025,18-07-2025,39.74455504,-104.9288718,1623,Denver
Park Hill School Garden,PAR-V-57,PAR,vane,57,thrips,Insecta,Thysanoptera,,,,Herbivore,July,15-07-2025,18-07-2025,39.74455504,-104.9288718,1623,Denver
Park Hill School Garden,PAR-V-58,PAR,vane,58,thrips,Insecta,Thysanoptera,,,,Herbivore,July,15-07-2025,18-07-2025,39.74455504,-104.9288718,1623,Denver
Park Hill School Garden,PAR-V-59,PAR,vane,59,thrips,Insecta,Thysanoptera,,,,Herbivore,July,15-07-2025,18-07-2025,39.74455504,-104.9288718,1623,Denver
Park Hill School Garden,PAR-V-60,PAR,vane,60,thrips,Insecta,Thysanoptera,,,,Herbivore,July,15-07-2025,18-07-2025,39.74455504,-104.9288718,1623,Denver
Park Hill School Garden,PAR-V-61,PAR,vane,61,thrips,Insecta,Thysanoptera,,,,Herbivore,July,15-07-2025,18-07-2025,39.74455504,-104.9288718,1623,Denver
Park Hill School Garden,PAR-V-62,PAR,vane,62,thrips,Insecta,Thysanoptera,,,,Herbivore,July,15-07-2025,18-07-2025,39.74455504,-104.9288718,1623,Denver
Park Hill School Garden,PAR-V-63,PAR,vane,63,thrips,Insecta,Thysanoptera,,,,Herbivore,July,15-07-2025,18-07-2025,39.74455504,-104.9288718,1623,Denver
Park Hill School Garden,PAR-V-64,PAR,vane,64,thrips,Insecta,Thysanoptera,,,,Herbivore,July,15-07-2025,18-07-2025,39.74455504,-104.9288718,1623,Denver
Park Hill School Garden,PAR-V-65,PAR,vane,65,thrips,Insecta,Thysanoptera,,,,Herbivore,July,15-07-2025,18-07-2025,39.74455504,-104.9288718,1623,Denver
Park Hill School Garden,PAR-V-66,PAR,vane,66,thrips,Insecta,Thysanoptera,,,,Herbivore,July,15-07-2025,18-07-2025,39.74455504,-104.9288718,1623,Denver
Park Hill School Garden,PAR-V-67,PAR,vane,67,thrips,Insecta,Thysanoptera,,,,Herbivore,July,15-07-2025,18-07-2025,39.74455504,-104.9288718,1623,Denver
Park Hill School Garden,PAR-V-68,PAR,vane,68,thrips,Insecta,Thysanoptera,,,,Herbivore,July,15-07-2025,18-07-2025,39.74455504,-104.9288718,1623,Denver
Park Hill School Garden,PAR-V-69,PAR,vane,69,thrips,Insecta,Thysanoptera,,,,Herbivore,July,15-07-2025,18-07-2025,39.74455504,-104.9288718,1623,Denver
Park Hill School Garden,PAR-V-70,PAR,vane,70,thrips,Insecta,Thysanoptera,,,,Herbivore,July,15-07-2025,18-07-2025,39.74455504,-104.9288718,1623,Denver
Park Hill School Garden,PAR-V-71,PAR,vane,71,thrips,Insecta,Thysanoptera,,,,Herbivore,July,15-07-2025,18-07-2025,39.74455504,-104.9288718,1623,Denver
Park Hill School Garden,PAR-V-72,PAR,vane,72,thrips,Insecta,Thysanoptera,,,,Herbivore,July,15-07-2025,18-07-2025,39.74455504,-104.9288718,1623,Denver
Park Hill School Garden,PAR-V-73,PAR,vane,73,thrips,Insecta,Thysanoptera,,,,Herbivore,July,15-07-2025,18-07-2025,39.74455504,-104.9288718,1623,Denver
Park Hill School Garden,PAR-V-74,PAR,vane,74,thrips,Insecta,Thysanoptera,,,,Herbivore,July,15-07-2025,18-07-2025,39.74455504,-104.9288718,1623,Denver
Park Hill School Garden,PAR-V-75,PAR,vane,75,thrips,Insecta,Thysanoptera,,,,Herbivore,July,15-07-2025,18-07-2025,39.74455504,-104.9288718,1623,Denver
Park Hill School Garden,PAR-V-76,PAR,vane,76,thrips,Insecta,Thysanoptera,,,,Herbivore,July,15-07-2025,18-07-2025,39.74455504,-104.9288718,1623,Denver
Park Hill School Garden,PAR-V-77,PAR,vane,77,thrips,Insecta,Thysanoptera,,,,Herbivore,July,15-07-2025,18-07-2025,39.74455504,-104.9288718,1623,Denver
Park Hill School Garden,PAR-V-78,PAR,vane,78,thrips,Insecta,Thysanoptera,,,,Herbivore,July,15-07-2025,18-07-2025,39.74455504,-104.9288718,1623,Denver
Park Hill School Garden,PAR-V-79,PAR,vane,79,thrips,Insecta,Thysanoptera,,,,Herbivore,July,15-07-2025,18-07-2025,39.74455504,-104.9288718,1623,Denver
Park Hill School Garden,PAR-V-80,PAR,vane,80,thrips,Insecta,Thysanoptera,,,,Herbivore,July,15-07-2025,18-07-2025,39.74455504,-104.9288718,1623,Denver
Park Hill School Garden,PAR-V-81,PAR,vane,81,thrips,Insecta,Thysanoptera,,,,Herbivore,July,15-07-2025,18-07-2025,39.74455504,-104.9288718,1623,Denver
Park Hill School Garden,PAR-V-82,PAR,vane,82,thrips,Insecta,Thysanoptera,,,,Herbivore,July,15-07-2025,18-07-2025,39.74455504,-104.9288718,1623,Denver
Park Hill School Garden,PAR-V-83,PAR,vane,83,thrips,Insecta,Thysanoptera,,,,Herbivore,July,15-07-2025,18-07-2025,39.74455504,-104.9288718,1623,Denver
Park Hill School Garden,PAR-V-84,PAR,vane,84,thrips,Insecta,Thysanoptera,,,,Herbivore,July,15-07-2025,18-07-2025,39.74455504,-104.9288718,1623,Denver
Park Hill School Garden,PAR-V-85,PAR,vane,85,thrips,Insecta,Thysanoptera,,,,Herbivore,July,15-07-2025,18-07-2025,39.74455504,-104.9288718,1623,Denver
Park Hill School Garden,PAR-V-86,PAR,vane,86,thrips,Insecta,Thysanoptera,,,,Herbivore,July,15-07-2025,18-07-2025,39.74455504,-104.9288718,1623,Denver
Park Hill School Garden,PAR-V-87,PAR,vane,87,thrips,Insecta,Thysanoptera,,,,Herbivore,July,15-07-2025,18-07-2025,39.74455504,-104.9288718,1623,Denver
Park Hill School Garden,PAR-V-88,PAR,vane,88,thrips,Insecta,Thysanoptera,,,,Herbivore,July,15-07-2025,18-07-2025,39.74455504,-104.9288718,1623,Denver
Park Hill School Garden,PAR-V-89,PAR,vane,89,thrips,Insecta,Thysanoptera,,,,Herbivore,July,15-07-2025,18-07-2025,39.74455504,-104.9288718,1623,Denver
Park Hill School Garden,PAR-V-90,PAR,vane,90,thrips,Insecta,Thysanoptera,,,,Herbivore,July,15-07-2025,18-07-2025,39.74455504,-104.9288718,1623,Denver
Park Hill School Garden,PAR-V-91,PAR,vane,91,thrips,Insecta,Thysanoptera,,,,Herbivore,July,15-07-2025,18-07-2025,39.74455504,-104.9288718,1623,Denver
Park Hill School Garden,PAR-V-92,PAR,vane,92,thrips,Insecta,Thysanoptera,,,,Herbivore,July,15-07-2025,18-07-2025,39.74455504,-104.9288718,1623,Denver
Park Hill School Garden,PAR-V-93,PAR,vane,93,thrips,Insecta,Thysanoptera,,,,Herbivore,July,15-07-2025,18-07-2025,39.74455504,-104.9288718,1623,Denver
Park Hill School Garden,PAR-V-94,PAR,vane,94,thrips,Insecta,Thysanoptera,,,,Herbivore,July,15-07-2025,18-07-2025,39.74455504,-104.9288718,1623,Denver
Park Hill School Garden,PAR-V-95,PAR,vane,95,thrips,Insecta,Thysanoptera,,,,Herbivore,July,15-07-2025,18-07-2025,39.74455504,-104.9288718,1623,Denver
Park Hill School Garden,PAR-V-96,PAR,vane,96,thrips,Insecta,Thysanoptera,,,,Herbivore,July,15-07-2025,18-07-2025,39.74455504,-104.9288718,1623,Denver
Park Hill School Garden,PAR-V-97,PAR,vane,97,thrips,Insecta,Thysanoptera,,,,Herbivore,July,15-07-2025,18-07-2025,39.74455504,-104.9288718,1623,Denver
Park Hill School Garden,PAR-V-98,PAR,vane,98,thrips,Insecta,Thysanoptera,,,,Herbivore,July,15-07-2025,18-07-2025,39.74455504,-104.9288718,1623,Denver
Park Hill School Garden,PAR-V-99,PAR,vane,99,thrips,Insecta,Thysanoptera,,,,Herbivore,July,15-07-2025,18-07-2025,39.74455504,-104.9288718,1623,Denver
Park Hill School Garden,PAR-V-100,PAR,vane,100,thrips,Insecta,Thysanoptera,,,,Herbivore,July,15-07-2025,18-07-2025,39.74455504,-104.9288718,1623,Denver
Park Hill School Garden,PAR-V-101,PAR,vane,101,thrips,Insecta,Thysanoptera,,,,Herbivore,July,15-07-2025,18-07-2025,39.74455504,-104.9288718,1623,Denver
Park Hill School Garden,PAR-V-102,PAR,vane,102,thrips,Insecta,Thysanoptera,,,,Herbivore,July,15-07-2025,18-07-2025,39.74455504,-104.9288718,1623,Denver
Park Hill School Garden,PAR-V-103,PAR,vane,103,thrips,Insecta,Thysanoptera,,,,Herbivore,July,15-07-2025,18-07-2025,39.74455504,-104.9288718,1623,Denver
Park Hill School Garden,PAR-V-104,PAR,vane,104,thrips,Insecta,Thysanoptera,,,,Herbivore,July,15-07-2025,18-07-2025,39.74455504,-104.9288718,1623,Denver
Park Hill School Garden,PAR-V-105,PAR,vane,105,thrips,Insecta,Thysanoptera,,,,Herbivore,July,15-07-2025,18-07-2025,39.74455504,-104.9288718,1623,Denver
Park Hill School Garden,PAR-V-106,PAR,vane,106,thrips,Insecta,Thysanoptera,,,,Herbivore,July,15-07-2025,18-07-2025,39.74455504,-104.9288718,1623,Denver
Park Hill School Garden,PAR-V-107,PAR,vane,107,thrips,Insecta,Thysanoptera,,,,Herbivore,July,15-07-2025,18-07-2025,39.74455504,-104.9288718,1623,Denver
Park Hill School Garden,PAR-V-108,PAR,vane,108,thrips,Insecta,Thysanoptera,,,,Herbivore,July,15-07-2025,18-07-2025,39.74455504,-104.9288718,1623,Denver
Park Hill School Garden,PAR-V-109,PAR,vane,109,thrips,Insecta,Thysanoptera,,,,Herbivore,July,15-07-2025,18-07-2025,39.74455504,-104.9288718,1623,Denver
Park Hill School Garden,PAR-V-110,PAR,vane,110,thrips,Insecta,Thysanoptera,,,,Herbivore,July,15-07-2025,18-07-2025,39.74455504,-104.9288718,1623,Denver
Park Hill School Garden,PAR-V-111,PAR,vane,111,thrips,Insecta,Thysanoptera,,,,Herbivore,July,15-07-2025,18-07-2025,39.74455504,-104.9288718,1623,Denver
Park Hill School Garden,PAR-V-112,PAR,vane,112,thrips,Insecta,Thysanoptera,,,,Herbivore,July,15-07-2025,18-07-2025,39.74455504,-104.9288718,1623,Denver
Park Hill School Garden,PAR-V-113,PAR,vane,113,thrips,Insecta,Thysanoptera,,,,Herbivore,July,15-07-2025,18-07-2025,39.74455504,-104.9288718,1623,Denver
Park Hill School Garden,PAR-V-114,PAR,vane,114,thrips,Insecta,Thysanoptera,,,,Herbivore,July,15-07-2025,18-07-2025,39.74455504,-104.9288718,1623,Denver
Park Hill School Garden,PAR-V-115,PAR,vane,115,thrips,Insecta,Thysanoptera,,,,Herbivore,July,15-07-2025,18-07-2025,39.74455504,-104.9288718,1623,Denver
Park Hill School Garden,PAR-V-116,PAR,vane,116,thrips,Insecta,Thysanoptera,,,,Herbivore,July,15-07-2025,18-07-2025,39.74455504,-104.9288718,1623,Denver
Park Hill School Garden,PAR-V-117,PAR,vane,117,thrips,Insecta,Thysanoptera,,,,Herbivore,July,15-07-2025,18-07-2025,39.74455504,-104.9288718,1623,Denver
Park Hill School Garden,PAR-V-118,PAR,vane,118,thrips,Insecta,Thysanoptera,,,,Herbivore,July,15-07-2025,18-07-2025,39.74455504,-104.9288718,1623,Denver
Park Hill School Garden,PAR-V-119,PAR,vane,119,thrips,Insecta,Thysanoptera,,,,Herbivore,July,15-07-2025,18-07-2025,39.74455504,-104.9288718,1623,Denver
Park Hill School Garden,PAR-V-120,PAR,vane,120,thrips,Insecta,Thysanoptera,,,,Herbivore,July,15-07-2025,18-07-2025,39.74455504,-104.9288718,1623,Denver
Park Hill School Garden,PAR-V-121,PAR,vane,121,thrips,Insecta,Thysanoptera,,,,Herbivore,July,15-07-2025,18-07-2025,39.74455504,-104.9288718,1623,Denver
Park Hill School Garden,PAR-V-122,PAR,vane,122,thrips,Insecta,Thysanoptera,,,,Herbivore,July,15-07-2025,18-07-2025,39.74455504,-104.9288718,1623,Denver
Park Hill School Garden,PAR-V-123,PAR,vane,123,thrips,Insecta,Thysanoptera,,,,Herbivore,July,15-07-2025,18-07-2025,39.74455504,-104.9288718,1623,Denver
Park Hill School Garden,PAR-V-124,PAR,vane,124,thrips,Insecta,Thysanoptera,,,,Herbivore,July,15-07-2025,18-07-2025,39.74455504,-104.9288718,1623,Denver
Park Hill School Garden,PAR-V-125,PAR,vane,125,thrips,Insecta,Thysanoptera,,,,Herbivore,July,15-07-2025,18-07-2025,39.74455504,-104.9288718,1623,Denver
Park Hill School Garden,PAR-V-126,PAR,vane,126,thrips,Insecta,Thysanoptera,,,,Herbivore,July,15-07-2025,18-07-2025,39.74455504,-104.9288718,1623,Denver
Park Hill School Garden,PAR-V-127,PAR,vane,127,thrips,Insecta,Thysanoptera,,,,Herbivore,July,15-07-2025,18-07-2025,39.74455504,-104.9288718,1623,Denver
Park Hill School Garden,PAR-V-128,PAR,vane,128,thrips,Insecta,Thysanoptera,,,,Herbivore,July,15-07-2025,18-07-2025,39.74455504,-104.9288718,1623,Denver
Park Hill School Garden,PAR-V-129,PAR,vane,129,thrips,Insecta,Thysanoptera,,,,Herbivore,July,15-07-2025,18-07-2025,39.74455504,-104.9288718,1623,Denver
Park Hill School Garden,PAR-V-130,PAR,vane,130,thrips,Insecta,Thysanoptera,,,,Herbivore,July,15-07-2025,18-07-2025,39.74455504,-104.9288718,1623,Denver
Park Hill School Garden,PAR-V-131,PAR,vane,131,thrips,Insecta,Thysanoptera,,,,Herbivore,July,15-07-2025,18-07-2025,39.74455504,-104.9288718,1623,Denver
Park Hill School Garden,PAR-V-132,PAR,vane,132,thrips,Insecta,Thysanoptera,,,,Herbivore,July,15-07-2025,18-07-2025,39.74455504,-104.9288718,1623,Denver
Park Hill School Garden,PAR-V-133,PAR,vane,133,thrips,Insecta,Thysanoptera,,,,Herbivore,July,15-07-2025,18-07-2025,39.74455504,-104.9288718,1623,Denver
Park Hill School Garden,PAR-V-134,PAR,vane,134,thrips,Insecta,Thysanoptera,,,,Herbivore,July,15-07-2025,18-07-2025,39.74455504,-104.9288718,1623,Denver
Park Hill School Garden,PAR-V-135,PAR,vane,135,thrips,Insecta,Thysanoptera,,,,Herbivore,July,15-07-2025,18-07-2025,39.74455504,-104.9288718,1623,Denver
Park Hill School Garden,PAR-V-136,PAR,vane,136,thrips,Insecta,Thysanoptera,,,,Herbivore,July,15-07-2025,18-07-2025,39.74455504,-104.9288718,1623,Denver
Park Hill School Garden,PAR-V-137,PAR,vane,137,thrips,Insecta,Thysanoptera,,,,Herbivore,July,15-07-2025,18-07-2025,39.74455504,-104.9288718,1623,Denver
Park Hill School Garden,PAR-V-138,PAR,vane,138,thrips,Insecta,Thysanoptera,,,,Herbivore,July,15-07-2025,18-07-2025,39.74455504,-104.9288718,1623,Denver
Park Hill School Garden,PAR-V-139,PAR,vane,139,thrips,Insecta,Thysanoptera,,,,Herbivore,July,15-07-2025,18-07-2025,39.74455504,-104.9288718,1623,Denver
Park Hill School Garden,PAR-V-140,PAR,vane,140,thrips,Insecta,Thysanoptera,,,,Herbivore,July,15-07-2025,18-07-2025,39.74455504,-104.9288718,1623,Denver
Park Hill School Garden,PAR-V-141,PAR,vane,141,thrips,Insecta,Thysanoptera,,,,Herbivore,July,15-07-2025,18-07-2025,39.74455504,-104.9288718,1623,Denver
Park Hill School Garden,PAR-V-142,PAR,vane,142,thrips,Insecta,Thysanoptera,,,,Herbivore,July,15-07-2025,18-07-2025,39.74455504,-104.9288718,1623,Denver
Park Hill School Garden,PAR-V-143,PAR,vane,143,thrips,Insecta,Thysanoptera,,,,Herbivore,July,15-07-2025,18-07-2025,39.74455504,-104.9288718,1623,Denver
Park Hill School Garden,PAR-V-144,PAR,vane,144,thrips,Insecta,Thysanoptera,,,,Herbivore,July,15-07-2025,18-07-2025,39.74455504,-104.9288718,1623,Denver
Park Hill School Garden,PAR-V-145,PAR,vane,145,thrips,Insecta,Thysanoptera,,,,Herbivore,July,15-07-2025,18-07-2025,39.74455504,-104.9288718,1623,Denver
Park Hill School Garden,PAR-V-146,PAR,vane,146,thrips,Insecta,Thysanoptera,,,,Herbivore,July,15-07-2025,18-07-2025,39.74455504,-104.9288718,1623,Denver
Park Hill School Garden,PAR-V-147,PAR,vane,147,thrips,Insecta,Thysanoptera,,,,Herbivore,July,15-07-2025,18-07-2025,39.74455504,-104.9288718,1623,Denver
Park Hill School Garden,PAR-V-148,PAR,vane,148,thrips,Insecta,Thysanoptera,,,,Herbivore,July,15-07-2025,18-07-2025,39.74455504,-104.9288718,1623,Denver
Park Hill School Garden,PAR-V-149,PAR,vane,149,thrips,Insecta,Thysanoptera,,,,Herbivore,July,15-07-2025,18-07-2025,39.74455504,-104.9288718,1623,Denver
Park Hill School Garden,PAR-V-150,PAR,vane,150,thrips,Insecta,Thysanoptera,,,,Herbivore,July,15-07-2025,18-07-2025,39.74455504,-104.9288718,1623,Denver
Park Hill School Garden,PAR-V-151,PAR,vane,151,thrips,Insecta,Thysanoptera,,,,Herbivore,July,15-07-2025,18-07-2025,39.74455504,-104.9288718,1623,Denver
Park Hill School Garden,PAR-V-152,PAR,vane,152,thrips,Insecta,Thysanoptera,,,,Herbivore,July,15-07-2025,18-07-2025,39.74455504,-104.9288718,1623,Denver
Park Hill School Garden,PAR-V-153,PAR,vane,153,thrips,Insecta,Thysanoptera,,,,Herbivore,July,15-07-2025,18-07-2025,39.74455504,-104.9288718,1623,Denver
Park Hill School Garden,PAR-V-154,PAR,vane,154,thrips,Insecta,Thysanoptera,,,,Herbivore,July,15-07-2025,18-07-2025,39.74455504,-104.9288718,1623,Denver
Park Hill School Garden,PAR-V-155,PAR,vane,155,thrips,Insecta,Thysanoptera,,,,Herbivore,July,15-07-2025,18-07-2025,39.74455504,-104.9288718,1623,Denver
Park Hill School Garden,PAR-V-156,PAR,vane,156,thrips,Insecta,Thysanoptera,,,,Herbivore,July,15-07-2025,18-07-2025,39.74455504,-104.9288718,1623,Denver
Park Hill School Garden,PAR-V-157,PAR,vane,157,thrips,Insecta,Thysanoptera,,,,Herbivore,July,15-07-2025,18-07-2025,39.74455504,-104.9288718,1623,Denver
Park Hill School Garden,PAR-V-158,PAR,vane,158,thrips,Insecta,Thysanoptera,,,,Herbivore,July,15-07-2025,18-07-2025,39.74455504,-104.9288718,1623,Denver
Park Hill School Garden,PAR-V-159,PAR,vane,159,thrips,Insecta,Thysanoptera,,,,Herbivore,July,15-07-2025,18-07-2025,39.74455504,-104.9288718,1623,Denver
Park Hill School Garden,PAR-V-160,PAR,vane,160,thrips,Insecta,Thysanoptera,,,,Herbivore,July,15-07-2025,18-07-2025,39.74455504,-104.9288718,1623,Denver
Park Hill School Garden,PAR-V-161,PAR,vane,161,thrips,Insecta,Thysanoptera,,,,Herbivore,July,15-07-2025,18-07-2025,39.74455504,-104.9288718,1623,Denver
Park Hill School Garden,PAR-V-162,PAR,vane,162,thrips,Insecta,Thysanoptera,,,,Herbivore,July,15-07-2025,18-07-2025,39.74455504,-104.9288718,1623,Denver
Park Hill School Garden,PAR-V-163,PAR,vane,163,thrips,Insecta,Thysanoptera,,,,Herbivore,July,15-07-2025,18-07-2025,39.74455504,-104.9288718,1623,Denver
Park Hill School Garden,PAR-V-164,PAR,vane,164,thrips,Insecta,Thysanoptera,,,,Herbivore,July,15-07-2025,18-07-2025,39.74455504,-104.9288718,1623,Denver
Park Hill School Garden,PAR-V-165,PAR,vane,165,thrips,Insecta,Thysanoptera,,,,Herbivore,July,15-07-2025,18-07-2025,39.74455504,-104.9288718,1623,Denver
Park Hill School Garden,PAR-V-166,PAR,vane,166,thrips,Insecta,Thysanoptera,,,,Herbivore,July,15-07-2025,18-07-2025,39.74455504,-104.9288718,1623,Denver
Park Hill School Garden,PAR-V-167,PAR,vane,167,thrips,Insecta,Thysanoptera,,,,Herbivore,July,15-07-2025,18-07-2025,39.74455504,-104.9288718,1623,Denver
Park Hill School Garden,PAR-V-168,PAR,vane,168,thrips,Insecta,Thysanoptera,,,,Herbivore,July,15-07-2025,18-07-2025,39.74455504,-104.9288718,1623,Denver
Park Hill School Garden,PAR-V-169,PAR,vane,169,thrips,Insecta,Thysanoptera,,,,Herbivore,July,15-07-2025,18-07-2025,39.74455504,-104.9288718,1623,Denver
Park Hill School Garden,PAR-V-170,PAR,vane,170,thrips,Insecta,Thysanoptera,,,,Herbivore,July,15-07-2025,18-07-2025,39.74455504,-104.9288718,1623,Denver
Park Hill School Garden,PAR-V-171,PAR,vane,171,thrips,Insecta,Thysanoptera,,,,Herbivore,July,15-07-2025,18-07-2025,39.74455504,-104.9288718,1623,Denver
Park Hill School Garden,PAR-V-172,PAR,vane,172,thrips,Insecta,Thysanoptera,,,,Herbivore,July,15-07-2025,18-07-2025,39.74455504,-104.9288718,1623,Denver
Park Hill School Garden,PAR-V-173,PAR,vane,173,thrips,Insecta,Thysanoptera,,,,Herbivore,July,15-07-2025,18-07-2025,39.74455504,-104.9288718,1623,Denver
Park Hill School Garden,PAR-V-174,PAR,vane,174,thrips,Insecta,Thysanoptera,,,,Herbivore,July,15-07-2025,18-07-2025,39.74455504,-104.9288718,1623,Denver
Park Hill School Garden,PAR-V-175,PAR,vane,175,thrips,Insecta,Thysanoptera,,,,Herbivore,July,15-07-2025,18-07-2025,39.74455504,-104.9288718,1623,Denver
Park Hill School Garden,PAR-V-176,PAR,vane,176,thrips,Insecta,Thysanoptera,,,,Herbivore,July,15-07-2025,18-07-2025,39.74455504,-104.9288718,1623,Denver
Park Hill School Garden,PAR-V-177,PAR,vane,177,thrips,Insecta,Thysanoptera,,,,Herbivore,July,15-07-2025,18-07-2025,39.74455504,-104.9288718,1623,Denver
Park Hill School Garden,PAR-V-178,PAR,vane,178,thrips,Insecta,Thysanoptera,,,,Herbivore,July,15-07-2025,18-07-2025,39.74455504,-104.9288718,1623,Denver
Park Hill School Garden,PAR-V-179,PAR,vane,179,thrips,Insecta,Thysanoptera,,,,Herbivore,July,15-07-2025,18-07-2025,39.74455504,-104.9288718,1623,Denver
Park Hill School Garden,PAR-V-180,PAR,vane,180,thrips,Insecta,Thysanoptera,,,,Herbivore,July,15-07-2025,18-07-2025,39.74455504,-104.9288718,1623,Denver
Park Hill School Garden,PAR-V-181,PAR,vane,181,thrips,Insecta,Thysanoptera,,,,Herbivore,July,15-07-2025,18-07-2025,39.74455504,-104.9288718,1623,Denver
Park Hill School Garden,PAR-V-182,PAR,vane,182,thrips,Insecta,Thysanoptera,,,,Herbivore,July,15-07-2025,18-07-2025,39.74455504,-104.9288718,1623,Denver
Park Hill School Garden,PAR-V-183,PAR,vane,183,thrips,Insecta,Thysanoptera,,,,Herbivore,July,15-07-2025,18-07-2025,39.74455504,-104.9288718,1623,Denver
Park Hill School Garden,PAR-V-184,PAR,vane,184,thrips,Insecta,Thysanoptera,,,,Herbivore,July,15-07-2025,18-07-2025,39.74455504,-104.9288718,1623,Denver
Park Hill School Garden,PAR-V-185,PAR,vane,185,thrips,Insecta,Thysanoptera,,,,Herbivore,July,15-07-2025,18-07-2025,39.74455504,-104.9288718,1623,Denver
Park Hill School Garden,PAR-V-186,PAR,vane,186,thrips,Insecta,Thysanoptera,,,,Herbivore,July,15-07-2025,18-07-2025,39.74455504,-104.9288718,1623,Denver
Park Hill School Garden,PAR-V-187,PAR,vane,187,thrips,Insecta,Thysanoptera,,,,Herbivore,July,15-07-2025,18-07-2025,39.74455504,-104.9288718,1623,Denver
Park Hill School Garden,PAR-V-188,PAR,vane,188,thrips,Insecta,Thysanoptera,,,,Herbivore,July,15-07-2025,18-07-2025,39.74455504,-104.9288718,1623,Denver
Park Hill School Garden,PAR-V-189,PAR,vane,189,thrips,Insecta,Thysanoptera,,,,Herbivore,July,15-07-2025,18-07-2025,39.74455504,-104.9288718,1623,Denver
Park Hill School Garden,PAR-V-190,PAR,vane,190,thrips,Insecta,Thysanoptera,,,,Herbivore,July,15-07-2025,18-07-2025,39.74455504,-104.9288718,1623,Denver
Park Hill School Garden,PAR-V-191,PAR,vane,191,thrips,Insecta,Thysanoptera,,,,Herbivore,July,15-07-2025,18-07-2025,39.74455504,-104.9288718,1623,Denver
Park Hill School Garden,PAR-V-192,PAR,vane,192,thrips,Insecta,Thysanoptera,,,,Herbivore,July,15-07-2025,18-07-2025,39.74455504,-104.9288718,1623,Denver
Park Hill School Garden,PAR-V-193,PAR,vane,193,thrips,Insecta,Thysanoptera,,,,Herbivore,July,15-07-2025,18-07-2025,39.74455504,-104.9288718,1623,Denver
Park Hill School Garden,PAR-V-194,PAR,vane,194,thrips,Insecta,Thysanoptera,,,,Herbivore,July,15-07-2025,18-07-2025,39.74455504,-104.9288718,1623,Denver
Park Hill School Garden,PAR-V-195,PAR,vane,195,thrips,Insecta,Thysanoptera,,,,Herbivore,July,15-07-2025,18-07-2025,39.74455504,-104.9288718,1623,Denver
Park Hill School Garden,PAR-V-196,PAR,vane,196,thrips,Insecta,Thysanoptera,,,,Herbivore,July,15-07-2025,18-07-2025,39.74455504,-104.9288718,1623,Denver
Park Hill School Garden,PAR-V-197,PAR,vane,197,thrips,Insecta,Thysanoptera,,,,Herbivore,July,15-07-2025,18-07-2025,39.74455504,-104.9288718,1623,Denver
Park Hill School Garden,PAR-V-198,PAR,vane,198,thrips,Insecta,Thysanoptera,,,,Herbivore,July,15-07-2025,18-07-2025,39.74455504,-104.9288718,1623,Denver
Park Hill School Garden,PAR-V-199,PAR,vane,199,thrips,Insecta,Thysanoptera,,,,Herbivore,July,15-07-2025,18-07-2025,39.74455504,-104.9288718,1623,Denver
Park Hill School Garden,PAR-V-200,PAR,vane,200,thrips,Insecta,Thysanoptera,,,,Herbivore,July,15-07-2025,18-07-2025,39.74455504,-104.9288718,1623,Denver
Park Hill School Garden,PAR-V-201,PAR,vane,201,thrips,Insecta,Thysanoptera,,,,Herbivore,July,15-07-2025,18-07-2025,39.74455504,-104.9288718,1623,Denver
Park Hill School Garden,PAR-V-202,PAR,vane,202,thrips,Insecta,Thysanoptera,,,,Herbivore,July,15-07-2025,18-07-2025,39.74455504,-104.9288718,1623,Denver
Park Hill School Garden,PAR-V-203,PAR,vane,203,thrips,Insecta,Thysanoptera,,,,Herbivore,July,15-07-2025,18-07-2025,39.74455504,-104.9288718,1623,Denver
Park Hill School Garden,PAR-V-204,PAR,vane,204,thrips,Insecta,Thysanoptera,,,,Herbivore,July,15-07-2025,18-07-2025,39.74455504,-104.9288718,1623,Denver
Park Hill School Garden,PAR-V-205,PAR,vane,205,thrips,Insecta,Thysanoptera,,,,Herbivore,July,15-07-2025,18-07-2025,39.74455504,-104.9288718,1623,Denver
Park Hill School Garden,PAR-V-206,PAR,vane,206,thrips,Insecta,Thysanoptera,,,,Herbivore,July,15-07-2025,18-07-2025,39.74455504,-104.9288718,1623,Denver
Park Hill School Garden,PAR-V-207,PAR,vane,207,thrips,Insecta,Thysanoptera,,,,Herbivore,July,15-07-2025,18-07-2025,39.74455504,-104.9288718,1623,Denver
Park Hill School Garden,PAR-V-208,PAR,vane,208,thrips,Insecta,Thysanoptera,,,,Herbivore,July,15-07-2025,18-07-2025,39.74455504,-104.9288718,1623,Denver
Park Hill School Garden,PAR-V-209,PAR,vane,209,thrips,Insecta,Thysanoptera,,,,Herbivore,July,15-07-2025,18-07-2025,39.74455504,-104.9288718,1623,Denver
Park Hill School Garden,PAR-V-210,PAR,vane,210,thrips,Insecta,Thysanoptera,,,,Herbivore,July,15-07-2025,18-07-2025,39.74455504,-104.9288718,1623,Denver
Park Hill School Garden,PAR-V-211,PAR,vane,211,thrips,Insecta,Thysanoptera,,,,Herbivore,July,15-07-2025,18-07-2025,39.74455504,-104.9288718,1623,Denver
Park Hill School Garden,PAR-V-212,PAR,vane,212,thrips,Insecta,Thysanoptera,,,,Herbivore,July,15-07-2025,18-07-2025,39.74455504,-104.9288718,1623,Denver
Park Hill School Garden,PAR-V-213,PAR,vane,213,thrips,Insecta,Thysanoptera,,,,Herbivore,July,15-07-2025,18-07-2025,39.74455504,-104.9288718,1623,Denver
Park Hill School Garden,PAR-V-214,PAR,vane,214,thrips,Insecta,Thysanoptera,,,,Herbivore,July,15-07-2025,18-07-2025,39.74455504,-104.9288718,1623,Denver
Park Hill School Garden,PAR-V-215,PAR,vane,215,thrips,Insecta,Thysanoptera,,,,Herbivore,July,15-07-2025,18-07-2025,39.74455504,-104.9288718,1623,Denver
Park Hill School Garden,PAR-V-216,PAR,vane,216,thrips,Insecta,Thysanoptera,,,,Herbivore,July,15-07-2025,18-07-2025,39.74455504,-104.9288718,1623,Denver
Park Hill School Garden,PAR-V-217,PAR,vane,217,thrips,Insecta,Thysanoptera,,,,Herbivore,July,15-07-2025,18-07-2025,39.74455504,-104.9288718,1623,Denver
Park Hill School Garden,PAR-V-218,PAR,vane,218,thrips,Insecta,Thysanoptera,,,,Herbivore,July,15-07-2025,18-07-2025,39.74455504,-104.9288718,1623,Denver
Park Hill School Garden,PAR-V-219,PAR,vane,219,thrips,Insecta,Thysanoptera,,,,Herbivore,July,15-07-2025,18-07-2025,39.74455504,-104.9288718,1623,Denver
Park Hill School Garden,PAR-V-220,PAR,vane,220,thrips,Insecta,Thysanoptera,,,,Herbivore,July,15-07-2025,18-07-2025,39.74455504,-104.9288718,1623,Denver
Park Hill School Garden,PAR-V-221,PAR,vane,221,thrips,Insecta,Thysanoptera,,,,Herbivore,July,15-07-2025,18-07-2025,39.74455504,-104.9288718,1623,Denver
Park Hill School Garden,PAR-V-222,PAR,vane,222,thrips,Insecta,Thysanoptera,,,,Herbivore,July,15-07-2025,18-07-2025,39.74455504,-104.9288718,1623,Denver
Park Hill School Garden,PAR-V-223,PAR,vane,223,thrips,Insecta,Thysanoptera,,,,Herbivore,July,15-07-2025,18-07-2025,39.74455504,-104.9288718,1623,Denver
Park Hill School Garden,PAR-V-224,PAR,vane,224,thrips,Insecta,Thysanoptera,,,,Herbivore,July,15-07-2025,18-07-2025,39.74455504,-104.9288718,1623,Denver
Park Hill School Garden,PAR-V-225,PAR,vane,225,thrips,Insecta,Thysanoptera,,,,Herbivore,July,15-07-2025,18-07-2025,39.74455504,-104.9288718,1623,Denver
Park Hill School Garden,PAR-V-226,PAR,vane,226,thrips,Insecta,Thysanoptera,,,,Herbivore,July,15-07-2025,18-07-2025,39.74455504,-104.9288718,1623,Denver
Park Hill School Garden,PAR-V-227,PAR,vane,227,thrips,Insecta,Thysanoptera,,,,Herbivore,July,15-07-2025,18-07-2025,39.74455504,-104.9288718,1623,Denver
Park Hill School Garden,PAR-V-228,PAR,vane,228,thrips,Insecta,Thysanoptera,,,,Herbivore,July,15-07-2025,18-07-2025,39.74455504,-104.9288718,1623,Denver
Park Hill School Garden,PAR-V-229,PAR,vane,229,thrips,Insecta,Thysanoptera,,,,Herbivore,July,15-07-2025,18-07-2025,39.74455504,-104.9288718,1623,Denver
Park Hill School Garden,PAR-V-230,PAR,vane,230,thrips,Insecta,Thysanoptera,,,,Herbivore,July,15-07-2025,18-07-2025,39.74455504,-104.9288718,1623,Denver
Park Hill School Garden,PAR-V-231,PAR,vane,231,thrips,Insecta,Thysanoptera,,,,Herbivore,July,15-07-2025,18-07-2025,39.74455504,-104.9288718,1623,Denver
Park Hill School Garden,PAR-V-232,PAR,vane,232,thrips,Insecta,Thysanoptera,,,,Herbivore,July,15-07-2025,18-07-2025,39.74455504,-104.9288718,1623,Denver
Park Hill School Garden,PAR-V-233,PAR,vane,233,thrips,Insecta,Thysanoptera,,,,Herbivore,July,15-07-2025,18-07-2025,39.74455504,-104.9288718,1623,Denver
Park Hill School Garden,PAR-V-234,PAR,vane,234,thrips,Insecta,Thysanoptera,,,,Herbivore,July,15-07-2025,18-07-2025,39.74455504,-104.9288718,1623,Denver
Park Hill School Garden,PAR-V-235,PAR,vane,235,thrips,Insecta,Thysanoptera,,,,Herbivore,July,15-07-2025,18-07-2025,39.74455504,-104.9288718,1623,Denver
Park Hill School Garden,PAR-V-236,PAR,vane,236,thrips,Insecta,Thysanoptera,,,,Herbivore,July,15-07-2025,18-07-2025,39.74455504,-104.9288718,1623,Denver
Park Hill School Garden,PAR-V-237,PAR,vane,237,thrips,Insecta,Thysanoptera,,,,Herbivore,July,15-07-2025,18-07-2025,39.74455504,-104.9288718,1623,Denver
Park Hill School Garden,PAR-V-238,PAR,vane,238,thrips,Insecta,Thysanoptera,,,,Herbivore,July,15-07-2025,18-07-2025,39.74455504,-104.9288718,1623,Denver
Park Hill School Garden,PAR-V-239,PAR,vane,239,thrips,Insecta,Thysanoptera,,,,Herbivore,July,15-07-2025,18-07-2025,39.74455504,-104.9288718,1623,Denver
Park Hill School Garden,PAR-V-240,PAR,vane,240,thrips,Insecta,Thysanoptera,,,,Herbivore,July,15-07-2025,18-07-2025,39.74455504,-104.9288718,1623,Denver
Park Hill School Garden,PAR-V-241,PAR,vane,241,thrips,Insecta,Thysanoptera,,,,Herbivore,July,15-07-2025,18-07-2025,39.74455504,-104.9288718,1623,Denver
Park Hill School Garden,PAR-V-242,PAR,vane,242,thrips,Insecta,Thysanoptera,,,,Herbivore,July,15-07-2025,18-07-2025,39.74455504,-104.9288718,1623,Denver
Park Hill School Garden,PAR-V-243,PAR,vane,243,thrips,Insecta,Thysanoptera,,,,Herbivore,July,15-07-2025,18-07-2025,39.74455504,-104.9288718,1623,Denver
Park Hill School Garden,PAR-V-244,PAR,vane,244,thrips,Insecta,Thysanoptera,,,,Herbivore,July,15-07-2025,18-07-2025,39.74455504,-104.9288718,1623,Denver
Park Hill School Garden,PAR-V-245,PAR,vane,245,thrips,Insecta,Thysanoptera,,,,Herbivore,July,15-07-2025,18-07-2025,39.74455504,-104.9288718,1623,Denver
Park Hill School Garden,PAR-V-246,PAR,vane,246,thrips,Insecta,Thysanoptera,,,,Herbivore,July,15-07-2025,18-07-2025,39.74455504,-104.9288718,1623,Denver
Park Hill School Garden,PAR-V-247,PAR,vane,247,thrips,Insecta,Thysanoptera,,,,Herbivore,July,15-07-2025,18-07-2025,39.74455504,-104.9288718,1623,Denver
Park Hill School Garden,PAR-V-248,PAR,vane,248,thrips,Insecta,Thysanoptera,,,,Herbivore,July,15-07-2025,18-07-2025,39.74455504,-104.9288718,1623,Denver
Park Hill School Garden,PAR-V-249,PAR,vane,249,thrips,Insecta,Thysanoptera,,,,Herbivore,July,15-07-2025,18-07-2025,39.74455504,-104.9288718,1623,Denver
Park Hill School Garden,PAR-V-250,PAR,vane,250,thrips,Insecta,Thysanoptera,,,,Herbivore,July,15-07-2025,18-07-2025,39.74455504,-104.9288718,1623,Denver
Park Hill School Garden,PAR-V-251,PAR,vane,251,thrips,Insecta,Thysanoptera,,,,Herbivore,July,15-07-2025,18-07-2025,39.74455504,-104.9288718,1623,Denver
Park Hill School Garden,PAR-V-252,PAR,vane,252,thrips,Insecta,Thysanoptera,,,,Herbivore,July,15-07-2025,18-07-2025,39.74455504,-104.9288718,1623,Denver
Park Hill School Garden,PAR-V-253,PAR,vane,253,thrips,Insecta,Thysanoptera,,,,Herbivore,July,15-07-2025,18-07-2025,39.74455504,-104.9288718,1623,Denver
Park Hill School Garden,PAR-V-254,PAR,vane,254,thrips,Insecta,Thysanoptera,,,,Herbivore,July,15-07-2025,18-07-2025,39.74455504,-104.9288718,1623,Denver
Park Hill School Garden,PAR-V-255,PAR,vane,255,thrips,Insecta,Thysanoptera,,,,Herbivore,July,15-07-2025,18-07-2025,39.74455504,-104.9288718,1623,Denver
Park Hill School Garden,PAR-V-256,PAR,vane,256,thrips,Insecta,Thysanoptera,,,,Herbivore,July,15-07-2025,18-07-2025,39.74455504,-104.9288718,1623,Denver
Park Hill School Garden,PAR-V-257,PAR,vane,257,thrips,Insecta,Thysanoptera,,,,Herbivore,July,15-07-2025,18-07-2025,39.74455504,-104.9288718,1623,Denver
Park Hill School Garden,PAR-V-258,PAR,vane,258,thrips,Insecta,Thysanoptera,,,,Herbivore,July,15-07-2025,18-07-2025,39.74455504,-104.9288718,1623,Denver
Park Hill School Garden,PAR-V-259,PAR,vane,259,thrips,Insecta,Thysanoptera,,,,Herbivore,July,15-07-2025,18-07-2025,39.74455504,-104.9288718,1623,Denver
Park Hill School Garden,PAR-V-260,PAR,vane,260,thrips,Insecta,Thysanoptera,,,,Herbivore,July,15-07-2025,18-07-2025,39.74455504,-104.9288718,1623,Denver
Park Hill School Garden,PAR-V-261,PAR,vane,261,thrips,Insecta,Thysanoptera,,,,Herbivore,July,15-07-2025,18-07-2025,39.74455504,-104.9288718,1623,Denver
Park Hill School Garden,PAR-V-262,PAR,vane,262,thrips,Insecta,Thysanoptera,,,,Herbivore,July,15-07-2025,18-07-2025,39.74455504,-104.9288718,1623,Denver
Park Hill School Garden,PAR-V-263,PAR,vane,263,thrips,Insecta,Thysanoptera,,,,Herbivore,July,15-07-2025,18-07-2025,39.74455504,-104.9288718,1623,Denver
Park Hill School Garden,PAR-V-264,PAR,vane,264,thrips,Insecta,Thysanoptera,,,,Herbivore,July,15-07-2025,18-07-2025,39.74455504,-104.9288718,1623,Denver
Park Hill School Garden,PAR-V-265,PAR,vane,265,thrips,Insecta,Thysanoptera,,,,Herbivore,July,15-07-2025,18-07-2025,39.74455504,-104.9288718,1623,Denver
Park Hill School Garden,PAR-V-266,PAR,vane,266,thrips,Insecta,Thysanoptera,,,,Herbivore,July,15-07-2025,18-07-2025,39.74455504,-104.9288718,1623,Denver
Park Hill School Garden,PAR-V-267,PAR,vane,267,thrips,Insecta,Thysanoptera,,,,Herbivore,July,15-07-2025,18-07-2025,39.74455504,-104.9288718,1623,Denver
Park Hill School Garden,PAR-V-268,PAR,vane,268,thrips,Insecta,Thysanoptera,,,,Herbivore,July,15-07-2025,18-07-2025,39.74455504,-104.9288718,1623,Denver
Park Hill School Garden,PAR-V-269,PAR,vane,269,thrips,Insecta,Thysanoptera,,,,Herbivore,July,15-07-2025,18-07-2025,39.74455504,-104.9288718,1623,Denver
Park Hill School Garden,PAR-V-270,PAR,vane,270,thrips,Insecta,Thysanoptera,,,,Herbivore,July,15-07-2025,18-07-2025,39.74455504,-104.9288718,1623,Denver
Park Hill School Garden,PAR-V-271,PAR,vane,271,thrips,Insecta,Thysanoptera,,,,Herbivore,July,15-07-2025,18-07-2025,39.74455504,-104.9288718,1623,Denver
Park Hill School Garden,PAR-V-272,PAR,vane,272,thrips,Insecta,Thysanoptera,,,,Herbivore,July,15-07-2025,18-07-2025,39.74455504,-104.9288718,1623,Denver
Park Hill School Garden,PAR-V-273,PAR,vane,273,thrips,Insecta,Thysanoptera,,,,Herbivore,July,15-07-2025,18-07-2025,39.74455504,-104.9288718,1623,Denver
Park Hill School Garden,PAR-V-274,PAR,vane,274,thrips,Insecta,Thysanoptera,,,,Herbivore,July,15-07-2025,18-07-2025,39.74455504,-104.9288718,1623,Denver
Park Hill School Garden,PAR-V-275,PAR,vane,275,thrips,Insecta,Thysanoptera,,,,Herbivore,July,15-07-2025,18-07-2025,39.74455504,-104.9288718,1623,Denver
Park Hill School Garden,PAR-V-276,PAR,vane,276,thrips,Insecta,Thysanoptera,,,,Herbivore,July,15-07-2025,18-07-2025,39.74455504,-104.9288718,1623,Denver
Park Hill School Garden,PAR-V-277,PAR,vane,277,thrips,Insecta,Thysanoptera,,,,Herbivore,July,15-07-2025,18-07-2025,39.74455504,-104.9288718,1623,Denver
Park Hill School Garden,PAR-V-278,PAR,vane,278,thrips,Insecta,Thysanoptera,,,,Herbivore,July,15-07-2025,18-07-2025,39.74455504,-104.9288718,1623,Denver
Park Hill School Garden,PAR-V-279,PAR,vane,279,thrips,Insecta,Thysanoptera,,,,Herbivore,July,15-07-2025,18-07-2025,39.74455504,-104.9288718,1623,Denver
Park Hill School Garden,PAR-V-280,PAR,vane,280,thrips,Insecta,Thysanoptera,,,,Herbivore,July,15-07-2025,18-07-2025,39.74455504,-104.9288718,1623,Denver
Park Hill School Garden,PAR-V-281,PAR,vane,281,thrips,Insecta,Thysanoptera,,,,Herbivore,July,15-07-2025,18-07-2025,39.74455504,-104.9288718,1623,Denver
Park Hill School Garden,PAR-V-282,PAR,vane,282,thrips,Insecta,Thysanoptera,,,,Herbivore,July,15-07-2025,18-07-2025,39.74455504,-104.9288718,1623,Denver
Park Hill School Garden,PAR-V-283,PAR,vane,283,thrips,Insecta,Thysanoptera,,,,Herbivore,July,15-07-2025,18-07-2025,39.74455504,-104.9288718,1623,Denver
Park Hill School Garden,PAR-V-284,PAR,vane,284,thrips,Insecta,Thysanoptera,,,,Herbivore,July,15-07-2025,18-07-2025,39.74455504,-104.9288718,1623,Denver
Park Hill School Garden,PAR-V-285,PAR,vane,285,thrips,Insecta,Thysanoptera,,,,Herbivore,July,15-07-2025,18-07-2025,39.74455504,-104.9288718,1623,Denver
Park Hill School Garden,PAR-V-286,PAR,vane,286,thrips,Insecta,Thysanoptera,,,,Herbivore,July,15-07-2025,18-07-2025,39.74455504,-104.9288718,1623,Denver
Park Hill School Garden,PAR-V-287,PAR,vane,287,thrips,Insecta,Thysanoptera,,,,Herbivore,July,15-07-2025,18-07-2025,39.74455504,-104.9288718,1623,Denver
Park Hill School Garden,PAR-V-288,PAR,vane,288,thrips,Insecta,Thysanoptera,,,,Herbivore,July,15-07-2025,18-07-2025,39.74455504,-104.9288718,1623,Denver
Park Hill School Garden,PAR-V-289,PAR,vane,289,thrips,Insecta,Thysanoptera,,,,Herbivore,July,15-07-2025,18-07-2025,39.74455504,-104.9288718,1623,Denver
Park Hill School Garden,PAR-V-290,PAR,vane,290,thrips,Insecta,Thysanoptera,,,,Herbivore,July,15-07-2025,18-07-2025,39.74455504,-104.9288718,1623,Denver
Park Hill School Garden,PAR-V-291,PAR,vane,291,thrips,Insecta,Thysanoptera,,,,Herbivore,July,15-07-2025,18-07-2025,39.74455504,-104.9288718,1623,Denver
Park Hill School Garden,PAR-V-292,PAR,vane,292,thrips,Insecta,Thysanoptera,,,,Herbivore,July,15-07-2025,18-07-2025,39.74455504,-104.9288718,1623,Denver
Park Hill School Garden,PAR-V-293,PAR,vane,293,thrips,Insecta,Thysanoptera,,,,Herbivore,July,15-07-2025,18-07-2025,39.74455504,-104.9288718,1623,Denver
Park Hill School Garden,PAR-V-294,PAR,vane,294,thrips,Insecta,Thysanoptera,,,,Herbivore,July,15-07-2025,18-07-2025,39.74455504,-104.9288718,1623,Denver
Park Hill School Garden,PAR-V-295,PAR,vane,295,thrips,Insecta,Thysanoptera,,,,Herbivore,July,15-07-2025,18-07-2025,39.74455504,-104.9288718,1623,Denver
Park Hill School Garden,PAR-V-296,PAR,vane,296,thrips,Insecta,Thysanoptera,,,,Herbivore,July,15-07-2025,18-07-2025,39.74455504,-104.9288718,1623,Denver
Park Hill School Garden,PAR-V-297,PAR,vane,297,thrips,Insecta,Thysanoptera,,,,Herbivore,July,15-07-2025,18-07-2025,39.74455504,-104.9288718,1623,Denver
Park Hill School Garden,PAR-V-298,PAR,vane,298,thrips,Insecta,Thysanoptera,,,,Herbivore,July,15-07-2025,18-07-2025,39.74455504,-104.9288718,1623,Denver
Park Hill School Garden,PAR-V-299,PAR,vane,299,thrips,Insecta,Thysanoptera,,,,Herbivore,July,15-07-2025,18-07-2025,39.74455504,-104.9288718,1623,Denver
Park Hill School Garden,PAR-V-300,PAR,vane,300,thrips,Insecta,Thysanoptera,,,,Herbivore,July,15-07-2025,18-07-2025,39.74455504,-104.9288718,1623,Denver
Park Hill School Garden,PAR-V-301,PAR,vane,301,thrips,Insecta,Thysanoptera,,,,Herbivore,July,15-07-2025,18-07-2025,39.74455504,-104.9288718,1623,Denver
Park Hill School Garden,PAR-V-302,PAR,vane,302,thrips,Insecta,Thysanoptera,,,,Herbivore,July,15-07-2025,18-07-2025,39.74455504,-104.9288718,1623,Denver
Park Hill School Garden,PAR-V-303,PAR,vane,303,thrips,Insecta,Thysanoptera,,,,Herbivore,July,15-07-2025,18-07-2025,39.74455504,-104.9288718,1623,Denver
Park Hill School Garden,PAR-V-304,PAR,vane,304,thrips,Insecta,Thysanoptera,,,,Herbivore,July,15-07-2025,18-07-2025,39.74455504,-104.9288718,1623,Denver
Park Hill School Garden,PAR-V-305,PAR,vane,305,thrips,Insecta,Thysanoptera,,,,Herbivore,July,15-07-2025,18-07-2025,39.74455504,-104.9288718,1623,Denver
Park Hill School Garden,PAR-V-306,PAR,vane,306,thrips,Insecta,Thysanoptera,,,,Herbivore,July,15-07-2025,18-07-2025,39.74455504,-104.9288718,1623,Denver
Park Hill School Garden,PAR-V-307,PAR,vane,307,bee,Insecta,Hymenoptera,Apidae,Bombus,,Pollinator,July,15-07-2025,18-07-2025,39.74455504,-104.9288718,1623,Denver
Park Hill School Garden,PAR-V-308,PAR,vane,308,bee,Insecta,Hymenoptera,Apidae,Bombus,,Pollinator,July,15-07-2025,18-07-2025,39.74455504,-104.9288718,1623,Denver
Park Hill School Garden,PAR-V-309,PAR,vane,309,bee,Insecta,Hymenoptera,Apidae,Melissodes,bimaculatus,Pollinator,July,15-07-2025,18-07-2025,39.74455504,-104.9288718,1623,Denver
Park Hill School Garden,PAR-V-310,PAR,vane,310,bee,Insecta,Hymenoptera,Apidae,Melissodes,bimaculatus,Pollinator,July,15-07-2025,18-07-2025,39.74455504,-104.9288718,1623,Denver
Park Hill School Garden,PAR-V-311,PAR,vane,311,bee,Insecta,Hymenoptera,Apidae,Melissodes,bimaculatus,Pollinator,July,15-07-2025,18-07-2025,39.74455504,-104.9288718,1623,Denver
Park Hill School Garden,PAR-V-312,PAR,vane,312,bee,Insecta,Hymenoptera,Apidae,Apis,mellifera,Pollinator,July,15-07-2025,18-07-2025,39.74455504,-104.9288718,1623,Denver
Park Hill School Garden,PAR-V-313,PAR,vane,313,bee,Insecta,Hymenoptera,Apidae,Apis,mellifera,Pollinator,July,15-07-2025,18-07-2025,39.74455504,-104.9288718,1623,Denver
Park Hill School Garden,PAR-V-314,PAR,vane,314,bee,Insecta,Hymenoptera,,,,Pollinator,July,15-07-2025,18-07-2025,39.74455504,-104.9288718,1623,Denver
Park Hill School Garden,PAR-V-315,PAR,vane,315,bee,Insecta,Hymenoptera,Apidae,Eucera,pruinosa,Pollinator,July,15-07-2025,18-07-2025,39.74455504,-104.9288718,1623,Denver
Park Hill School Garden,PAR-V-316,PAR,vane,316,bee,Insecta,Hymenoptera,Apidae,Eucera,pruinosa,Pollinator,July,15-07-2025,18-07-2025,39.74455504,-104.9288718,1623,Denver
Park Hill School Garden,PAR-V-317,PAR,vane,317,bee,Insecta,Hymenoptera,,,,Pollinator,July,15-07-2025,18-07-2025,39.74455504,-104.9288718,1623,Denver
Park Hill School Garden,PAR-V-318,PAR,vane,318,bee,Insecta,Hymenoptera,Apidae,Apis,mellifera,Pollinator,July,15-07-2025,18-07-2025,39.74455504,-104.9288718,1623,Denver
Park Hill School Garden,PAR-V-319,PAR,vane,319,bee,Insecta,Hymenoptera,Apidae,Eucera,pruinosa,Pollinator,July,15-07-2025,18-07-2025,39.74455504,-104.9288718,1623,Denver
Park Hill School Garden,PAR-V-320,PAR,vane,320,bee,Insecta,Hymenoptera,Apidae,Apis,mellifera,Pollinator,July,15-07-2025,18-07-2025,39.74455504,-104.9288718,1623,Denver
Park Hill School Garden,PAR-V-321,PAR,vane,321,bee,Insecta,Hymenoptera,Apidae,Eucera,pruinosa,Pollinator,July,15-07-2025,18-07-2025,39.74455504,-104.9288718,1623,Denver
Park Hill School Garden,PAR-V-322,PAR,vane,322,bee,Insecta,Hymenoptera,Apidae,Eucera,pruinosa,Pollinator,July,15-07-2025,18-07-2025,39.74455504,-104.9288718,1623,Denver
Park Hill School Garden,PAR-V-323,PAR,vane,323,bee,Insecta,Hymenoptera,Apidae,Eucera,pruinosa,Pollinator,July,15-07-2025,18-07-2025,39.74455504,-104.9288718,1623,Denver
Park Hill School Garden,PAR-V-324,PAR,vane,324,bee,Insecta,Hymenoptera,Apidae,Eucera,pruinosa,Pollinator,July,15-07-2025,18-07-2025,39.74455504,-104.9288718,1623,Denver
Park Hill School Garden,PAR-V-325,PAR,vane,325,bee,Insecta,Hymenoptera,Apidae,Eucera,pruinosa,Pollinator,July,15-07-2025,18-07-2025,39.74455504,-104.9288718,1623,Denver
Park Hill School Garden,PAR-V-326,PAR,vane,326,bee,Insecta,Hymenoptera,Apidae,Eucera,pruinosa,Pollinator,July,15-07-2025,18-07-2025,39.74455504,-104.9288718,1623,Denver
Park Hill School Garden,PAR-V-327,PAR,vane,327,bee,Insecta,Hymenoptera,,,,Pollinator,July,15-07-2025,18-07-2025,39.74455504,-104.9288718,1623,Denver
Park Hill School Garden,PAR-V-328,PAR,vane,328,bee,Insecta,Hymenoptera,,,,Pollinator,July,15-07-2025,18-07-2025,39.74455504,-104.9288718,1623,Denver
Park Hill School Garden,PAR-V-329,PAR,vane,329,bee,Insecta,Hymenoptera,Apidae,Eucera,pruinosa,Pollinator,July,15-07-2025,18-07-2025,39.74455504,-104.9288718,1623,Denver
Park Hill School Garden,PAR-V-330,PAR,vane,330,bee,Insecta,Hymenoptera,Apidae,Eucera,pruinosa,Pollinator,July,15-07-2025,18-07-2025,39.74455504,-104.9288718,1623,Denver
Park Hill School Garden,PAR-V-331,PAR,vane,331,bee,Insecta,Hymenoptera,Apidae,Eucera,pruinosa,Pollinator,July,15-07-2025,18-07-2025,39.74455504,-104.9288718,1623,Denver
Park Hill School Garden,PAR-V-332,PAR,vane,332,longhorn bee,Insecta,Hymenoptera,Apidae,,,Pollinator,July,15-07-2025,18-07-2025,39.74455504,-104.9288718,1623,Denver
Park Hill School Garden,PAR-V-333,PAR,vane,333,longhorn bee,Insecta,Hymenoptera,Apidae,,,Pollinator,July,15-07-2025,18-07-2025,39.74455504,-104.9288718,1623,Denver
Park Hill School Garden,PAR-V-334,PAR,vane,334,longhorn bee,Insecta,Hymenoptera,Apidae,Eucera,pruinosa,Pollinator,July,15-07-2025,18-07-2025,39.74455504,-104.9288718,1623,Denver
Park Hill School Garden,PAR-V-335,PAR,vane,335,longhorn bee,Insecta,Hymenoptera,Apidae,,,Pollinator,July,15-07-2025,18-07-2025,39.74455504,-104.9288718,1623,Denver
Park Hill School Garden,PAR-V-336,PAR,vane,336,longhorn bee,Insecta,Hymenoptera,Apidae,,,Pollinator,July,15-07-2025,18-07-2025,39.74455504,-104.9288718,1623,Denver
Park Hill School Garden,PAR-V-337,PAR,vane,337,longhorn bee,Insecta,Hymenoptera,Apidae,,,Pollinator,July,15-07-2025,18-07-2025,39.74455504,-104.9288718,1623,Denver
Park Hill School Garden,PAR-V-338,PAR,vane,338,longhorn bee,Insecta,Hymenoptera,Apidae,,,Pollinator,July,15-07-2025,18-07-2025,39.74455504,-104.9288718,1623,Denver
Park Hill School Garden,PAR-V-339,PAR,vane,339,longhorn bee,Insecta,Hymenoptera,Apidae,,,Pollinator,July,15-07-2025,18-07-2025,39.74455504,-104.9288718,1623,Denver
Park Hill School Garden,PAR-V-340,PAR,vane,340,longhorn bee,Insecta,Hymenoptera,Apidae,,,Pollinator,July,15-07-2025,18-07-2025,39.74455504,-104.9288718,1623,Denver
Park Hill School Garden,PAR-V-341,PAR,vane,341,longhorn bee,Insecta,Hymenoptera,Apidae,,,Pollinator,July,15-07-2025,18-07-2025,39.74455504,-104.9288718,1623,Denver
Park Hill School Garden,PAR-V-342,PAR,vane,342,longhorn bee,Insecta,Hymenoptera,Apidae,,,Pollinator,July,15-07-2025,18-07-2025,39.74455504,-104.9288718,1623,Denver
Park Hill School Garden,PAR-V-343,PAR,vane,343,longhorn bee,Insecta,Hymenoptera,Apidae,,,Pollinator,July,15-07-2025,18-07-2025,39.74455504,-104.9288718,1623,Denver
Park Hill School Garden,PAR-V-344,PAR,vane,344,longhorn bee,Insecta,Hymenoptera,Apidae,,,Pollinator,July,15-07-2025,18-07-2025,39.74455504,-104.9288718,1623,Denver
Park Hill School Garden,PAR-V-345,PAR,vane,345,longhorn bee,Insecta,Hymenoptera,Apidae,,,Pollinator,July,15-07-2025,18-07-2025,39.74455504,-104.9288718,1623,Denver
Park Hill School Garden,PAR-V-346,PAR,vane,346,longhorn bee,Insecta,Hymenoptera,Apidae,,,Pollinator,July,15-07-2025,18-07-2025,39.74455504,-104.9288718,1623,Denver
Park Hill School Garden,PAR-V-347,PAR,vane,347,longhorn bee,Insecta,Hymenoptera,Apidae,,,Pollinator,July,15-07-2025,18-07-2025,39.74455504,-104.9288718,1623,Denver
Park Hill School Garden,PAR-V-348,PAR,vane,348,longhorn bee,Insecta,Hymenoptera,Apidae,,,Pollinator,July,15-07-2025,18-07-2025,39.74455504,-104.9288718,1623,Denver
Park Hill School Garden,PAR-V-349,PAR,vane,349,longhorn bee,Insecta,Hymenoptera,Apidae,,,Pollinator,July,15-07-2025,18-07-2025,39.74455504,-104.9288718,1623,Denver
Park Hill School Garden,PAR-V-350,PAR,vane,350,longhorn bee,Insecta,Hymenoptera,Apidae,,,Pollinator,July,15-07-2025,18-07-2025,39.74455504,-104.9288718,1623,Denver
Park Hill School Garden,PAR-V-351,PAR,vane,351,longhorn bee,Insecta,Hymenoptera,Apidae,,,Pollinator,July,15-07-2025,18-07-2025,39.74455504,-104.9288718,1623,Denver
Park Hill School Garden,PAR-V-352,PAR,vane,352,longhorn bee,Insecta,Hymenoptera,Apidae,,,Pollinator,July,15-07-2025,18-07-2025,39.74455504,-104.9288718,1623,Denver
Park Hill School Garden,PAR-V-353,PAR,vane,353,longhorn bee,Insecta,Hymenoptera,Apidae,,,Pollinator,July,15-07-2025,18-07-2025,39.74455504,-104.9288718,1623,Denver
Park Hill School Garden,PAR-V-354,PAR,vane,354,longhorn bee,Insecta,Hymenoptera,Apidae,,,Pollinator,July,15-07-2025,18-07-2025,39.74455504,-104.9288718,1623,Denver
Park Hill School Garden,PAR-V-355,PAR,vane,355,longhorn bee,Insecta,Hymenoptera,Apidae,,,Pollinator,July,15-07-2025,18-07-2025,39.74455504,-104.9288718,1623,Denver
Park Hill School Garden,PAR-V-356,PAR,vane,356,longhorn bee,Insecta,Hymenoptera,Apidae,,,Pollinator,July,15-07-2025,18-07-2025,39.74455504,-104.9288718,1623,Denver
Park Hill School Garden,PAR-V-357,PAR,vane,357,sweatbee,Insecta,Hymenoptera,Halictidae,,,Pollinator,July,15-07-2025,18-07-2025,39.74455504,-104.9288718,1623,Denver
Park Hill School Garden,PAR-V-358,PAR,vane,358,sweatbee,Insecta,Hymenoptera,Halictidae,,,Pollinator,July,15-07-2025,18-07-2025,39.74455504,-104.9288718,1623,Denver
Park Hill School Garden,PAR-V-359,PAR,vane,359,blister beetle,Insecta,Coleoptera,Meloidae,,,Herbivore,July,15-07-2025,18-07-2025,39.74455504,-104.9288718,1623,Denver
Park Hill School Garden,PAR-V-360,PAR,vane,360,blister beetle,Insecta,Coleoptera,Meloidae,,,Herbivore,July,15-07-2025,18-07-2025,39.74455504,-104.9288718,1623,Denver
Park Hill School Garden,PAR-V-361,PAR,vane,361,beetle,Insecta,Coleoptera,,,,,July,15-07-2025,18-07-2025,39.74455504,-104.9288718,1623,Denver
Park Hill School Garden,PAR-V-362,PAR,vane,362,beetle,Insecta,Coleoptera,,,,,July,15-07-2025,18-07-2025,39.74455504,-104.9288718,1623,Denver
Park Hill School Garden,PAR-V-363,PAR,vane,363,japanese beetle,Insecta,Coleoptera,Scarabaeidae,Popillia,japonica,Herbivore,July,15-07-2025,18-07-2025,39.74455504,-104.9288718,1623,Denver
Park Hill School Garden,PAR-V-364,PAR,vane,364,fly,Insecta,Diptera,,,,,July,15-07-2025,18-07-2025,39.74455504,-104.9288718,1623,Denver
Park Hill School Garden,PAR-V-365,PAR,vane,365,nitops beetle,Insecta,Coleoptera,Nitulidae,Nitops,,Herbivore,July,15-07-2025,18-07-2025,39.74455504,-104.9288718,1623,Denver
Park Hill School Garden,PAR-V-366,PAR,vane,366,nitops beetle,Insecta,Coleoptera,Nitulidae,Nitops,,Herbivore,July,15-07-2025,18-07-2025,39.74455504,-104.9288718,1623,Denver
Park Hill School Garden,PAR-V-367,PAR,vane,367,nitops beetle,Insecta,Coleoptera,Nitulidae,Nitops,,Herbivore,July,15-07-2025,18-07-2025,39.74455504,-104.9288718,1623,Denver
Park Hill School Garden,PAR-V-368,PAR,vane,368,nitops beetle,Insecta,Coleoptera,Nitulidae,Nitops,,Herbivore,July,15-07-2025,18-07-2025,39.74455504,-104.9288718,1623,Denver
Park Hill School Garden,PAR-V-369,PAR,vane,369,nitops beetle,Insecta,Coleoptera,Nitulidae,Nitops,,Herbivore,July,15-07-2025,18-07-2025,39.74455504,-104.9288718,1623,Denver
Park Hill School Garden,PAR-V-370,PAR,vane,370,nitops beetle,Insecta,Coleoptera,Nitulidae,Nitops,,Herbivore,July,15-07-2025,18-07-2025,39.74455504,-104.9288718,1623,Denver
Park Hill School Garden,PAR-V-371,PAR,vane,371,nitops beetle,Insecta,Coleoptera,Nitulidae,Nitops,,Herbivore,July,15-07-2025,18-07-2025,39.74455504,-104.9288718,1623,Denver
Park Hill School Garden,PAR-V-372,PAR,vane,372,small yellow fly,Insecta,Diptera,Chloropidae,Meromyza,,Herbivore,July,15-07-2025,18-07-2025,39.74455504,-104.9288718,1623,Denver
Park Hill School Garden,PAR-V-373,PAR,vane,373,lacebug,Insecta,Hemiptera,Tingidae,,,Herbivore,July,15-07-2025,18-07-2025,39.74455504,-104.9288718,1623,Denver
Park Hill School Garden,PAR-V-374,PAR,vane,374,lacebug,Insecta,Hemiptera,Tingidae,,,Herbivore,July,15-07-2025,18-07-2025,39.74455504,-104.9288718,1623,Denver
Park Hill School Garden,PAR-V-375,PAR,vane,375,latridiid beetle,Insecta,Coleoptera,Latridiidae,,,Fungivore,July,15-07-2025,18-07-2025,39.74455504,-104.9288718,1623,Denver
Park Hill School Garden,PAR-V-376,PAR,vane,376,sand bug,Insecta,Hemiptera,Rhyparochromidae,Emblethis,vicarius,Detritivore,July,15-07-2025,18-07-2025,39.74455504,-104.9288718,1623,Denver
Ruby Hill Park Community Garden,RUB-V-1,RUB,vane,1,minute pirate bugs,Insecta,Hemiptera,Anthocoridae,Orius,,Predator,July,15-07-2025,18-07-2025,39.68543288,-105.0059947,1629,Denver
Ruby Hill Park Community Garden,RUB-V-2,RUB,vane,2,minute pirate bugs,Insecta,Hemiptera,Anthocoridae,Orius,,Predator,July,15-07-2026,18-07-2026,39.68543288,-105.0059947,1629,Denver
Ruby Hill Park Community Garden,RUB-V-3,RUB,vane,3,minute pirate bugs,Insecta,Hemiptera,Anthocoridae,Orius,,Predator,July,15-07-2027,18-07-2027,39.68543288,-105.0059947,1629,Denver
Ruby Hill Park Community Garden,RUB-V-4,RUB,vane,4,minute pirate bugs,Insecta,Hemiptera,Anthocoridae,Orius,,Predator,July,15-07-2028,18-07-2028,39.68543288,-105.0059947,1629,Denver
Ruby Hill Park Community Garden,RUB-V-5,RUB,vane,5,minute pirate bugs,Insecta,Hemiptera,Anthocoridae,Orius,,Predator,July,15-07-2029,18-07-2029,39.68543288,-105.0059947,1629,Denver
Ruby Hill Park Community Garden,RUB-V-6,RUB,vane,6,minute pirate bugs,Insecta,Hemiptera,Anthocoridae,Orius,,Predator,July,15-07-2030,18-07-2030,39.68543288,-105.0059947,1629,Denver
Ruby Hill Park Community Garden,RUB-V-7,RUB,vane,7,minute pirate bugs,Insecta,Hemiptera,Anthocoridae,Orius,,Predator,July,15-07-2031,18-07-2031,39.68543288,-105.0059947,1629,Denver
Ruby Hill Park Community Garden,RUB-V-8,RUB,vane,8,minute pirate bugs,Insecta,Hemiptera,Anthocoridae,Orius,,Predator,July,15-07-2032,18-07-2032,39.68543288,-105.0059947,1629,Denver
Ruby Hill Park Community Garden,RUB-V-9,RUB,vane,9,minute pirate bugs,Insecta,Hemiptera,Anthocoridae,Orius,,Predator,July,15-07-2033,18-07-2033,39.68543288,-105.0059947,1629,Denver
Ruby Hill Park Community Garden,RUB-V-10,RUB,vane,10,minute pirate bugs,Insecta,Hemiptera,Anthocoridae,Orius,,Predator,July,15-07-2034,18-07-2034,39.68543288,-105.0059947,1629,Denver
Ruby Hill Park Community Garden,RUB-V-11,RUB,vane,11,minute pirate bugs,Insecta,Hemiptera,Anthocoridae,Orius,,Predator,July,15-07-2035,18-07-2035,39.68543288,-105.0059947,1629,Denver
Ruby Hill Park Community Garden,RUB-V-12,RUB,vane,12,minute pirate bugs,Insecta,Hemiptera,Anthocoridae,Orius,,Predator,July,15-07-2036,18-07-2036,39.68543288,-105.0059947,1629,Denver
Ruby Hill Park Community Garden,RUB-V-13,RUB,vane,13,minute pirate bugs,Insecta,Hemiptera,Anthocoridae,Orius,,Predator,July,15-07-2037,18-07-2037,39.68543288,-105.0059947,1629,Denver
Ruby Hill Park Community Garden,RUB-V-14,RUB,vane,14,minute pirate bugs,Insecta,Hemiptera,Anthocoridae,Orius,,Predator,July,15-07-2038,18-07-2038,39.68543288,-105.0059947,1629,Denver
Ruby Hill Park Community Garden,RUB-V-15,RUB,vane,15,minute pirate bugs,Insecta,Hemiptera,Anthocoridae,Orius,,Predator,July,15-07-2039,18-07-2039,39.68543288,-105.0059947,1629,Denver
Ruby Hill Park Community Garden,RUB-V-16,RUB,vane,16,minute pirate bugs,Insecta,Hemiptera,Anthocoridae,Orius,,Predator,July,15-07-2040,18-07-2040,39.68543288,-105.0059947,1629,Denver
Ruby Hill Park Community Garden,RUB-V-17,RUB,vane,17,minute pirate bugs,Insecta,Hemiptera,Anthocoridae,Orius,,Predator,July,15-07-2041,18-07-2041,39.68543288,-105.0059947,1629,Denver
Ruby Hill Park Community Garden,RUB-V-18,RUB,vane,18,minute pirate bugs,Insecta,Hemiptera,Anthocoridae,Orius,,Predator,July,15-07-2042,18-07-2042,39.68543288,-105.0059947,1629,Denver
Ruby Hill Park Community Garden,RUB-V-19,RUB,vane,19,minute pirate bugs,Insecta,Hemiptera,Anthocoridae,Orius,,Predator,July,15-07-2043,18-07-2043,39.68543288,-105.0059947,1629,Denver
Ruby Hill Park Community Garden,RUB-V-20,RUB,vane,20,minute pirate bugs,Insecta,Hemiptera,Anthocoridae,Orius,,Predator,July,15-07-2044,18-07-2044,39.68543288,-105.0059947,1629,Denver
Ruby Hill Park Community Garden,RUB-V-21,RUB,vane,21,minute pirate bugs,Insecta,Hemiptera,Anthocoridae,Orius,,Predator,July,15-07-2045,18-07-2045,39.68543288,-105.0059947,1629,Denver
Ruby Hill Park Community Garden,RUB-V-22,RUB,vane,22,minute pirate bugs,Insecta,Hemiptera,Anthocoridae,Orius,,Predator,July,15-07-2046,18-07-2046,39.68543288,-105.0059947,1629,Denver
Ruby Hill Park Community Garden,RUB-V-23,RUB,vane,23,minute pirate bugs,Insecta,Hemiptera,Anthocoridae,Orius,,Predator,July,15-07-2047,18-07-2047,39.68543288,-105.0059947,1629,Denver
Ruby Hill Park Community Garden,RUB-V-24,RUB,vane,24,minute pirate bugs,Insecta,Hemiptera,Anthocoridae,Orius,,Predator,July,15-07-2048,18-07-2048,39.68543288,-105.0059947,1629,Denver
Ruby Hill Park Community Garden,RUB-V-25,RUB,vane,25,minute pirate bugs,Insecta,Hemiptera,Anthocoridae,Orius,,Predator,July,15-07-2049,18-07-2049,39.68543288,-105.0059947,1629,Denver
Ruby Hill Park Community Garden,RUB-V-26,RUB,vane,26,minute pirate bugs,Insecta,Hemiptera,Anthocoridae,Orius,,Predator,July,15-07-2050,18-07-2050,39.68543288,-105.0059947,1629,Denver
Ruby Hill Park Community Garden,RUB-V-27,RUB,vane,27,minute pirate bugs,Insecta,Hemiptera,Anthocoridae,Orius,,Predator,July,15-07-2051,18-07-2051,39.68543288,-105.0059947,1629,Denver
Ruby Hill Park Community Garden,RUB-V-28,RUB,vane,28,minute pirate bugs,Insecta,Hemiptera,Anthocoridae,Orius,,Predator,July,15-07-2052,18-07-2052,39.68543288,-105.0059947,1629,Denver
Ruby Hill Park Community Garden,RUB-V-29,RUB,vane,29,minute pirate bugs,Insecta,Hemiptera,Anthocoridae,Orius,,Predator,July,15-07-2053,18-07-2053,39.68543288,-105.0059947,1629,Denver
Ruby Hill Park Community Garden,RUB-V-30,RUB,vane,30,minute pirate bugs,Insecta,Hemiptera,Anthocoridae,Orius,,Predator,July,15-07-2054,18-07-2054,39.68543288,-105.0059947,1629,Denver
Ruby Hill Park Community Garden,RUB-V-31,RUB,vane,31,minute pirate bugs,Insecta,Hemiptera,Anthocoridae,Orius,,Predator,July,15-07-2055,18-07-2055,39.68543288,-105.0059947,1629,Denver
Ruby Hill Park Community Garden,RUB-V-32,RUB,vane,32,minute pirate bugs,Insecta,Hemiptera,Anthocoridae,Orius,,Predator,July,15-07-2056,18-07-2056,39.68543288,-105.0059947,1629,Denver
Ruby Hill Park Community Garden,RUB-V-33,RUB,vane,33,minute pirate bugs,Insecta,Hemiptera,Anthocoridae,Orius,,Predator,July,15-07-2057,18-07-2057,39.68543288,-105.0059947,1629,Denver
Ruby Hill Park Community Garden,RUB-V-34,RUB,vane,34,minute pirate bugs,Insecta,Hemiptera,Anthocoridae,Orius,,Predator,July,15-07-2058,18-07-2058,39.68543288,-105.0059947,1629,Denver
Ruby Hill Park Community Garden,RUB-V-35,RUB,vane,35,minute pirate bugs,Insecta,Hemiptera,Anthocoridae,Orius,,Predator,July,15-07-2059,18-07-2059,39.68543288,-105.0059947,1629,Denver
Ruby Hill Park Community Garden,RUB-V-36,RUB,vane,36,minute pirate bugs,Insecta,Hemiptera,Anthocoridae,Orius,,Predator,July,15-07-2060,18-07-2060,39.68543288,-105.0059947,1629,Denver
Ruby Hill Park Community Garden,RUB-V-37,RUB,vane,37,minute pirate bugs,Insecta,Hemiptera,Anthocoridae,Orius,,Predator,July,15-07-2061,18-07-2061,39.68543288,-105.0059947,1629,Denver
Ruby Hill Park Community Garden,RUB-V-38,RUB,vane,38,minute pirate bugs,Insecta,Hemiptera,Anthocoridae,Orius,,Predator,July,15-07-2062,18-07-2062,39.68543288,-105.0059947,1629,Denver
Ruby Hill Park Community Garden,RUB-V-39,RUB,vane,39,minute pirate bugs,Insecta,Hemiptera,Anthocoridae,Orius,,Predator,July,15-07-2063,18-07-2063,39.68543288,-105.0059947,1629,Denver
Ruby Hill Park Community Garden,RUB-V-40,RUB,vane,40,minute pirate bugs,Insecta,Hemiptera,Anthocoridae,Orius,,Predator,July,15-07-2064,18-07-2064,39.68543288,-105.0059947,1629,Denver
Ruby Hill Park Community Garden,RUB-V-41,RUB,vane,41,minute pirate bugs,Insecta,Hemiptera,Anthocoridae,Orius,,Predator,July,15-07-2065,18-07-2065,39.68543288,-105.0059947,1629,Denver
Ruby Hill Park Community Garden,RUB-V-42,RUB,vane,42,minute pirate bugs,Insecta,Hemiptera,Anthocoridae,Orius,,Predator,July,15-07-2066,18-07-2066,39.68543288,-105.0059947,1629,Denver
Ruby Hill Park Community Garden,RUB-V-43,RUB,vane,43,minute pirate bugs,Insecta,Hemiptera,Anthocoridae,Orius,,Predator,July,15-07-2067,18-07-2067,39.68543288,-105.0059947,1629,Denver
Ruby Hill Park Community Garden,RUB-V-44,RUB,vane,44,minute pirate bugs,Insecta,Hemiptera,Anthocoridae,Orius,,Predator,July,15-07-2068,18-07-2068,39.68543288,-105.0059947,1629,Denver
Ruby Hill Park Community Garden,RUB-V-45,RUB,vane,45,minute pirate bugs,Insecta,Hemiptera,Anthocoridae,Orius,,Predator,July,15-07-2069,18-07-2069,39.68543288,-105.0059947,1629,Denver
Ruby Hill Park Community Garden,RUB-V-46,RUB,vane,46,minute pirate bugs,Insecta,Hemiptera,Anthocoridae,Orius,,Predator,July,15-07-2070,18-07-2070,39.68543288,-105.0059947,1629,Denver
Ruby Hill Park Community Garden,RUB-V-47,RUB,vane,47,minute pirate bugs,Insecta,Hemiptera,Anthocoridae,Orius,,Predator,July,15-07-2071,18-07-2071,39.68543288,-105.0059947,1629,Denver
Ruby Hill Park Community Garden,RUB-V-48,RUB,vane,48,minute pirate bugs,Insecta,Hemiptera,Anthocoridae,Orius,,Predator,July,15-07-2072,18-07-2072,39.68543288,-105.0059947,1629,Denver
Ruby Hill Park Community Garden,RUB-V-49,RUB,vane,49,minute pirate bugs,Insecta,Hemiptera,Anthocoridae,Orius,,Predator,July,15-07-2073,18-07-2073,39.68543288,-105.0059947,1629,Denver
Ruby Hill Park Community Garden,RUB-V-50,RUB,vane,50,minute pirate bugs,Insecta,Hemiptera,Anthocoridae,Orius,,Predator,July,15-07-2074,18-07-2074,39.68543288,-105.0059947,1629,Denver
Ruby Hill Park Community Garden,RUB-V-51,RUB,vane,51,minute pirate bugs,Insecta,Hemiptera,Anthocoridae,Orius,,Predator,July,15-07-2075,18-07-2075,39.68543288,-105.0059947,1629,Denver
Ruby Hill Park Community Garden,RUB-V-52,RUB,vane,52,tiny mosquito,Insecta,Diptera,,,,Sanguivore,July,15-07-2075,18-07-2075,39.68543288,-105.0059947,1629,Denver
Ruby Hill Park Community Garden,RUB-V-53,RUB,vane,53,aphid,Insecta,Hemiptera,Aphididae,,,Herbivore,July,15-07-2075,18-07-2075,39.68543288,-105.0059947,1629,Denver
Ruby Hill Park Community Garden,RUB-V-54,RUB,vane,54,aphid,Insecta,Hemiptera,Aphididae,,,Herbivore,July,15-07-2075,18-07-2075,39.68543288,-105.0059947,1629,Denver
Ruby Hill Park Community Garden,RUB-V-55,RUB,vane,55,tiny mosquito,Insecta,Diptera,,,,Sanguivore,July,15-07-2075,18-07-2075,39.68543288,-105.0059947,1629,Denver
Ruby Hill Park Community Garden,RUB-V-56,RUB,vane,56,spider,Arachnida,Araneae,,,,Predator,July,15-07-2075,18-07-2075,39.68543288,-105.0059947,1629,Denver
Ruby Hill Park Community Garden,RUB-V-57,RUB,vane,57,spider,Arachnida,Araneae,,,,Predator,July,15-07-2075,18-07-2075,39.68543288,-105.0059947,1629,Denver
Ruby Hill Park Community Garden,RUB-V-58,RUB,vane,58,Thrips,Insecta,Thysanoptera,,,,Herbivore,July,15-07-2075,18-07-2075,39.68543288,-105.0059947,1629,Denver
Ruby Hill Park Community Garden,RUB-V-59,RUB,vane,59,tiny beetle,Insecta,Coleoptera,,,,,July,15-07-2075,18-07-2075,39.68543288,-105.0059947,1629,Denver
Ruby Hill Park Community Garden,RUB-V-60,RUB,vane,60,Thrips,Insecta,Thysanoptera,,,,Herbivore,July,15-07-2075,18-07-2075,39.68543288,-105.0059947,1629,Denver
Ruby Hill Park Community Garden,RUB-V-61,RUB,vane,61,Thrips,Insecta,Thysanoptera,,,,Herbivore,July,15-07-2075,18-07-2075,39.68543288,-105.0059947,1629,Denver
Ruby Hill Park Community Garden,RUB-V-62,RUB,vane,62,Thrips,Insecta,Thysanoptera,,,,Herbivore,July,15-07-2075,18-07-2075,39.68543288,-105.0059947,1629,Denver
Ruby Hill Park Community Garden,RUB-V-63,RUB,vane,63,Thrips,Insecta,Thysanoptera,,,,Herbivore,July,15-07-2075,18-07-2075,39.68543288,-105.0059947,1629,Denver
Ruby Hill Park Community Garden,RUB-V-64,RUB,vane,64,Thrips,Insecta,Thysanoptera,,,,Herbivore,July,15-07-2075,18-07-2075,39.68543288,-105.0059947,1629,Denver
Ruby Hill Park Community Garden,RUB-V-65,RUB,vane,65,Thrips,Insecta,Thysanoptera,,,,Herbivore,July,15-07-2075,18-07-2075,39.68543288,-105.0059947,1629,Denver
Ruby Hill Park Community Garden,RUB-V-66,RUB,vane,66,Thrips,Insecta,Thysanoptera,,,,Herbivore,July,15-07-2075,18-07-2075,39.68543288,-105.0059947,1629,Denver
Ruby Hill Park Community Garden,RUB-V-67,RUB,vane,67,Thrips,Insecta,Thysanoptera,,,,Herbivore,July,15-07-2075,18-07-2075,39.68543288,-105.0059947,1629,Denver
Ruby Hill Park Community Garden,RUB-V-68,RUB,vane,68,Thrips,Insecta,Thysanoptera,,,,Herbivore,July,15-07-2075,18-07-2075,39.68543288,-105.0059947,1629,Denver
Ruby Hill Park Community Garden,RUB-V-69,RUB,vane,69,Thrips,Insecta,Thysanoptera,,,,Herbivore,July,15-07-2075,18-07-2075,39.68543288,-105.0059947,1629,Denver
Ruby Hill Park Community Garden,RUB-V-70,RUB,vane,70,Thrips,Insecta,Thysanoptera,,,,Herbivore,July,15-07-2075,18-07-2075,39.68543288,-105.0059947,1629,Denver
Ruby Hill Park Community Garden,RUB-V-71,RUB,vane,71,Thrips,Insecta,Thysanoptera,,,,Herbivore,July,15-07-2075,18-07-2075,39.68543288,-105.0059947,1629,Denver
Ruby Hill Park Community Garden,RUB-V-72,RUB,vane,72,Thrips,Insecta,Thysanoptera,,,,Herbivore,July,15-07-2075,18-07-2075,39.68543288,-105.0059947,1629,Denver
Ruby Hill Park Community Garden,RUB-V-73,RUB,vane,73,Thrips,Insecta,Thysanoptera,,,,Herbivore,July,15-07-2075,18-07-2075,39.68543288,-105.0059947,1629,Denver
Ruby Hill Park Community Garden,RUB-V-74,RUB,vane,74,Thrips,Insecta,Thysanoptera,,,,Herbivore,July,15-07-2075,18-07-2075,39.68543288,-105.0059947,1629,Denver
Ruby Hill Park Community Garden,RUB-V-75,RUB,vane,75,Thrips,Insecta,Thysanoptera,,,,Herbivore,July,15-07-2075,18-07-2075,39.68543288,-105.0059947,1629,Denver
Ruby Hill Park Community Garden,RUB-V-76,RUB,vane,76,Thrips,Insecta,Thysanoptera,,,,Herbivore,July,15-07-2075,18-07-2075,39.68543288,-105.0059947,1629,Denver
Ruby Hill Park Community Garden,RUB-V-77,RUB,vane,77,Thrips,Insecta,Thysanoptera,,,,Herbivore,July,15-07-2075,18-07-2075,39.68543288,-105.0059947,1629,Denver
Ruby Hill Park Community Garden,RUB-V-78,RUB,vane,78,Thrips,Insecta,Thysanoptera,,,,Herbivore,July,15-07-2075,18-07-2075,39.68543288,-105.0059947,1629,Denver
Ruby Hill Park Community Garden,RUB-V-79,RUB,vane,79,Thrips,Insecta,Thysanoptera,,,,Herbivore,July,15-07-2075,18-07-2075,39.68543288,-105.0059947,1629,Denver
Ruby Hill Park Community Garden,RUB-V-80,RUB,vane,80,Thrips,Insecta,Thysanoptera,,,,Herbivore,July,15-07-2075,18-07-2075,39.68543288,-105.0059947,1629,Denver
Ruby Hill Park Community Garden,RUB-V-81,RUB,vane,81,Thrips,Insecta,Thysanoptera,,,,Herbivore,July,15-07-2075,18-07-2075,39.68543288,-105.0059947,1629,Denver
Ruby Hill Park Community Garden,RUB-V-82,RUB,vane,82,Thrips,Insecta,Thysanoptera,,,,Herbivore,July,15-07-2075,18-07-2075,39.68543288,-105.0059947,1629,Denver
Ruby Hill Park Community Garden,RUB-V-83,RUB,vane,83,Thrips,Insecta,Thysanoptera,,,,Herbivore,July,15-07-2075,18-07-2075,39.68543288,-105.0059947,1629,Denver
Ruby Hill Park Community Garden,RUB-V-84,RUB,vane,84,Thrips,Insecta,Thysanoptera,,,,Herbivore,July,15-07-2075,18-07-2075,39.68543288,-105.0059947,1629,Denver
Ruby Hill Park Community Garden,RUB-V-85,RUB,vane,85,Thrips,Insecta,Thysanoptera,,,,Herbivore,July,15-07-2075,18-07-2075,39.68543288,-105.0059947,1629,Denver
Ruby Hill Park Community Garden,RUB-V-86,RUB,vane,86,Thrips,Insecta,Thysanoptera,,,,Herbivore,July,15-07-2075,18-07-2075,39.68543288,-105.0059947,1629,Denver
Ruby Hill Park Community Garden,RUB-V-87,RUB,vane,87,Thrips,Insecta,Thysanoptera,,,,Herbivore,July,15-07-2075,18-07-2075,39.68543288,-105.0059947,1629,Denver
Ruby Hill Park Community Garden,RUB-V-88,RUB,vane,88,Thrips,Insecta,Thysanoptera,,,,Herbivore,July,15-07-2075,18-07-2075,39.68543288,-105.0059947,1629,Denver
Ruby Hill Park Community Garden,RUB-V-89,RUB,vane,89,Thrips,Insecta,Thysanoptera,,,,Herbivore,July,15-07-2075,18-07-2075,39.68543288,-105.0059947,1629,Denver
Ruby Hill Park Community Garden,RUB-V-90,RUB,vane,90,Thrips,Insecta,Thysanoptera,,,,Herbivore,July,15-07-2075,18-07-2075,39.68543288,-105.0059947,1629,Denver
Ruby Hill Park Community Garden,RUB-V-91,RUB,vane,91,Thrips,Insecta,Thysanoptera,,,,Herbivore,July,15-07-2075,18-07-2075,39.68543288,-105.0059947,1629,Denver
Ruby Hill Park Community Garden,RUB-V-92,RUB,vane,92,Thrips,Insecta,Thysanoptera,,,,Herbivore,July,15-07-2075,18-07-2075,39.68543288,-105.0059947,1629,Denver
Ruby Hill Park Community Garden,RUB-V-93,RUB,vane,93,Thrips,Insecta,Thysanoptera,,,,Herbivore,July,15-07-2075,18-07-2075,39.68543288,-105.0059947,1629,Denver
Ruby Hill Park Community Garden,RUB-V-94,RUB,vane,94,Thrips,Insecta,Thysanoptera,,,,Herbivore,July,15-07-2075,18-07-2075,39.68543288,-105.0059947,1629,Denver
Ruby Hill Park Community Garden,RUB-V-95,RUB,vane,95,Thrips,Insecta,Thysanoptera,,,,Herbivore,July,15-07-2075,18-07-2075,39.68543288,-105.0059947,1629,Denver
Ruby Hill Park Community Garden,RUB-V-96,RUB,vane,96,Thrips,Insecta,Thysanoptera,,,,Herbivore,July,15-07-2075,18-07-2075,39.68543288,-105.0059947,1629,Denver
Ruby Hill Park Community Garden,RUB-V-97,RUB,vane,97,Thrips,Insecta,Thysanoptera,,,,Herbivore,July,15-07-2075,18-07-2075,39.68543288,-105.0059947,1629,Denver
Ruby Hill Park Community Garden,RUB-V-98,RUB,vane,98,Thrips,Insecta,Thysanoptera,,,,Herbivore,July,15-07-2075,18-07-2075,39.68543288,-105.0059947,1629,Denver
Ruby Hill Park Community Garden,RUB-V-99,RUB,vane,99,Thrips,Insecta,Thysanoptera,,,,Herbivore,July,15-07-2075,18-07-2075,39.68543288,-105.0059947,1629,Denver
Ruby Hill Park Community Garden,RUB-V-100,RUB,vane,100,Thrips,Insecta,Thysanoptera,,,,Herbivore,July,15-07-2075,18-07-2075,39.68543288,-105.0059947,1629,Denver
Ruby Hill Park Community Garden,RUB-V-101,RUB,vane,101,Thrips,Insecta,Thysanoptera,,,,Herbivore,July,15-07-2075,18-07-2075,39.68543288,-105.0059947,1629,Denver
Ruby Hill Park Community Garden,RUB-V-102,RUB,vane,102,Thrips,Insecta,Thysanoptera,,,,Herbivore,July,15-07-2075,18-07-2075,39.68543288,-105.0059947,1629,Denver
Ruby Hill Park Community Garden,RUB-V-103,RUB,vane,103,Thrips,Insecta,Thysanoptera,,,,Herbivore,July,15-07-2075,18-07-2075,39.68543288,-105.0059947,1629,Denver
Ruby Hill Park Community Garden,RUB-V-104,RUB,vane,104,Thrips,Insecta,Thysanoptera,,,,Herbivore,July,15-07-2075,18-07-2075,39.68543288,-105.0059947,1629,Denver
Ruby Hill Park Community Garden,RUB-V-105,RUB,vane,105,Thrips,Insecta,Thysanoptera,,,,Herbivore,July,15-07-2075,18-07-2075,39.68543288,-105.0059947,1629,Denver
Ruby Hill Park Community Garden,RUB-V-106,RUB,vane,106,Thrips,Insecta,Thysanoptera,,,,Herbivore,July,15-07-2075,18-07-2075,39.68543288,-105.0059947,1629,Denver
Ruby Hill Park Community Garden,RUB-V-107,RUB,vane,107,Thrips,Insecta,Thysanoptera,,,,Herbivore,July,15-07-2075,18-07-2075,39.68543288,-105.0059947,1629,Denver
Ruby Hill Park Community Garden,RUB-V-108,RUB,vane,108,Thrips,Insecta,Thysanoptera,,,,Herbivore,July,15-07-2075,18-07-2075,39.68543288,-105.0059947,1629,Denver
Ruby Hill Park Community Garden,RUB-V-109,RUB,vane,109,Thrips,Insecta,Thysanoptera,,,,Herbivore,July,15-07-2075,18-07-2075,39.68543288,-105.0059947,1629,Denver
Ruby Hill Park Community Garden,RUB-V-110,RUB,vane,110,Thrips,Insecta,Thysanoptera,,,,Herbivore,July,15-07-2075,18-07-2075,39.68543288,-105.0059947,1629,Denver
Ruby Hill Park Community Garden,RUB-V-111,RUB,vane,111,Thrips,Insecta,Thysanoptera,,,,Herbivore,July,15-07-2075,18-07-2075,39.68543288,-105.0059947,1629,Denver
Ruby Hill Park Community Garden,RUB-V-112,RUB,vane,112,Thrips,Insecta,Thysanoptera,,,,Herbivore,July,15-07-2075,18-07-2075,39.68543288,-105.0059947,1629,Denver
Ruby Hill Park Community Garden,RUB-V-113,RUB,vane,113,Thrips,Insecta,Thysanoptera,,,,Herbivore,July,15-07-2075,18-07-2075,39.68543288,-105.0059947,1629,Denver
Ruby Hill Park Community Garden,RUB-V-114,RUB,vane,114,Thrips,Insecta,Thysanoptera,,,,Herbivore,July,15-07-2075,18-07-2075,39.68543288,-105.0059947,1629,Denver
Ruby Hill Park Community Garden,RUB-V-115,RUB,vane,115,Thrips,Insecta,Thysanoptera,,,,Herbivore,July,15-07-2075,18-07-2075,39.68543288,-105.0059947,1629,Denver
Ruby Hill Park Community Garden,RUB-V-116,RUB,vane,116,Thrips,Insecta,Thysanoptera,,,,Herbivore,July,15-07-2075,18-07-2075,39.68543288,-105.0059947,1629,Denver
Ruby Hill Park Community Garden,RUB-V-117,RUB,vane,117,Thrips,Insecta,Thysanoptera,,,,Herbivore,July,15-07-2075,18-07-2075,39.68543288,-105.0059947,1629,Denver
Ruby Hill Park Community Garden,RUB-V-118,RUB,vane,118,Thrips,Insecta,Thysanoptera,,,,Herbivore,July,15-07-2075,18-07-2075,39.68543288,-105.0059947,1629,Denver
Ruby Hill Park Community Garden,RUB-V-119,RUB,vane,119,Thrips,Insecta,Thysanoptera,,,,Herbivore,July,15-07-2075,18-07-2075,39.68543288,-105.0059947,1629,Denver
Ruby Hill Park Community Garden,RUB-V-120,RUB,vane,120,Thrips,Insecta,Thysanoptera,,,,Herbivore,July,15-07-2075,18-07-2075,39.68543288,-105.0059947,1629,Denver
Ruby Hill Park Community Garden,RUB-V-121,RUB,vane,121,Thrips,Insecta,Thysanoptera,,,,Herbivore,July,15-07-2075,18-07-2075,39.68543288,-105.0059947,1629,Denver
Ruby Hill Park Community Garden,RUB-V-122,RUB,vane,122,Thrips,Insecta,Thysanoptera,,,,Herbivore,July,15-07-2075,18-07-2075,39.68543288,-105.0059947,1629,Denver
Ruby Hill Park Community Garden,RUB-V-123,RUB,vane,123,Thrips,Insecta,Thysanoptera,,,,Herbivore,July,15-07-2075,18-07-2075,39.68543288,-105.0059947,1629,Denver
Ruby Hill Park Community Garden,RUB-V-124,RUB,vane,124,Thrips,Insecta,Thysanoptera,,,,Herbivore,July,15-07-2075,18-07-2075,39.68543288,-105.0059947,1629,Denver
Ruby Hill Park Community Garden,RUB-V-125,RUB,vane,125,Thrips,Insecta,Thysanoptera,,,,Herbivore,July,15-07-2075,18-07-2075,39.68543288,-105.0059947,1629,Denver
Ruby Hill Park Community Garden,RUB-V-126,RUB,vane,126,Thrips,Insecta,Thysanoptera,,,,Herbivore,July,15-07-2075,18-07-2075,39.68543288,-105.0059947,1629,Denver
Ruby Hill Park Community Garden,RUB-V-127,RUB,vane,127,Thrips,Insecta,Thysanoptera,,,,Herbivore,July,15-07-2075,18-07-2075,39.68543288,-105.0059947,1629,Denver
Ruby Hill Park Community Garden,RUB-V-128,RUB,vane,128,Thrips,Insecta,Thysanoptera,,,,Herbivore,July,15-07-2075,18-07-2075,39.68543288,-105.0059947,1629,Denver
Ruby Hill Park Community Garden,RUB-V-129,RUB,vane,129,Thrips,Insecta,Thysanoptera,,,,Herbivore,July,15-07-2075,18-07-2075,39.68543288,-105.0059947,1629,Denver
Ruby Hill Park Community Garden,RUB-V-130,RUB,vane,130,Thrips,Insecta,Thysanoptera,,,,Herbivore,July,15-07-2075,18-07-2075,39.68543288,-105.0059947,1629,Denver
Ruby Hill Park Community Garden,RUB-V-131,RUB,vane,131,Thrips,Insecta,Thysanoptera,,,,Herbivore,July,15-07-2075,18-07-2075,39.68543288,-105.0059947,1629,Denver
Ruby Hill Park Community Garden,RUB-V-132,RUB,vane,132,Thrips,Insecta,Thysanoptera,,,,Herbivore,July,15-07-2075,18-07-2075,39.68543288,-105.0059947,1629,Denver
Ruby Hill Park Community Garden,RUB-V-133,RUB,vane,133,Thrips,Insecta,Thysanoptera,,,,Herbivore,July,15-07-2075,18-07-2075,39.68543288,-105.0059947,1629,Denver
Ruby Hill Park Community Garden,RUB-V-134,RUB,vane,134,Thrips,Insecta,Thysanoptera,,,,Herbivore,July,15-07-2075,18-07-2075,39.68543288,-105.0059947,1629,Denver
Ruby Hill Park Community Garden,RUB-V-135,RUB,vane,135,Thrips,Insecta,Thysanoptera,,,,Herbivore,July,15-07-2075,18-07-2075,39.68543288,-105.0059947,1629,Denver
Ruby Hill Park Community Garden,RUB-V-136,RUB,vane,136,Thrips,Insecta,Thysanoptera,,,,Herbivore,July,15-07-2075,18-07-2075,39.68543288,-105.0059947,1629,Denver
Ruby Hill Park Community Garden,RUB-V-137,RUB,vane,137,Thrips,Insecta,Thysanoptera,,,,Herbivore,July,15-07-2075,18-07-2075,39.68543288,-105.0059947,1629,Denver
Ruby Hill Park Community Garden,RUB-V-138,RUB,vane,138,Thrips,Insecta,Thysanoptera,,,,Herbivore,July,15-07-2075,18-07-2075,39.68543288,-105.0059947,1629,Denver
Ruby Hill Park Community Garden,RUB-V-139,RUB,vane,139,Thrips,Insecta,Thysanoptera,,,,Herbivore,July,15-07-2075,18-07-2075,39.68543288,-105.0059947,1629,Denver
Ruby Hill Park Community Garden,RUB-V-140,RUB,vane,140,Thrips,Insecta,Thysanoptera,,,,Herbivore,July,15-07-2075,18-07-2075,39.68543288,-105.0059947,1629,Denver
Ruby Hill Park Community Garden,RUB-V-141,RUB,vane,141,Thrips,Insecta,Thysanoptera,,,,Herbivore,July,15-07-2075,18-07-2075,39.68543288,-105.0059947,1629,Denver
Ruby Hill Park Community Garden,RUB-V-142,RUB,vane,142,Thrips,Insecta,Thysanoptera,,,,Herbivore,July,15-07-2075,18-07-2075,39.68543288,-105.0059947,1629,Denver
Ruby Hill Park Community Garden,RUB-V-143,RUB,vane,143,Thrips,Insecta,Thysanoptera,,,,Herbivore,July,15-07-2075,18-07-2075,39.68543288,-105.0059947,1629,Denver
Ruby Hill Park Community Garden,RUB-V-144,RUB,vane,144,Thrips,Insecta,Thysanoptera,,,,Herbivore,July,15-07-2075,18-07-2075,39.68543288,-105.0059947,1629,Denver
Ruby Hill Park Community Garden,RUB-V-145,RUB,vane,145,Thrips,Insecta,Thysanoptera,,,,Herbivore,July,15-07-2075,18-07-2075,39.68543288,-105.0059947,1629,Denver
Ruby Hill Park Community Garden,RUB-V-146,RUB,vane,146,Thrips,Insecta,Thysanoptera,,,,Herbivore,July,15-07-2075,18-07-2075,39.68543288,-105.0059947,1629,Denver
Ruby Hill Park Community Garden,RUB-V-147,RUB,vane,147,Thrips,Insecta,Thysanoptera,,,,Herbivore,July,15-07-2075,18-07-2075,39.68543288,-105.0059947,1629,Denver
Ruby Hill Park Community Garden,RUB-V-148,RUB,vane,148,Thrips,Insecta,Thysanoptera,,,,Herbivore,July,15-07-2075,18-07-2075,39.68543288,-105.0059947,1629,Denver
Ruby Hill Park Community Garden,RUB-V-149,RUB,vane,149,Thrips,Insecta,Thysanoptera,,,,Herbivore,July,15-07-2075,18-07-2075,39.68543288,-105.0059947,1629,Denver
Ruby Hill Park Community Garden,RUB-V-150,RUB,vane,150,Thrips,Insecta,Thysanoptera,,,,Herbivore,July,15-07-2075,18-07-2075,39.68543288,-105.0059947,1629,Denver
Ruby Hill Park Community Garden,RUB-V-151,RUB,vane,151,Thrips,Insecta,Thysanoptera,,,,Herbivore,July,15-07-2075,18-07-2075,39.68543288,-105.0059947,1629,Denver
Ruby Hill Park Community Garden,RUB-V-152,RUB,vane,152,Thrips,Insecta,Thysanoptera,,,,Herbivore,July,15-07-2075,18-07-2075,39.68543288,-105.0059947,1629,Denver
Ruby Hill Park Community Garden,RUB-V-153,RUB,vane,153,Thrips,Insecta,Thysanoptera,,,,Herbivore,July,15-07-2075,18-07-2075,39.68543288,-105.0059947,1629,Denver
Ruby Hill Park Community Garden,RUB-V-154,RUB,vane,154,Thrips,Insecta,Thysanoptera,,,,Herbivore,July,15-07-2075,18-07-2075,39.68543288,-105.0059947,1629,Denver
Ruby Hill Park Community Garden,RUB-V-155,RUB,vane,155,Thrips,Insecta,Thysanoptera,,,,Herbivore,July,15-07-2075,18-07-2075,39.68543288,-105.0059947,1629,Denver
Ruby Hill Park Community Garden,RUB-V-156,RUB,vane,156,Thrips,Insecta,Thysanoptera,,,,Herbivore,July,15-07-2075,18-07-2075,39.68543288,-105.0059947,1629,Denver
Ruby Hill Park Community Garden,RUB-V-157,RUB,vane,157,Thrips,Insecta,Thysanoptera,,,,Herbivore,July,15-07-2075,18-07-2075,39.68543288,-105.0059947,1629,Denver
Ruby Hill Park Community Garden,RUB-V-158,RUB,vane,158,Thrips,Insecta,Thysanoptera,,,,Herbivore,July,15-07-2075,18-07-2075,39.68543288,-105.0059947,1629,Denver
Ruby Hill Park Community Garden,RUB-V-159,RUB,vane,159,Thrips,Insecta,Thysanoptera,,,,Herbivore,July,15-07-2075,18-07-2075,39.68543288,-105.0059947,1629,Denver
Ruby Hill Park Community Garden,RUB-V-160,RUB,vane,160,Thrips,Insecta,Thysanoptera,,,,Herbivore,July,15-07-2075,18-07-2075,39.68543288,-105.0059947,1629,Denver
Ruby Hill Park Community Garden,RUB-V-161,RUB,vane,161,Thrips,Insecta,Thysanoptera,,,,Herbivore,July,15-07-2075,18-07-2075,39.68543288,-105.0059947,1629,Denver
Ruby Hill Park Community Garden,RUB-V-162,RUB,vane,162,Thrips,Insecta,Thysanoptera,,,,Herbivore,July,15-07-2075,18-07-2075,39.68543288,-105.0059947,1629,Denver
Ruby Hill Park Community Garden,RUB-V-163,RUB,vane,163,Thrips,Insecta,Thysanoptera,,,,Herbivore,July,15-07-2075,18-07-2075,39.68543288,-105.0059947,1629,Denver
Ruby Hill Park Community Garden,RUB-V-164,RUB,vane,164,Thrips,Insecta,Thysanoptera,,,,Herbivore,July,15-07-2075,18-07-2075,39.68543288,-105.0059947,1629,Denver
Ruby Hill Park Community Garden,RUB-V-165,RUB,vane,165,Thrips,Insecta,Thysanoptera,,,,Herbivore,July,15-07-2075,18-07-2075,39.68543288,-105.0059947,1629,Denver
Ruby Hill Park Community Garden,RUB-V-166,RUB,vane,166,Thrips,Insecta,Thysanoptera,,,,Herbivore,July,15-07-2075,18-07-2075,39.68543288,-105.0059947,1629,Denver
Ruby Hill Park Community Garden,RUB-V-167,RUB,vane,167,Thrips,Insecta,Thysanoptera,,,,Herbivore,July,15-07-2075,18-07-2075,39.68543288,-105.0059947,1629,Denver
Ruby Hill Park Community Garden,RUB-V-168,RUB,vane,168,Thrips,Insecta,Thysanoptera,,,,Herbivore,July,15-07-2075,18-07-2075,39.68543288,-105.0059947,1629,Denver
Ruby Hill Park Community Garden,RUB-V-169,RUB,vane,169,Thrips,Insecta,Thysanoptera,,,,Herbivore,July,15-07-2075,18-07-2075,39.68543288,-105.0059947,1629,Denver
Ruby Hill Park Community Garden,RUB-V-170,RUB,vane,170,Thrips,Insecta,Thysanoptera,,,,Herbivore,July,15-07-2075,18-07-2075,39.68543288,-105.0059947,1629,Denver
Ruby Hill Park Community Garden,RUB-V-171,RUB,vane,171,Thrips,Insecta,Thysanoptera,,,,Herbivore,July,15-07-2075,18-07-2075,39.68543288,-105.0059947,1629,Denver
Ruby Hill Park Community Garden,RUB-V-172,RUB,vane,172,Thrips,Insecta,Thysanoptera,,,,Herbivore,July,15-07-2075,18-07-2075,39.68543288,-105.0059947,1629,Denver
Ruby Hill Park Community Garden,RUB-V-173,RUB,vane,173,Thrips,Insecta,Thysanoptera,,,,Herbivore,July,15-07-2075,18-07-2075,39.68543288,-105.0059947,1629,Denver
Ruby Hill Park Community Garden,RUB-V-174,RUB,vane,174,Thrips,Insecta,Thysanoptera,,,,Herbivore,July,15-07-2075,18-07-2075,39.68543288,-105.0059947,1629,Denver
Ruby Hill Park Community Garden,RUB-V-175,RUB,vane,175,Thrips,Insecta,Thysanoptera,,,,Herbivore,July,15-07-2075,18-07-2075,39.68543288,-105.0059947,1629,Denver
Ruby Hill Park Community Garden,RUB-V-176,RUB,vane,176,Thrips,Insecta,Thysanoptera,,,,Herbivore,July,15-07-2075,18-07-2075,39.68543288,-105.0059947,1629,Denver
Ruby Hill Park Community Garden,RUB-V-177,RUB,vane,177,Thrips,Insecta,Thysanoptera,,,,Herbivore,July,15-07-2075,18-07-2075,39.68543288,-105.0059947,1629,Denver
Ruby Hill Park Community Garden,RUB-V-178,RUB,vane,178,Thrips,Insecta,Thysanoptera,,,,Herbivore,July,15-07-2075,18-07-2075,39.68543288,-105.0059947,1629,Denver
Ruby Hill Park Community Garden,RUB-V-179,RUB,vane,179,Thrips,Insecta,Thysanoptera,,,,Herbivore,July,15-07-2075,18-07-2075,39.68543288,-105.0059947,1629,Denver
Ruby Hill Park Community Garden,RUB-V-180,RUB,vane,180,Thrips,Insecta,Thysanoptera,,,,Herbivore,July,15-07-2075,18-07-2075,39.68543288,-105.0059947,1629,Denver
Ruby Hill Park Community Garden,RUB-V-181,RUB,vane,181,Thrips,Insecta,Thysanoptera,,,,Herbivore,July,15-07-2075,18-07-2075,39.68543288,-105.0059947,1629,Denver
Ruby Hill Park Community Garden,RUB-V-182,RUB,vane,182,Thrips,Insecta,Thysanoptera,,,,Herbivore,July,15-07-2075,18-07-2075,39.68543288,-105.0059947,1629,Denver
Ruby Hill Park Community Garden,RUB-V-183,RUB,vane,183,Thrips,Insecta,Thysanoptera,,,,Herbivore,July,15-07-2075,18-07-2075,39.68543288,-105.0059947,1629,Denver
Ruby Hill Park Community Garden,RUB-V-184,RUB,vane,184,Thrips,Insecta,Thysanoptera,,,,Herbivore,July,15-07-2075,18-07-2075,39.68543288,-105.0059947,1629,Denver
Ruby Hill Park Community Garden,RUB-V-185,RUB,vane,185,Thrips,Insecta,Thysanoptera,,,,Herbivore,July,15-07-2075,18-07-2075,39.68543288,-105.0059947,1629,Denver
Ruby Hill Park Community Garden,RUB-V-186,RUB,vane,186,Thrips,Insecta,Thysanoptera,,,,Herbivore,July,15-07-2075,18-07-2075,39.68543288,-105.0059947,1629,Denver
Ruby Hill Park Community Garden,RUB-V-187,RUB,vane,187,Thrips,Insecta,Thysanoptera,,,,Herbivore,July,15-07-2075,18-07-2075,39.68543288,-105.0059947,1629,Denver
Ruby Hill Park Community Garden,RUB-V-188,RUB,vane,188,Thrips,Insecta,Thysanoptera,,,,Herbivore,July,15-07-2075,18-07-2075,39.68543288,-105.0059947,1629,Denver
Ruby Hill Park Community Garden,RUB-V-189,RUB,vane,189,Thrips,Insecta,Thysanoptera,,,,Herbivore,July,15-07-2075,18-07-2075,39.68543288,-105.0059947,1629,Denver
Ruby Hill Park Community Garden,RUB-V-190,RUB,vane,190,Thrips,Insecta,Thysanoptera,,,,Herbivore,July,15-07-2075,18-07-2075,39.68543288,-105.0059947,1629,Denver
Ruby Hill Park Community Garden,RUB-V-191,RUB,vane,191,Thrips,Insecta,Thysanoptera,,,,Herbivore,July,15-07-2075,18-07-2075,39.68543288,-105.0059947,1629,Denver
Ruby Hill Park Community Garden,RUB-V-192,RUB,vane,192,Thrips,Insecta,Thysanoptera,,,,Herbivore,July,15-07-2075,18-07-2075,39.68543288,-105.0059947,1629,Denver
Ruby Hill Park Community Garden,RUB-V-193,RUB,vane,193,Thrips,Insecta,Thysanoptera,,,,Herbivore,July,15-07-2075,18-07-2075,39.68543288,-105.0059947,1629,Denver
Ruby Hill Park Community Garden,RUB-V-194,RUB,vane,194,Thrips,Insecta,Thysanoptera,,,,Herbivore,July,15-07-2075,18-07-2075,39.68543288,-105.0059947,1629,Denver
Ruby Hill Park Community Garden,RUB-V-195,RUB,vane,195,Thrips,Insecta,Thysanoptera,,,,Herbivore,July,15-07-2075,18-07-2075,39.68543288,-105.0059947,1629,Denver
Ruby Hill Park Community Garden,RUB-V-196,RUB,vane,196,Thrips,Insecta,Thysanoptera,,,,Herbivore,July,15-07-2075,18-07-2075,39.68543288,-105.0059947,1629,Denver
Ruby Hill Park Community Garden,RUB-V-197,RUB,vane,197,Thrips,Insecta,Thysanoptera,,,,Herbivore,July,15-07-2075,18-07-2075,39.68543288,-105.0059947,1629,Denver
Ruby Hill Park Community Garden,RUB-V-198,RUB,vane,198,Thrips,Insecta,Thysanoptera,,,,Herbivore,July,15-07-2075,18-07-2075,39.68543288,-105.0059947,1629,Denver
Ruby Hill Park Community Garden,RUB-V-199,RUB,vane,199,Thrips,Insecta,Thysanoptera,,,,Herbivore,July,15-07-2075,18-07-2075,39.68543288,-105.0059947,1629,Denver
Ruby Hill Park Community Garden,RUB-V-200,RUB,vane,200,Thrips,Insecta,Thysanoptera,,,,Herbivore,July,15-07-2075,18-07-2075,39.68543288,-105.0059947,1629,Denver
Ruby Hill Park Community Garden,RUB-V-201,RUB,vane,201,Thrips,Insecta,Thysanoptera,,,,Herbivore,July,15-07-2075,18-07-2075,39.68543288,-105.0059947,1629,Denver
Ruby Hill Park Community Garden,RUB-V-202,RUB,vane,202,Thrips,Insecta,Thysanoptera,,,,Herbivore,July,15-07-2075,18-07-2075,39.68543288,-105.0059947,1629,Denver
Ruby Hill Park Community Garden,RUB-V-203,RUB,vane,203,Thrips,Insecta,Thysanoptera,,,,Herbivore,July,15-07-2075,18-07-2075,39.68543288,-105.0059947,1629,Denver
Ruby Hill Park Community Garden,RUB-V-204,RUB,vane,204,Thrips,Insecta,Thysanoptera,,,,Herbivore,July,15-07-2075,18-07-2075,39.68543288,-105.0059947,1629,Denver
Ruby Hill Park Community Garden,RUB-V-205,RUB,vane,205,Thrips,Insecta,Thysanoptera,,,,Herbivore,July,15-07-2075,18-07-2075,39.68543288,-105.0059947,1629,Denver
Ruby Hill Park Community Garden,RUB-V-206,RUB,vane,206,Thrips,Insecta,Thysanoptera,,,,Herbivore,July,15-07-2075,18-07-2075,39.68543288,-105.0059947,1629,Denver
Ruby Hill Park Community Garden,RUB-V-207,RUB,vane,207,Thrips,Insecta,Thysanoptera,,,,Herbivore,July,15-07-2075,18-07-2075,39.68543288,-105.0059947,1629,Denver
Ruby Hill Park Community Garden,RUB-V-208,RUB,vane,208,Thrips,Insecta,Thysanoptera,,,,Herbivore,July,15-07-2075,18-07-2075,39.68543288,-105.0059947,1629,Denver
Ruby Hill Park Community Garden,RUB-V-209,RUB,vane,209,Thrips,Insecta,Thysanoptera,,,,Herbivore,July,15-07-2075,18-07-2075,39.68543288,-105.0059947,1629,Denver
Ruby Hill Park Community Garden,RUB-V-210,RUB,vane,210,Thrips,Insecta,Thysanoptera,,,,Herbivore,July,15-07-2075,18-07-2075,39.68543288,-105.0059947,1629,Denver
Ruby Hill Park Community Garden,RUB-V-211,RUB,vane,211,Thrips,Insecta,Thysanoptera,,,,Herbivore,July,15-07-2075,18-07-2075,39.68543288,-105.0059947,1629,Denver
Ruby Hill Park Community Garden,RUB-V-212,RUB,vane,212,Thrips,Insecta,Thysanoptera,,,,Herbivore,July,15-07-2075,18-07-2075,39.68543288,-105.0059947,1629,Denver
Ruby Hill Park Community Garden,RUB-V-213,RUB,vane,213,Thrips,Insecta,Thysanoptera,,,,Herbivore,July,15-07-2075,18-07-2075,39.68543288,-105.0059947,1629,Denver
Ruby Hill Park Community Garden,RUB-V-214,RUB,vane,214,Thrips,Insecta,Thysanoptera,,,,Herbivore,July,15-07-2075,18-07-2075,39.68543288,-105.0059947,1629,Denver
Ruby Hill Park Community Garden,RUB-V-215,RUB,vane,215,Thrips,Insecta,Thysanoptera,,,,Herbivore,July,15-07-2075,18-07-2075,39.68543288,-105.0059947,1629,Denver
Ruby Hill Park Community Garden,RUB-V-216,RUB,vane,216,Thrips,Insecta,Thysanoptera,,,,Herbivore,July,15-07-2075,18-07-2075,39.68543288,-105.0059947,1629,Denver
Ruby Hill Park Community Garden,RUB-V-217,RUB,vane,217,Thrips,Insecta,Thysanoptera,,,,Herbivore,July,15-07-2075,18-07-2075,39.68543288,-105.0059947,1629,Denver
Ruby Hill Park Community Garden,RUB-V-218,RUB,vane,218,Thrips,Insecta,Thysanoptera,,,,Herbivore,July,15-07-2075,18-07-2075,39.68543288,-105.0059947,1629,Denver
Ruby Hill Park Community Garden,RUB-V-219,RUB,vane,219,Thrips,Insecta,Thysanoptera,,,,Herbivore,July,15-07-2075,18-07-2075,39.68543288,-105.0059947,1629,Denver
Ruby Hill Park Community Garden,RUB-V-220,RUB,vane,220,Thrips,Insecta,Thysanoptera,,,,Herbivore,July,15-07-2075,18-07-2075,39.68543288,-105.0059947,1629,Denver
Ruby Hill Park Community Garden,RUB-V-221,RUB,vane,221,Thrips,Insecta,Thysanoptera,,,,Herbivore,July,15-07-2075,18-07-2075,39.68543288,-105.0059947,1629,Denver
Ruby Hill Park Community Garden,RUB-V-222,RUB,vane,222,Thrips,Insecta,Thysanoptera,,,,Herbivore,July,15-07-2075,18-07-2075,39.68543288,-105.0059947,1629,Denver
Ruby Hill Park Community Garden,RUB-V-223,RUB,vane,223,Thrips,Insecta,Thysanoptera,,,,Herbivore,July,15-07-2075,18-07-2075,39.68543288,-105.0059947,1629,Denver
Ruby Hill Park Community Garden,RUB-V-224,RUB,vane,224,Thrips,Insecta,Thysanoptera,,,,Herbivore,July,15-07-2075,18-07-2075,39.68543288,-105.0059947,1629,Denver
Ruby Hill Park Community Garden,RUB-V-225,RUB,vane,225,Thrips,Insecta,Thysanoptera,,,,Herbivore,July,15-07-2075,18-07-2075,39.68543288,-105.0059947,1629,Denver
Ruby Hill Park Community Garden,RUB-V-226,RUB,vane,226,Thrips,Insecta,Thysanoptera,,,,Herbivore,July,15-07-2075,18-07-2075,39.68543288,-105.0059947,1629,Denver
Ruby Hill Park Community Garden,RUB-V-227,RUB,vane,227,Thrips,Insecta,Thysanoptera,,,,Herbivore,July,15-07-2075,18-07-2075,39.68543288,-105.0059947,1629,Denver
Ruby Hill Park Community Garden,RUB-V-228,RUB,vane,228,Thrips,Insecta,Thysanoptera,,,,Herbivore,July,15-07-2075,18-07-2075,39.68543288,-105.0059947,1629,Denver
Ruby Hill Park Community Garden,RUB-V-229,RUB,vane,229,Thrips,Insecta,Thysanoptera,,,,Herbivore,July,15-07-2075,18-07-2075,39.68543288,-105.0059947,1629,Denver
Ruby Hill Park Community Garden,RUB-V-230,RUB,vane,230,Thrips,Insecta,Thysanoptera,,,,Herbivore,July,15-07-2075,18-07-2075,39.68543288,-105.0059947,1629,Denver
Ruby Hill Park Community Garden,RUB-V-231,RUB,vane,231,Thrips,Insecta,Thysanoptera,,,,Herbivore,July,15-07-2075,18-07-2075,39.68543288,-105.0059947,1629,Denver
Ruby Hill Park Community Garden,RUB-V-232,RUB,vane,232,Thrips,Insecta,Thysanoptera,,,,Herbivore,July,15-07-2075,18-07-2075,39.68543288,-105.0059947,1629,Denver
Ruby Hill Park Community Garden,RUB-V-233,RUB,vane,233,Thrips,Insecta,Thysanoptera,,,,Herbivore,July,15-07-2075,18-07-2075,39.68543288,-105.0059947,1629,Denver
Ruby Hill Park Community Garden,RUB-V-234,RUB,vane,234,Thrips,Insecta,Thysanoptera,,,,Herbivore,July,15-07-2075,18-07-2075,39.68543288,-105.0059947,1629,Denver
Ruby Hill Park Community Garden,RUB-V-235,RUB,vane,235,Thrips,Insecta,Thysanoptera,,,,Herbivore,July,15-07-2075,18-07-2075,39.68543288,-105.0059947,1629,Denver
Ruby Hill Park Community Garden,RUB-V-236,RUB,vane,236,Thrips,Insecta,Thysanoptera,,,,Herbivore,July,15-07-2075,18-07-2075,39.68543288,-105.0059947,1629,Denver
Ruby Hill Park Community Garden,RUB-V-237,RUB,vane,237,Thrips,Insecta,Thysanoptera,,,,Herbivore,July,15-07-2075,18-07-2075,39.68543288,-105.0059947,1629,Denver
Ruby Hill Park Community Garden,RUB-V-238,RUB,vane,238,Thrips,Insecta,Thysanoptera,,,,Herbivore,July,15-07-2075,18-07-2075,39.68543288,-105.0059947,1629,Denver
Ruby Hill Park Community Garden,RUB-V-239,RUB,vane,239,Thrips,Insecta,Thysanoptera,,,,Herbivore,July,15-07-2075,18-07-2075,39.68543288,-105.0059947,1629,Denver
Ruby Hill Park Community Garden,RUB-V-240,RUB,vane,240,Thrips,Insecta,Thysanoptera,,,,Herbivore,July,15-07-2075,18-07-2075,39.68543288,-105.0059947,1629,Denver
Ruby Hill Park Community Garden,RUB-V-241,RUB,vane,241,Thrips,Insecta,Thysanoptera,,,,Herbivore,July,15-07-2075,18-07-2075,39.68543288,-105.0059947,1629,Denver
Ruby Hill Park Community Garden,RUB-V-242,RUB,vane,242,Thrips,Insecta,Thysanoptera,,,,Herbivore,July,15-07-2075,18-07-2075,39.68543288,-105.0059947,1629,Denver
Ruby Hill Park Community Garden,RUB-V-243,RUB,vane,243,Thrips,Insecta,Thysanoptera,,,,Herbivore,July,15-07-2075,18-07-2075,39.68543288,-105.0059947,1629,Denver
Ruby Hill Park Community Garden,RUB-V-244,RUB,vane,244,Thrips,Insecta,Thysanoptera,,,,Herbivore,July,15-07-2075,18-07-2075,39.68543288,-105.0059947,1629,Denver
Ruby Hill Park Community Garden,RUB-V-245,RUB,vane,245,Thrips,Insecta,Thysanoptera,,,,Herbivore,July,15-07-2075,18-07-2075,39.68543288,-105.0059947,1629,Denver
Ruby Hill Park Community Garden,RUB-V-246,RUB,vane,246,Thrips,Insecta,Thysanoptera,,,,Herbivore,July,15-07-2075,18-07-2075,39.68543288,-105.0059947,1629,Denver
Ruby Hill Park Community Garden,RUB-V-247,RUB,vane,247,Thrips,Insecta,Thysanoptera,,,,Herbivore,July,15-07-2075,18-07-2075,39.68543288,-105.0059947,1629,Denver
Ruby Hill Park Community Garden,RUB-V-248,RUB,vane,248,Thrips,Insecta,Thysanoptera,,,,Herbivore,July,15-07-2075,18-07-2075,39.68543288,-105.0059947,1629,Denver
Ruby Hill Park Community Garden,RUB-V-249,RUB,vane,249,Thrips,Insecta,Thysanoptera,,,,Herbivore,July,15-07-2075,18-07-2075,39.68543288,-105.0059947,1629,Denver
Ruby Hill Park Community Garden,RUB-V-250,RUB,vane,250,Thrips,Insecta,Thysanoptera,,,,Herbivore,July,15-07-2075,18-07-2075,39.68543288,-105.0059947,1629,Denver
Ruby Hill Park Community Garden,RUB-V-251,RUB,vane,251,Thrips,Insecta,Thysanoptera,,,,Herbivore,July,15-07-2075,18-07-2075,39.68543288,-105.0059947,1629,Denver
Ruby Hill Park Community Garden,RUB-V-252,RUB,vane,252,Thrips,Insecta,Thysanoptera,,,,Herbivore,July,15-07-2075,18-07-2075,39.68543288,-105.0059947,1629,Denver
Ruby Hill Park Community Garden,RUB-V-253,RUB,vane,253,Thrips,Insecta,Thysanoptera,,,,Herbivore,July,15-07-2075,18-07-2075,39.68543288,-105.0059947,1629,Denver
Ruby Hill Park Community Garden,RUB-V-254,RUB,vane,254,Thrips,Insecta,Thysanoptera,,,,Herbivore,July,15-07-2075,18-07-2075,39.68543288,-105.0059947,1629,Denver
Ruby Hill Park Community Garden,RUB-V-255,RUB,vane,255,Thrips,Insecta,Thysanoptera,,,,Herbivore,July,15-07-2075,18-07-2075,39.68543288,-105.0059947,1629,Denver
Ruby Hill Park Community Garden,RUB-V-256,RUB,vane,256,Thrips,Insecta,Thysanoptera,,,,Herbivore,July,15-07-2075,18-07-2075,39.68543288,-105.0059947,1629,Denver
Ruby Hill Park Community Garden,RUB-V-257,RUB,vane,257,Thrips,Insecta,Thysanoptera,,,,Herbivore,July,15-07-2075,18-07-2075,39.68543288,-105.0059947,1629,Denver
Ruby Hill Park Community Garden,RUB-V-258,RUB,vane,258,Thrips,Insecta,Thysanoptera,,,,Herbivore,July,15-07-2075,18-07-2075,39.68543288,-105.0059947,1629,Denver
Ruby Hill Park Community Garden,RUB-V-259,RUB,vane,259,Thrips,Insecta,Thysanoptera,,,,Herbivore,July,15-07-2075,18-07-2075,39.68543288,-105.0059947,1629,Denver
Ruby Hill Park Community Garden,RUB-V-260,RUB,vane,260,Thrips,Insecta,Thysanoptera,,,,Herbivore,July,15-07-2075,18-07-2075,39.68543288,-105.0059947,1629,Denver
Ruby Hill Park Community Garden,RUB-V-261,RUB,vane,261,Thrips,Insecta,Thysanoptera,,,,Herbivore,July,15-07-2075,18-07-2075,39.68543288,-105.0059947,1629,Denver
Ruby Hill Park Community Garden,RUB-V-262,RUB,vane,262,Thrips,Insecta,Thysanoptera,,,,Herbivore,July,15-07-2075,18-07-2075,39.68543288,-105.0059947,1629,Denver
Ruby Hill Park Community Garden,RUB-V-263,RUB,vane,263,Thrips,Insecta,Thysanoptera,,,,Herbivore,July,15-07-2075,18-07-2075,39.68543288,-105.0059947,1629,Denver
Ruby Hill Park Community Garden,RUB-V-264,RUB,vane,264,Thrips,Insecta,Thysanoptera,,,,Herbivore,July,15-07-2075,18-07-2075,39.68543288,-105.0059947,1629,Denver
Ruby Hill Park Community Garden,RUB-V-265,RUB,vane,265,Thrips,Insecta,Thysanoptera,,,,Herbivore,July,15-07-2075,18-07-2075,39.68543288,-105.0059947,1629,Denver
Ruby Hill Park Community Garden,RUB-V-266,RUB,vane,266,Thrips,Insecta,Thysanoptera,,,,Herbivore,July,15-07-2075,18-07-2075,39.68543288,-105.0059947,1629,Denver
Ruby Hill Park Community Garden,RUB-V-267,RUB,vane,267,Thrips,Insecta,Thysanoptera,,,,Herbivore,July,15-07-2075,18-07-2075,39.68543288,-105.0059947,1629,Denver
Ruby Hill Park Community Garden,RUB-V-268,RUB,vane,268,Thrips,Insecta,Thysanoptera,,,,Herbivore,July,15-07-2075,18-07-2075,39.68543288,-105.0059947,1629,Denver
Ruby Hill Park Community Garden,RUB-V-269,RUB,vane,269,Thrips,Insecta,Thysanoptera,,,,Herbivore,July,15-07-2075,18-07-2075,39.68543288,-105.0059947,1629,Denver
Ruby Hill Park Community Garden,RUB-V-270,RUB,vane,270,Thrips,Insecta,Thysanoptera,,,,Herbivore,July,15-07-2075,18-07-2075,39.68543288,-105.0059947,1629,Denver
Ruby Hill Park Community Garden,RUB-V-271,RUB,vane,271,Thrips,Insecta,Thysanoptera,,,,Herbivore,July,15-07-2075,18-07-2075,39.68543288,-105.0059947,1629,Denver
Ruby Hill Park Community Garden,RUB-V-272,RUB,vane,272,Thrips,Insecta,Thysanoptera,,,,Herbivore,July,15-07-2075,18-07-2075,39.68543288,-105.0059947,1629,Denver
Ruby Hill Park Community Garden,RUB-V-273,RUB,vane,273,Thrips,Insecta,Thysanoptera,,,,Herbivore,July,15-07-2075,18-07-2075,39.68543288,-105.0059947,1629,Denver
Ruby Hill Park Community Garden,RUB-V-274,RUB,vane,274,Thrips,Insecta,Thysanoptera,,,,Herbivore,July,15-07-2075,18-07-2075,39.68543288,-105.0059947,1629,Denver
Ruby Hill Park Community Garden,RUB-V-275,RUB,vane,275,Thrips,Insecta,Thysanoptera,,,,Herbivore,July,15-07-2075,18-07-2075,39.68543288,-105.0059947,1629,Denver
Ruby Hill Park Community Garden,RUB-V-276,RUB,vane,276,Thrips,Insecta,Thysanoptera,,,,Herbivore,July,15-07-2075,18-07-2075,39.68543288,-105.0059947,1629,Denver
Ruby Hill Park Community Garden,RUB-V-277,RUB,vane,277,Thrips,Insecta,Thysanoptera,,,,Herbivore,July,15-07-2075,18-07-2075,39.68543288,-105.0059947,1629,Denver
Ruby Hill Park Community Garden,RUB-V-278,RUB,vane,278,Thrips,Insecta,Thysanoptera,,,,Herbivore,July,15-07-2075,18-07-2075,39.68543288,-105.0059947,1629,Denver
Ruby Hill Park Community Garden,RUB-V-279,RUB,vane,279,Thrips,Insecta,Thysanoptera,,,,Herbivore,July,15-07-2075,18-07-2075,39.68543288,-105.0059947,1629,Denver
Ruby Hill Park Community Garden,RUB-V-280,RUB,vane,280,Thrips,Insecta,Thysanoptera,,,,Herbivore,July,15-07-2075,18-07-2075,39.68543288,-105.0059947,1629,Denver
Ruby Hill Park Community Garden,RUB-V-281,RUB,vane,281,Thrips,Insecta,Thysanoptera,,,,Herbivore,July,15-07-2075,18-07-2075,39.68543288,-105.0059947,1629,Denver
Ruby Hill Park Community Garden,RUB-V-282,RUB,vane,282,Thrips,Insecta,Thysanoptera,,,,Herbivore,July,15-07-2075,18-07-2075,39.68543288,-105.0059947,1629,Denver
Ruby Hill Park Community Garden,RUB-V-283,RUB,vane,283,Thrips,Insecta,Thysanoptera,,,,Herbivore,July,15-07-2075,18-07-2075,39.68543288,-105.0059947,1629,Denver
Ruby Hill Park Community Garden,RUB-V-284,RUB,vane,284,Thrips,Insecta,Thysanoptera,,,,Herbivore,July,15-07-2075,18-07-2075,39.68543288,-105.0059947,1629,Denver
Ruby Hill Park Community Garden,RUB-V-285,RUB,vane,285,Thrips,Insecta,Thysanoptera,,,,Herbivore,July,15-07-2075,18-07-2075,39.68543288,-105.0059947,1629,Denver
Ruby Hill Park Community Garden,RUB-V-286,RUB,vane,286,Thrips,Insecta,Thysanoptera,,,,Herbivore,July,15-07-2075,18-07-2075,39.68543288,-105.0059947,1629,Denver
Ruby Hill Park Community Garden,RUB-V-287,RUB,vane,287,Thrips,Insecta,Thysanoptera,,,,Herbivore,July,15-07-2075,18-07-2075,39.68543288,-105.0059947,1629,Denver
Ruby Hill Park Community Garden,RUB-V-288,RUB,vane,288,Thrips,Insecta,Thysanoptera,,,,Herbivore,July,15-07-2075,18-07-2075,39.68543288,-105.0059947,1629,Denver
Ruby Hill Park Community Garden,RUB-V-289,RUB,vane,289,Thrips,Insecta,Thysanoptera,,,,Herbivore,July,15-07-2075,18-07-2075,39.68543288,-105.0059947,1629,Denver
Ruby Hill Park Community Garden,RUB-V-290,RUB,vane,290,Thrips,Insecta,Thysanoptera,,,,Herbivore,July,15-07-2075,18-07-2075,39.68543288,-105.0059947,1629,Denver
Ruby Hill Park Community Garden,RUB-V-291,RUB,vane,291,Thrips,Insecta,Thysanoptera,,,,Herbivore,July,15-07-2075,18-07-2075,39.68543288,-105.0059947,1629,Denver
Ruby Hill Park Community Garden,RUB-V-292,RUB,vane,292,Thrips,Insecta,Thysanoptera,,,,Herbivore,July,15-07-2075,18-07-2075,39.68543288,-105.0059947,1629,Denver
Ruby Hill Park Community Garden,RUB-V-293,RUB,vane,293,Thrips,Insecta,Thysanoptera,,,,Herbivore,July,15-07-2075,18-07-2075,39.68543288,-105.0059947,1629,Denver
Ruby Hill Park Community Garden,RUB-V-294,RUB,vane,294,Thrips,Insecta,Thysanoptera,,,,Herbivore,July,15-07-2075,18-07-2075,39.68543288,-105.0059947,1629,Denver
Ruby Hill Park Community Garden,RUB-V-295,RUB,vane,295,Thrips,Insecta,Thysanoptera,,,,Herbivore,July,15-07-2075,18-07-2075,39.68543288,-105.0059947,1629,Denver
Ruby Hill Park Community Garden,RUB-V-296,RUB,vane,296,Thrips,Insecta,Thysanoptera,,,,Herbivore,July,15-07-2075,18-07-2075,39.68543288,-105.0059947,1629,Denver
Ruby Hill Park Community Garden,RUB-V-297,RUB,vane,297,Thrips,Insecta,Thysanoptera,,,,Herbivore,July,15-07-2075,18-07-2075,39.68543288,-105.0059947,1629,Denver
Ruby Hill Park Community Garden,RUB-V-298,RUB,vane,298,Thrips,Insecta,Thysanoptera,,,,Herbivore,July,15-07-2075,18-07-2075,39.68543288,-105.0059947,1629,Denver
Ruby Hill Park Community Garden,RUB-V-299,RUB,vane,299,Thrips,Insecta,Thysanoptera,,,,Herbivore,July,15-07-2075,18-07-2075,39.68543288,-105.0059947,1629,Denver
Ruby Hill Park Community Garden,RUB-V-300,RUB,vane,300,Thrips,Insecta,Thysanoptera,,,,Herbivore,July,15-07-2075,18-07-2075,39.68543288,-105.0059947,1629,Denver
Ruby Hill Park Community Garden,RUB-V-301,RUB,vane,301,Thrips,Insecta,Thysanoptera,,,,Herbivore,July,15-07-2075,18-07-2075,39.68543288,-105.0059947,1629,Denver
Ruby Hill Park Community Garden,RUB-V-302,RUB,vane,302,Thrips,Insecta,Thysanoptera,,,,Herbivore,July,15-07-2075,18-07-2075,39.68543288,-105.0059947,1629,Denver
Ruby Hill Park Community Garden,RUB-V-303,RUB,vane,303,Thrips,Insecta,Thysanoptera,,,,Herbivore,July,15-07-2075,18-07-2075,39.68543288,-105.0059947,1629,Denver
Ruby Hill Park Community Garden,RUB-V-304,RUB,vane,304,Thrips,Insecta,Thysanoptera,,,,Herbivore,July,15-07-2075,18-07-2075,39.68543288,-105.0059947,1629,Denver
Ruby Hill Park Community Garden,RUB-V-305,RUB,vane,305,Thrips,Insecta,Thysanoptera,,,,Herbivore,July,15-07-2075,18-07-2075,39.68543288,-105.0059947,1629,Denver
Ruby Hill Park Community Garden,RUB-V-306,RUB,vane,306,Thrips,Insecta,Thysanoptera,,,,Herbivore,July,15-07-2075,18-07-2075,39.68543288,-105.0059947,1629,Denver
Ruby Hill Park Community Garden,RUB-V-307,RUB,vane,307,Thrips,Insecta,Thysanoptera,,,,Herbivore,July,15-07-2075,18-07-2075,39.68543288,-105.0059947,1629,Denver
Ruby Hill Park Community Garden,RUB-V-308,RUB,vane,308,Thrips,Insecta,Thysanoptera,,,,Herbivore,July,15-07-2075,18-07-2075,39.68543288,-105.0059947,1629,Denver
Ruby Hill Park Community Garden,RUB-V-309,RUB,vane,309,Thrips,Insecta,Thysanoptera,,,,Herbivore,July,15-07-2075,18-07-2075,39.68543288,-105.0059947,1629,Denver
Ruby Hill Park Community Garden,RUB-V-310,RUB,vane,310,Thrips,Insecta,Thysanoptera,,,,Herbivore,July,15-07-2075,18-07-2075,39.68543288,-105.0059947,1629,Denver
Ruby Hill Park Community Garden,RUB-V-311,RUB,vane,311,Thrips,Insecta,Thysanoptera,,,,Herbivore,July,15-07-2075,18-07-2075,39.68543288,-105.0059947,1629,Denver
Ruby Hill Park Community Garden,RUB-V-312,RUB,vane,312,Thrips,Insecta,Thysanoptera,,,,Herbivore,July,15-07-2075,18-07-2075,39.68543288,-105.0059947,1629,Denver
Ruby Hill Park Community Garden,RUB-V-313,RUB,vane,313,Thrips,Insecta,Thysanoptera,,,,Herbivore,July,15-07-2075,18-07-2075,39.68543288,-105.0059947,1629,Denver
Ruby Hill Park Community Garden,RUB-V-314,RUB,vane,314,Thrips,Insecta,Thysanoptera,,,,Herbivore,July,15-07-2075,18-07-2075,39.68543288,-105.0059947,1629,Denver
Ruby Hill Park Community Garden,RUB-V-315,RUB,vane,315,Thrips,Insecta,Thysanoptera,,,,Herbivore,July,15-07-2075,18-07-2075,39.68543288,-105.0059947,1629,Denver
Ruby Hill Park Community Garden,RUB-V-316,RUB,vane,316,Thrips,Insecta,Thysanoptera,,,,Herbivore,July,15-07-2075,18-07-2075,39.68543288,-105.0059947,1629,Denver
Ruby Hill Park Community Garden,RUB-V-317,RUB,vane,317,Thrips,Insecta,Thysanoptera,,,,Herbivore,July,15-07-2075,18-07-2075,39.68543288,-105.0059947,1629,Denver
Ruby Hill Park Community Garden,RUB-V-318,RUB,vane,318,Thrips,Insecta,Thysanoptera,,,,Herbivore,July,15-07-2075,18-07-2075,39.68543288,-105.0059947,1629,Denver
Ruby Hill Park Community Garden,RUB-V-319,RUB,vane,319,Thrips,Insecta,Thysanoptera,,,,Herbivore,July,15-07-2075,18-07-2075,39.68543288,-105.0059947,1629,Denver
Ruby Hill Park Community Garden,RUB-V-320,RUB,vane,320,Thrips,Insecta,Thysanoptera,,,,Herbivore,July,15-07-2075,18-07-2075,39.68543288,-105.0059947,1629,Denver
Ruby Hill Park Community Garden,RUB-V-321,RUB,vane,321,Thrips,Insecta,Thysanoptera,,,,Herbivore,July,15-07-2075,18-07-2075,39.68543288,-105.0059947,1629,Denver
Ruby Hill Park Community Garden,RUB-V-322,RUB,vane,322,Thrips,Insecta,Thysanoptera,,,,Herbivore,July,15-07-2075,18-07-2075,39.68543288,-105.0059947,1629,Denver
Ruby Hill Park Community Garden,RUB-V-323,RUB,vane,323,Thrips,Insecta,Thysanoptera,,,,Herbivore,July,15-07-2075,18-07-2075,39.68543288,-105.0059947,1629,Denver
Ruby Hill Park Community Garden,RUB-V-324,RUB,vane,324,Thrips,Insecta,Thysanoptera,,,,Herbivore,July,15-07-2075,18-07-2075,39.68543288,-105.0059947,1629,Denver
Ruby Hill Park Community Garden,RUB-V-325,RUB,vane,325,Thrips,Insecta,Thysanoptera,,,,Herbivore,July,15-07-2075,18-07-2075,39.68543288,-105.0059947,1629,Denver
Ruby Hill Park Community Garden,RUB-V-326,RUB,vane,326,Thrips,Insecta,Thysanoptera,,,,Herbivore,July,15-07-2075,18-07-2075,39.68543288,-105.0059947,1629,Denver
Ruby Hill Park Community Garden,RUB-V-327,RUB,vane,327,Thrips,Insecta,Thysanoptera,,,,Herbivore,July,15-07-2075,18-07-2075,39.68543288,-105.0059947,1629,Denver
Ruby Hill Park Community Garden,RUB-V-328,RUB,vane,328,Thrips,Insecta,Thysanoptera,,,,Herbivore,July,15-07-2075,18-07-2075,39.68543288,-105.0059947,1629,Denver
Ruby Hill Park Community Garden,RUB-V-329,RUB,vane,329,Thrips,Insecta,Thysanoptera,,,,Herbivore,July,15-07-2075,18-07-2075,39.68543288,-105.0059947,1629,Denver
Ruby Hill Park Community Garden,RUB-V-330,RUB,vane,330,Thrips,Insecta,Thysanoptera,,,,Herbivore,July,15-07-2075,18-07-2075,39.68543288,-105.0059947,1629,Denver
Ruby Hill Park Community Garden,RUB-V-331,RUB,vane,331,Thrips,Insecta,Thysanoptera,,,,Herbivore,July,15-07-2075,18-07-2075,39.68543288,-105.0059947,1629,Denver
Ruby Hill Park Community Garden,RUB-V-332,RUB,vane,332,Thrips,Insecta,Thysanoptera,,,,Herbivore,July,15-07-2075,18-07-2075,39.68543288,-105.0059947,1629,Denver
Ruby Hill Park Community Garden,RUB-V-333,RUB,vane,333,Thrips,Insecta,Thysanoptera,,,,Herbivore,July,15-07-2075,18-07-2075,39.68543288,-105.0059947,1629,Denver
Ruby Hill Park Community Garden,RUB-V-334,RUB,vane,334,Thrips,Insecta,Thysanoptera,,,,Herbivore,July,15-07-2075,18-07-2075,39.68543288,-105.0059947,1629,Denver
Ruby Hill Park Community Garden,RUB-V-335,RUB,vane,335,Thrips,Insecta,Thysanoptera,,,,Herbivore,July,15-07-2075,18-07-2075,39.68543288,-105.0059947,1629,Denver
Ruby Hill Park Community Garden,RUB-V-336,RUB,vane,336,Thrips,Insecta,Thysanoptera,,,,Herbivore,July,15-07-2075,18-07-2075,39.68543288,-105.0059947,1629,Denver
Ruby Hill Park Community Garden,RUB-V-337,RUB,vane,337,Thrips,Insecta,Thysanoptera,,,,Herbivore,July,15-07-2075,18-07-2075,39.68543288,-105.0059947,1629,Denver
Ruby Hill Park Community Garden,RUB-V-338,RUB,vane,338,Thrips,Insecta,Thysanoptera,,,,Herbivore,July,15-07-2075,18-07-2075,39.68543288,-105.0059947,1629,Denver
Ruby Hill Park Community Garden,RUB-V-339,RUB,vane,339,Thrips,Insecta,Thysanoptera,,,,Herbivore,July,15-07-2075,18-07-2075,39.68543288,-105.0059947,1629,Denver
Ruby Hill Park Community Garden,RUB-V-340,RUB,vane,340,Thrips,Insecta,Thysanoptera,,,,Herbivore,July,15-07-2075,18-07-2075,39.68543288,-105.0059947,1629,Denver
Ruby Hill Park Community Garden,RUB-V-341,RUB,vane,341,Thrips,Insecta,Thysanoptera,,,,Herbivore,July,15-07-2075,18-07-2075,39.68543288,-105.0059947,1629,Denver
Ruby Hill Park Community Garden,RUB-V-342,RUB,vane,342,Thrips,Insecta,Thysanoptera,,,,Herbivore,July,15-07-2075,18-07-2075,39.68543288,-105.0059947,1629,Denver
Ruby Hill Park Community Garden,RUB-V-343,RUB,vane,343,Thrips,Insecta,Thysanoptera,,,,Herbivore,July,15-07-2075,18-07-2075,39.68543288,-105.0059947,1629,Denver
Ruby Hill Park Community Garden,RUB-V-344,RUB,vane,344,Thrips,Insecta,Thysanoptera,,,,Herbivore,July,15-07-2075,18-07-2075,39.68543288,-105.0059947,1629,Denver
Ruby Hill Park Community Garden,RUB-V-345,RUB,vane,345,Thrips,Insecta,Thysanoptera,,,,Herbivore,July,15-07-2075,18-07-2075,39.68543288,-105.0059947,1629,Denver
Ruby Hill Park Community Garden,RUB-V-346,RUB,vane,346,Thrips,Insecta,Thysanoptera,,,,Herbivore,July,15-07-2075,18-07-2075,39.68543288,-105.0059947,1629,Denver
Ruby Hill Park Community Garden,RUB-V-347,RUB,vane,347,Thrips,Insecta,Thysanoptera,,,,Herbivore,July,15-07-2075,18-07-2075,39.68543288,-105.0059947,1629,Denver
Ruby Hill Park Community Garden,RUB-V-348,RUB,vane,348,Thrips,Insecta,Thysanoptera,,,,Herbivore,July,15-07-2075,18-07-2075,39.68543288,-105.0059947,1629,Denver
Ruby Hill Park Community Garden,RUB-V-349,RUB,vane,349,Thrips,Insecta,Thysanoptera,,,,Herbivore,July,15-07-2075,18-07-2075,39.68543288,-105.0059947,1629,Denver
Ruby Hill Park Community Garden,RUB-V-350,RUB,vane,350,Thrips,Insecta,Thysanoptera,,,,Herbivore,July,15-07-2075,18-07-2075,39.68543288,-105.0059947,1629,Denver
Ruby Hill Park Community Garden,RUB-V-351,RUB,vane,351,Thrips,Insecta,Thysanoptera,,,,Herbivore,July,15-07-2075,18-07-2075,39.68543288,-105.0059947,1629,Denver
Ruby Hill Park Community Garden,RUB-V-352,RUB,vane,352,Thrips,Insecta,Thysanoptera,,,,Herbivore,July,15-07-2075,18-07-2075,39.68543288,-105.0059947,1629,Denver
Ruby Hill Park Community Garden,RUB-V-353,RUB,vane,353,Thrips,Insecta,Thysanoptera,,,,Herbivore,July,15-07-2075,18-07-2075,39.68543288,-105.0059947,1629,Denver
Ruby Hill Park Community Garden,RUB-V-354,RUB,vane,354,Thrips,Insecta,Thysanoptera,,,,Herbivore,July,15-07-2075,18-07-2075,39.68543288,-105.0059947,1629,Denver
Ruby Hill Park Community Garden,RUB-V-355,RUB,vane,355,Thrips,Insecta,Thysanoptera,,,,Herbivore,July,15-07-2075,18-07-2075,39.68543288,-105.0059947,1629,Denver
Ruby Hill Park Community Garden,RUB-V-356,RUB,vane,356,Thrips,Insecta,Thysanoptera,,,,Herbivore,July,15-07-2075,18-07-2075,39.68543288,-105.0059947,1629,Denver
Ruby Hill Park Community Garden,RUB-V-357,RUB,vane,357,Thrips,Insecta,Thysanoptera,,,,Herbivore,July,15-07-2075,18-07-2075,39.68543288,-105.0059947,1629,Denver
Ruby Hill Park Community Garden,RUB-V-358,RUB,vane,358,Thrips,Insecta,Thysanoptera,,,,Herbivore,July,15-07-2075,18-07-2075,39.68543288,-105.0059947,1629,Denver
Ruby Hill Park Community Garden,RUB-V-359,RUB,vane,359,Thrips,Insecta,Thysanoptera,,,,Herbivore,July,15-07-2075,18-07-2075,39.68543288,-105.0059947,1629,Denver
Ruby Hill Park Community Garden,RUB-V-360,RUB,vane,360,Thrips,Insecta,Thysanoptera,,,,Herbivore,July,15-07-2075,18-07-2075,39.68543288,-105.0059947,1629,Denver
Ruby Hill Park Community Garden,RUB-V-361,RUB,vane,361,Thrips,Insecta,Thysanoptera,,,,Herbivore,July,15-07-2075,18-07-2075,39.68543288,-105.0059947,1629,Denver
Ruby Hill Park Community Garden,RUB-V-362,RUB,vane,362,Thrips,Insecta,Thysanoptera,,,,Herbivore,July,15-07-2075,18-07-2075,39.68543288,-105.0059947,1629,Denver
Ruby Hill Park Community Garden,RUB-V-363,RUB,vane,363,Thrips,Insecta,Thysanoptera,,,,Herbivore,July,15-07-2075,18-07-2075,39.68543288,-105.0059947,1629,Denver
Ruby Hill Park Community Garden,RUB-V-364,RUB,vane,364,Thrips,Insecta,Thysanoptera,,,,Herbivore,July,15-07-2075,18-07-2075,39.68543288,-105.0059947,1629,Denver
Ruby Hill Park Community Garden,RUB-V-365,RUB,vane,365,Thrips,Insecta,Thysanoptera,,,,Herbivore,July,15-07-2075,18-07-2075,39.68543288,-105.0059947,1629,Denver
Ruby Hill Park Community Garden,RUB-V-366,RUB,vane,366,Thrips,Insecta,Thysanoptera,,,,Herbivore,July,15-07-2075,18-07-2075,39.68543288,-105.0059947,1629,Denver
Ruby Hill Park Community Garden,RUB-V-367,RUB,vane,367,Thrips,Insecta,Thysanoptera,,,,Herbivore,July,15-07-2075,18-07-2075,39.68543288,-105.0059947,1629,Denver
Ruby Hill Park Community Garden,RUB-V-368,RUB,vane,368,Thrips,Insecta,Thysanoptera,,,,Herbivore,July,15-07-2075,18-07-2075,39.68543288,-105.0059947,1629,Denver
Ruby Hill Park Community Garden,RUB-V-369,RUB,vane,369,Thrips,Insecta,Thysanoptera,,,,Herbivore,July,15-07-2075,18-07-2075,39.68543288,-105.0059947,1629,Denver
Ruby Hill Park Community Garden,RUB-V-370,RUB,vane,370,Thrips,Insecta,Thysanoptera,,,,Herbivore,July,15-07-2075,18-07-2075,39.68543288,-105.0059947,1629,Denver
Ruby Hill Park Community Garden,RUB-V-371,RUB,vane,371,Thrips,Insecta,Thysanoptera,,,,Herbivore,July,15-07-2075,18-07-2075,39.68543288,-105.0059947,1629,Denver
Ruby Hill Park Community Garden,RUB-V-372,RUB,vane,372,Thrips,Insecta,Thysanoptera,,,,Herbivore,July,15-07-2075,18-07-2075,39.68543288,-105.0059947,1629,Denver
Ruby Hill Park Community Garden,RUB-V-373,RUB,vane,373,Thrips,Insecta,Thysanoptera,,,,Herbivore,July,15-07-2075,18-07-2075,39.68543288,-105.0059947,1629,Denver
Ruby Hill Park Community Garden,RUB-V-374,RUB,vane,374,Thrips,Insecta,Thysanoptera,,,,Herbivore,July,15-07-2075,18-07-2075,39.68543288,-105.0059947,1629,Denver
Ruby Hill Park Community Garden,RUB-V-375,RUB,vane,375,Thrips,Insecta,Thysanoptera,,,,Herbivore,July,15-07-2075,18-07-2075,39.68543288,-105.0059947,1629,Denver
Ruby Hill Park Community Garden,RUB-V-376,RUB,vane,376,Thrips,Insecta,Thysanoptera,,,,Herbivore,July,15-07-2075,18-07-2075,39.68543288,-105.0059947,1629,Denver
Ruby Hill Park Community Garden,RUB-V-377,RUB,vane,377,Thrips,Insecta,Thysanoptera,,,,Herbivore,July,15-07-2075,18-07-2075,39.68543288,-105.0059947,1629,Denver
Ruby Hill Park Community Garden,RUB-V-378,RUB,vane,378,Thrips,Insecta,Thysanoptera,,,,Herbivore,July,15-07-2075,18-07-2075,39.68543288,-105.0059947,1629,Denver
Ruby Hill Park Community Garden,RUB-V-379,RUB,vane,379,Thrips,Insecta,Thysanoptera,,,,Herbivore,July,15-07-2075,18-07-2075,39.68543288,-105.0059947,1629,Denver
Ruby Hill Park Community Garden,RUB-V-380,RUB,vane,380,Thrips,Insecta,Thysanoptera,,,,Herbivore,July,15-07-2075,18-07-2075,39.68543288,-105.0059947,1629,Denver
Ruby Hill Park Community Garden,RUB-V-381,RUB,vane,381,Thrips,Insecta,Thysanoptera,,,,Herbivore,July,15-07-2075,18-07-2075,39.68543288,-105.0059947,1629,Denver
Ruby Hill Park Community Garden,RUB-V-382,RUB,vane,382,Thrips,Insecta,Thysanoptera,,,,Herbivore,July,15-07-2075,18-07-2075,39.68543288,-105.0059947,1629,Denver
Ruby Hill Park Community Garden,RUB-V-383,RUB,vane,383,Thrips,Insecta,Thysanoptera,,,,Herbivore,July,15-07-2075,18-07-2075,39.68543288,-105.0059947,1629,Denver
Ruby Hill Park Community Garden,RUB-V-384,RUB,vane,384,Thrips,Insecta,Thysanoptera,,,,Herbivore,July,15-07-2075,18-07-2075,39.68543288,-105.0059947,1629,Denver
Ruby Hill Park Community Garden,RUB-V-385,RUB,vane,385,Thrips,Insecta,Thysanoptera,,,,Herbivore,July,15-07-2075,18-07-2075,39.68543288,-105.0059947,1629,Denver
Ruby Hill Park Community Garden,RUB-V-386,RUB,vane,386,Thrips,Insecta,Thysanoptera,,,,Herbivore,July,15-07-2075,18-07-2075,39.68543288,-105.0059947,1629,Denver
Ruby Hill Park Community Garden,RUB-V-387,RUB,vane,387,Thrips,Insecta,Thysanoptera,,,,Herbivore,July,15-07-2075,18-07-2075,39.68543288,-105.0059947,1629,Denver
Ruby Hill Park Community Garden,RUB-V-388,RUB,vane,388,Thrips,Insecta,Thysanoptera,,,,Herbivore,July,15-07-2075,18-07-2075,39.68543288,-105.0059947,1629,Denver
Ruby Hill Park Community Garden,RUB-V-389,RUB,vane,389,Thrips,Insecta,Thysanoptera,,,,Herbivore,July,15-07-2075,18-07-2075,39.68543288,-105.0059947,1629,Denver
Ruby Hill Park Community Garden,RUB-V-390,RUB,vane,390,Thrips,Insecta,Thysanoptera,,,,Herbivore,July,15-07-2075,18-07-2075,39.68543288,-105.0059947,1629,Denver
Ruby Hill Park Community Garden,RUB-V-391,RUB,vane,391,Thrips,Insecta,Thysanoptera,,,,Herbivore,July,15-07-2075,18-07-2075,39.68543288,-105.0059947,1629,Denver
Ruby Hill Park Community Garden,RUB-V-392,RUB,vane,392,minute pirate bugs,Insecta,Hemiptera,Anthocoridae,Orius,,Predator,July,15-07-2049,18-07-2049,39.68543288,-105.0059947,1629,Denver
Ruby Hill Park Community Garden,RUB-V-393,RUB,vane,393,bumblebee,Insecta,Hymenoptera,Apidae,Bombus,,Pollinator,July,15-07-2049,18-07-2049,39.68543288,-105.0059947,1629,Denver
Ruby Hill Park Community Garden,RUB-V-394,RUB,vane,394,bumblebee,Insecta,Hymenoptera,Apidae,Bombus,,Pollinator,July,15-07-2049,18-07-2049,39.68543288,-105.0059947,1629,Denver
Ruby Hill Park Community Garden,RUB-V-395,RUB,vane,395,black longhorn,Insecta,Hymenoptera,Apidae,Melissodes,bimaculatus,Pollinator,July,15-07-2049,18-07-2049,39.68543288,-105.0059947,1629,Denver
Ruby Hill Park Community Garden,RUB-V-396,RUB,vane,396,black longhorn,Insecta,Hymenoptera,Apidae,Melissodes,bimaculatus,Pollinator,July,15-07-2049,18-07-2049,39.68543288,-105.0059947,1629,Denver
Ruby Hill Park Community Garden,RUB-V-397,RUB,vane,397,black longhorn,Insecta,Hymenoptera,Apidae,Melissodes,bimaculatus,Pollinator,July,15-07-2049,18-07-2049,39.68543288,-105.0059947,1629,Denver
Ruby Hill Park Community Garden,RUB-V-398,RUB,vane,398,squashbee,Insecta,Hymenoptera,Apidae,Eucera,pruinosa,Pollinator,July,15-07-2049,18-07-2049,39.68543288,-105.0059947,1629,Denver
Ruby Hill Park Community Garden,RUB-V-399,RUB,vane,399,squashbee,Insecta,Hymenoptera,Apidae,Eucera,pruinosa,Pollinator,July,15-07-2049,18-07-2049,39.68543288,-105.0059947,1629,Denver
Ruby Hill Park Community Garden,RUB-V-400,RUB,vane,400,squashbee,Insecta,Hymenoptera,Apidae,Eucera,pruinosa,Pollinator,July,15-07-2049,18-07-2049,39.68543288,-105.0059947,1629,Denver
Ruby Hill Park Community Garden,RUB-V-401,RUB,vane,401,squashbee,Insecta,Hymenoptera,Apidae,Eucera,pruinosa,Pollinator,July,15-07-2049,18-07-2049,39.68543288,-105.0059947,1629,Denver
Ruby Hill Park Community Garden,RUB-V-402,RUB,vane,402,squashbee,Insecta,Hymenoptera,Apidae,Eucera,pruinosa,Pollinator,July,15-07-2049,18-07-2049,39.68543288,-105.0059947,1629,Denver
Ruby Hill Park Community Garden,RUB-V-403,RUB,vane,403,squashbee,Insecta,Hymenoptera,Apidae,Eucera,pruinosa,Pollinator,July,15-07-2049,18-07-2049,39.68543288,-105.0059947,1629,Denver
Ruby Hill Park Community Garden,RUB-V-404,RUB,vane,404,squashbee,Insecta,Hymenoptera,Apidae,Eucera,pruinosa,Pollinator,July,15-07-2049,18-07-2049,39.68543288,-105.0059947,1629,Denver
Ruby Hill Park Community Garden,RUB-V-405,RUB,vane,405,squashbee,Insecta,Hymenoptera,Apidae,Eucera,pruinosa,Pollinator,July,15-07-2049,18-07-2049,39.68543288,-105.0059947,1629,Denver
Ruby Hill Park Community Garden,RUB-V-406,RUB,vane,406,squashbee,Insecta,Hymenoptera,Apidae,Eucera,pruinosa,Pollinator,July,15-07-2049,18-07-2049,39.68543288,-105.0059947,1629,Denver
Ruby Hill Park Community Garden,RUB-V-407,RUB,vane,407,longhorn bee,Insecta,Hymenoptera,Apidae,,,Pollinator,July,15-07-2049,18-07-2049,39.68543288,-105.0059947,1629,Denver
Ruby Hill Park Community Garden,RUB-V-408,RUB,vane,408,longhorn bee,Insecta,Hymenoptera,Apidae,,,Pollinator,July,15-07-2049,18-07-2049,39.68543288,-105.0059947,1629,Denver
Ruby Hill Park Community Garden,RUB-V-409,RUB,vane,409,longhorn bee,Insecta,Hymenoptera,Apidae,,,Pollinator,July,15-07-2049,18-07-2049,39.68543288,-105.0059947,1629,Denver
Ruby Hill Park Community Garden,RUB-V-410,RUB,vane,410,longhorn bee,Insecta,Hymenoptera,Apidae,,,Pollinator,July,15-07-2049,18-07-2049,39.68543288,-105.0059947,1629,Denver
Ruby Hill Park Community Garden,RUB-V-411,RUB,vane,411,longhorn bee,Insecta,Hymenoptera,Apidae,,,Pollinator,July,15-07-2049,18-07-2049,39.68543288,-105.0059947,1629,Denver
Ruby Hill Park Community Garden,RUB-V-412,RUB,vane,412,longhorn bee,Insecta,Hymenoptera,Apidae,,,Pollinator,July,15-07-2049,18-07-2049,39.68543288,-105.0059947,1629,Denver
Ruby Hill Park Community Garden,RUB-V-413,RUB,vane,413,longhorn bee,Insecta,Hymenoptera,Apidae,,,Pollinator,July,15-07-2049,18-07-2049,39.68543288,-105.0059947,1629,Denver
Ruby Hill Park Community Garden,RUB-V-414,RUB,vane,414,longhorn bee,Insecta,Hymenoptera,Apidae,,,Pollinator,July,15-07-2049,18-07-2049,39.68543288,-105.0059947,1629,Denver
Ruby Hill Park Community Garden,RUB-V-415,RUB,vane,415,longhorn bee,Insecta,Hymenoptera,Apidae,,,Pollinator,July,15-07-2049,18-07-2049,39.68543288,-105.0059947,1629,Denver
Ruby Hill Park Community Garden,RUB-V-416,RUB,vane,416,sweatbee,Insecta,Hymenoptera,Halictidae,,,Pollinator,July,15-07-2049,18-07-2049,39.68543288,-105.0059947,1629,Denver
Ruby Hill Park Community Garden,RUB-V-417,RUB,vane,417,small sweatbee,Insecta,Hymenoptera,Halictidae,,,Pollinator,July,15-07-2049,18-07-2049,39.68543288,-105.0059947,1629,Denver
Ruby Hill Park Community Garden,RUB-V-418,RUB,vane,418,small sweatbee,Insecta,Hymenoptera,Halictidae,,,Pollinator,July,15-07-2049,18-07-2049,39.68543288,-105.0059947,1629,Denver
Ruby Hill Park Community Garden,RUB-V-419,RUB,vane,419,small sweatbee,Insecta,Hymenoptera,Halictidae,,,Pollinator,July,15-07-2049,18-07-2049,39.68543288,-105.0059947,1629,Denver
Ruby Hill Park Community Garden,RUB-V-420,RUB,vane,420,small sweatbee,Insecta,Hymenoptera,Halictidae,,,Pollinator,July,15-07-2049,18-07-2049,39.68543288,-105.0059947,1629,Denver
Ruby Hill Park Community Garden,RUB-V-421,RUB,vane,421,paperwasp,Insecta,Hymenoptera,Vespidae,,,Predator,July,15-07-2049,18-07-2049,39.68543288,-105.0059947,1629,Denver
Ruby Hill Park Community Garden,RUB-V-422,RUB,vane,422,paperwasp,Insecta,Hymenoptera,Vespidae,,,Predator,July,15-07-2049,18-07-2049,39.68543288,-105.0059947,1629,Denver
Ruby Hill Park Community Garden,RUB-V-423,RUB,vane,423,yellow jacket,Insecta,Hymenoptera,Vespidae,Vespula,,Predator,July,15-07-2049,18-07-2049,39.68543288,-105.0059947,1629,Denver
Ruby Hill Park Community Garden,RUB-V-424,RUB,vane,424,bumbleflower beetle,Insecta,Coleoptera,Scarabaeidae,Euphoria,inda,Detritivore,July,15-07-2049,18-07-2049,39.68543288,-105.0059947,1629,Denver
Ruby Hill Park Community Garden,RUB-V-425,RUB,vane,425,longhorn beetle,Insecta,Coleoptera,Cerambycidae,,,Herbivore,July,15-07-2049,18-07-2049,39.68543288,-105.0059947,1629,Denver
Ruby Hill Park Community Garden,RUB-V-426,RUB,vane,426,ladybug,Insecta,Coleoptera,Coccinellidae,,,Predator,July,15-07-2049,18-07-2049,39.68543288,-105.0059947,1629,Denver
Ruby Hill Park Community Garden,RUB-V-427,RUB,vane,427,japanese beetle,Insecta,Coleoptera,Scarabaeidae,Popillia,japonica,Herbivore,July,15-07-2049,18-07-2049,39.68543288,-105.0059947,1629,Denver
Ruby Hill Park Community Garden,RUB-V-428,RUB,vane,428,muscid fly,Insecta,Diptera,Muscidae,,,,July,15-07-2049,18-07-2049,39.68543288,-105.0059947,1629,Denver
Ruby Hill Park Community Garden,RUB-V-429,RUB,vane,429,muscid fly,Insecta,Diptera,Muscidae,,,,July,15-07-2049,18-07-2049,39.68543288,-105.0059947,1629,Denver
Sabin School Garden,SAB-V-1,SAB,vane,1,spider,Arachnida,Araneae,,,,Predator,July,15-07-2025,18-07-2025,39.6597862,-105.0462203,1638,Denver
Sabin School Garden,SAB-V-2,SAB,vane,2,minute pirate bugs,Insecta,Hemiptera,Anthocoridae,Orius,,Predator,July,15-07-2025,18-07-2025,39.6597862,-105.0462203,1638,Denver
Sabin School Garden,SAB-V-3,SAB,vane,3,minute pirate bugs,Insecta,Hemiptera,Anthocoridae,Orius,,Predator,July,15-07-2025,18-07-2025,39.6597862,-105.0462203,1638,Denver
Sabin School Garden,SAB-V-4,SAB,vane,4,minute pirate bugs,Insecta,Hemiptera,Anthocoridae,Orius,,Predator,July,15-07-2025,18-07-2025,39.6597862,-105.0462203,1638,Denver
Sabin School Garden,SAB-V-5,SAB,vane,5,minute pirate bugs,Insecta,Hemiptera,Anthocoridae,Orius,,Predator,July,15-07-2025,18-07-2025,39.6597862,-105.0462203,1638,Denver
Sabin School Garden,SAB-V-6,SAB,vane,6,minute pirate bugs,Insecta,Hemiptera,Anthocoridae,Orius,,Predator,July,15-07-2025,18-07-2025,39.6597862,-105.0462203,1638,Denver
Sabin School Garden,SAB-V-7,SAB,vane,7,minute pirate bugs,Insecta,Hemiptera,Anthocoridae,Orius,,Predator,July,15-07-2025,18-07-2025,39.6597862,-105.0462203,1638,Denver
Sabin School Garden,SAB-V-8,SAB,vane,8,minute pirate bugs,Insecta,Hemiptera,Anthocoridae,Orius,,Predator,July,15-07-2025,18-07-2025,39.6597862,-105.0462203,1638,Denver
Sabin School Garden,SAB-V-9,SAB,vane,9,minute pirate bugs,Insecta,Hemiptera,Anthocoridae,Orius,,Predator,July,15-07-2025,18-07-2025,39.6597862,-105.0462203,1638,Denver
Sabin School Garden,SAB-V-10,SAB,vane,10,minute pirate bugs,Insecta,Hemiptera,Anthocoridae,Orius,,Predator,July,15-07-2025,18-07-2025,39.6597862,-105.0462203,1638,Denver
Sabin School Garden,SAB-V-11,SAB,vane,11,minute pirate bugs,Insecta,Hemiptera,Anthocoridae,Orius,,Predator,July,15-07-2025,18-07-2025,39.6597862,-105.0462203,1638,Denver
Sabin School Garden,SAB-V-12,SAB,vane,12,minute pirate bugs,Insecta,Hemiptera,Anthocoridae,Orius,,Predator,July,15-07-2025,18-07-2025,39.6597862,-105.0462203,1638,Denver
Sabin School Garden,SAB-V-13,SAB,vane,13,minute pirate bugs,Insecta,Hemiptera,Anthocoridae,Orius,,Predator,July,15-07-2025,18-07-2025,39.6597862,-105.0462203,1638,Denver
Sabin School Garden,SAB-V-14,SAB,vane,14,minute pirate bugs,Insecta,Hemiptera,Anthocoridae,Orius,,Predator,July,15-07-2025,18-07-2025,39.6597862,-105.0462203,1638,Denver
Sabin School Garden,SAB-V-15,SAB,vane,15,minute pirate bugs,Insecta,Hemiptera,Anthocoridae,Orius,,Predator,July,15-07-2025,18-07-2025,39.6597862,-105.0462203,1638,Denver
Sabin School Garden,SAB-V-16,SAB,vane,16,minute pirate bugs,Insecta,Hemiptera,Anthocoridae,Orius,,Predator,July,15-07-2025,18-07-2025,39.6597862,-105.0462203,1638,Denver
Sabin School Garden,SAB-V-17,SAB,vane,17,minute pirate bugs,Insecta,Hemiptera,Anthocoridae,Orius,,Predator,July,15-07-2025,18-07-2025,39.6597862,-105.0462203,1638,Denver
Sabin School Garden,SAB-V-18,SAB,vane,18,minute pirate bugs,Insecta,Hemiptera,Anthocoridae,Orius,,Predator,July,15-07-2025,18-07-2025,39.6597862,-105.0462203,1638,Denver
Sabin School Garden,SAB-V-19,SAB,vane,19,minute pirate bugs,Insecta,Hemiptera,Anthocoridae,Orius,,Predator,July,15-07-2025,18-07-2025,39.6597862,-105.0462203,1638,Denver
Sabin School Garden,SAB-V-20,SAB,vane,20,minute pirate bugs,Insecta,Hemiptera,Anthocoridae,Orius,,Predator,July,15-07-2025,18-07-2025,39.6597862,-105.0462203,1638,Denver
Sabin School Garden,SAB-V-21,SAB,vane,21,minute pirate bugs,Insecta,Hemiptera,Anthocoridae,Orius,,Predator,July,15-07-2025,18-07-2025,39.6597862,-105.0462203,1638,Denver
Sabin School Garden,SAB-V-22,SAB,vane,22,minute pirate bugs,Insecta,Hemiptera,Anthocoridae,Orius,,Predator,July,15-07-2025,18-07-2025,39.6597862,-105.0462203,1638,Denver
Sabin School Garden,SAB-V-23,SAB,vane,23,minute pirate bugs,Insecta,Hemiptera,Anthocoridae,Orius,,Predator,July,15-07-2025,18-07-2025,39.6597862,-105.0462203,1638,Denver
Sabin School Garden,SAB-V-24,SAB,vane,24,minute pirate bugs,Insecta,Hemiptera,Anthocoridae,Orius,,Predator,July,15-07-2025,18-07-2025,39.6597862,-105.0462203,1638,Denver
Sabin School Garden,SAB-V-25,SAB,vane,25,minute pirate bugs,Insecta,Hemiptera,Anthocoridae,Orius,,Predator,July,15-07-2025,18-07-2025,39.6597862,-105.0462203,1638,Denver
Sabin School Garden,SAB-V-26,SAB,vane,26,minute pirate bugs,Insecta,Hemiptera,Anthocoridae,Orius,,Predator,July,15-07-2025,18-07-2025,39.6597862,-105.0462203,1638,Denver
Sabin School Garden,SAB-V-27,SAB,vane,27,minute pirate bugs,Insecta,Hemiptera,Anthocoridae,Orius,,Predator,July,15-07-2025,18-07-2025,39.6597862,-105.0462203,1638,Denver
Sabin School Garden,SAB-V-28,SAB,vane,28,minute pirate bugs,Insecta,Hemiptera,Anthocoridae,Orius,,Predator,July,15-07-2025,18-07-2025,39.6597862,-105.0462203,1638,Denver
Sabin School Garden,SAB-V-29,SAB,vane,29,minute pirate bugs,Insecta,Hemiptera,Anthocoridae,Orius,,Predator,July,15-07-2025,18-07-2025,39.6597862,-105.0462203,1638,Denver
Sabin School Garden,SAB-V-30,SAB,vane,30,minute pirate bugs,Insecta,Hemiptera,Anthocoridae,Orius,,Predator,July,15-07-2025,18-07-2025,39.6597862,-105.0462203,1638,Denver
Sabin School Garden,SAB-V-31,SAB,vane,31,minute pirate bugs,Insecta,Hemiptera,Anthocoridae,Orius,,Predator,July,15-07-2025,18-07-2025,39.6597862,-105.0462203,1638,Denver
Sabin School Garden,SAB-V-32,SAB,vane,32,minute pirate bugs,Insecta,Hemiptera,Anthocoridae,Orius,,Predator,July,15-07-2025,18-07-2025,39.6597862,-105.0462203,1638,Denver
Sabin School Garden,SAB-V-33,SAB,vane,33,minute pirate bugs,Insecta,Hemiptera,Anthocoridae,Orius,,Predator,July,15-07-2025,18-07-2025,39.6597862,-105.0462203,1638,Denver
Sabin School Garden,SAB-V-34,SAB,vane,34,minute pirate bugs,Insecta,Hemiptera,Anthocoridae,Orius,,Predator,July,15-07-2025,18-07-2025,39.6597862,-105.0462203,1638,Denver
Sabin School Garden,SAB-V-35,SAB,vane,35,minute pirate bugs,Insecta,Hemiptera,Anthocoridae,Orius,,Predator,July,15-07-2025,18-07-2025,39.6597862,-105.0462203,1638,Denver
Sabin School Garden,SAB-V-36,SAB,vane,36,minute pirate bugs,Insecta,Hemiptera,Anthocoridae,Orius,,Predator,July,15-07-2025,18-07-2025,39.6597862,-105.0462203,1638,Denver
Sabin School Garden,SAB-V-37,SAB,vane,37,minute pirate bugs,Insecta,Hemiptera,Anthocoridae,Orius,,Predator,July,15-07-2025,18-07-2025,39.6597862,-105.0462203,1638,Denver
Sabin School Garden,SAB-V-38,SAB,vane,38,minute pirate bugs,Insecta,Hemiptera,Anthocoridae,Orius,,Predator,July,15-07-2025,18-07-2025,39.6597862,-105.0462203,1638,Denver
Sabin School Garden,SAB-V-39,SAB,vane,39,minute pirate bugs,Insecta,Hemiptera,Anthocoridae,Orius,,Predator,July,15-07-2025,18-07-2025,39.6597862,-105.0462203,1638,Denver
Sabin School Garden,SAB-V-40,SAB,vane,40,minute pirate bugs,Insecta,Hemiptera,Anthocoridae,Orius,,Predator,July,15-07-2025,18-07-2025,39.6597862,-105.0462203,1638,Denver
Sabin School Garden,SAB-V-41,SAB,vane,41,minute pirate bugs,Insecta,Hemiptera,Anthocoridae,Orius,,Predator,July,15-07-2025,18-07-2025,39.6597862,-105.0462203,1638,Denver
Sabin School Garden,SAB-V-42,SAB,vane,42,minute pirate bugs,Insecta,Hemiptera,Anthocoridae,Orius,,Predator,July,15-07-2025,18-07-2025,39.6597862,-105.0462203,1638,Denver
Sabin School Garden,SAB-V-43,SAB,vane,43,minute pirate bugs,Insecta,Hemiptera,Anthocoridae,Orius,,Predator,July,15-07-2025,18-07-2025,39.6597862,-105.0462203,1638,Denver
Sabin School Garden,SAB-V-44,SAB,vane,44,minute pirate bugs,Insecta,Hemiptera,Anthocoridae,Orius,,Predator,July,15-07-2025,18-07-2025,39.6597862,-105.0462203,1638,Denver
Sabin School Garden,SAB-V-45,SAB,vane,45,minute pirate bugs,Insecta,Hemiptera,Anthocoridae,Orius,,Predator,July,15-07-2025,18-07-2025,39.6597862,-105.0462203,1638,Denver
Sabin School Garden,SAB-V-46,SAB,vane,46,minute pirate bugs,Insecta,Hemiptera,Anthocoridae,Orius,,Predator,July,15-07-2025,18-07-2025,39.6597862,-105.0462203,1638,Denver
Sabin School Garden,SAB-V-47,SAB,vane,47,minute pirate bugs,Insecta,Hemiptera,Anthocoridae,Orius,,Predator,July,15-07-2025,18-07-2025,39.6597862,-105.0462203,1638,Denver
Sabin School Garden,SAB-V-48,SAB,vane,48,minute pirate bugs,Insecta,Hemiptera,Anthocoridae,Orius,,Predator,July,15-07-2025,18-07-2025,39.6597862,-105.0462203,1638,Denver
Sabin School Garden,SAB-V-49,SAB,vane,49,minute pirate bugs,Insecta,Hemiptera,Anthocoridae,Orius,,Predator,July,15-07-2025,18-07-2025,39.6597862,-105.0462203,1638,Denver
Sabin School Garden,SAB-V-50,SAB,vane,50,Scelionidae tiny parasitic wasp,Insecta,Hymenoptera,Scelionidae,,,Parasitoid,July,15-07-2025,18-07-2025,39.6597862,-105.0462203,1638,Denver
Sabin School Garden,SAB-V-51,SAB,vane,51,aphid (winged),Insecta,Hemiptera,Aphididae,,,Herbivore,July,15-07-2025,18-07-2025,39.6597862,-105.0462203,1638,Denver
Sabin School Garden,SAB-V-52,SAB,vane,52,aphid (winged),Insecta,Hemiptera,Aphididae,,,Herbivore,July,15-07-2025,18-07-2025,39.6597862,-105.0462203,1638,Denver
Sabin School Garden,SAB-V-53,SAB,vane,53,weavil,Insecta,Coleoptera,Curculionidae ,,,Herbivore,July,15-07-2025,18-07-2025,39.6597862,-105.0462203,1638,Denver
Sabin School Garden,SAB-V-54,SAB,vane,54,Beetle,Insecta,Coleoptera,,,,,July,15-07-2025,18-07-2025,39.6597862,-105.0462203,1638,Denver
Sabin School Garden,SAB-V-55,SAB,vane,55,Beetle,Insecta,Coleoptera,Coccinellidae,,,Predator,July,15-07-2025,18-07-2025,39.6597862,-105.0462203,1638,Denver
Sabin School Garden,SAB-V-56,SAB,vane,56,leaf hopper,Insecta,Hemiptera,Cicadellidae,,,Herbivore,July,15-07-2025,18-07-2025,39.6597862,-105.0462203,1638,Denver
Sabin School Garden,SAB-V-57,SAB,vane,57,tiny mosquito ,Insecta,Diptera,Culicidae,,,Sanguivore,July,15-07-2025,18-07-2025,39.6597862,-105.0462203,1638,Denver
Sabin School Garden,SAB-V-58,SAB,vane,58,minute pirate bugs,Insecta,Hemiptera,Anthocoridae,Orius,,Predator,July,15-07-2025,18-07-2025,39.6597862,-105.0462203,1638,Denver
Sabin School Garden,SAB-V-59,SAB,vane,59,bumblebee,Insecta,Hymenoptera,Apidae,Bombus,,Pollinator,July,15-07-2025,18-07-2025,39.6597862,-105.0462203,1638,Denver
Sabin School Garden,SAB-V-60,SAB,vane,60,bumblebee,Insecta,Hymenoptera,Apidae,Bombus,,Pollinator,July,15-07-2025,18-07-2025,39.6597862,-105.0462203,1638,Denver
Sabin School Garden,SAB-V-61,SAB,vane,61,bumblebee,Insecta,Hymenoptera,Apidae,Bombus,,Pollinator,July,15-07-2025,18-07-2025,39.6597862,-105.0462203,1638,Denver
Sabin School Garden,SAB-V-62,SAB,vane,62,honeybee,Insecta,Hymenoptera,Apidae,Apis,mellifera,Pollinator,July,15-07-2025,18-07-2025,39.6597862,-105.0462203,1638,Denver
Sabin School Garden,SAB-V-63,SAB,vane,63,squashbee,Insecta,Hymenoptera,Apidae,Eucera,pruinosa,Pollinator,July,15-07-2025,18-07-2025,39.6597862,-105.0462203,1638,Denver
Sabin School Garden,SAB-V-64,SAB,vane,64,squashbee,Insecta,Hymenoptera,Apidae,Eucera,pruinosa,Pollinator,July,15-07-2025,18-07-2025,39.6597862,-105.0462203,1638,Denver
Sabin School Garden,SAB-V-65,SAB,vane,65,squashbee,Insecta,Hymenoptera,Apidae,Eucera,pruinosa,Pollinator,July,15-07-2025,18-07-2025,39.6597862,-105.0462203,1638,Denver
Sabin School Garden,SAB-V-66,SAB,vane,66,squashbee,Insecta,Hymenoptera,Apidae,Eucera,pruinosa,Pollinator,July,15-07-2025,18-07-2025,39.6597862,-105.0462203,1638,Denver
Sabin School Garden,SAB-V-67,SAB,vane,67,squashbee,Insecta,Hymenoptera,Apidae,Eucera,pruinosa,Pollinator,July,15-07-2025,18-07-2025,39.6597862,-105.0462203,1638,Denver
Sabin School Garden,SAB-V-68,SAB,vane,68,squashbee,Insecta,Hymenoptera,Apidae,Eucera,pruinosa,Pollinator,July,15-07-2025,18-07-2025,39.6597862,-105.0462203,1638,Denver
Sabin School Garden,SAB-V-69,SAB,vane,69,squashbee,Insecta,Hymenoptera,Apidae,Eucera,pruinosa,Pollinator,July,15-07-2025,18-07-2025,39.6597862,-105.0462203,1638,Denver
Sabin School Garden,SAB-V-70,SAB,vane,70,squashbee,Insecta,Hymenoptera,Apidae,Eucera,pruinosa,Pollinator,July,15-07-2025,18-07-2025,39.6597862,-105.0462203,1638,Denver
Sabin School Garden,SAB-V-71,SAB,vane,71,squashbee,Insecta,Hymenoptera,Apidae,Eucera,pruinosa,Pollinator,July,15-07-2025,18-07-2025,39.6597862,-105.0462203,1638,Denver
Sabin School Garden,SAB-V-72,SAB,vane,72,squashbee,Insecta,Hymenoptera,Apidae,Eucera,pruinosa,Pollinator,July,15-07-2025,18-07-2025,39.6597862,-105.0462203,1638,Denver
Sabin School Garden,SAB-V-73,SAB,vane,73,squashbee,Insecta,Hymenoptera,Apidae,Eucera,pruinosa,Pollinator,July,15-07-2025,18-07-2025,39.6597862,-105.0462203,1638,Denver
Sabin School Garden,SAB-V-74,SAB,vane,74,squashbee,Insecta,Hymenoptera,Apidae,Eucera,pruinosa,Pollinator,July,15-07-2025,18-07-2025,39.6597862,-105.0462203,1638,Denver
Sabin School Garden,SAB-V-75,SAB,vane,75,squashbee,Insecta,Hymenoptera,Apidae,Eucera,pruinosa,Pollinator,July,15-07-2025,18-07-2025,39.6597862,-105.0462203,1638,Denver
Sabin School Garden,SAB-V-76,SAB,vane,76,squashbee,Insecta,Hymenoptera,Apidae,Eucera,pruinosa,Pollinator,July,15-07-2025,18-07-2025,39.6597862,-105.0462203,1638,Denver
Sabin School Garden,SAB-V-77,SAB,vane,77,squashbee,Insecta,Hymenoptera,Apidae,Eucera,pruinosa,Pollinator,July,15-07-2025,18-07-2025,39.6597862,-105.0462203,1638,Denver
Sabin School Garden,SAB-V-78,SAB,vane,78,squashbee,Insecta,Hymenoptera,Apidae,Eucera,pruinosa,Pollinator,July,15-07-2025,18-07-2025,39.6597862,-105.0462203,1638,Denver
Sabin School Garden,SAB-V-79,SAB,vane,79,squashbee,Insecta,Hymenoptera,Apidae,Eucera,pruinosa,Pollinator,July,15-07-2025,18-07-2025,39.6597862,-105.0462203,1638,Denver
Sabin School Garden,SAB-V-80,SAB,vane,80,squashbee,Insecta,Hymenoptera,Apidae,Eucera,pruinosa,Pollinator,July,15-07-2025,18-07-2025,39.6597862,-105.0462203,1638,Denver
Sabin School Garden,SAB-V-81,SAB,vane,81,squashbee,Insecta,Hymenoptera,Apidae,Eucera,pruinosa,Pollinator,July,15-07-2025,18-07-2025,39.6597862,-105.0462203,1638,Denver
Sabin School Garden,SAB-V-82,SAB,vane,82,squashbee,Insecta,Hymenoptera,Apidae,Eucera,pruinosa,Pollinator,July,15-07-2025,18-07-2025,39.6597862,-105.0462203,1638,Denver
Sabin School Garden,SAB-V-83,SAB,vane,83,squashbee,Insecta,Hymenoptera,Apidae,Eucera,pruinosa,Pollinator,July,15-07-2025,18-07-2025,39.6597862,-105.0462203,1638,Denver
Sabin School Garden,SAB-V-84,SAB,vane,84,squashbee,Insecta,Hymenoptera,Apidae,Eucera,pruinosa,Pollinator,July,15-07-2025,18-07-2025,39.6597862,-105.0462203,1638,Denver
Sabin School Garden,SAB-V-85,SAB,vane,85,squashbee,Insecta,Hymenoptera,Apidae,Eucera,pruinosa,Pollinator,July,15-07-2025,18-07-2025,39.6597862,-105.0462203,1638,Denver
Sabin School Garden,SAB-V-86,SAB,vane,86,squashbee,Insecta,Hymenoptera,Apidae,Eucera,pruinosa,Pollinator,July,15-07-2025,18-07-2025,39.6597862,-105.0462203,1638,Denver
Sabin School Garden,SAB-V-87,SAB,vane,87,squashbee,Insecta,Hymenoptera,Apidae,Eucera,pruinosa,Pollinator,July,15-07-2025,18-07-2025,39.6597862,-105.0462203,1638,Denver
Sabin School Garden,SAB-V-88,SAB,vane,88,bumblebee,Insecta,Hymenoptera,Apidae,Bombus,,Pollinator,July,15-07-2025,18-07-2025,39.6597862,-105.0462203,1638,Denver
Sabin School Garden,SAB-V-89,SAB,vane,89,longhorn bee,Insecta,Hymenoptera,Apidae,,,Pollinator,July,15-07-2025,18-07-2025,39.6597862,-105.0462203,1638,Denver
Sabin School Garden,SAB-V-90,SAB,vane,90,longhorn bee,Insecta,Hymenoptera,Apidae,,,Pollinator,July,15-07-2025,18-07-2025,39.6597862,-105.0462203,1638,Denver
Sabin School Garden,SAB-V-91,SAB,vane,91,longhorn bee,Insecta,Hymenoptera,Apidae,,,Pollinator,July,15-07-2025,18-07-2025,39.6597862,-105.0462203,1638,Denver
Sabin School Garden,SAB-V-92,SAB,vane,92,longhorn bee,Insecta,Hymenoptera,Apidae,,,Pollinator,July,15-07-2025,18-07-2025,39.6597862,-105.0462203,1638,Denver
Sabin School Garden,SAB-V-93,SAB,vane,93,longhorn bee,Insecta,Hymenoptera,Apidae,,,Pollinator,July,15-07-2025,18-07-2025,39.6597862,-105.0462203,1638,Denver
Sabin School Garden,SAB-V-94,SAB,vane,94,bee,Insecta,Hymenoptera,Apidae,,,Pollinator,July,15-07-2025,18-07-2025,39.6597862,-105.0462203,1638,Denver
Sabin School Garden,SAB-V-95,SAB,vane,95,bee,Insecta,Hymenoptera,Apidae,,,Pollinator,July,15-07-2025,18-07-2025,39.6597862,-105.0462203,1638,Denver
Sabin School Garden,SAB-V-96,SAB,vane,96,small sweatbee,Insecta,Hymenoptera,Halictidae,,,Pollinator,July,15-07-2025,18-07-2025,39.6597862,-105.0462203,1638,Denver
Sabin School Garden,SAB-V-97,SAB,vane,97,bumble flower beetle,Insecta,Coleoptera,Scarabaeidae,Euphoria,inda,Detritivore,July,15-07-2025,18-07-2025,39.6597862,-105.0462203,1638,Denver
Sabin School Garden,SAB-V-98,SAB,vane,98,japanese beetle,Insecta,Coleoptera,Scarabaeidae,Popillia,japonica,Herbivore,July,15-07-2025,18-07-2025,39.6597862,-105.0462203,1638,Denver
Sabin School Garden,SAB-V-99,SAB,vane,99,japanese beetle,Insecta,Coleoptera,Scarabaeidae,Popillia,japonica,Herbivore,July,15-07-2025,18-07-2025,39.6597862,-105.0462203,1638,Denver
Sabin School Garden,SAB-V-100,SAB,vane,100,japanese beetle,Insecta,Coleoptera,Scarabaeidae,Popillia,japonica,Herbivore,July,15-07-2025,18-07-2025,39.6597862,-105.0462203,1638,Denver
Sabin School Garden,SAB-V-101,SAB,vane,101,japanese beetle,Insecta,Coleoptera,Scarabaeidae,Popillia,japonica,Herbivore,July,15-07-2025,18-07-2025,39.6597862,-105.0462203,1638,Denver
Sabin School Garden,SAB-V-102,SAB,vane,102,japanese beetle,Insecta,Coleoptera,Scarabaeidae,Popillia,japonica,Herbivore,July,15-07-2025,18-07-2025,39.6597862,-105.0462203,1638,Denver
Sabin School Garden,SAB-V-103,SAB,vane,103,muscid fly,Insecta,Diptera,Muscidae,,,,July,15-07-2025,18-07-2025,39.6597862,-105.0462203,1638,Denver
Samuels School Community Garden,SAM-V-1,SAM,vane,1,spider,Arachnida,Araneae,,,,Predator,July,15-07-2025,18-07-2025,39.6434894,-104.8925304,1696,Denver
Samuels School Community Garden,SAM-V-2,SAM,vane,2,latridiid beetle,Insecta,Coleoptera,Latridiidae,,,Fungivore,July,15-07-2025,18-07-2025,39.6434894,-104.8925304,1696,Denver
Samuels School Community Garden,SAM-V-3,SAM,vane,3,latridiid beetle,Insecta,Coleoptera,Latridiidae,,,Fungivore,July,15-07-2025,18-07-2025,39.6434894,-104.8925304,1696,Denver
Samuels School Community Garden,SAM-V-4,SAM,vane,4,beetle,Insecta,Coleoptera,,,,,July,15-07-2025,18-07-2025,39.6434894,-104.8925304,1696,Denver
Samuels School Community Garden,SAM-V-5,SAM,vane,5,leaf hopper,Insecta,Hemiptera,Cicadellidae,,,Herbivore,July,15-07-2025,18-07-2025,39.6434894,-104.8925304,1696,Denver
Samuels School Community Garden,SAM-V-6,SAM,vane,6,bug,Insecta,Hemiptera,,,,,July,15-07-2025,18-07-2025,39.6434894,-104.8925304,1696,Denver
Samuels School Community Garden,SAM-V-7,SAM,vane,7,nasty fly,Insecta,Diptera,,,,,July,15-07-2025,18-07-2025,39.6434894,-104.8925304,1696,Denver
Samuels School Community Garden,SAM-V-8,SAM,vane,8,minute pirate bugs,Insecta,Hemiptera,Anthocoridae,Orius,,Predator,July,15-07-2025,18-07-2025,39.6434894,-104.8925304,1696,Denver
Samuels School Community Garden,SAM-V-9,SAM,vane,9,minute pirate bugs,Insecta,Hemiptera,Anthocoridae,Orius,,Predator,July,15-07-2025,18-07-2025,39.6434894,-104.8925304,1696,Denver
Samuels School Community Garden,SAM-V-10,SAM,vane,10,minute pirate bugs,Insecta,Hemiptera,Anthocoridae,Orius,,Predator,July,15-07-2025,18-07-2025,39.6434894,-104.8925304,1696,Denver
Samuels School Community Garden,SAM-V-11,SAM,vane,11,minute pirate bugs,Insecta,Hemiptera,Anthocoridae,Orius,,Predator,July,15-07-2025,18-07-2025,39.6434894,-104.8925304,1696,Denver
Samuels School Community Garden,SAM-V-12,SAM,vane,12,minute pirate bugs,Insecta,Hemiptera,Anthocoridae,Orius,,Predator,July,15-07-2025,18-07-2025,39.6434894,-104.8925304,1696,Denver
Samuels School Community Garden,SAM-V-13,SAM,vane,13,minute pirate bugs,Insecta,Hemiptera,Anthocoridae,Orius,,Predator,July,15-07-2025,18-07-2025,39.6434894,-104.8925304,1696,Denver
Samuels School Community Garden,SAM-V-14,SAM,vane,14,minute pirate bugs,Insecta,Hemiptera,Anthocoridae,Orius,,Predator,July,15-07-2025,18-07-2025,39.6434894,-104.8925304,1696,Denver
Samuels School Community Garden,SAM-V-15,SAM,vane,15,minute pirate bugs,Insecta,Hemiptera,Anthocoridae,Orius,,Predator,July,15-07-2025,18-07-2025,39.6434894,-104.8925304,1696,Denver
Samuels School Community Garden,SAM-V-16,SAM,vane,16,minute pirate bugs,Insecta,Hemiptera,Anthocoridae,Orius,,Predator,July,15-07-2025,18-07-2025,39.6434894,-104.8925304,1696,Denver
Samuels School Community Garden,SAM-V-17,SAM,vane,17,minute pirate bugs,Insecta,Hemiptera,Anthocoridae,Orius,,Predator,July,15-07-2025,18-07-2025,39.6434894,-104.8925304,1696,Denver
Samuels School Community Garden,SAM-V-18,SAM,vane,18,minute pirate bugs,Insecta,Hemiptera,Anthocoridae,Orius,,Predator,July,15-07-2025,18-07-2025,39.6434894,-104.8925304,1696,Denver
Samuels School Community Garden,SAM-V-19,SAM,vane,19,minute pirate bugs,Insecta,Hemiptera,Anthocoridae,Orius,,Predator,July,15-07-2025,18-07-2025,39.6434894,-104.8925304,1696,Denver
Samuels School Community Garden,SAM-V-20,SAM,vane,20,minute pirate bugs,Insecta,Hemiptera,Anthocoridae,Orius,,Predator,July,15-07-2025,18-07-2025,39.6434894,-104.8925304,1696,Denver
Samuels School Community Garden,SAM-V-21,SAM,vane,21,minute pirate bugs,Insecta,Hemiptera,Anthocoridae,Orius,,Predator,July,15-07-2025,18-07-2025,39.6434894,-104.8925304,1696,Denver
Samuels School Community Garden,SAM-V-22,SAM,vane,22,minute pirate bugs,Insecta,Hemiptera,Anthocoridae,Orius,,Predator,July,15-07-2025,18-07-2025,39.6434894,-104.8925304,1696,Denver
Samuels School Community Garden,SAM-V-23,SAM,vane,23,minute pirate bugs,Insecta,Hemiptera,Anthocoridae,Orius,,Predator,July,15-07-2025,18-07-2025,39.6434894,-104.8925304,1696,Denver
Samuels School Community Garden,SAM-V-24,SAM,vane,24,small fly,Insecta,Diptera,,,,,July,15-07-2025,18-07-2025,39.6434894,-104.8925304,1696,Denver
Samuels School Community Garden,SAM-V-25,SAM,vane,25,leaf hopper,Insecta,Hemiptera,Cicadellidae,,,Herbivore,July,15-07-2025,18-07-2025,39.6434894,-104.8925304,1696,Denver
Samuels School Community Garden,SAM-V-26,SAM,vane,26,dark thrip,Insecta,Thysanoptera,,,,Predator,July,15-07-2025,18-07-2025,39.6434894,-104.8925304,1696,Denver
Samuels School Community Garden,SAM-V-27,SAM,vane,27,thrips,Insecta,Thysanoptera,,,,Herbivore,July,15-07-2025,18-07-2025,39.6434894,-104.8925304,1696,Denver
Samuels School Community Garden,SAM-V-28,SAM,vane,28,thrips,Insecta,Thysanoptera,,,,Herbivore,July,15-07-2025,18-07-2025,39.6434894,-104.8925304,1696,Denver
Samuels School Community Garden,SAM-V-29,SAM,vane,29,thrips,Insecta,Thysanoptera,,,,Herbivore,July,15-07-2025,18-07-2025,39.6434894,-104.8925304,1696,Denver
Samuels School Community Garden,SAM-V-30,SAM,vane,30,thrips,Insecta,Thysanoptera,,,,Herbivore,July,15-07-2025,18-07-2025,39.6434894,-104.8925304,1696,Denver
Samuels School Community Garden,SAM-V-31,SAM,vane,31,thrips,Insecta,Thysanoptera,,,,Herbivore,July,15-07-2025,18-07-2025,39.6434894,-104.8925304,1696,Denver
Samuels School Community Garden,SAM-V-32,SAM,vane,32,thrips,Insecta,Thysanoptera,,,,Herbivore,July,15-07-2025,18-07-2025,39.6434894,-104.8925304,1696,Denver
Samuels School Community Garden,SAM-V-33,SAM,vane,33,thrips,Insecta,Thysanoptera,,,,Herbivore,July,15-07-2025,18-07-2025,39.6434894,-104.8925304,1696,Denver
Samuels School Community Garden,SAM-V-34,SAM,vane,34,thrips,Insecta,Thysanoptera,,,,Herbivore,July,15-07-2025,18-07-2025,39.6434894,-104.8925304,1696,Denver
Samuels School Community Garden,SAM-V-35,SAM,vane,35,thrips,Insecta,Thysanoptera,,,,Herbivore,July,15-07-2025,18-07-2025,39.6434894,-104.8925304,1696,Denver
Samuels School Community Garden,SAM-V-36,SAM,vane,36,thrips,Insecta,Thysanoptera,,,,Herbivore,July,15-07-2025,18-07-2025,39.6434894,-104.8925304,1696,Denver
Samuels School Community Garden,SAM-V-37,SAM,vane,37,thrips,Insecta,Thysanoptera,,,,Herbivore,July,15-07-2025,18-07-2025,39.6434894,-104.8925304,1696,Denver
Samuels School Community Garden,SAM-V-38,SAM,vane,38,thrips,Insecta,Thysanoptera,,,,Herbivore,July,15-07-2025,18-07-2025,39.6434894,-104.8925304,1696,Denver
Samuels School Community Garden,SAM-V-39,SAM,vane,39,thrips,Insecta,Thysanoptera,,,,Herbivore,July,15-07-2025,18-07-2025,39.6434894,-104.8925304,1696,Denver
Samuels School Community Garden,SAM-V-40,SAM,vane,40,thrips,Insecta,Thysanoptera,,,,Herbivore,July,15-07-2025,18-07-2025,39.6434894,-104.8925304,1696,Denver
Samuels School Community Garden,SAM-V-41,SAM,vane,41,thrips,Insecta,Thysanoptera,,,,Herbivore,July,15-07-2025,18-07-2025,39.6434894,-104.8925304,1696,Denver
Samuels School Community Garden,SAM-V-42,SAM,vane,42,thrips,Insecta,Thysanoptera,,,,Herbivore,July,15-07-2025,18-07-2025,39.6434894,-104.8925304,1696,Denver
Samuels School Community Garden,SAM-V-43,SAM,vane,43,thrips,Insecta,Thysanoptera,,,,Herbivore,July,15-07-2025,18-07-2025,39.6434894,-104.8925304,1696,Denver
Samuels School Community Garden,SAM-V-44,SAM,vane,44,thrips,Insecta,Thysanoptera,,,,Herbivore,July,15-07-2025,18-07-2025,39.6434894,-104.8925304,1696,Denver
Samuels School Community Garden,SAM-V-45,SAM,vane,45,thrips,Insecta,Thysanoptera,,,,Herbivore,July,15-07-2025,18-07-2025,39.6434894,-104.8925304,1696,Denver
Samuels School Community Garden,SAM-V-46,SAM,vane,46,thrips,Insecta,Thysanoptera,,,,Herbivore,July,15-07-2025,18-07-2025,39.6434894,-104.8925304,1696,Denver
Samuels School Community Garden,SAM-V-47,SAM,vane,47,thrips,Insecta,Thysanoptera,,,,Herbivore,July,15-07-2025,18-07-2025,39.6434894,-104.8925304,1696,Denver
Samuels School Community Garden,SAM-V-48,SAM,vane,48,thrips,Insecta,Thysanoptera,,,,Herbivore,July,15-07-2025,18-07-2025,39.6434894,-104.8925304,1696,Denver
Samuels School Community Garden,SAM-V-49,SAM,vane,49,thrips,Insecta,Thysanoptera,,,,Herbivore,July,15-07-2025,18-07-2025,39.6434894,-104.8925304,1696,Denver
Samuels School Community Garden,SAM-V-50,SAM,vane,50,thrips,Insecta,Thysanoptera,,,,Herbivore,July,15-07-2025,18-07-2025,39.6434894,-104.8925304,1696,Denver
Samuels School Community Garden,SAM-V-51,SAM,vane,51,thrips,Insecta,Thysanoptera,,,,Herbivore,July,15-07-2025,18-07-2025,39.6434894,-104.8925304,1696,Denver
Samuels School Community Garden,SAM-V-52,SAM,vane,52,thrips,Insecta,Thysanoptera,,,,Herbivore,July,15-07-2025,18-07-2025,39.6434894,-104.8925304,1696,Denver
Samuels School Community Garden,SAM-V-53,SAM,vane,53,thrips,Insecta,Thysanoptera,,,,Herbivore,July,15-07-2025,18-07-2025,39.6434894,-104.8925304,1696,Denver
Samuels School Community Garden,SAM-V-54,SAM,vane,54,thrips,Insecta,Thysanoptera,,,,Herbivore,July,15-07-2025,18-07-2025,39.6434894,-104.8925304,1696,Denver
Samuels School Community Garden,SAM-V-55,SAM,vane,55,thrips,Insecta,Thysanoptera,,,,Herbivore,July,15-07-2025,18-07-2025,39.6434894,-104.8925304,1696,Denver
Samuels School Community Garden,SAM-V-56,SAM,vane,56,thrips,Insecta,Thysanoptera,,,,Herbivore,July,15-07-2025,18-07-2025,39.6434894,-104.8925304,1696,Denver
Samuels School Community Garden,SAM-V-57,SAM,vane,57,thrips,Insecta,Thysanoptera,,,,Herbivore,July,15-07-2025,18-07-2025,39.6434894,-104.8925304,1696,Denver
Samuels School Community Garden,SAM-V-58,SAM,vane,58,thrips,Insecta,Thysanoptera,,,,Herbivore,July,15-07-2025,18-07-2025,39.6434894,-104.8925304,1696,Denver
Samuels School Community Garden,SAM-V-59,SAM,vane,59,thrips,Insecta,Thysanoptera,,,,Herbivore,July,15-07-2025,18-07-2025,39.6434894,-104.8925304,1696,Denver
Samuels School Community Garden,SAM-V-60,SAM,vane,60,thrips,Insecta,Thysanoptera,,,,Herbivore,July,15-07-2025,18-07-2025,39.6434894,-104.8925304,1696,Denver
Samuels School Community Garden,SAM-V-61,SAM,vane,61,thrips,Insecta,Thysanoptera,,,,Herbivore,July,15-07-2025,18-07-2025,39.6434894,-104.8925304,1696,Denver
Samuels School Community Garden,SAM-V-62,SAM,vane,62,thrips,Insecta,Thysanoptera,,,,Herbivore,July,15-07-2025,18-07-2025,39.6434894,-104.8925304,1696,Denver
Samuels School Community Garden,SAM-V-63,SAM,vane,63,thrips,Insecta,Thysanoptera,,,,Herbivore,July,15-07-2025,18-07-2025,39.6434894,-104.8925304,1696,Denver
Samuels School Community Garden,SAM-V-64,SAM,vane,64,thrips,Insecta,Thysanoptera,,,,Herbivore,July,15-07-2025,18-07-2025,39.6434894,-104.8925304,1696,Denver
Samuels School Community Garden,SAM-V-65,SAM,vane,65,thrips,Insecta,Thysanoptera,,,,Herbivore,July,15-07-2025,18-07-2025,39.6434894,-104.8925304,1696,Denver
Samuels School Community Garden,SAM-V-66,SAM,vane,66,thrips,Insecta,Thysanoptera,,,,Herbivore,July,15-07-2025,18-07-2025,39.6434894,-104.8925304,1696,Denver
Samuels School Community Garden,SAM-V-67,SAM,vane,67,thrips,Insecta,Thysanoptera,,,,Herbivore,July,15-07-2025,18-07-2025,39.6434894,-104.8925304,1696,Denver
Samuels School Community Garden,SAM-V-68,SAM,vane,68,thrips,Insecta,Thysanoptera,,,,Herbivore,July,15-07-2025,18-07-2025,39.6434894,-104.8925304,1696,Denver
Samuels School Community Garden,SAM-V-69,SAM,vane,69,thrips,Insecta,Thysanoptera,,,,Herbivore,July,15-07-2025,18-07-2025,39.6434894,-104.8925304,1696,Denver
Samuels School Community Garden,SAM-V-70,SAM,vane,70,thrips,Insecta,Thysanoptera,,,,Herbivore,July,15-07-2025,18-07-2025,39.6434894,-104.8925304,1696,Denver
Samuels School Community Garden,SAM-V-71,SAM,vane,71,thrips,Insecta,Thysanoptera,,,,Herbivore,July,15-07-2025,18-07-2025,39.6434894,-104.8925304,1696,Denver
Samuels School Community Garden,SAM-V-72,SAM,vane,72,thrips,Insecta,Thysanoptera,,,,Herbivore,July,15-07-2025,18-07-2025,39.6434894,-104.8925304,1696,Denver
Samuels School Community Garden,SAM-V-73,SAM,vane,73,thrips,Insecta,Thysanoptera,,,,Herbivore,July,15-07-2025,18-07-2025,39.6434894,-104.8925304,1696,Denver
Samuels School Community Garden,SAM-V-74,SAM,vane,74,thrips,Insecta,Thysanoptera,,,,Herbivore,July,15-07-2025,18-07-2025,39.6434894,-104.8925304,1696,Denver
Samuels School Community Garden,SAM-V-75,SAM,vane,75,thrips,Insecta,Thysanoptera,,,,Herbivore,July,15-07-2025,18-07-2025,39.6434894,-104.8925304,1696,Denver
Samuels School Community Garden,SAM-V-76,SAM,vane,76,thrips,Insecta,Thysanoptera,,,,Herbivore,July,15-07-2025,18-07-2025,39.6434894,-104.8925304,1696,Denver
Samuels School Community Garden,SAM-V-77,SAM,vane,77,thrips,Insecta,Thysanoptera,,,,Herbivore,July,15-07-2025,18-07-2025,39.6434894,-104.8925304,1696,Denver
Samuels School Community Garden,SAM-V-78,SAM,vane,78,thrips,Insecta,Thysanoptera,,,,Herbivore,July,15-07-2025,18-07-2025,39.6434894,-104.8925304,1696,Denver
Samuels School Community Garden,SAM-V-79,SAM,vane,79,thrips,Insecta,Thysanoptera,,,,Herbivore,July,15-07-2025,18-07-2025,39.6434894,-104.8925304,1696,Denver
Samuels School Community Garden,SAM-V-80,SAM,vane,80,thrips,Insecta,Thysanoptera,,,,Herbivore,July,15-07-2025,18-07-2025,39.6434894,-104.8925304,1696,Denver
Samuels School Community Garden,SAM-V-81,SAM,vane,81,thrips,Insecta,Thysanoptera,,,,Herbivore,July,15-07-2025,18-07-2025,39.6434894,-104.8925304,1696,Denver
Samuels School Community Garden,SAM-V-82,SAM,vane,82,thrips,Insecta,Thysanoptera,,,,Herbivore,July,15-07-2025,18-07-2025,39.6434894,-104.8925304,1696,Denver
Samuels School Community Garden,SAM-V-83,SAM,vane,83,thrips,Insecta,Thysanoptera,,,,Herbivore,July,15-07-2025,18-07-2025,39.6434894,-104.8925304,1696,Denver
Samuels School Community Garden,SAM-V-84,SAM,vane,84,thrips,Insecta,Thysanoptera,,,,Herbivore,July,15-07-2025,18-07-2025,39.6434894,-104.8925304,1696,Denver
Samuels School Community Garden,SAM-V-85,SAM,vane,85,thrips,Insecta,Thysanoptera,,,,Herbivore,July,15-07-2025,18-07-2025,39.6434894,-104.8925304,1696,Denver
Samuels School Community Garden,SAM-V-86,SAM,vane,86,thrips,Insecta,Thysanoptera,,,,Herbivore,July,15-07-2025,18-07-2025,39.6434894,-104.8925304,1696,Denver
Samuels School Community Garden,SAM-V-87,SAM,vane,87,thrips,Insecta,Thysanoptera,,,,Herbivore,July,15-07-2025,18-07-2025,39.6434894,-104.8925304,1696,Denver
Samuels School Community Garden,SAM-V-88,SAM,vane,88,thrips,Insecta,Thysanoptera,,,,Herbivore,July,15-07-2025,18-07-2025,39.6434894,-104.8925304,1696,Denver
Samuels School Community Garden,SAM-V-89,SAM,vane,89,thrips,Insecta,Thysanoptera,,,,Herbivore,July,15-07-2025,18-07-2025,39.6434894,-104.8925304,1696,Denver
Samuels School Community Garden,SAM-V-90,SAM,vane,90,thrips,Insecta,Thysanoptera,,,,Herbivore,July,15-07-2025,18-07-2025,39.6434894,-104.8925304,1696,Denver
Samuels School Community Garden,SAM-V-91,SAM,vane,91,thrips,Insecta,Thysanoptera,,,,Herbivore,July,15-07-2025,18-07-2025,39.6434894,-104.8925304,1696,Denver
Samuels School Community Garden,SAM-V-92,SAM,vane,92,thrips,Insecta,Thysanoptera,,,,Herbivore,July,15-07-2025,18-07-2025,39.6434894,-104.8925304,1696,Denver
Samuels School Community Garden,SAM-V-93,SAM,vane,93,thrips,Insecta,Thysanoptera,,,,Herbivore,July,15-07-2025,18-07-2025,39.6434894,-104.8925304,1696,Denver
Samuels School Community Garden,SAM-V-94,SAM,vane,94,thrips,Insecta,Thysanoptera,,,,Herbivore,July,15-07-2025,18-07-2025,39.6434894,-104.8925304,1696,Denver
Samuels School Community Garden,SAM-V-95,SAM,vane,95,thrips,Insecta,Thysanoptera,,,,Herbivore,July,15-07-2025,18-07-2025,39.6434894,-104.8925304,1696,Denver
Samuels School Community Garden,SAM-V-96,SAM,vane,96,thrips,Insecta,Thysanoptera,,,,Herbivore,July,15-07-2025,18-07-2025,39.6434894,-104.8925304,1696,Denver
Samuels School Community Garden,SAM-V-97,SAM,vane,97,thrips,Insecta,Thysanoptera,,,,Herbivore,July,15-07-2025,18-07-2025,39.6434894,-104.8925304,1696,Denver
Samuels School Community Garden,SAM-V-98,SAM,vane,98,thrips,Insecta,Thysanoptera,,,,Herbivore,July,15-07-2025,18-07-2025,39.6434894,-104.8925304,1696,Denver
Samuels School Community Garden,SAM-V-99,SAM,vane,99,thrips,Insecta,Thysanoptera,,,,Herbivore,July,15-07-2025,18-07-2025,39.6434894,-104.8925304,1696,Denver
Samuels School Community Garden,SAM-V-100,SAM,vane,100,thrips,Insecta,Thysanoptera,,,,Herbivore,July,15-07-2025,18-07-2025,39.6434894,-104.8925304,1696,Denver
Samuels School Community Garden,SAM-V-101,SAM,vane,101,thrips,Insecta,Thysanoptera,,,,Herbivore,July,15-07-2025,18-07-2025,39.6434894,-104.8925304,1696,Denver
Samuels School Community Garden,SAM-V-102,SAM,vane,102,thrips,Insecta,Thysanoptera,,,,Herbivore,July,15-07-2025,18-07-2025,39.6434894,-104.8925304,1696,Denver
Samuels School Community Garden,SAM-V-103,SAM,vane,103,thrips,Insecta,Thysanoptera,,,,Herbivore,July,15-07-2025,18-07-2025,39.6434894,-104.8925304,1696,Denver
Samuels School Community Garden,SAM-V-104,SAM,vane,104,thrips,Insecta,Thysanoptera,,,,Herbivore,July,15-07-2025,18-07-2025,39.6434894,-104.8925304,1696,Denver
Samuels School Community Garden,SAM-V-105,SAM,vane,105,thrips,Insecta,Thysanoptera,,,,Herbivore,July,15-07-2025,18-07-2025,39.6434894,-104.8925304,1696,Denver
Samuels School Community Garden,SAM-V-106,SAM,vane,106,thrips,Insecta,Thysanoptera,,,,Herbivore,July,15-07-2025,18-07-2025,39.6434894,-104.8925304,1696,Denver
Samuels School Community Garden,SAM-V-107,SAM,vane,107,thrips,Insecta,Thysanoptera,,,,Herbivore,July,15-07-2025,18-07-2025,39.6434894,-104.8925304,1696,Denver
Samuels School Community Garden,SAM-V-108,SAM,vane,108,thrips,Insecta,Thysanoptera,,,,Herbivore,July,15-07-2025,18-07-2025,39.6434894,-104.8925304,1696,Denver
Samuels School Community Garden,SAM-V-109,SAM,vane,109,thrips,Insecta,Thysanoptera,,,,Herbivore,July,15-07-2025,18-07-2025,39.6434894,-104.8925304,1696,Denver
Samuels School Community Garden,SAM-V-110,SAM,vane,110,thrips,Insecta,Thysanoptera,,,,Herbivore,July,15-07-2025,18-07-2025,39.6434894,-104.8925304,1696,Denver
Samuels School Community Garden,SAM-V-111,SAM,vane,111,thrips,Insecta,Thysanoptera,,,,Herbivore,July,15-07-2025,18-07-2025,39.6434894,-104.8925304,1696,Denver
Samuels School Community Garden,SAM-V-112,SAM,vane,112,thrips,Insecta,Thysanoptera,,,,Herbivore,July,15-07-2025,18-07-2025,39.6434894,-104.8925304,1696,Denver
Samuels School Community Garden,SAM-V-113,SAM,vane,113,thrips,Insecta,Thysanoptera,,,,Herbivore,July,15-07-2025,18-07-2025,39.6434894,-104.8925304,1696,Denver
Samuels School Community Garden,SAM-V-114,SAM,vane,114,thrips,Insecta,Thysanoptera,,,,Herbivore,July,15-07-2025,18-07-2025,39.6434894,-104.8925304,1696,Denver
Samuels School Community Garden,SAM-V-115,SAM,vane,115,thrips,Insecta,Thysanoptera,,,,Herbivore,July,15-07-2025,18-07-2025,39.6434894,-104.8925304,1696,Denver
Samuels School Community Garden,SAM-V-116,SAM,vane,116,thrips,Insecta,Thysanoptera,,,,Herbivore,July,15-07-2025,18-07-2025,39.6434894,-104.8925304,1696,Denver
Samuels School Community Garden,SAM-V-117,SAM,vane,117,thrips,Insecta,Thysanoptera,,,,Herbivore,July,15-07-2025,18-07-2025,39.6434894,-104.8925304,1696,Denver
Samuels School Community Garden,SAM-V-118,SAM,vane,118,thrips,Insecta,Thysanoptera,,,,Herbivore,July,15-07-2025,18-07-2025,39.6434894,-104.8925304,1696,Denver
Samuels School Community Garden,SAM-V-119,SAM,vane,119,thrips,Insecta,Thysanoptera,,,,Herbivore,July,15-07-2025,18-07-2025,39.6434894,-104.8925304,1696,Denver
Samuels School Community Garden,SAM-V-120,SAM,vane,120,thrips,Insecta,Thysanoptera,,,,Herbivore,July,15-07-2025,18-07-2025,39.6434894,-104.8925304,1696,Denver
Samuels School Community Garden,SAM-V-121,SAM,vane,121,thrips,Insecta,Thysanoptera,,,,Herbivore,July,15-07-2025,18-07-2025,39.6434894,-104.8925304,1696,Denver
Samuels School Community Garden,SAM-V-122,SAM,vane,122,thrips,Insecta,Thysanoptera,,,,Herbivore,July,15-07-2025,18-07-2025,39.6434894,-104.8925304,1696,Denver
Samuels School Community Garden,SAM-V-123,SAM,vane,123,thrips,Insecta,Thysanoptera,,,,Herbivore,July,15-07-2025,18-07-2025,39.6434894,-104.8925304,1696,Denver
Samuels School Community Garden,SAM-V-124,SAM,vane,124,thrips,Insecta,Thysanoptera,,,,Herbivore,July,15-07-2025,18-07-2025,39.6434894,-104.8925304,1696,Denver
Samuels School Community Garden,SAM-V-125,SAM,vane,125,thrips,Insecta,Thysanoptera,,,,Herbivore,July,15-07-2025,18-07-2025,39.6434894,-104.8925304,1696,Denver
Samuels School Community Garden,SAM-V-126,SAM,vane,126,thrips,Insecta,Thysanoptera,,,,Herbivore,July,15-07-2025,18-07-2025,39.6434894,-104.8925304,1696,Denver
Samuels School Community Garden,SAM-V-127,SAM,vane,127,bumblebee,Insecta,Hymenoptera,Apidae,Bombus,,Pollinator,July,15-07-2025,18-07-2025,39.6434894,-104.8925304,1696,Denver
Samuels School Community Garden,SAM-V-128,SAM,vane,128,bumble flower beetle,Insecta,Coleoptera,Scarabaeidae,Euphoria,inda,Detritivore,July,15-07-2025,18-07-2025,39.6434894,-104.8925304,1696,Denver
Samuels School Community Garden,SAM-V-129,SAM,vane,129,bumble flower beetle,Insecta,Coleoptera,Scarabaeidae,Euphoria,inda,Detritivore,July,15-07-2025,18-07-2025,39.6434894,-104.8925304,1696,Denver
Samuels School Community Garden,SAM-V-130,SAM,vane,130,bumble flower beetle,Insecta,Coleoptera,Scarabaeidae,Euphoria,inda,Detritivore,July,15-07-2025,18-07-2025,39.6434894,-104.8925304,1696,Denver
Samuels School Community Garden,SAM-V-131,SAM,vane,131,japanese beetle,Insecta,Coleoptera,Scarabaeidae,Popillia,japonica,Herbivore,July,15-07-2025,18-07-2025,39.6434894,-104.8925304,1696,Denver
Samuels School Community Garden,SAM-V-132,SAM,vane,132,longhorn bee,Insecta,Hymenoptera,Apidae,,,Pollinator,July,15-07-2025,18-07-2025,39.6434894,-104.8925304,1696,Denver
Samuels School Community Garden,SAM-V-133,SAM,vane,133,longhorn bee,Insecta,Hymenoptera,Apidae,,,Pollinator,July,15-07-2025,18-07-2025,39.6434894,-104.8925304,1696,Denver
Samuels School Community Garden,SAM-V-134,SAM,vane,134,honeybee,Insecta,Hymenoptera,Apidae,,,Pollinator,July,15-07-2025,18-07-2025,39.6434894,-104.8925304,1696,Denver
Samuels School Community Garden,SAM-V-135,SAM,vane,135,longhorn bee,Insecta,Hymenoptera,Apidae,,,Pollinator,July,15-07-2025,18-07-2025,39.6434894,-104.8925304,1696,Denver
Samuels School Community Garden,SAM-V-136,SAM,vane,136,longhorn bee,Insecta,Hymenoptera,Apidae,,,Pollinator,July,15-07-2025,18-07-2025,39.6434894,-104.8925304,1696,Denver
Samuels School Community Garden,SAM-V-137,SAM,vane,137,longhorn bee,Insecta,Hymenoptera,Apidae,,,Pollinator,July,15-07-2025,18-07-2025,39.6434894,-104.8925304,1696,Denver
Samuels School Community Garden,SAM-V-138,SAM,vane,138,longhorn bee,Insecta,Hymenoptera,Apidae,,,Pollinator,July,15-07-2025,18-07-2025,39.6434894,-104.8925304,1696,Denver
Samuels School Community Garden,SAM-V-139,SAM,vane,139,bee,Insecta,Hymenoptera,Apidae,,,Pollinator,July,15-07-2025,18-07-2025,39.6434894,-104.8925304,1696,Denver
Samuels School Community Garden,SAM-V-140,SAM,vane,140,bee,Insecta,Hymenoptera,Apidae,,,Pollinator,July,15-07-2025,18-07-2025,39.6434894,-104.8925304,1696,Denver
Samuels School Community Garden,SAM-V-141,SAM,vane,141,beetle,Insecta,Coleoptera,,,,,July,15-07-2025,18-07-2025,39.6434894,-104.8925304,1696,Denver
Samuels School Community Garden,SAM-V-142,SAM,vane,142,blister beetle,Insecta,Coleoptera,Meloidae,Epicauta,,Herbivore,July,15-07-2025,18-07-2025,39.6434894,-104.8925304,1696,Denver
Samuels School Community Garden,SAM-V-143,SAM,vane,143,blister beetle,Insecta,Coleoptera,Meloidae,Epicauta,,Herbivore,July,15-07-2025,18-07-2025,39.6434894,-104.8925304,1696,Denver
Samuels School Community Garden,SAM-V-144,SAM,vane,144,muscid fly,Insecta,Diptera,Muscidae,,,,July,15-07-2025,18-07-2025,39.6434894,-104.8925304,1696,Denver
Samuels School Community Garden,SAM-V-145,SAM,vane,145,green sweatbee,Insecta,Hymenoptera,Halictidae,,,Pollinator,July,15-07-2025,18-07-2025,39.6434894,-104.8925304,1696,Denver
Samuels School Community Garden,SAM-V-146,SAM,vane,146,green sweatbee,Insecta,Hymenoptera,Halictidae,,,Pollinator,July,15-07-2025,18-07-2025,39.6434894,-104.8925304,1696,Denver
Samuels School Community Garden,SAM-V-147,SAM,vane,147,blister beetle,Insecta,Coleoptera,Meloidae,Epicauta,,Herbivore,July,15-07-2025,18-07-2025,39.6434894,-104.8925304,1696,Denver
Shoshone Community Garden,SHO-V-1,SHO,vane,1,jumper,Arachnida,Araneae,Salticidae,,,Predator,July,15-07-2025,18-07-2025,39.76300286,-105.0094429,1614,Denver
Shoshone Community Garden,SHO-V-2,SHO,vane,2,spider,Arachnida,Araneae,,,,Predator,July,15-07-2025,18-07-2025,39.76300286,-105.0094429,1614,Denver
Shoshone Community Garden,SHO-V-3,SHO,vane,3,ant,Insecta,Hymenoptera,Formicidae,,,,July,15-07-2025,18-07-2025,39.76300286,-105.0094429,1614,Denver
Shoshone Community Garden,SHO-V-4,SHO,vane,4,springtail,Entognatha,Collembola,,,,Detritivore,July,15-07-2025,18-07-2025,39.76300286,-105.0094429,1614,Denver
Shoshone Community Garden,SHO-V-5,SHO,vane,5,springtail,Entognatha,Collembola,,,,Detritivore,July,15-07-2025,18-07-2025,39.76300286,-105.0094429,1614,Denver
Shoshone Community Garden,SHO-V-6,SHO,vane,6,small fly,Insecta,Diptera,,,,,July,15-07-2025,18-07-2025,39.76300286,-105.0094429,1614,Denver
Shoshone Community Garden,SHO-V-7,SHO,vane,7,black longhorn bee,Insecta,Hymenoptera,Apidae,Melissodes,bimaculatus,Pollinator,July,15-07-2025,18-07-2025,39.76300286,-105.0094429,1614,Denver
Shoshone Community Garden,SHO-V-8,SHO,vane,8,black longhorn bee,Insecta,Hymenoptera,Apidae,Melissodes,bimaculatus,Pollinator,July,15-07-2025,18-07-2025,39.76300286,-105.0094429,1614,Denver
Shoshone Community Garden,SHO-V-9,SHO,vane,9,black longhorn bee,Insecta,Hymenoptera,Apidae,Melissodes,bimaculatus,Pollinator,July,15-07-2025,18-07-2025,39.76300286,-105.0094429,1614,Denver
Shoshone Community Garden,SHO-V-10,SHO,vane,10,black longhorn bee,Insecta,Hymenoptera,Apidae,Melissodes,bimaculatus,Pollinator,July,15-07-2025,18-07-2025,39.76300286,-105.0094429,1614,Denver
Shoshone Community Garden,SHO-V-11,SHO,vane,11,black longhorn bee,Insecta,Hymenoptera,Apidae,Melissodes,bimaculatus,Pollinator,July,15-07-2025,18-07-2025,39.76300286,-105.0094429,1614,Denver
Shoshone Community Garden,SHO-V-12,SHO,vane,12,squash bee,Insecta,Hymenoptera,Apidae,Eucera,pruinosa,Pollinator,July,15-07-2025,18-07-2025,39.76300286,-105.0094429,1614,Denver
Shoshone Community Garden,SHO-V-13,SHO,vane,13,squash bee,Insecta,Hymenoptera,Apidae,Eucera,pruinosa,Pollinator,July,15-07-2025,18-07-2025,39.76300286,-105.0094429,1614,Denver
Shoshone Community Garden,SHO-V-14,SHO,vane,14,squash bee,Insecta,Hymenoptera,Apidae,Eucera,pruinosa,Pollinator,July,15-07-2025,18-07-2025,39.76300286,-105.0094429,1614,Denver
Shoshone Community Garden,SHO-V-15,SHO,vane,15,squash bee,Insecta,Hymenoptera,Apidae,Eucera,pruinosa,Pollinator,July,15-07-2025,18-07-2025,39.76300286,-105.0094429,1614,Denver
Shoshone Community Garden,SHO-V-16,SHO,vane,16,squash bee,Insecta,Hymenoptera,Apidae,Eucera,pruinosa,Pollinator,July,15-07-2025,18-07-2025,39.76300286,-105.0094429,1614,Denver
Shoshone Community Garden,SHO-V-17,SHO,vane,17,squash bee,Insecta,Hymenoptera,Apidae,Eucera,pruinosa,Pollinator,July,15-07-2025,18-07-2025,39.76300286,-105.0094429,1614,Denver
Shoshone Community Garden,SHO-V-18,SHO,vane,18,squash bee,Insecta,Hymenoptera,Apidae,Eucera,pruinosa,Pollinator,July,15-07-2025,18-07-2025,39.76300286,-105.0094429,1614,Denver
Shoshone Community Garden,SHO-V-19,SHO,vane,19,squash bee,Insecta,Hymenoptera,Apidae,Eucera,pruinosa,Pollinator,July,15-07-2025,18-07-2025,39.76300286,-105.0094429,1614,Denver
Shoshone Community Garden,SHO-V-20,SHO,vane,20,squash bee,Insecta,Hymenoptera,Apidae,Eucera,pruinosa,Pollinator,July,15-07-2025,18-07-2025,39.76300286,-105.0094429,1614,Denver
Shoshone Community Garden,SHO-V-21,SHO,vane,21,squash bee,Insecta,Hymenoptera,Apidae,Eucera,pruinosa,Pollinator,July,15-07-2025,18-07-2025,39.76300286,-105.0094429,1614,Denver
Shoshone Community Garden,SHO-V-22,SHO,vane,22,squash bee,Insecta,Hymenoptera,Apidae,Eucera,pruinosa,Pollinator,July,15-07-2025,18-07-2025,39.76300286,-105.0094429,1614,Denver
Shoshone Community Garden,SHO-V-23,SHO,vane,23,squash bee,Insecta,Hymenoptera,Apidae,Eucera,pruinosa,Pollinator,July,15-07-2025,18-07-2025,39.76300286,-105.0094429,1614,Denver
Shoshone Community Garden,SHO-V-24,SHO,vane,24,squash bee,Insecta,Hymenoptera,Apidae,Eucera,pruinosa,Pollinator,July,15-07-2025,18-07-2025,39.76300286,-105.0094429,1614,Denver
Shoshone Community Garden,SHO-V-25,SHO,vane,25,squash bee,Insecta,Hymenoptera,Apidae,Eucera,pruinosa,Pollinator,July,15-07-2025,18-07-2025,39.76300286,-105.0094429,1614,Denver
Shoshone Community Garden,SHO-V-26,SHO,vane,26,squash bee,Insecta,Hymenoptera,Apidae,Eucera,pruinosa,Pollinator,July,15-07-2025,18-07-2025,39.76300286,-105.0094429,1614,Denver
Shoshone Community Garden,SHO-V-27,SHO,vane,27,squash bee,Insecta,Hymenoptera,Apidae,Eucera,pruinosa,Pollinator,July,15-07-2025,18-07-2025,39.76300286,-105.0094429,1614,Denver
Shoshone Community Garden,SHO-V-28,SHO,vane,28,longhorn bee,Insecta,Hymenoptera,Apidae,,,Pollinator,July,15-07-2025,18-07-2025,39.76300286,-105.0094429,1614,Denver
Shoshone Community Garden,SHO-V-29,SHO,vane,29,longhorn bee,Insecta,Hymenoptera,Apidae,,,Pollinator,July,15-07-2025,18-07-2025,39.76300286,-105.0094429,1614,Denver
Shoshone Community Garden,SHO-V-30,SHO,vane,30,longhorn bee,Insecta,Hymenoptera,Apidae,,,Pollinator,July,15-07-2025,18-07-2025,39.76300286,-105.0094429,1614,Denver
Shoshone Community Garden,SHO-V-31,SHO,vane,31,longhorn bee,Insecta,Hymenoptera,Apidae,,,Pollinator,July,15-07-2025,18-07-2025,39.76300286,-105.0094429,1614,Denver
Shoshone Community Garden,SHO-V-32,SHO,vane,32,longhorn bee,Insecta,Hymenoptera,Apidae,,,Pollinator,July,15-07-2025,18-07-2025,39.76300286,-105.0094429,1614,Denver
Shoshone Community Garden,SHO-V-33,SHO,vane,33,longhorn bee,Insecta,Hymenoptera,Apidae,,,Pollinator,July,15-07-2025,18-07-2025,39.76300286,-105.0094429,1614,Denver
Shoshone Community Garden,SHO-V-34,SHO,vane,34,longhorn bee,Insecta,Hymenoptera,Apidae,,,Pollinator,July,15-07-2025,18-07-2025,39.76300286,-105.0094429,1614,Denver
Shoshone Community Garden,SHO-V-35,SHO,vane,35,longhorn bee,Insecta,Hymenoptera,Apidae,,,Pollinator,July,15-07-2025,18-07-2025,39.76300286,-105.0094429,1614,Denver
Shoshone Community Garden,SHO-V-36,SHO,vane,36,longhorn bee,Insecta,Hymenoptera,Apidae,,,Pollinator,July,15-07-2025,18-07-2025,39.76300286,-105.0094429,1614,Denver
Shoshone Community Garden,SHO-V-37,SHO,vane,37,longhorn bee,Insecta,Hymenoptera,Apidae,,,Pollinator,July,15-07-2025,18-07-2025,39.76300286,-105.0094429,1614,Denver
Shoshone Community Garden,SHO-V-38,SHO,vane,38,sweatbee,Insecta,Hymenoptera,Halictidae,,,Pollinator,July,15-07-2025,18-07-2025,39.76300286,-105.0094429,1614,Denver
Shoshone Community Garden,SHO-V-39,SHO,vane,39,small sweatbee,Insecta,Hymenoptera,Halictidae,,,Pollinator,July,15-07-2025,18-07-2025,39.76300286,-105.0094429,1614,Denver
Shoshone Community Garden,SHO-P-1,SHO,pitfall-2,1,spider,Arachnida,Araneae,,,,Predator,July,15-07-2025,18-07-2025,39.76300286,-105.0094429,1614,Denver
Shoshone Community Garden,SHO-P-2,SHO,pitfall-2,2,spider,Arachnida,Araneae,,,,Predator,July,15-07-2025,18-07-2025,39.76300286,-105.0094429,1614,Denver
Shoshone Community Garden,SHO-P-3,SHO,pitfall-2,3,pillbug,Malacostraca,Isopoda,,,,Detritivore,July,15-07-2025,18-07-2025,39.76300286,-105.0094429,1614,Denver
Shoshone Community Garden,SHO-P-4,SHO,pitfall-2,4,pillbug,Malacostraca,Isopoda,,,,Detritivore,July,15-07-2025,18-07-2025,39.76300286,-105.0094429,1614,Denver
Shoshone Community Garden,SHO-P-5,SHO,pitfall-2,5,harvestman,Arachnida,Opiliones,,,,Predator,July,15-07-2025,18-07-2025,39.76300286,-105.0094429,1614,Denver
Shoshone Community Garden,SHO-P-6,SHO,pitfall-2,6,beetle,Insecta,Coleoptera,,,,,July,15-07-2025,18-07-2025,39.76300286,-105.0094429,1614,Denver
Shoshone Community Garden,SHO-P-7,SHO,pitfall-2,7,flying ant,Insecta,Hymenoptera,Formicidae,,,,July,15-07-2025,18-07-2025,39.76300286,-105.0094429,1614,Denver
Shoshone Community Garden,SHO-P-8,SHO,pitfall-2,8,mite,Arachnida,Acariformes,,,,,July,15-07-2025,18-07-2025,39.76300286,-105.0094429,1614,Denver
Shoshone Community Garden,SHO-P-9,SHO,pitfall-2,9,mite,Arachnida,Acariformes,,,,,July,15-07-2025,18-07-2025,39.76300286,-105.0094429,1614,Denver
Shoshone Community Garden,SHO-P-10,SHO,pitfall-2,10,mite,Arachnida,Acariformes,,,,,July,15-07-2025,18-07-2025,39.76300286,-105.0094429,1614,Denver
Shoshone Community Garden,SHO-P-11,SHO,pitfall-2,11,mite,Arachnida,Acariformes,,,,,July,15-07-2025,18-07-2025,39.76300286,-105.0094429,1614,Denver
Slater Elementary School Community Garden,SLA-V-1,SLA,vane,1,nitops,Insecta,Coleoptera,Nitulidae,Nitops,,Detritivore,July,15-07-2025,18-07-2025,39.75227273,-105.0928071,1685,Jefferson
Slater Elementary School Community Garden,SLA-V-2,SLA,vane,2,lace bug,Insecta,Hemiptera,Tingidae,,,Herbivore,July,15-07-2025,18-07-2025,39.75227273,-105.0928071,1685,Jefferson
Slater Elementary School Community Garden,SLA-V-3,SLA,vane,3,minute pirate bug,Insecta,Hemiptera,Anthocoridae,Orius,,Predator,July,15-07-2025,18-07-2025,39.75227273,-105.0928071,1685,Jefferson
Slater Elementary School Community Garden,SLA-V-4,SLA,vane,4,minute pirate bug,Insecta,Hemiptera,Anthocoridae,Orius,,Predator,July,15-07-2025,18-07-2025,39.75227273,-105.0928071,1685,Jefferson
Slater Elementary School Community Garden,SLA-V-5,SLA,vane,5,lace bug,Insecta,Hemiptera,Tingidae,,,Herbivore,July,15-07-2025,18-07-2025,39.75227273,-105.0928071,1685,Jefferson
Slater Elementary School Community Garden,SLA-V-6,SLA,vane,6,minute pirate bug,Insecta,Hemiptera,Anthocoridae,Orius,,Predator,July,15-07-2025,18-07-2025,39.75227273,-105.0928071,1685,Jefferson
Slater Elementary School Community Garden,SLA-V-7,SLA,vane,7,cotton fleahopper,Insecta,Hemiptera,Miridae,Pseudatomoscelis,seriatus,Herbivore,July,15-07-2025,18-07-2025,39.75227273,-105.0928071,1685,Jefferson
Slater Elementary School Community Garden,SLA-V-8,SLA,vane,8,leafhopper,Insecta,Hemiptera,Cicadellidae,,,Herbivore,July,15-07-2025,18-07-2025,39.75227273,-105.0928071,1685,Jefferson
Slater Elementary School Community Garden,SLA-V-9,SLA,vane,9,lace bug,Insecta,Hemiptera,Tingidae,,,Herbivore,July,15-07-2025,18-07-2025,39.75227273,-105.0928071,1685,Jefferson
Slater Elementary School Community Garden,SLA-V-10,SLA,vane,10,unknown bug,Insecta,Hemiptera,,,,,July,15-07-2025,18-07-2025,39.75227273,-105.0928071,1685,Jefferson
Slater Elementary School Community Garden,SLA-V-11,SLA,vane,11,minute pirate bug,Insecta,Hemiptera,Anthocoridae,Orius,,Predator,July,15-07-2025,18-07-2025,39.75227273,-105.0928071,1685,Jefferson
Slater Elementary School Community Garden,SLA-V-12,SLA,vane,12,muscid fly,Insecta,Diptera,Muscidae,,,Detritivore,July,15-07-2025,18-07-2025,39.75227273,-105.0928071,1685,Jefferson
Slater Elementary School Community Garden,SLA-V-13,SLA,vane,13,leafhopper,Insecta,Hemiptera,Cicadellidae,,,Herbivore,July,15-07-2025,18-07-2025,39.75227273,-105.0928071,1685,Jefferson
Slater Elementary School Community Garden,SLA-V-14,SLA,vane,14,ant like beetle,Insecta,Coleoptera,Anthicidae,Anthicus,,Scavenger,July,15-07-2025,18-07-2025,39.75227273,-105.0928071,1685,Jefferson
Slater Elementary School Community Garden,SLA-V-15,SLA,vane,15,minute pirate bug,Insecta,Hemiptera,Anthocoridae,Orius,,Predator,July,15-07-2025,18-07-2025,39.75227273,-105.0928071,1685,Jefferson
Slater Elementary School Community Garden,SLA-V-16,SLA,vane,16,thrip,Insecta,Thysanoptera,,,,Herbivore,July,15-07-2025,18-07-2025,39.75227273,-105.0928071,1685,Jefferson
Slater Elementary School Community Garden,SLA-V-17,SLA,vane,17,thrip,Insecta,Thysanoptera,,,,Herbivore,July,15-07-2025,18-07-2025,39.75227273,-105.0928071,1685,Jefferson
Slater Elementary School Community Garden,SLA-V-18,SLA,vane,18,thrip,Insecta,Thysanoptera,,,,Herbivore,July,15-07-2025,18-07-2025,39.75227273,-105.0928071,1685,Jefferson
Slater Elementary School Community Garden,SLA-V-19,SLA,vane,19,thrip,Insecta,Thysanoptera,,,,Herbivore,July,15-07-2025,18-07-2025,39.75227273,-105.0928071,1685,Jefferson
Slater Elementary School Community Garden,SLA-V-20,SLA,vane,20,thrip,Insecta,Thysanoptera,,,,Herbivore,July,15-07-2025,18-07-2025,39.75227273,-105.0928071,1685,Jefferson
Slater Elementary School Community Garden,SLA-V-21,SLA,vane,21,thrip,Insecta,Thysanoptera,,,,Herbivore,July,15-07-2025,18-07-2025,39.75227273,-105.0928071,1685,Jefferson
Slater Elementary School Community Garden,SLA-V-22,SLA,vane,22,thrip,Insecta,Thysanoptera,,,,Herbivore,July,15-07-2025,18-07-2025,39.75227273,-105.0928071,1685,Jefferson
Slater Elementary School Community Garden,SLA-V-23,SLA,vane,23,thrip,Insecta,Thysanoptera,,,,Herbivore,July,15-07-2025,18-07-2025,39.75227273,-105.0928071,1685,Jefferson
Slater Elementary School Community Garden,SLA-V-24,SLA,vane,24,thrip,Insecta,Thysanoptera,,,,Herbivore,July,15-07-2025,18-07-2025,39.75227273,-105.0928071,1685,Jefferson
Slater Elementary School Community Garden,SLA-V-25,SLA,vane,25,thrip,Insecta,Thysanoptera,,,,Herbivore,July,15-07-2025,18-07-2025,39.75227273,-105.0928071,1685,Jefferson
Slater Elementary School Community Garden,SLA-V-26,SLA,vane,26,thrip,Insecta,Thysanoptera,,,,Herbivore,July,15-07-2025,18-07-2025,39.75227273,-105.0928071,1685,Jefferson
Slater Elementary School Community Garden,SLA-V-27,SLA,vane,27,thrip,Insecta,Thysanoptera,,,,Herbivore,July,15-07-2025,18-07-2025,39.75227273,-105.0928071,1685,Jefferson
Slater Elementary School Community Garden,SLA-V-28,SLA,vane,28,thrip,Insecta,Thysanoptera,,,,Herbivore,July,15-07-2025,18-07-2025,39.75227273,-105.0928071,1685,Jefferson
Slater Elementary School Community Garden,SLA-V-29,SLA,vane,29,thrip,Insecta,Thysanoptera,,,,Herbivore,July,15-07-2025,18-07-2025,39.75227273,-105.0928071,1685,Jefferson
Slater Elementary School Community Garden,SLA-V-30,SLA,vane,30,thrip,Insecta,Thysanoptera,,,,Herbivore,July,15-07-2025,18-07-2025,39.75227273,-105.0928071,1685,Jefferson
Slater Elementary School Community Garden,SLA-V-31,SLA,vane,31,thrip,Insecta,Thysanoptera,,,,Herbivore,July,15-07-2025,18-07-2025,39.75227273,-105.0928071,1685,Jefferson
Slater Elementary School Community Garden,SLA-V-32,SLA,vane,32,thrip,Insecta,Thysanoptera,,,,Herbivore,July,15-07-2025,18-07-2025,39.75227273,-105.0928071,1685,Jefferson
Slater Elementary School Community Garden,SLA-V-33,SLA,vane,33,thrip,Insecta,Thysanoptera,,,,Herbivore,July,15-07-2025,18-07-2025,39.75227273,-105.0928071,1685,Jefferson
Slater Elementary School Community Garden,SLA-V-34,SLA,vane,34,thrip,Insecta,Thysanoptera,,,,Herbivore,July,15-07-2025,18-07-2025,39.75227273,-105.0928071,1685,Jefferson
Slater Elementary School Community Garden,SLA-V-35,SLA,vane,35,thrip,Insecta,Thysanoptera,,,,Herbivore,July,15-07-2025,18-07-2025,39.75227273,-105.0928071,1685,Jefferson
Slater Elementary School Community Garden,SLA-V-36,SLA,vane,36,thrip,Insecta,Thysanoptera,,,,Herbivore,July,15-07-2025,18-07-2025,39.75227273,-105.0928071,1685,Jefferson
Slater Elementary School Community Garden,SLA-V-37,SLA,vane,37,thrip,Insecta,Thysanoptera,,,,Herbivore,July,15-07-2025,18-07-2025,39.75227273,-105.0928071,1685,Jefferson
Slater Elementary School Community Garden,SLA-V-38,SLA,vane,38,thrip,Insecta,Thysanoptera,,,,Herbivore,July,15-07-2025,18-07-2025,39.75227273,-105.0928071,1685,Jefferson
Slater Elementary School Community Garden,SLA-V-39,SLA,vane,39,thrip,Insecta,Thysanoptera,,,,Herbivore,July,15-07-2025,18-07-2025,39.75227273,-105.0928071,1685,Jefferson
Slater Elementary School Community Garden,SLA-V-40,SLA,vane,40,thrip,Insecta,Thysanoptera,,,,Herbivore,July,15-07-2025,18-07-2025,39.75227273,-105.0928071,1685,Jefferson
Slater Elementary School Community Garden,SLA-V-41,SLA,vane,41,thrip,Insecta,Thysanoptera,,,,Herbivore,July,15-07-2025,18-07-2025,39.75227273,-105.0928071,1685,Jefferson
Slater Elementary School Community Garden,SLA-V-42,SLA,vane,42,thrip,Insecta,Thysanoptera,,,,Herbivore,July,15-07-2025,18-07-2025,39.75227273,-105.0928071,1685,Jefferson
Slater Elementary School Community Garden,SLA-V-43,SLA,vane,43,thrip,Insecta,Thysanoptera,,,,Herbivore,July,15-07-2025,18-07-2025,39.75227273,-105.0928071,1685,Jefferson
Slater Elementary School Community Garden,SLA-V-44,SLA,vane,44,thrip,Insecta,Thysanoptera,,,,Herbivore,July,15-07-2025,18-07-2025,39.75227273,-105.0928071,1685,Jefferson
Slater Elementary School Community Garden,SLA-V-45,SLA,vane,45,thrip,Insecta,Thysanoptera,,,,Herbivore,July,15-07-2025,18-07-2025,39.75227273,-105.0928071,1685,Jefferson
Slater Elementary School Community Garden,SLA-V-46,SLA,vane,46,thrip,Insecta,Thysanoptera,,,,Herbivore,July,15-07-2025,18-07-2025,39.75227273,-105.0928071,1685,Jefferson
Slater Elementary School Community Garden,SLA-V-47,SLA,vane,47,thrip,Insecta,Thysanoptera,,,,Herbivore,July,15-07-2025,18-07-2025,39.75227273,-105.0928071,1685,Jefferson
Slater Elementary School Community Garden,SLA-V-48,SLA,vane,48,thrip,Insecta,Thysanoptera,,,,Herbivore,July,15-07-2025,18-07-2025,39.75227273,-105.0928071,1685,Jefferson
Slater Elementary School Community Garden,SLA-V-49,SLA,vane,49,thrip,Insecta,Thysanoptera,,,,Herbivore,July,15-07-2025,18-07-2025,39.75227273,-105.0928071,1685,Jefferson
Slater Elementary School Community Garden,SLA-V-50,SLA,vane,50,thrip,Insecta,Thysanoptera,,,,Herbivore,July,15-07-2025,18-07-2025,39.75227273,-105.0928071,1685,Jefferson
Slater Elementary School Community Garden,SLA-V-51,SLA,vane,51,thrip,Insecta,Thysanoptera,,,,Herbivore,July,15-07-2025,18-07-2025,39.75227273,-105.0928071,1685,Jefferson
Slater Elementary School Community Garden,SLA-V-52,SLA,vane,52,thrip,Insecta,Thysanoptera,,,,Herbivore,July,15-07-2025,18-07-2025,39.75227273,-105.0928071,1685,Jefferson
Slater Elementary School Community Garden,SLA-V-53,SLA,vane,53,thrip,Insecta,Thysanoptera,,,,Herbivore,July,15-07-2025,18-07-2025,39.75227273,-105.0928071,1685,Jefferson
Slater Elementary School Community Garden,SLA-V-54,SLA,vane,54,thrip,Insecta,Thysanoptera,,,,Herbivore,July,15-07-2025,18-07-2025,39.75227273,-105.0928071,1685,Jefferson
Slater Elementary School Community Garden,SLA-V-55,SLA,vane,55,thrip,Insecta,Thysanoptera,,,,Herbivore,July,15-07-2025,18-07-2025,39.75227273,-105.0928071,1685,Jefferson
Slater Elementary School Community Garden,SLA-V-56,SLA,vane,56,thrip,Insecta,Thysanoptera,,,,Herbivore,July,15-07-2025,18-07-2025,39.75227273,-105.0928071,1685,Jefferson
Slater Elementary School Community Garden,SLA-V-57,SLA,vane,57,thrip,Insecta,Thysanoptera,,,,Herbivore,July,15-07-2025,18-07-2025,39.75227273,-105.0928071,1685,Jefferson
Slater Elementary School Community Garden,SLA-V-58,SLA,vane,58,thrip,Insecta,Thysanoptera,,,,Herbivore,July,15-07-2025,18-07-2025,39.75227273,-105.0928071,1685,Jefferson
Slater Elementary School Community Garden,SLA-V-59,SLA,vane,59,thrip,Insecta,Thysanoptera,,,,Herbivore,July,15-07-2025,18-07-2025,39.75227273,-105.0928071,1685,Jefferson
Slater Elementary School Community Garden,SLA-V-60,SLA,vane,60,thrip,Insecta,Thysanoptera,,,,Herbivore,July,15-07-2025,18-07-2025,39.75227273,-105.0928071,1685,Jefferson
Slater Elementary School Community Garden,SLA-V-61,SLA,vane,61,thrip,Insecta,Thysanoptera,,,,Herbivore,July,15-07-2025,18-07-2025,39.75227273,-105.0928071,1685,Jefferson
Slater Elementary School Community Garden,SLA-V-62,SLA,vane,62,thrip,Insecta,Thysanoptera,,,,Herbivore,July,15-07-2025,18-07-2025,39.75227273,-105.0928071,1685,Jefferson
Slater Elementary School Community Garden,SLA-V-63,SLA,vane,63,thrip,Insecta,Thysanoptera,,,,Herbivore,July,15-07-2025,18-07-2025,39.75227273,-105.0928071,1685,Jefferson
Slater Elementary School Community Garden,SLA-V-64,SLA,vane,64,thrip,Insecta,Thysanoptera,,,,Herbivore,July,15-07-2025,18-07-2025,39.75227273,-105.0928071,1685,Jefferson
Slater Elementary School Community Garden,SLA-V-65,SLA,vane,65,bee,Insecta,Hymenoptera,,,,Pollinator,July,15-07-2025,18-07-2025,39.75227273,-105.0928071,1685,Jefferson
Slater Elementary School Community Garden,SLA-V-66,SLA,vane,66,bee,Insecta,Hymenoptera,,,,Pollinator,July,15-07-2025,18-07-2025,39.75227273,-105.0928071,1685,Jefferson
Slater Elementary School Community Garden,SLA-V-67,SLA,vane,67,bee,Insecta,Hymenoptera,,,,Pollinator,July,15-07-2025,18-07-2025,39.75227273,-105.0928071,1685,Jefferson
Slater Elementary School Community Garden,SLA-V-68,SLA,vane,68,bee,Insecta,Hymenoptera,,,,Pollinator,July,15-07-2025,18-07-2025,39.75227273,-105.0928071,1685,Jefferson
Slater Elementary School Community Garden,SLA-V-69,SLA,vane,69,bee,Insecta ,Hymenoptera,,,,Pollinator,July,15-07-2025,18-07-2025,39.75227273,-105.0928071,1685,Jefferson
Slater Elementary School Community Garden,SLA-V-70,SLA,vane,70,bee,Insecta ,Hymenoptera,,,,Pollinator,July,15-07-2025,18-07-2025,39.75227273,-105.0928071,1685,Jefferson
Slater Elementary School Community Garden,SLA-V-71,SLA,vane,71,bee,Insecta,Hymenoptera,,,,Pollinator,July,15-07-2025,18-07-2025,39.75227273,-105.0928071,1685,Jefferson
Slater Elementary School Community Garden,SLA-V-72,SLA,vane,72,bee,Insecta ,Hymenoptera ,,,,Pollinator,July,15-07-2025,18-07-2025,39.75227273,-105.0928071,1685,Jefferson
Slater Elementary School Community Garden,SLA-V-73,SLA,vane,73,bee,Insecta ,Hymenoptera ,,,,Pollinator,July,15-07-2025,18-07-2025,39.75227273,-105.0928071,1685,Jefferson
Slater Elementary School Community Garden,SLA-V-74,SLA,vane,74,bee,Insecta ,Hymenoptera ,,,,Pollinator,July,15-07-2025,18-07-2025,39.75227273,-105.0928071,1685,Jefferson
Slater Elementary School Community Garden,SLA-V-75,SLA,vane,75,bee,Insecta ,Hymenoptera ,,,,Pollinator,July,15-07-2025,18-07-2025,39.75227273,-105.0928071,1685,Jefferson
Slater Elementary School Community Garden,SLA-V-76,SLA,vane,76,bee,Insecta ,Hymenoptera ,,,,Pollinator,July,15-07-2025,18-07-2025,39.75227273,-105.0928071,1685,Jefferson
Slater Elementary School Community Garden,SLA-V-77,SLA,vane,77,bee,Insecta ,Hymenoptera ,,,,Pollinator,July,15-07-2025,18-07-2025,39.75227273,-105.0928071,1685,Jefferson
Slater Elementary School Community Garden,SLA-V-78,SLA,vane,78,bee,Insecta ,Hymenoptera ,,,,Pollinator,July,15-07-2025,18-07-2025,39.75227273,-105.0928071,1685,Jefferson
Slater Elementary School Community Garden,SLA-V-79,SLA,vane,79,bee,Insecta ,Hymenoptera ,,,,Pollinator,July,15-07-2025,18-07-2025,39.75227273,-105.0928071,1685,Jefferson
Slater Elementary School Community Garden,SLA-V-80,SLA,vane,80,bee,Insecta ,Hymenoptera ,,,,Pollinator,July,15-07-2025,18-07-2025,39.75227273,-105.0928071,1685,Jefferson
Slater Elementary School Community Garden,SLA-V-81,SLA,vane,81,bee,Insecta ,Hymenoptera ,,,,Pollinator,July,15-07-2025,18-07-2025,39.75227273,-105.0928071,1685,Jefferson
Slater Elementary School Community Garden,SLA-V-82,SLA,vane,82,bee,Insecta ,Hymenoptera ,,,,Pollinator,July,15-07-2025,18-07-2025,39.75227273,-105.0928071,1685,Jefferson
Slater Elementary School Community Garden,SLA-V-83,SLA,vane,83,bee,Insecta ,Hymenoptera ,,,,Pollinator,July,15-07-2025,18-07-2025,39.75227273,-105.0928071,1685,Jefferson
Slater Elementary School Community Garden,SLA-V-84,SLA,vane,84,bee,Insecta ,Hymenoptera ,,,,Pollinator,July,15-07-2025,18-07-2025,39.75227273,-105.0928071,1685,Jefferson
Slater Elementary School Community Garden,SLA-V-85,SLA,vane,85,bee,Insecta ,Hymenoptera ,,,,Pollinator,July,15-07-2025,18-07-2025,39.75227273,-105.0928071,1685,Jefferson
Slater Elementary School Community Garden,SLA-V-86,SLA,vane,86,bee,Insecta ,Hymenoptera ,,,,Pollinator,July,15-07-2025,18-07-2025,39.75227273,-105.0928071,1685,Jefferson
Slater Elementary School Community Garden,SLA-V-87,SLA,vane,87,bee,Insecta ,Hymenoptera ,,,,Pollinator,July,15-07-2025,18-07-2025,39.75227273,-105.0928071,1685,Jefferson
Slater Elementary School Community Garden,SLA-V-88,SLA,vane,88,bee,Insecta ,Hymenoptera ,,,,Pollinator,July,15-07-2025,18-07-2025,39.75227273,-105.0928071,1685,Jefferson
Slater Elementary School Community Garden,SLA-V-89,SLA,vane,89,bee,Insecta ,Hymenoptera ,,,,Pollinator,July,15-07-2025,18-07-2025,39.75227273,-105.0928071,1685,Jefferson
Slater Elementary School Community Garden,SLA-V-90,SLA,vane,90,Lady bug,Insecta ,Coleoptera,Coccinellidae,,,Predator,July,15-07-2025,18-07-2025,39.75227273,-105.0928071,1685,Jefferson
Slater Elementary School Community Garden,SLA-V-91,SLA,vane,91,fly ,Insecta ,Diptera,,,,,July,15-07-2025,18-07-2025,39.75227273,-105.0928071,1685,Jefferson
Slater Elementary School Community Garden,SLA-V-92,SLA,vane,92,bee,Insecta ,Hymenoptera ,,,,Pollinator,July,15-07-2025,18-07-2025,39.75227273,-105.0928071,1685,Jefferson
Slater Elementary School Community Garden,SLA-V-93,SLA,vane,93,bee,Insecta ,Hymenoptera ,,,,Pollinator,July,15-07-2025,18-07-2025,39.75227273,-105.0928071,1685,Jefferson
Slater Elementary School Community Garden,SLA-V-94,SLA,vane,94,bee,Insecta ,Hymenoptera ,,,,Pollinator,July,15-07-2025,18-07-2025,39.75227273,-105.0928071,1685,Jefferson
Slater Elementary School Community Garden,SLA-V-95,SLA,vane,95,bee,Insecta ,Hymenoptera ,,,,Pollinator,July,15-07-2025,18-07-2025,39.75227273,-105.0928071,1685,Jefferson
Slater Elementary School Community Garden,SLA-V-96,SLA,vane,96,leaf hopper,Insecta ,Hemiptera,Cicadellidae,,,Herbivore,July,15-07-2025,18-07-2025,39.75227273,-105.0928071,1685,Jefferson
Slater Elementary School Community Garden,SLA-V-97,SLA,vane,97,fly ,Insecta ,Diptera,,,,,July,15-07-2025,18-07-2025,39.75227273,-105.0928071,1685,Jefferson
Slater Elementary School Community Garden,SLA-V-98,SLA,vane,98,fly ,Insecta ,Diptera,,,,,July,15-07-2025,18-07-2025,39.75227273,-105.0928071,1685,Jefferson
Slater Elementary School Community Garden,SLA-P-1,SLA,pitfall-1,1,harvestman,Arachnida,Opiliones,,,,Predator/Scavenger,July,15-07-2025,18-07-2025,39.75227273,-105.0928071,1685,Jefferson
Slater Elementary School Community Garden,SLA-P-2,SLA,pitfall-1,2,harvestman,Arachnida,Opiliones,,,,Predator/Scavenger,July,15-07-2025,18-07-2025,39.75227273,-105.0928071,1685,Jefferson
Slater Elementary School Community Garden,SLA-P-3,SLA,pitfall-1,3,pillbug,Malacostraca,Isopoda,,,,Detritivore,July,15-07-2025,18-07-2025,39.75227273,-105.0928071,1685,Jefferson
Slater Elementary School Community Garden,SLA-P-4,SLA,pitfall-1,4,harvestman,Arachnida,Opiliones,,,,Predator/Scavenger,July,15-07-2025,18-07-2025,39.75227273,-105.0928071,1685,Jefferson
Slater Elementary School Community Garden,SLA-P-5,SLA,pitfall-1,5,bee,Insecta,Hymenoptera,,,,Pollinator,July,15-07-2025,18-07-2025,39.75227273,-105.0928071,1685,Jefferson
Slater Elementary School Community Garden,SLA-P-6,SLA,pitfall-1,6,beetle,Insecta,Coleoptera,,,,,July,15-07-2025,18-07-2025,39.75227273,-105.0928071,1685,Jefferson
Slater Elementary School Community Garden,SLA-P-7,SLA,pitfall-1,7,beetle,Insecta,Coleoptera,,,,,July,15-07-2025,18-07-2025,39.75227273,-105.0928071,1685,Jefferson
Slater Elementary School Community Garden,SLA-P-8,SLA,pitfall-1,8,leafhopper,Insecta,Hemiptera,Cicadellidae,,,Herbivore,July,15-07-2025,18-07-2025,39.75227273,-105.0928071,1685,Jefferson
Slater Elementary School Community Garden,SLA-P-9,SLA,pitfall-1,9,leafhopper,Insecta,Hemiptera,Cicadellidae,,,Herbivore,July,15-07-2025,18-07-2025,39.75227273,-105.0928071,1685,Jefferson
Slater Elementary School Community Garden,SLA-P-10,SLA,pitfall-1,10,ant,Insecta,Hymenoptera,Formicidae,,,,July,15-07-2025,18-07-2025,39.75227273,-105.0928071,1685,Jefferson
Slater Elementary School Community Garden,SLA-P-11,SLA,pitfall-1,11,thin fly,Insecta,Diptera,,,,,July,15-07-2025,18-07-2025,39.75227273,-105.0928071,1685,Jefferson
Slater Elementary School Community Garden,SLA-P-12,SLA,pitfall-1,12,harvestman,Arachnida,Opiliones,,,,Predator/Scavenger,July,15-07-2025,18-07-2025,39.75227273,-105.0928071,1685,Jefferson
Slater Elementary School Community Garden,SLA-P-13,SLA,pitfall-1,13,spider,Arachnida,Araneae,,,,Predator,July,15-07-2025,18-07-2025,39.75227273,-105.0928071,1685,Jefferson
Slater Elementary School Community Garden,SLA-P-14,SLA,pitfall-1,14,beetle,Insecta,Coleoptera,,,,,July,15-07-2025,18-07-2025,39.75227273,-105.0928071,1685,Jefferson
Slater Elementary School Community Garden,SLA-P-15,SLA,pitfall-1,15,leafhopper,Insecta,Hemiptera,,,,Herbivore,July,15-07-2025,18-07-2025,39.75227273,-105.0928071,1685,Jefferson
Steck School Community Garden,STE-V-1,STE,vane,1,rove beetle,Insecta,Coleoptera,Staphylinidae,,,Predator,July,15-07-2025,18-07-2025,39.72417131,-104.9382635,1647,Denver
Steck School Community Garden,STE-V-2,STE,vane,2,small fly,Insecta,Diptera,,,,,July,15-07-2025,18-07-2025,39.72417131,-104.9382635,1647,Denver
Steck School Community Garden,STE-V-3,STE,vane,3,small fly,Insecta,Diptera,,,,,July,15-07-2025,18-07-2025,39.72417131,-104.9382635,1647,Denver
Steck School Community Garden,STE-V-4,STE,vane,4,beetle,Insecta,Coleoptera,,,,,July,15-07-2025,18-07-2025,39.72417131,-104.9382635,1647,Denver
Steck School Community Garden,STE-V-5,STE,vane,5,beetle,Insecta,Coleoptera,,,,,July,15-07-2025,18-07-2025,39.72417131,-104.9382635,1647,Denver
Steck School Community Garden,STE-V-6,STE,vane,6,beetle,Insecta,Coleoptera,,,,,July,15-07-2025,18-07-2025,39.72417131,-104.9382635,1647,Denver
Steck School Community Garden,STE-V-7,STE,vane,7,jumper,Arachnida,Araneae,Salticidae,,,Predator,July,15-07-2025,18-07-2025,39.72417131,-104.9382635,1647,Denver
Steck School Community Garden,STE-V-8,STE,vane,8,leaf hopper,Insecta,Hemiptera,Cicadellidae,,,Herbivore,July,15-07-2025,18-07-2025,39.72417131,-104.9382635,1647,Denver
Steck School Community Garden,STE-V-9,STE,vane,9,minute pirate bug,Insecta,Hemiptera,Anthocoridae,Orius,,Predator,July,15-07-2025,18-07-2025,39.72417131,-104.9382635,1647,Denver
Steck School Community Garden,STE-V-10,STE,vane,10,minute pirate bug,Insecta,Hemiptera,Anthocoridae,Orius,,Predator,July,15-07-2025,18-07-2025,39.72417131,-104.9382635,1647,Denver
Steck School Community Garden,STE-V-11,STE,vane,11,minute pirate bug,Insecta,Hemiptera,Anthocoridae,Orius,,Predator,July,15-07-2025,18-07-2025,39.72417131,-104.9382635,1647,Denver
Steck School Community Garden,STE-V-12,STE,vane,12,minute pirate bug,Insecta,Hemiptera,Anthocoridae,Orius,,Predator,July,15-07-2025,18-07-2025,39.72417131,-104.9382635,1647,Denver
Steck School Community Garden,STE-V-13,STE,vane,13,minute pirate bug,Insecta,Hemiptera,Anthocoridae,Orius,,Predator,July,15-07-2025,18-07-2025,39.72417131,-104.9382635,1647,Denver
Steck School Community Garden,STE-V-14,STE,vane,14,minute pirate bug,Insecta,Hemiptera,Anthocoridae,Orius,,Predator,July,15-07-2025,18-07-2025,39.72417131,-104.9382635,1647,Denver
Steck School Community Garden,STE-V-15,STE,vane,15,minute pirate bug,Insecta,Hemiptera,Anthocoridae,Orius,,Predator,July,15-07-2025,18-07-2025,39.72417131,-104.9382635,1647,Denver
Steck School Community Garden,STE-V-16,STE,vane,16,minute pirate bug,Insecta,Hemiptera,Anthocoridae,Orius,,Predator,July,15-07-2025,18-07-2025,39.72417131,-104.9382635,1647,Denver
Steck School Community Garden,STE-V-17,STE,vane,17,minute pirate bug,Insecta,Hemiptera,Anthocoridae,Orius,,Predator,July,15-07-2025,18-07-2025,39.72417131,-104.9382635,1647,Denver
Steck School Community Garden,STE-V-18,STE,vane,18,minute pirate bug,Insecta,Hemiptera,Anthocoridae,Orius,,Predator,July,15-07-2025,18-07-2025,39.72417131,-104.9382635,1647,Denver
Steck School Community Garden,STE-V-19,STE,vane,19,minute pirate bug,Insecta,Hemiptera,Anthocoridae,Orius,,Predator,July,15-07-2025,18-07-2025,39.72417131,-104.9382635,1647,Denver
Steck School Community Garden,STE-V-20,STE,vane,20,minute pirate bug,Insecta,Hemiptera,Anthocoridae,Orius,,Predator,July,15-07-2025,18-07-2025,39.72417131,-104.9382635,1647,Denver
Steck School Community Garden,STE-V-21,STE,vane,21,minute pirate bug,Insecta,Hemiptera,Anthocoridae,Orius,,Predator,July,15-07-2025,18-07-2025,39.72417131,-104.9382635,1647,Denver
Steck School Community Garden,STE-V-22,STE,vane,22,minute pirate bug,Insecta,Hemiptera,Anthocoridae,Orius,,Predator,July,15-07-2025,18-07-2025,39.72417131,-104.9382635,1647,Denver
Steck School Community Garden,STE-V-23,STE,vane,23,minute pirate bug,Insecta,Hemiptera,Anthocoridae,Orius,,Predator,July,15-07-2025,18-07-2025,39.72417131,-104.9382635,1647,Denver
Steck School Community Garden,STE-V-24,STE,vane,24,minute pirate bug,Insecta,Hemiptera,Anthocoridae,Orius,,Predator,July,15-07-2025,18-07-2025,39.72417131,-104.9382635,1647,Denver
Steck School Community Garden,STE-V-25,STE,vane,25,thrips,Insecta,Thysanoptera,,,,Herbivore,July,15-07-2025,18-07-2025,39.72417131,-104.9382635,1647,Denver
Steck School Community Garden,STE-V-26,STE,vane,26,thrips,Insecta,Thysanoptera,,,,Herbivore,July,15-07-2025,18-07-2025,39.72417131,-104.9382635,1647,Denver
Steck School Community Garden,STE-V-27,STE,vane,27,thrips,Insecta,Thysanoptera,,,,Herbivore,July,15-07-2025,18-07-2025,39.72417131,-104.9382635,1647,Denver
Steck School Community Garden,STE-V-28,STE,vane,28,thrips,Insecta,Thysanoptera,,,,Herbivore,July,15-07-2025,18-07-2025,39.72417131,-104.9382635,1647,Denver
Steck School Community Garden,STE-V-29,STE,vane,29,thrips,Insecta,Thysanoptera,,,,Herbivore,July,15-07-2025,18-07-2025,39.72417131,-104.9382635,1647,Denver
Steck School Community Garden,STE-V-30,STE,vane,30,thrips,Insecta,Thysanoptera,,,,Herbivore,July,15-07-2025,18-07-2025,39.72417131,-104.9382635,1647,Denver
Steck School Community Garden,STE-V-31,STE,vane,31,thrips,Insecta,Thysanoptera,,,,Herbivore,July,15-07-2025,18-07-2025,39.72417131,-104.9382635,1647,Denver
Steck School Community Garden,STE-V-32,STE,vane,32,thrips,Insecta,Thysanoptera,,,,Herbivore,July,15-07-2025,18-07-2025,39.72417131,-104.9382635,1647,Denver
Steck School Community Garden,STE-V-33,STE,vane,33,thrips,Insecta,Thysanoptera,,,,Herbivore,July,15-07-2025,18-07-2025,39.72417131,-104.9382635,1647,Denver
Steck School Community Garden,STE-V-34,STE,vane,34,thrips,Insecta,Thysanoptera,,,,Herbivore,July,15-07-2025,18-07-2025,39.72417131,-104.9382635,1647,Denver
Steck School Community Garden,STE-V-35,STE,vane,35,thrips,Insecta,Thysanoptera,,,,Herbivore,July,15-07-2025,18-07-2025,39.72417131,-104.9382635,1647,Denver
Steck School Community Garden,STE-V-36,STE,vane,36,thrips,Insecta,Thysanoptera,,,,Herbivore,July,15-07-2025,18-07-2025,39.72417131,-104.9382635,1647,Denver
Steck School Community Garden,STE-V-37,STE,vane,37,thrips,Insecta,Thysanoptera,,,,Herbivore,July,15-07-2025,18-07-2025,39.72417131,-104.9382635,1647,Denver
Steck School Community Garden,STE-V-38,STE,vane,38,thrips,Insecta,Thysanoptera,,,,Herbivore,July,15-07-2025,18-07-2025,39.72417131,-104.9382635,1647,Denver
Steck School Community Garden,STE-V-39,STE,vane,39,thrips,Insecta,Thysanoptera,,,,Herbivore,July,15-07-2025,18-07-2025,39.72417131,-104.9382635,1647,Denver
Steck School Community Garden,STE-V-40,STE,vane,40,thrips,Insecta,Thysanoptera,,,,Herbivore,July,15-07-2025,18-07-2025,39.72417131,-104.9382635,1647,Denver
Steck School Community Garden,STE-V-41,STE,vane,41,thrips,Insecta,Thysanoptera,,,,Herbivore,July,15-07-2025,18-07-2025,39.72417131,-104.9382635,1647,Denver
Steck School Community Garden,STE-V-42,STE,vane,42,thrips,Insecta,Thysanoptera,,,,Herbivore,July,15-07-2025,18-07-2025,39.72417131,-104.9382635,1647,Denver
Steck School Community Garden,STE-V-43,STE,vane,43,thrips,Insecta,Thysanoptera,,,,Herbivore,July,15-07-2025,18-07-2025,39.72417131,-104.9382635,1647,Denver
Steck School Community Garden,STE-V-44,STE,vane,44,thrips,Insecta,Thysanoptera,,,,Herbivore,July,15-07-2025,18-07-2025,39.72417131,-104.9382635,1647,Denver
Steck School Community Garden,STE-V-45,STE,vane,45,thrips,Insecta,Thysanoptera,,,,Herbivore,July,15-07-2025,18-07-2025,39.72417131,-104.9382635,1647,Denver
Steck School Community Garden,STE-V-46,STE,vane,46,thrips,Insecta,Thysanoptera,,,,Herbivore,July,15-07-2025,18-07-2025,39.72417131,-104.9382635,1647,Denver
Steck School Community Garden,STE-V-47,STE,vane,47,thrips,Insecta,Thysanoptera,,,,Herbivore,July,15-07-2025,18-07-2025,39.72417131,-104.9382635,1647,Denver
Steck School Community Garden,STE-V-48,STE,vane,48,thrips,Insecta,Thysanoptera,,,,Herbivore,July,15-07-2025,18-07-2025,39.72417131,-104.9382635,1647,Denver
Steck School Community Garden,STE-V-49,STE,vane,49,thrips,Insecta,Thysanoptera,,,,Herbivore,July,15-07-2025,18-07-2025,39.72417131,-104.9382635,1647,Denver
Steck School Community Garden,STE-V-50,STE,vane,50,thrips,Insecta,Thysanoptera,,,,Herbivore,July,15-07-2025,18-07-2025,39.72417131,-104.9382635,1647,Denver
Steck School Community Garden,STE-V-51,STE,vane,51,thrips,Insecta,Thysanoptera,,,,Herbivore,July,15-07-2025,18-07-2025,39.72417131,-104.9382635,1647,Denver
Steck School Community Garden,STE-V-52,STE,vane,52,thrips,Insecta,Thysanoptera,,,,Herbivore,July,15-07-2025,18-07-2025,39.72417131,-104.9382635,1647,Denver
Steck School Community Garden,STE-V-53,STE,vane,53,thrips,Insecta,Thysanoptera,,,,Herbivore,July,15-07-2025,18-07-2025,39.72417131,-104.9382635,1647,Denver
Steck School Community Garden,STE-V-54,STE,vane,54,thrips,Insecta,Thysanoptera,,,,Herbivore,July,15-07-2025,18-07-2025,39.72417131,-104.9382635,1647,Denver
Steck School Community Garden,STE-V-55,STE,vane,55,thrips,Insecta,Thysanoptera,,,,Herbivore,July,15-07-2025,18-07-2025,39.72417131,-104.9382635,1647,Denver
Steck School Community Garden,STE-V-56,STE,vane,56,thrips,Insecta,Thysanoptera,,,,Herbivore,July,15-07-2025,18-07-2025,39.72417131,-104.9382635,1647,Denver
Steck School Community Garden,STE-V-57,STE,vane,57,thrips,Insecta,Thysanoptera,,,,Herbivore,July,15-07-2025,18-07-2025,39.72417131,-104.9382635,1647,Denver
Steck School Community Garden,STE-V-58,STE,vane,58,thrips,Insecta,Thysanoptera,,,,Herbivore,July,15-07-2025,18-07-2025,39.72417131,-104.9382635,1647,Denver
Steck School Community Garden,STE-V-59,STE,vane,59,thrips,Insecta,Thysanoptera,,,,Herbivore,July,15-07-2025,18-07-2025,39.72417131,-104.9382635,1647,Denver
Steck School Community Garden,STE-V-60,STE,vane,60,thrips,Insecta,Thysanoptera,,,,Herbivore,July,15-07-2025,18-07-2025,39.72417131,-104.9382635,1647,Denver
Steck School Community Garden,STE-V-61,STE,vane,61,thrips,Insecta,Thysanoptera,,,,Herbivore,July,15-07-2025,18-07-2025,39.72417131,-104.9382635,1647,Denver
Steck School Community Garden,STE-V-62,STE,vane,62,thrips,Insecta,Thysanoptera,,,,Herbivore,July,15-07-2025,18-07-2025,39.72417131,-104.9382635,1647,Denver
Steck School Community Garden,STE-V-63,STE,vane,63,thrips,Insecta,Thysanoptera,,,,Herbivore,July,15-07-2025,18-07-2025,39.72417131,-104.9382635,1647,Denver
Steck School Community Garden,STE-V-64,STE,vane,64,thrips,Insecta,Thysanoptera,,,,Herbivore,July,15-07-2025,18-07-2025,39.72417131,-104.9382635,1647,Denver
Steck School Community Garden,STE-V-65,STE,vane,65,thrips,Insecta,Thysanoptera,,,,Herbivore,July,15-07-2025,18-07-2025,39.72417131,-104.9382635,1647,Denver
Steck School Community Garden,STE-V-66,STE,vane,66,thrips,Insecta,Thysanoptera,,,,Herbivore,July,15-07-2025,18-07-2025,39.72417131,-104.9382635,1647,Denver
Steck School Community Garden,STE-V-67,STE,vane,67,thrips,Insecta,Thysanoptera,,,,Herbivore,July,15-07-2025,18-07-2025,39.72417131,-104.9382635,1647,Denver
Steck School Community Garden,STE-V-68,STE,vane,68,thrips,Insecta,Thysanoptera,,,,Herbivore,July,15-07-2025,18-07-2025,39.72417131,-104.9382635,1647,Denver
Steck School Community Garden,STE-V-69,STE,vane,69,thrips,Insecta,Thysanoptera,,,,Herbivore,July,15-07-2025,18-07-2025,39.72417131,-104.9382635,1647,Denver
Steck School Community Garden,STE-V-70,STE,vane,70,thrips,Insecta,Thysanoptera,,,,Herbivore,July,15-07-2025,18-07-2025,39.72417131,-104.9382635,1647,Denver
Steck School Community Garden,STE-V-71,STE,vane,71,thrips,Insecta,Thysanoptera,,,,Herbivore,July,15-07-2025,18-07-2025,39.72417131,-104.9382635,1647,Denver
Steck School Community Garden,STE-V-72,STE,vane,72,thrips,Insecta,Thysanoptera,,,,Herbivore,July,15-07-2025,18-07-2025,39.72417131,-104.9382635,1647,Denver
Steck School Community Garden,STE-V-73,STE,vane,73,thrips,Insecta,Thysanoptera,,,,Herbivore,July,15-07-2025,18-07-2025,39.72417131,-104.9382635,1647,Denver
Steck School Community Garden,STE-V-74,STE,vane,74,thrips,Insecta,Thysanoptera,,,,Herbivore,July,15-07-2025,18-07-2025,39.72417131,-104.9382635,1647,Denver
Steck School Community Garden,STE-V-75,STE,vane,75,thrips,Insecta,Thysanoptera,,,,Herbivore,July,15-07-2025,18-07-2025,39.72417131,-104.9382635,1647,Denver
Steck School Community Garden,STE-V-76,STE,vane,76,thrips,Insecta,Thysanoptera,,,,Herbivore,July,15-07-2025,18-07-2025,39.72417131,-104.9382635,1647,Denver
Steck School Community Garden,STE-V-77,STE,vane,77,thrips,Insecta,Thysanoptera,,,,Herbivore,July,15-07-2025,18-07-2025,39.72417131,-104.9382635,1647,Denver
Steck School Community Garden,STE-V-78,STE,vane,78,thrips,Insecta,Thysanoptera,,,,Herbivore,July,15-07-2025,18-07-2025,39.72417131,-104.9382635,1647,Denver
Steck School Community Garden,STE-V-79,STE,vane,79,thrips,Insecta,Thysanoptera,,,,Herbivore,July,15-07-2025,18-07-2025,39.72417131,-104.9382635,1647,Denver
Steck School Community Garden,STE-V-80,STE,vane,80,thrips,Insecta,Thysanoptera,,,,Herbivore,July,15-07-2025,18-07-2025,39.72417131,-104.9382635,1647,Denver
Steck School Community Garden,STE-V-81,STE,vane,81,thrips,Insecta,Thysanoptera,,,,Herbivore,July,15-07-2025,18-07-2025,39.72417131,-104.9382635,1647,Denver
Steck School Community Garden,STE-V-82,STE,vane,82,small fly,Insecta ,Diptera,,,,Herbivore,July,15-07-2025,18-07-2025,39.72417131,-104.9382635,1647,Denver
Steck School Community Garden,STE-V-83,STE,vane,83,bumblebee,Insecta ,Hymenoptera,Apidae,Bombus,,Pollinator,July,15-07-2025,18-07-2025,39.72417131,-104.9382635,1647,Denver
Steck School Community Garden,STE-V-84,STE,vane,84,bumblebee,Insecta ,Hymenoptera,Apidae,Bombus,,Pollinator,July,15-07-2025,18-07-2025,39.72417131,-104.9382635,1647,Denver
Steck School Community Garden,STE-V-85,STE,vane,85,squash bee,Insecta ,Hymenoptera,Apidae,Eucera,pruinosa,Pollinator,July,15-07-2025,18-07-2025,39.72417131,-104.9382635,1647,Denver
Steck School Community Garden,STE-V-86,STE,vane,86,squash bee,Insecta ,Hymenoptera,Apidae,Eucera,pruinosa,Pollinator,July,15-07-2025,18-07-2025,39.72417131,-104.9382635,1647,Denver
Steck School Community Garden,STE-V-87,STE,vane,87,squash bee,Insecta ,Hymenoptera,Apidae,Eucera,pruinosa,Pollinator,July,15-07-2025,18-07-2025,39.72417131,-104.9382635,1647,Denver
Steck School Community Garden,STE-V-88,STE,vane,88,squash bee,Insecta ,Hymenoptera,Apidae,Eucera,pruinosa,Pollinator,July,15-07-2025,18-07-2025,39.72417131,-104.9382635,1647,Denver
Steck School Community Garden,STE-V-89,STE,vane,89,squash bee,Insecta ,Hymenoptera,Apidae,Eucera,pruinosa,Pollinator,July,15-07-2025,18-07-2025,39.72417131,-104.9382635,1647,Denver
Steck School Community Garden,STE-V-90,STE,vane,90,squash bee,Insecta ,Hymenoptera,Apidae,Eucera,pruinosa,Pollinator,July,15-07-2025,18-07-2025,39.72417131,-104.9382635,1647,Denver
Steck School Community Garden,STE-V-91,STE,vane,91,squash bee,Insecta ,Hymenoptera,Apidae,Eucera,pruinosa,Pollinator,July,15-07-2025,18-07-2025,39.72417131,-104.9382635,1647,Denver
Steck School Community Garden,STE-V-92,STE,vane,92,squash bee,Insecta ,Hymenoptera,Apidae,Eucera,pruinosa,Pollinator,July,15-07-2025,18-07-2025,39.72417131,-104.9382635,1647,Denver
Steck School Community Garden,STE-V-93,STE,vane,93,squash bee,Insecta ,Hymenoptera,Apidae,Eucera,pruinosa,Pollinator,July,15-07-2025,18-07-2025,39.72417131,-104.9382635,1647,Denver
Steck School Community Garden,STE-V-94,STE,vane,94,squash bee,Insecta ,Hymenoptera,Apidae,Eucera,pruinosa,Pollinator,July,15-07-2025,18-07-2025,39.72417131,-104.9382635,1647,Denver
Steck School Community Garden,STE-V-95,STE,vane,95,squash bee,Insecta ,Hymenoptera,Apidae,Eucera,pruinosa,Pollinator,July,15-07-2025,18-07-2025,39.72417131,-104.9382635,1647,Denver
Steck School Community Garden,STE-V-96,STE,vane,96,squash bee,Insecta ,Hymenoptera,Apidae,Eucera,pruinosa,Pollinator,July,15-07-2025,18-07-2025,39.72417131,-104.9382635,1647,Denver
Steck School Community Garden,STE-V-97,STE,vane,97,squash bee,Insecta ,Hymenoptera,Apidae,Eucera,pruinosa,Pollinator,July,15-07-2025,18-07-2025,39.72417131,-104.9382635,1647,Denver
Steck School Community Garden,STE-V-98,STE,vane,98,squash bee,Insecta ,Hymenoptera,Apidae,Eucera,pruinosa,Pollinator,July,15-07-2025,18-07-2025,39.72417131,-104.9382635,1647,Denver
Steck School Community Garden,STE-V-99,STE,vane,99,squash bee,Insecta ,Hymenoptera,Apidae,Eucera,pruinosa,Pollinator,July,15-07-2025,18-07-2025,39.72417131,-104.9382635,1647,Denver
Steck School Community Garden,STE-V-100,STE,vane,100,squash bee,Insecta ,Hymenoptera,Apidae,Eucera,pruinosa,Pollinator,July,15-07-2025,18-07-2025,39.72417131,-104.9382635,1647,Denver
Steck School Community Garden,STE-V-101,STE,vane,101,squash bee,Insecta ,Hymenoptera,Apidae,Eucera,pruinosa,Pollinator,July,15-07-2025,18-07-2025,39.72417131,-104.9382635,1647,Denver
Steck School Community Garden,STE-V-102,STE,vane,102,squash bee,Insecta ,Hymenoptera,Apidae,Eucera,pruinosa,Pollinator,July,15-07-2025,18-07-2025,39.72417131,-104.9382635,1647,Denver
Steck School Community Garden,STE-V-103,STE,vane,103,squash bee,Insecta ,Hymenoptera,Apidae,Eucera,pruinosa,Pollinator,July,15-07-2025,18-07-2025,39.72417131,-104.9382635,1647,Denver
Steck School Community Garden,STE-V-104,STE,vane,104,longhorn bee,Insecta ,Hymenoptera,Apidae,,,Pollinator,July,15-07-2025,18-07-2025,39.72417131,-104.9382635,1647,Denver
Steck School Community Garden,STE-V-105,STE,vane,105,longhorn bee,Insecta ,Hymenoptera,Apidae,,,Pollinator,July,15-07-2025,18-07-2025,39.72417131,-104.9382635,1647,Denver
Steck School Community Garden,STE-V-106,STE,vane,106,longhorn bee,Insecta ,Hymenoptera,Apidae,,,Pollinator,July,15-07-2025,18-07-2025,39.72417131,-104.9382635,1647,Denver
Steck School Community Garden,STE-V-107,STE,vane,107,longhorn bee,Insecta ,Hymenoptera,Apidae,,,Pollinator,July,15-07-2025,18-07-2025,39.72417131,-104.9382635,1647,Denver
Steck School Community Garden,STE-V-108,STE,vane,108,longhorn bee,Insecta ,Hymenoptera,Apidae,,,Pollinator,July,15-07-2025,18-07-2025,39.72417131,-104.9382635,1647,Denver
Steck School Community Garden,STE-V-109,STE,vane,109,longhorn bee,Insecta ,Hymenoptera,Apidae,,,Pollinator,July,15-07-2025,18-07-2025,39.72417131,-104.9382635,1647,Denver
Steck School Community Garden,STE-V-110,STE,vane,110,longhorn bee,Insecta ,Hymenoptera,Apidae,,,Pollinator,July,15-07-2025,18-07-2025,39.72417131,-104.9382635,1647,Denver
Steck School Community Garden,STE-V-111,STE,vane,111,longhorn bee,Insecta ,Hymenoptera,Apidae,,,Pollinator,July,15-07-2025,18-07-2025,39.72417131,-104.9382635,1647,Denver
Steck School Community Garden,STE-V-112,STE,vane,112,longhorn bee,Insecta ,Hymenoptera,Apidae,,,Pollinator,July,15-07-2025,18-07-2025,39.72417131,-104.9382635,1647,Denver
Steck School Community Garden,STE-V-113,STE,vane,113,longhorn bee,Insecta ,Hymenoptera,Apidae,,,Pollinator,July,15-07-2025,18-07-2025,39.72417131,-104.9382635,1647,Denver
Steck School Community Garden,STE-V-114,STE,vane,114,longhorn bee,Insecta ,Hymenoptera,Apidae,,,Pollinator,July,15-07-2025,18-07-2025,39.72417131,-104.9382635,1647,Denver
Steck School Community Garden,STE-V-115,STE,vane,115,longhorn bee,Insecta ,Hymenoptera,Apidae,,,Pollinator,July,15-07-2025,18-07-2025,39.72417131,-104.9382635,1647,Denver
Steck School Community Garden,STE-V-116,STE,vane,116,longhorn bee,Insecta ,Hymenoptera,Apidae,,,Pollinator,July,15-07-2025,18-07-2025,39.72417131,-104.9382635,1647,Denver
Steck School Community Garden,STE-V-117,STE,vane,117,longhorn bee,Insecta ,Hymenoptera,Apidae,,,Pollinator,July,15-07-2025,18-07-2025,39.72417131,-104.9382635,1647,Denver
Steck School Community Garden,STE-V-118,STE,vane,118,longhorn bee,Insecta ,Hymenoptera,Apidae,,,Pollinator,July,15-07-2025,18-07-2025,39.72417131,-104.9382635,1647,Denver
Steck School Community Garden,STE-V-119,STE,vane,119,longhorn bee,Insecta ,Hymenoptera,Apidae,,,Pollinator,July,15-07-2025,18-07-2025,39.72417131,-104.9382635,1647,Denver
Steck School Community Garden,STE-V-120,STE,vane,120,sweatbee,Insecta ,Hymenoptera,Halictidae,,,Pollinator,July,15-07-2025,18-07-2025,39.72417131,-104.9382635,1647,Denver
Steck School Community Garden,STE-V-121,STE,vane,121,longhorn bee,Insecta ,Hymenoptera,Apidae,,,Pollinator,July,15-07-2025,18-07-2025,39.72417131,-104.9382635,1647,Denver
Steck School Community Garden,STE-V-122,STE,vane,122,squash bee,Insecta ,Hymenoptera,Apidae,Eucera,pruinosa,Pollinator,July,15-07-2025,18-07-2025,39.72417131,-104.9382635,1647,Denver
Steck School Community Garden,STE-V-123,STE,vane,123,squash bee,Insecta ,Hymenoptera,Apidae,Eucera,pruinosa,Pollinator,July,15-07-2025,18-07-2025,39.72417131,-104.9382635,1647,Denver
Steck School Community Garden,STE-V-124,STE,vane,124,small sweatbee,Insecta ,Hymenoptera,Halictidae,,,Pollinator,July,15-07-2025,18-07-2025,39.72417131,-104.9382635,1647,Denver
Steck School Community Garden,STE-V-125,STE,vane,125,small sweatbee,Insecta ,Hymenoptera,Halictidae,,,Pollinator,July,15-07-2025,18-07-2025,39.72417131,-104.9382635,1647,Denver
Steck School Community Garden,STE-V-126,STE,vane,126,small sweatbee,Insecta ,Hymenoptera,Halictidae,,,Pollinator,July,15-07-2025,18-07-2025,39.72417131,-104.9382635,1647,Denver
Steck School Community Garden,STE-V-127,STE,vane,127,japanese beetle,Insecta ,Coleoptera,Scarabaeidae,Popillia,japonica,Herbivore,July,15-07-2025,18-07-2025,39.72417131,-104.9382635,1647,Denver
Steck School Community Garden,STE-V-128,STE,vane,128,brown lacewing,Insecta ,Neuroptera,Hemerobiidae,,,Predator,July,15-07-2025,18-07-2025,39.72417131,-104.9382635,1647,Denver
Steck School Community Garden,STE-V-129,STE,vane,129,earwig,Insecta ,Dermaptera,,,,Omnivore,July,15-07-2025,18-07-2025,39.72417131,-104.9382635,1647,Denver
Steck School Community Garden,STE-V-130,STE,vane,130,ant,Insecta ,Hymenoptera,Formicidae,,,,July,15-07-2025,18-07-2025,39.72417131,-104.9382635,1647,Denver
Steck School Community Garden,STE-V-131,STE,vane,131,muscid fly,Insecta ,Diptera,Muscidae,,,Detritivore,July,15-07-2025,18-07-2025,39.72417131,-104.9382635,1647,Denver
West Colfax Community Urban Garden,WES-V-1,WES,vane,1,mosquito,Insecta,Diptera,Culicidae,,,Sanguivore,July,15-07-2025,18-07-2025,39.73521415,-105.0458772,1616,Denver
West Colfax Community Urban Garden,WES-V-2,WES,vane,2,beetle,Insecta,Coleoptera,,,,,July,15-07-2025,18-07-2025,39.73521415,-105.0458772,1616,Denver
West Colfax Community Urban Garden,WES-V-3,WES,vane,3,beetle,Insecta,Coleoptera,,,,,July,15-07-2025,18-07-2025,39.73521415,-105.0458772,1616,Denver
West Colfax Community Urban Garden,WES-V-4,WES,vane,4,dark thrip,Insecta,Thysanoptera,Aeolothripidae,Aeolothrips,,Predator,July,15-07-2025,18-07-2025,39.73521415,-105.0458772,1616,Denver
West Colfax Community Urban Garden,WES-V-5,WES,vane,5,leaf hopper,Insecta,Hemiptera,Cicadellidae,,,Herbivore,July,15-07-2025,18-07-2025,39.73521415,-105.0458772,1616,Denver
West Colfax Community Urban Garden,WES-V-6,WES,vane,6,minute pirate bug,Insecta,Hemiptera,Anthocoridae,Orius,,Predator,July,15-07-2025,18-07-2025,39.73521415,-105.0458772,1616,Denver
West Colfax Community Urban Garden,WES-V-7,WES,vane,7,minute pirate bug,Insecta,Hemiptera,Anthocoridae,Orius,,Predator,July,15-07-2025,18-07-2025,39.73521415,-105.0458772,1616,Denver
West Colfax Community Urban Garden,WES-V-8,WES,vane,8,minute pirate bug,Insecta,Hemiptera,Anthocoridae,Orius,,Predator,July,15-07-2025,18-07-2025,39.73521415,-105.0458772,1616,Denver
West Colfax Community Urban Garden,WES-V-9,WES,vane,9,minute pirate bug,Insecta,Hemiptera,Anthocoridae,Orius,,Predator,July,15-07-2025,18-07-2025,39.73521415,-105.0458772,1616,Denver
West Colfax Community Urban Garden,WES-V-10,WES,vane,10,minute pirate bug,Insecta,Hemiptera,Anthocoridae,Orius,,Predator,July,15-07-2025,18-07-2025,39.73521415,-105.0458772,1616,Denver
West Colfax Community Urban Garden,WES-V-11,WES,vane,11,minute pirate bug,Insecta,Hemiptera,Anthocoridae,Orius,,Predator,July,15-07-2025,18-07-2025,39.73521415,-105.0458772,1616,Denver
West Colfax Community Urban Garden,WES-V-12,WES,vane,12,minute pirate bug,Insecta,Hemiptera,Anthocoridae,Orius,,Predator,July,15-07-2025,18-07-2025,39.73521415,-105.0458772,1616,Denver
West Colfax Community Urban Garden,WES-V-13,WES,vane,13,minute pirate bug,Insecta,Hemiptera,Anthocoridae,Orius,,Predator,July,15-07-2025,18-07-2025,39.73521415,-105.0458772,1616,Denver
West Colfax Community Urban Garden,WES-V-14,WES,vane,14,minute pirate bug,Insecta,Hemiptera,Anthocoridae,Orius,,Predator,July,15-07-2025,18-07-2025,39.73521415,-105.0458772,1616,Denver
West Colfax Community Urban Garden,WES-V-15,WES,vane,15,minute pirate bug,Insecta,Hemiptera,Anthocoridae,Orius,,Predator,July,15-07-2025,18-07-2025,39.73521415,-105.0458772,1616,Denver
West Colfax Community Urban Garden,WES-V-16,WES,vane,16,minute pirate bug,Insecta,Hemiptera,Anthocoridae,Orius,,Predator,July,15-07-2025,18-07-2025,39.73521415,-105.0458772,1616,Denver
West Colfax Community Urban Garden,WES-V-17,WES,vane,17,minute pirate bug,Insecta,Hemiptera,Anthocoridae,Orius,,Predator,July,15-07-2025,18-07-2025,39.73521415,-105.0458772,1616,Denver
West Colfax Community Urban Garden,WES-V-18,WES,vane,18,minute pirate bug,Insecta,Hemiptera,Anthocoridae,Orius,,Predator,July,15-07-2025,18-07-2025,39.73521415,-105.0458772,1616,Denver
West Colfax Community Urban Garden,WES-V-19,WES,vane,19,long proboscis bug,Insecta,Hemiptera,,,,,July,15-07-2025,18-07-2025,39.73521415,-105.0458772,1616,Denver
West Colfax Community Urban Garden,WES-V-20,WES,vane,20,long proboscis bug,Insecta,Hemiptera,,,,,July,15-07-2025,18-07-2025,39.73521415,-105.0458772,1616,Denver
West Colfax Community Urban Garden,WES-V-21,WES,vane,21,evil thrip,Insecta,Thysanoptera,Aeolothripidae,Aeolothrips,,Predator,July,15-07-2025,18-07-2025,39.73521415,-105.0458772,1616,Denver
West Colfax Community Urban Garden,WES-V-22,WES,vane,22,thrips,Insecta,Thysanoptera,,,,Herbivore,July,15-07-2025,18-07-2025,39.73521415,-105.0458772,1616,Denver
West Colfax Community Urban Garden,WES-V-23,WES,vane,23,thrips,Insecta,Thysanoptera,,,,Herbivore,July,15-07-2025,18-07-2025,39.73521415,-105.0458772,1616,Denver
West Colfax Community Urban Garden,WES-V-24,WES,vane,24,thrips,Insecta,Thysanoptera,,,,Herbivore,July,15-07-2025,18-07-2025,39.73521415,-105.0458772,1616,Denver
West Colfax Community Urban Garden,WES-V-25,WES,vane,25,thrips,Insecta,Thysanoptera,,,,Herbivore,July,15-07-2025,18-07-2025,39.73521415,-105.0458772,1616,Denver
West Colfax Community Urban Garden,WES-V-26,WES,vane,26,thrips,Insecta,Thysanoptera,,,,Herbivore,July,15-07-2025,18-07-2025,39.73521415,-105.0458772,1616,Denver
West Colfax Community Urban Garden,WES-V-27,WES,vane,27,thrips,Insecta,Thysanoptera,,,,Herbivore,July,15-07-2025,18-07-2025,39.73521415,-105.0458772,1616,Denver
West Colfax Community Urban Garden,WES-V-28,WES,vane,28,thrips,Insecta,Thysanoptera,,,,Herbivore,July,15-07-2025,18-07-2025,39.73521415,-105.0458772,1616,Denver
West Colfax Community Urban Garden,WES-V-29,WES,vane,29,thrips,Insecta,Thysanoptera,,,,Herbivore,July,15-07-2025,18-07-2025,39.73521415,-105.0458772,1616,Denver
West Colfax Community Urban Garden,WES-V-30,WES,vane,30,thrips,Insecta,Thysanoptera,,,,Herbivore,July,15-07-2025,18-07-2025,39.73521415,-105.0458772,1616,Denver
West Colfax Community Urban Garden,WES-V-31,WES,vane,31,thrips,Insecta,Thysanoptera,,,,Herbivore,July,15-07-2025,18-07-2025,39.73521415,-105.0458772,1616,Denver
West Colfax Community Urban Garden,WES-V-32,WES,vane,32,thrips,Insecta,Thysanoptera,,,,Herbivore,July,15-07-2025,18-07-2025,39.73521415,-105.0458772,1616,Denver
West Colfax Community Urban Garden,WES-V-33,WES,vane,33,thrips,Insecta,Thysanoptera,,,,Herbivore,July,15-07-2025,18-07-2025,39.73521415,-105.0458772,1616,Denver
West Colfax Community Urban Garden,WES-V-34,WES,vane,34,thrips,Insecta,Thysanoptera,,,,Herbivore,July,15-07-2025,18-07-2025,39.73521415,-105.0458772,1616,Denver
West Colfax Community Urban Garden,WES-V-35,WES,vane,35,thrips,Insecta,Thysanoptera,,,,Herbivore,July,15-07-2025,18-07-2025,39.73521415,-105.0458772,1616,Denver
West Colfax Community Urban Garden,WES-V-36,WES,vane,36,thrips,Insecta,Thysanoptera,,,,Herbivore,July,15-07-2025,18-07-2025,39.73521415,-105.0458772,1616,Denver
West Colfax Community Urban Garden,WES-V-37,WES,vane,37,thrips,Insecta,Thysanoptera,,,,Herbivore,July,15-07-2025,18-07-2025,39.73521415,-105.0458772,1616,Denver
West Colfax Community Urban Garden,WES-V-38,WES,vane,38,thrips,Insecta,Thysanoptera,,,,Herbivore,July,15-07-2025,18-07-2025,39.73521415,-105.0458772,1616,Denver
West Colfax Community Urban Garden,WES-V-39,WES,vane,39,thrips,Insecta,Thysanoptera,,,,Herbivore,July,15-07-2025,18-07-2025,39.73521415,-105.0458772,1616,Denver
West Colfax Community Urban Garden,WES-V-40,WES,vane,40,thrips,Insecta,Thysanoptera,,,,Herbivore,July,15-07-2025,18-07-2025,39.73521415,-105.0458772,1616,Denver
West Colfax Community Urban Garden,WES-V-41,WES,vane,41,thrips,Insecta,Thysanoptera,,,,Herbivore,July,15-07-2025,18-07-2025,39.73521415,-105.0458772,1616,Denver
West Colfax Community Urban Garden,WES-V-42,WES,vane,42,thrips,Insecta,Thysanoptera,,,,Herbivore,July,15-07-2025,18-07-2025,39.73521415,-105.0458772,1616,Denver
West Colfax Community Urban Garden,WES-V-43,WES,vane,43,thrips,Insecta,Thysanoptera,,,,Herbivore,July,15-07-2025,18-07-2025,39.73521415,-105.0458772,1616,Denver
West Colfax Community Urban Garden,WES-V-44,WES,vane,44,thrips,Insecta,Thysanoptera,,,,Herbivore,July,15-07-2025,18-07-2025,39.73521415,-105.0458772,1616,Denver
West Colfax Community Urban Garden,WES-V-45,WES,vane,45,thrips,Insecta,Thysanoptera,,,,Herbivore,July,15-07-2025,18-07-2025,39.73521415,-105.0458772,1616,Denver
West Colfax Community Urban Garden,WES-V-46,WES,vane,46,thrips,Insecta,Thysanoptera,,,,Herbivore,July,15-07-2025,18-07-2025,39.73521415,-105.0458772,1616,Denver
West Colfax Community Urban Garden,WES-V-47,WES,vane,47,thrips,Insecta,Thysanoptera,,,,Herbivore,July,15-07-2025,18-07-2025,39.73521415,-105.0458772,1616,Denver
West Colfax Community Urban Garden,WES-V-48,WES,vane,48,thrips,Insecta,Thysanoptera,,,,Herbivore,July,15-07-2025,18-07-2025,39.73521415,-105.0458772,1616,Denver
West Colfax Community Urban Garden,WES-V-49,WES,vane,49,thrips,Insecta,Thysanoptera,,,,Herbivore,July,15-07-2025,18-07-2025,39.73521415,-105.0458772,1616,Denver
West Colfax Community Urban Garden,WES-V-50,WES,vane,50,thrips,Insecta,Thysanoptera,,,,Herbivore,July,15-07-2025,18-07-2025,39.73521415,-105.0458772,1616,Denver
West Colfax Community Urban Garden,WES-V-51,WES,vane,51,thrips,Insecta,Thysanoptera,,,,Herbivore,July,15-07-2025,18-07-2025,39.73521415,-105.0458772,1616,Denver
West Colfax Community Urban Garden,WES-V-52,WES,vane,52,thrips,Insecta,Thysanoptera,,,,Herbivore,July,15-07-2025,18-07-2025,39.73521415,-105.0458772,1616,Denver
West Colfax Community Urban Garden,WES-V-53,WES,vane,53,thrips,Insecta,Thysanoptera,,,,Herbivore,July,15-07-2025,18-07-2025,39.73521415,-105.0458772,1616,Denver
West Colfax Community Urban Garden,WES-V-54,WES,vane,54,thrips,Insecta,Thysanoptera,,,,Herbivore,July,15-07-2025,18-07-2025,39.73521415,-105.0458772,1616,Denver
West Colfax Community Urban Garden,WES-V-55,WES,vane,55,thrips,Insecta,Thysanoptera,,,,Herbivore,July,15-07-2025,18-07-2025,39.73521415,-105.0458772,1616,Denver
West Colfax Community Urban Garden,WES-V-56,WES,vane,56,thrips,Insecta,Thysanoptera,,,,Herbivore,July,15-07-2025,18-07-2025,39.73521415,-105.0458772,1616,Denver
West Colfax Community Urban Garden,WES-V-57,WES,vane,57,thrips,Insecta,Thysanoptera,,,,Herbivore,July,15-07-2025,18-07-2025,39.73521415,-105.0458772,1616,Denver
West Colfax Community Urban Garden,WES-V-58,WES,vane,58,thrips,Insecta,Thysanoptera,,,,Herbivore,July,15-07-2025,18-07-2025,39.73521415,-105.0458772,1616,Denver
West Colfax Community Urban Garden,WES-V-59,WES,vane,59,thrips,Insecta,Thysanoptera,,,,Herbivore,July,15-07-2025,18-07-2025,39.73521415,-105.0458772,1616,Denver
West Colfax Community Urban Garden,WES-V-60,WES,vane,60,thrips,Insecta,Thysanoptera,,,,Herbivore,July,15-07-2025,18-07-2025,39.73521415,-105.0458772,1616,Denver
West Colfax Community Urban Garden,WES-V-61,WES,vane,61,thrips,Insecta,Thysanoptera,,,,Herbivore,July,15-07-2025,18-07-2025,39.73521415,-105.0458772,1616,Denver
West Colfax Community Urban Garden,WES-V-62,WES,vane,62,thrips,Insecta,Thysanoptera,,,,Herbivore,July,15-07-2025,18-07-2025,39.73521415,-105.0458772,1616,Denver
West Colfax Community Urban Garden,WES-V-63,WES,vane,63,thrips,Insecta,Thysanoptera,,,,Herbivore,July,15-07-2025,18-07-2025,39.73521415,-105.0458772,1616,Denver
West Colfax Community Urban Garden,WES-V-64,WES,vane,64,thrips,Insecta,Thysanoptera,,,,Herbivore,July,15-07-2025,18-07-2025,39.73521415,-105.0458772,1616,Denver
West Colfax Community Urban Garden,WES-V-65,WES,vane,65,thrips,Insecta,Thysanoptera,,,,Herbivore,July,15-07-2025,18-07-2025,39.73521415,-105.0458772,1616,Denver
West Colfax Community Urban Garden,WES-V-66,WES,vane,66,thrips,Insecta,Thysanoptera,,,,Herbivore,July,15-07-2025,18-07-2025,39.73521415,-105.0458772,1616,Denver
West Colfax Community Urban Garden,WES-V-67,WES,vane,67,thrips,Insecta,Thysanoptera,,,,Herbivore,July,15-07-2025,18-07-2025,39.73521415,-105.0458772,1616,Denver
West Colfax Community Urban Garden,WES-V-68,WES,vane,68,thrips,Insecta,Thysanoptera,,,,Herbivore,July,15-07-2025,18-07-2025,39.73521415,-105.0458772,1616,Denver
West Colfax Community Urban Garden,WES-V-69,WES,vane,69,thrips,Insecta,Thysanoptera,,,,Herbivore,July,15-07-2025,18-07-2025,39.73521415,-105.0458772,1616,Denver
West Colfax Community Urban Garden,WES-V-70,WES,vane,70,thrips,Insecta,Thysanoptera,,,,Herbivore,July,15-07-2025,18-07-2025,39.73521415,-105.0458772,1616,Denver
West Colfax Community Urban Garden,WES-V-71,WES,vane,71,thrips,Insecta,Thysanoptera,,,,Herbivore,July,15-07-2025,18-07-2025,39.73521415,-105.0458772,1616,Denver
West Colfax Community Urban Garden,WES-V-72,WES,vane,72,thrips,Insecta,Thysanoptera,,,,Herbivore,July,15-07-2025,18-07-2025,39.73521415,-105.0458772,1616,Denver
West Colfax Community Urban Garden,WES-V-73,WES,vane,73,thrips,Insecta,Thysanoptera,,,,Herbivore,July,15-07-2025,18-07-2025,39.73521415,-105.0458772,1616,Denver
West Colfax Community Urban Garden,WES-V-74,WES,vane,74,thrips,Insecta,Thysanoptera,,,,Herbivore,July,15-07-2025,18-07-2025,39.73521415,-105.0458772,1616,Denver
West Colfax Community Urban Garden,WES-V-75,WES,vane,75,thrips,Insecta,Thysanoptera,,,,Herbivore,July,15-07-2025,18-07-2025,39.73521415,-105.0458772,1616,Denver
West Colfax Community Urban Garden,WES-V-76,WES,vane,76,thrips,Insecta,Thysanoptera,,,,Herbivore,July,15-07-2025,18-07-2025,39.73521415,-105.0458772,1616,Denver
West Colfax Community Urban Garden,WES-V-77,WES,vane,77,thrips,Insecta,Thysanoptera,,,,Herbivore,July,15-07-2025,18-07-2025,39.73521415,-105.0458772,1616,Denver
West Colfax Community Urban Garden,WES-V-78,WES,vane,78,thrips,Insecta,Thysanoptera,,,,Herbivore,July,15-07-2025,18-07-2025,39.73521415,-105.0458772,1616,Denver
West Colfax Community Urban Garden,WES-V-79,WES,vane,79,thrips,Insecta,Thysanoptera,,,,Herbivore,July,15-07-2025,18-07-2025,39.73521415,-105.0458772,1616,Denver
West Colfax Community Urban Garden,WES-V-80,WES,vane,80,thrips,Insecta,Thysanoptera,,,,Herbivore,July,15-07-2025,18-07-2025,39.73521415,-105.0458772,1616,Denver
West Colfax Community Urban Garden,WES-V-81,WES,vane,81,thrips,Insecta,Thysanoptera,,,,Herbivore,July,15-07-2025,18-07-2025,39.73521415,-105.0458772,1616,Denver
West Colfax Community Urban Garden,WES-V-82,WES,vane,82,thrips,Insecta,Thysanoptera,,,,Herbivore,July,15-07-2025,18-07-2025,39.73521415,-105.0458772,1616,Denver
West Colfax Community Urban Garden,WES-V-83,WES,vane,83,thrips,Insecta,Thysanoptera,,,,Herbivore,July,15-07-2025,18-07-2025,39.73521415,-105.0458772,1616,Denver
West Colfax Community Urban Garden,WES-V-84,WES,vane,84,thrips,Insecta,Thysanoptera,,,,Herbivore,July,15-07-2025,18-07-2025,39.73521415,-105.0458772,1616,Denver
West Colfax Community Urban Garden,WES-V-85,WES,vane,85,thrips,Insecta,Thysanoptera,,,,Herbivore,July,15-07-2025,18-07-2025,39.73521415,-105.0458772,1616,Denver
West Colfax Community Urban Garden,WES-V-86,WES,vane,86,thrips,Insecta,Thysanoptera,,,,Herbivore,July,15-07-2025,18-07-2025,39.73521415,-105.0458772,1616,Denver
West Colfax Community Urban Garden,WES-V-87,WES,vane,87,thrips,Insecta,Thysanoptera,,,,Herbivore,July,15-07-2025,18-07-2025,39.73521415,-105.0458772,1616,Denver
West Colfax Community Urban Garden,WES-V-88,WES,vane,88,thrips,Insecta,Thysanoptera,,,,Herbivore,July,15-07-2025,18-07-2025,39.73521415,-105.0458772,1616,Denver
West Colfax Community Urban Garden,WES-V-89,WES,vane,89,bumblebee,Insecta,Hymenoptera,Apidae,Bombus,,Pollinator,July,15-07-2025,18-07-2025,39.73521415,-105.0458772,1616,Denver
West Colfax Community Urban Garden,WES-V-90,WES,vane,90,bumblebee,Insecta,Hymenoptera,Apidae,Bombus,,Pollinator,July,15-07-2025,18-07-2025,39.73521415,-105.0458772,1616,Denver
West Colfax Community Urban Garden,WES-V-91,WES,vane,91,squash bee,Insecta,Hymenoptera,Apidae,Eucera,pruinosa,Pollinator,July,15-07-2025,18-07-2025,39.73521415,-105.0458772,1616,Denver
West Colfax Community Urban Garden,WES-V-92,WES,vane,92,llonghorn bee,Insecta,Hymenoptera,Apidae,,,Pollinator,July,15-07-2025,18-07-2025,39.73521415,-105.0458772,1616,Denver
West Colfax Community Urban Garden,WES-V-93,WES,vane,93,squash bee,Insecta,Hymenoptera,Apidae,Eucera,pruinosa,Pollinator,July,15-07-2025,18-07-2025,39.73521415,-105.0458772,1616,Denver
West Colfax Community Urban Garden,WES-V-94,WES,vane,94,m. bimaculatus,Insecta,Hymenoptera,Apidae,Melissodes,bimaculatus,Pollinator,July,15-07-2025,18-07-2025,39.73521415,-105.0458772,1616,Denver
West Colfax Community Urban Garden,WES-V-95,WES,vane,95,longhorn bee,Insecta,Hymenoptera,Apidae,,,Pollinator,July,15-07-2025,18-07-2025,39.73521415,-105.0458772,1616,Denver
West Colfax Community Urban Garden,WES-V-96,WES,vane,96,longhorn bee,Insecta,Hymenoptera,Apidae,,,Pollinator,July,15-07-2025,18-07-2025,39.73521415,-105.0458772,1616,Denver
West Colfax Community Urban Garden,WES-V-97,WES,vane,97,longhorn bee,Insecta,Hymenoptera,Apidae,,,Pollinator,July,15-07-2025,18-07-2025,39.73521415,-105.0458772,1616,Denver
West Colfax Community Urban Garden,WES-V-98,WES,vane,98,longhorn bee,Insecta,Hymenoptera,Apidae,,,Pollinator,July,15-07-2025,18-07-2025,39.73521415,-105.0458772,1616,Denver
West Colfax Community Urban Garden,WES-V-99,WES,vane,99,longhorn bee,Insecta,Hymenoptera,Apidae,,,Pollinator,July,15-07-2025,18-07-2025,39.73521415,-105.0458772,1616,Denver
West Colfax Community Urban Garden,WES-V-100,WES,vane,100,longhorn bee,Insecta,Hymenoptera,Apidae,,,Pollinator,July,15-07-2025,18-07-2025,39.73521415,-105.0458772,1616,Denver
West Colfax Community Urban Garden,WES-V-101,WES,vane,101,bee,Insecta,Hymenoptera,Apidae,,,Pollinator,July,15-07-2025,18-07-2025,39.73521415,-105.0458772,1616,Denver
West Colfax Community Urban Garden,WES-V-102,WES,vane,102,bee,Insecta,Hymenoptera,Apidae,,,Pollinator,July,15-07-2025,18-07-2025,39.73521415,-105.0458772,1616,Denver
West Colfax Community Urban Garden,WES-V-103,WES,vane,103,bee,Insecta,Hymenoptera,Apidae,,,Pollinator,July,15-07-2025,18-07-2025,39.73521415,-105.0458772,1616,Denver
West Colfax Community Urban Garden,WES-V-104,WES,vane,104,green metallic sweatbee,Insecta,Hymenoptera,Halictidae,,,Pollinator,July,15-07-2025,18-07-2025,39.73521415,-105.0458772,1616,Denver
West Colfax Community Urban Garden,WES-V-105,WES,vane,105,green metallic sweatbee,Insecta,Hymenoptera,Halictidae,,,Pollinator,July,15-07-2025,18-07-2025,39.73521415,-105.0458772,1616,Denver
West Colfax Community Urban Garden,WES-V-106,WES,vane,106,green metallic sweatbee,Insecta,Hymenoptera,Halictidae,,,Pollinator,July,15-07-2025,18-07-2025,39.73521415,-105.0458772,1616,Denver
West Colfax Community Urban Garden,WES-V-107,WES,vane,107,green metallic sweatbee,Insecta,Hymenoptera,Halictidae,,,Pollinator,July,15-07-2025,18-07-2025,39.73521415,-105.0458772,1616,Denver
West Colfax Community Urban Garden,WES-V-108,WES,vane,108,green metallic sweatbee,Insecta,Hymenoptera,Halictidae,,,Pollinator,July,15-07-2025,18-07-2025,39.73521415,-105.0458772,1616,Denver
West Colfax Community Urban Garden,WES-V-109,WES,vane,109,sweatbee,Insecta,Hymenoptera,Halictidae,,,Pollinator,July,15-07-2025,18-07-2025,39.73521415,-105.0458772,1616,Denver
West Colfax Community Urban Garden,WES-V-110,WES,vane,110,bumble flower beetle,Insecta,Coleoptera,Scarabaeidae,Euphoria,inda,Detritivore,July,15-07-2025,18-07-2025,39.73521415,-105.0458772,1616,Denver
West Colfax Community Urban Garden,WES-V-111,WES,vane,111,bumble flower beetle,Insecta,Coleoptera,Scarabaeidae,Euphoria,inda,Detritivore,July,15-07-2025,18-07-2025,39.73521415,-105.0458772,1616,Denver
West Colfax Community Urban Garden,WES-V-112,WES,vane,112,bumble flower beetle,Insecta,Coleoptera,Scarabaeidae,Euphoria,inda,Detritivore,July,15-07-2025,18-07-2025,39.73521415,-105.0458772,1616,Denver
West Colfax Community Urban Garden,WES-V-113,WES,vane,113,bumble flower beetle,Insecta,Coleoptera,Scarabaeidae,Euphoria,inda,Detritivore,July,15-07-2025,18-07-2025,39.73521415,-105.0458772,1616,Denver
West Colfax Community Urban Garden,WES-V-114,WES,vane,114,bumble flower beetle,Insecta,Coleoptera,Scarabaeidae,Euphoria,inda,Detritivore,July,15-07-2025,18-07-2025,39.73521415,-105.0458772,1616,Denver
West Colfax Community Urban Garden,WES-V-115,WES,vane,115,bumble flower beetle,Insecta,Coleoptera,Scarabaeidae,Euphoria,inda,Detritivore,July,15-07-2025,18-07-2025,39.73521415,-105.0458772,1616,Denver
West Colfax Community Urban Garden,WES-V-116,WES,vane,116,ladybird,Insecta,Coleoptera,Coccinellidae,,,Predator,July,15-07-2025,18-07-2025,39.73521415,-105.0458772,1616,Denver
West Colfax Community Urban Garden,WES-V-117,WES,vane,117,muscid fly,Insecta,Diptera,Muscidae,,,Detritivore,July,15-07-2025,18-07-2025,39.73521415,-105.0458772,1616,Denver
West Colfax Community Urban Garden,WES-P-1,WES,pitfall-1,1,pillbug,Malacostraca,Isopoda,,,,Detritivore,July,15-07-2025,18-07-2025,39.73521415,-105.0458772,1616,Denver
West Colfax Community Urban Garden,WES-P-2,WES,pitfall-1,2,pillbug,Malacostraca,Isopoda,,,,Detritivore,July,15-07-2025,18-07-2025,39.73521415,-105.0458772,1616,Denver
West Colfax Community Urban Garden,WES-P-3,WES,pitfall-1,3,woodlouse spider,Arachnida,Araneae,Dysderidae,Dysdera,crocata,Predator,July,15-07-2025,18-07-2025,39.73521415,-105.0458772,1616,Denver
West Colfax Community Urban Garden,WES-P-4,WES,pitfall-1,4,spider,Arachnida,Araneae,,,,Predator,July,15-07-2025,18-07-2025,39.73521415,-105.0458772,1616,Denver
West Colfax Community Urban Garden,WES-P-5,WES,pitfall-1,5,spider,Arachnida,Araneae,,,,Predator,July,15-07-2025,18-07-2025,39.73521415,-105.0458772,1616,Denver
West Colfax Community Urban Garden,WES-P-6,WES,pitfall-1,6,harvestman,Arachnida,Opiliones,,,,Predator/Scavenger,July,15-07-2025,18-07-2025,39.73521415,-105.0458772,1616,Denver
West Colfax Community Urban Garden,WES-P-7,WES,pitfall-1,7,harvestman,Arachnida,Opiliones,,,,Predator/Scavenger,July,15-07-2025,18-07-2025,39.73521415,-105.0458772,1616,Denver
West Colfax Community Urban Garden,WES-P-8,WES,pitfall-1,8,minute pirate bug,Insecta,Hemiptera,Anthocoridae,Orius,,Predator,July,15-07-2025,18-07-2025,39.73521415,-105.0458772,1616,Denver
West Colfax Community Urban Garden,WES-P-9,WES,pitfall-1,9,leafhopper,Insecta,Hemiptera,Cicadellidae,,,Herbivore,July,15-07-2025,18-07-2025,39.73521415,-105.0458772,1616,Denver
West Colfax Community Urban Garden,WES-P-10,WES,pitfall-1,10,leafhopper,Insecta,Hemiptera,Cicadellidae,,,Herbivore,July,15-07-2025,18-07-2025,39.73521415,-105.0458772,1616,Denver
West Colfax Community Urban Garden,WES-P-11,WES,pitfall-1,11,rove beetle,Insecta,Coleoptera,Staphylinidae,,,Predator,July,15-07-2025,18-07-2025,39.73521415,-105.0458772,1616,Denver
West Colfax Community Urban Garden,WES-P-12,WES,pitfall-1,12,beetle,Insecta,Coleoptera,,,,,July,15-07-2025,18-07-2025,39.73521415,-105.0458772,1616,Denver
West Colfax Community Urban Garden,WES-P-13,WES,pitfall-1,13,pompilid wasp,Insecta,Hymenoptera,Pompilidae,,,Predator,July,15-07-2025,18-07-2025,39.73521415,-105.0458772,1616,Denver
West Colfax Community Urban Garden,WES-P-14,WES,pitfall-1,14,pseudoscorpion,Arachnida,Pseudoscorpiones,,,,Predator,July,15-07-2025,18-07-2025,39.73521415,-105.0458772,1616,Denver
West Colfax Community Urban Garden,WES-P-15,WES,pitfall-1,15,beetle,Insecta,Coleoptera,,,,,July,15-07-2025,18-07-2025,39.73521415,-105.0458772,1616,Denver
West Colfax Community Urban Garden,WES-P-1,WES,pitfall-2,1,small wasp,Insecta,Hymenoptera,,,,Predator,July,15-07-2025,18-07-2025,39.73521415,-105.0458772,1616,Denver
West Colfax Community Urban Garden,WES-P-2,WES,pitfall-2,2,woodlouse spider,Arachnida,Araneae,Dysderidae,Dysdera,crocatus,Predator,July,15-07-2025,18-07-2025,39.73521415,-105.0458772,1616,Denver
West Colfax Community Urban Garden,WES-P-3,WES,pitfall-2,3,rolly-polly,Malacostraca,Isopoda,	Armadillidiidae,Armadillidium,,Detritivore,July,15-07-2025,18-07-2025,39.73521415,-105.0458772,1616,Denver
West Colfax Community Urban Garden,WES-P-4,WES,pitfall-2,4,rolly-polly,Malacostraca,Isopoda,	Armadillidiidae,Armadillidium,,Detritivore,July,15-07-2025,18-07-2025,39.73521415,-105.0458772,1616,Denver
West Colfax Community Urban Garden,WES-P-5,WES,pitfall-2,5,rolly-polly,Malacostraca,Isopoda,	Armadillidiidae,Armadillidium,,Detritivore,July,15-07-2025,18-07-2025,39.73521415,-105.0458772,1616,Denver
West Colfax Community Urban Garden,WES-P-6,WES,pitfall-2,6,rolly-polly,Malacostraca,Isopoda,	Armadillidiidae,Armadillidium,,Detritivore,July,15-07-2025,18-07-2025,39.73521415,-105.0458772,1616,Denver
West Colfax Community Urban Garden,WES-P-7,WES,pitfall-2,7,rolly-polly,Malacostraca,Isopoda,	Armadillidiidae,Armadillidium,,Detritivore,July,15-07-2025,18-07-2025,39.73521415,-105.0458772,1616,Denver
West Colfax Community Urban Garden,WES-P-8,WES,pitfall-2,8,rolly-polly,Malacostraca,Isopoda,	Armadillidiidae,Armadillidium,,Detritivore,July,15-07-2025,18-07-2025,39.73521415,-105.0458772,1616,Denver
West Colfax Community Urban Garden,WES-P-9,WES,pitfall-2,9,rolly-polly,Malacostraca,Isopoda,	Armadillidiidae,Armadillidium,,Detritivore,July,15-07-2025,18-07-2025,39.73521415,-105.0458772,1616,Denver
West Colfax Community Urban Garden,WES-P-10,WES,pitfall-2,10,rolly-polly,Malacostraca,Isopoda,	Armadillidiidae,Armadillidium,,Detritivore,July,15-07-2025,18-07-2025,39.73521415,-105.0458772,1616,Denver
West Colfax Community Urban Garden,WES-P-11,WES,pitfall-2,11,rolly-polly,Malacostraca,Isopoda,	Armadillidiidae,Armadillidium,,Detritivore,July,15-07-2025,18-07-2025,39.73521415,-105.0458772,1616,Denver
West Colfax Community Urban Garden,WES-P-12,WES,pitfall-2,12,rolly-polly,Malacostraca,Isopoda,	Armadillidiidae,Armadillidium,,Detritivore,July,15-07-2025,18-07-2025,39.73521415,-105.0458772,1616,Denver
West Colfax Community Urban Garden,WES-P-13,WES,pitfall-2,13,rolly-polly,Malacostraca,Isopoda,	Armadillidiidae,Armadillidium,,Detritivore,July,15-07-2025,18-07-2025,39.73521415,-105.0458772,1616,Denver
West Colfax Community Urban Garden,WES-P-14,WES,pitfall-2,14,Spider,Arachnida,Araneae,,,,Predator,July,15-07-2025,18-07-2025,39.73521415,-105.0458772,1616,Denver
West Colfax Community Urban Garden,WES-P-15,WES,pitfall-2,15,Spider,Arachnida,Araneae,,,,Predator,July,15-07-2025,18-07-2025,39.73521415,-105.0458772,1616,Denver
West Colfax Community Urban Garden,WES-P-16,WES,pitfall-2,16,Milipede,Diplopoda,,,,,Detritivore,July,15-07-2025,18-07-2025,39.73521415,-105.0458772,1616,Denver
West Colfax Community Urban Garden,WES-P-17,WES,pitfall-2,17,Beetle,Insecta,Coleoptera,Lampyridae,,,,July,15-07-2025,18-07-2025,39.73521415,-105.0458772,1616,Denver
West Colfax Community Urban Garden,WES-P-18,WES,pitfall-2,18,Beetle,Insecta,Coleoptera,Lampyridae,,,,July,15-07-2025,18-07-2025,39.73521415,-105.0458772,1616,Denver
West Colfax Community Urban Garden,WES-P-19,WES,pitfall-2,19,Aphid,Insecta,Hemiptera,Aphidae,,,Herbivore,July,15-07-2025,18-07-2025,39.73521415,-105.0458772,1616,Denver
West Colfax Community Urban Garden,WES-P-20,WES,pitfall-2,20,Ant ,Insecta ,Hymenoptera,Formicidae,,,Omnivore,July,15-07-2025,18-07-2025,39.73521415,-105.0458772,1616,Denver
West Colfax Community Urban Garden,WES-P-21,WES,pitfall-2,21,Ant ,Insecta ,Hymenoptera,Formicidae,,,Omnivore,July,15-07-2025,18-07-2025,39.73521415,-105.0458772,1616,Denver
West Colfax Community Urban Garden,WES-P-22,WES,pitfall-2,22,Ant ,Insecta ,Hymenoptera,Formicidae,,,Omnivore,July,15-07-2025,18-07-2025,39.73521415,-105.0458772,1616,Denver
West Colfax Community Urban Garden,WES-P-23,WES,pitfall-2,23,Ant ,Insecta ,Hymenoptera,Formicidae,,,Omnivore,July,15-07-2025,18-07-2025,39.73521415,-105.0458772,1616,Denver
West Colfax Community Urban Garden,WES-P-24,WES,pitfall-2,24,Ant ,Insecta ,Hymenoptera,Formicidae,,,Omnivore,July,15-07-2025,18-07-2025,39.73521415,-105.0458772,1616,Denver
West Colfax Community Urban Garden,WES-P-25,WES,pitfall-2,25,Ant ,Insecta ,Hymenoptera,Formicidae,,,Omnivore,July,15-07-2025,18-07-2025,39.73521415,-105.0458772,1616,Denver
West Colfax Community Urban Garden,WES-P-26,WES,pitfall-2,26,Ant ,Insecta ,Hymenoptera,Formicidae,,,Omnivore,July,15-07-2025,18-07-2025,39.73521415,-105.0458772,1616,Denver
West Colfax Community Urban Garden,WES-P-27,WES,pitfall-2,27,leaf hopper ,Insecta,Hemiptera,Cicadellidae,,,Herbivore,July,15-07-2025,18-07-2025,39.73521415,-105.0458772,1616,Denver
West Colfax Community Urban Garden,WES-P-28,WES,pitfall-2,28,Fly,Insecta,Diptera,Muscidae,,,Detritivore,July,15-07-2025,18-07-2025,39.73521415,-105.0458772,1616,Denver
Applewood Community Garden,APP-P-1,APP,Pitfall-1,1,woodlouse spider,Arachnida,Araneae,Dysderidae,Dysdera,,,July,15-07-2025,18-07-2025,39.76071279,-105.1446095,1687.57,Jefferson
Applewood Community Garden,APP-P-2,APP,Pitfall-1,2,woodlouse spider,Arachnida,Araneae,Dysderidae,Dysdera,,,July,15-07-2025,18-07-2025,39.76071279,-105.1446095,1687.57,Jefferson
Applewood Community Garden,APP-P-3,APP,Pitfall-1,3,rolly-polly,Malacostraca,Isopoda,	Armadillidiidae,Armadillidium,,Detritivore,July,15-07-2025,18-07-2025,39.76071279,-105.1446095,1687.57,Jefferson
Applewood Community Garden,APP-P-4,APP,Pitfall-1,4,rolly-polly,Malacostraca,Isopoda,	Armadillidiidae,Armadillidium,,Detritivore,July,15-07-2025,18-07-2025,39.76071279,-105.1446095,1687.57,Jefferson
Applewood Community Garden,APP-P-5,APP,Pitfall-1,5,rolly-polly,Malacostraca,Isopoda,	Armadillidiidae,Armadillidium,,Detritivore,July,15-07-2025,18-07-2025,39.76071279,-105.1446095,1687.57,Jefferson
Applewood Community Garden,APP-P-6,APP,Pitfall-1,6,rolly-polly,Malacostraca,Isopoda,	Armadillidiidae,Armadillidium,,Detritivore,July,15-07-2025,18-07-2025,39.76071279,-105.1446095,1687.57,Jefferson
Applewood Community Garden,APP-P-7,APP,Pitfall-1,7,rolly-polly,Malacostraca,Isopoda,	Armadillidiidae,Armadillidium,,Detritivore,July,15-07-2025,18-07-2025,39.76071279,-105.1446095,1687.57,Jefferson
Applewood Community Garden,APP-P-8,APP,Pitfall-1,8,rolly-polly,Malacostraca,Isopoda,	Armadillidiidae,Armadillidium,,Detritivore,July,15-07-2025,18-07-2025,39.76071279,-105.1446095,1687.57,Jefferson
Applewood Community Garden,APP-P-9,APP,Pitfall-1,9,rolly-polly,Malacostraca,Isopoda,	Armadillidiidae,Armadillidium,,Detritivore,July,15-07-2025,18-07-2025,39.76071279,-105.1446095,1687.57,Jefferson
Applewood Community Garden,APP-P-10,APP,Pitfall-1,10,rolly-polly,Malacostraca,Isopoda,	Armadillidiidae,Armadillidium,,Detritivore,July,15-07-2025,18-07-2025,39.76071279,-105.1446095,1687.57,Jefferson
Applewood Community Garden,APP-P-11,APP,Pitfall-1,11,rolly-polly,Malacostraca,Isopoda,	Armadillidiidae,Armadillidium,,Detritivore,July,15-07-2025,18-07-2025,39.76071279,-105.1446095,1687.57,Jefferson
Applewood Community Garden,APP-P-12,APP,Pitfall-1,12,rolly-polly,Malacostraca,Isopoda,	Armadillidiidae,Armadillidium,,Detritivore,July,15-07-2025,18-07-2025,39.76071279,-105.1446095,1687.57,Jefferson
Applewood Community Garden,APP-P-13,APP,Pitfall-1,13,rolly-polly,Malacostraca,Isopoda,	Armadillidiidae,Armadillidium,,Detritivore,July,15-07-2025,18-07-2025,39.76071279,-105.1446095,1687.57,Jefferson
Applewood Community Garden,APP-P-14,APP,Pitfall-1,14,rolly-polly,Malacostraca,Isopoda,	Armadillidiidae,Armadillidium,,Detritivore,July,15-07-2025,18-07-2025,39.76071279,-105.1446095,1687.57,Jefferson
Applewood Community Garden,APP-P-15,APP,Pitfall-1,15,rolly-polly,Malacostraca,Isopoda,	Armadillidiidae,Armadillidium,,Detritivore,July,15-07-2025,18-07-2025,39.76071279,-105.1446095,1687.57,Jefferson
Applewood Community Garden,APP-P-16,APP,Pitfall-1,16,rolly-polly,Malacostraca,Isopoda,	Armadillidiidae,Armadillidium,,Detritivore,July,15-07-2025,18-07-2025,39.76071279,-105.1446095,1687.57,Jefferson
Applewood Community Garden,APP-P-17,APP,Pitfall-1,17,Milipede,Diplopoda,,,,,,July,15-07-2025,18-07-2025,39.76071279,-105.1446095,1687.57,Jefferson
Applewood Community Garden,APP-P-18,APP,Pitfall-1,18,Milipede,Diplopoda,,,,,,July,15-07-2025,18-07-2025,39.76071279,-105.1446095,1687.57,Jefferson
Applewood Community Garden,APP-P-19,APP,Pitfall-1,19,Ant ,Insecta,Hymenoptera,,,,Omnivore,July,15-07-2025,18-07-2025,39.76071279,-105.1446095,1687.57,Jefferson
Applewood Community Garden,APP-P-20,APP,Pitfall-1,20,Ant ,Insecta,Hymenoptera,,,,Omnivore,July,15-07-2025,18-07-2025,39.76071279,-105.1446095,1687.57,Jefferson
Applewood Community Garden,APP-P-21,APP,Pitfall-1,21,Ant ,Insecta,Hymenoptera,,,,Omnivore,July,15-07-2025,18-07-2025,39.76071279,-105.1446095,1687.57,Jefferson
Applewood Community Garden,APP-P-22,APP,Pitfall-1,22,Ant ,Insecta,Hymenoptera,,,,Omnivore,July,15-07-2025,18-07-2025,39.76071279,-105.1446095,1687.57,Jefferson
Applewood Community Garden,APP-P-23,APP,Pitfall-1,23,Ant ,Insecta,Hymenoptera,,,,Omnivore,July,15-07-2025,18-07-2025,39.76071279,-105.1446095,1687.57,Jefferson
Applewood Community Garden,APP-P-24,APP,Pitfall-1,24,Ant ,Insecta,Hymenoptera,,,,Omnivore,July,15-07-2025,18-07-2025,39.76071279,-105.1446095,1687.57,Jefferson
Applewood Community Garden,APP-P-25,APP,Pitfall-1,25,Ant ,Insecta,Hymenoptera,,,,Omnivore,July,15-07-2025,18-07-2025,39.76071279,-105.1446095,1687.57,Jefferson
Applewood Community Garden,APP-P-26,APP,Pitfall-1,26,Ant ,Insecta,Hymenoptera,,,,Omnivore,July,15-07-2025,18-07-2025,39.76071279,-105.1446095,1687.57,Jefferson
Applewood Community Garden,APP-P-27,APP,Pitfall-1,27,Ant ,Insecta,Hymenoptera,,,,Omnivore,July,15-07-2025,18-07-2025,39.76071279,-105.1446095,1687.57,Jefferson
Applewood Community Garden,APP-P-28,APP,Pitfall-1,28,Ant ,Insecta,Hymenoptera,,,,Omnivore,July,15-07-2025,18-07-2025,39.76071279,-105.1446095,1687.57,Jefferson
Applewood Community Garden,APP-P-29,APP,Pitfall-1,29,Ant ,Insecta,Hymenoptera,,,,Omnivore,July,15-07-2025,18-07-2025,39.76071279,-105.1446095,1687.57,Jefferson
Applewood Community Garden,APP-P-30,APP,Pitfall-1,30,Ant ,Insecta,Hymenoptera,,,,Omnivore,July,15-07-2025,18-07-2025,39.76071279,-105.1446095,1687.57,Jefferson
Applewood Community Garden,APP-P-31,APP,Pitfall-1,31,Ant ,Insecta,Hymenoptera,,,,Omnivore,July,15-07-2025,18-07-2025,39.76071279,-105.1446095,1687.57,Jefferson
Applewood Community Garden,APP-P-32,APP,Pitfall-1,32,Ant ,Insecta,Hymenoptera,,,,Omnivore,July,15-07-2025,18-07-2025,39.76071279,-105.1446095,1687.57,Jefferson
Applewood Community Garden,APP-P-33,APP,Pitfall-1,33,Ant ,Insecta,Hymenoptera,,,,Omnivore,July,15-07-2025,18-07-2025,39.76071279,-105.1446095,1687.57,Jefferson
Applewood Community Garden,APP-P-34,APP,Pitfall-1,34,Ant ,Insecta,Hymenoptera,,,,Omnivore,July,15-07-2025,18-07-2025,39.76071279,-105.1446095,1687.57,Jefferson
Applewood Community Garden,APP-P-35,APP,Pitfall-1,35,Ant ,Insecta,Hymenoptera,,,,Omnivore,July,15-07-2025,18-07-2025,39.76071279,-105.1446095,1687.57,Jefferson
Applewood Community Garden,APP-P-36,APP,Pitfall-1,36,Ant ,Insecta,Hymenoptera,,,,Omnivore,July,15-07-2025,18-07-2025,39.76071279,-105.1446095,1687.57,Jefferson
Applewood Community Garden,APP-P-37,APP,Pitfall-1,37,Ant ,Insecta,Hymenoptera,,,,Omnivore,July,15-07-2025,18-07-2025,39.76071279,-105.1446095,1687.57,Jefferson
Applewood Community Garden,APP-P-38,APP,Pitfall-1,38,Ant ,Insecta,Hymenoptera,,,,Omnivore,July,15-07-2025,18-07-2025,39.76071279,-105.1446095,1687.57,Jefferson
Applewood Community Garden,APP-P-39,APP,Pitfall-1,39,Ant ,Insecta,Hymenoptera,,,,Omnivore,July,15-07-2025,18-07-2025,39.76071279,-105.1446095,1687.57,Jefferson
Applewood Community Garden,APP-P-40,APP,Pitfall-1,40,Ant ,Insecta,Hymenoptera,,,,Omnivore,July,15-07-2025,18-07-2025,39.76071279,-105.1446095,1687.57,Jefferson
Applewood Community Garden,APP-P-41,APP,Pitfall-1,41,Ant ,Insecta,Hymenoptera,,,,Omnivore,July,15-07-2025,18-07-2025,39.76071279,-105.1446095,1687.57,Jefferson
Applewood Community Garden,APP-P-42,APP,Pitfall-1,42,Ant ,Insecta,Hymenoptera,,,,Omnivore,July,15-07-2025,18-07-2025,39.76071279,-105.1446095,1687.57,Jefferson
Applewood Community Garden,APP-P-43,APP,Pitfall-1,43,Ant ,Insecta,Hymenoptera,,,,Omnivore,July,15-07-2025,18-07-2025,39.76071279,-105.1446095,1687.57,Jefferson
Applewood Community Garden,APP-P-44,APP,Pitfall-1,44,Ant ,Insecta,Hymenoptera,,,,Omnivore,July,15-07-2025,18-07-2025,39.76071279,-105.1446095,1687.57,Jefferson
Applewood Community Garden,APP-P-45,APP,Pitfall-1,45,Ant ,Insecta,Hymenoptera,,,,Omnivore,July,15-07-2025,18-07-2025,39.76071279,-105.1446095,1687.57,Jefferson
Applewood Community Garden,APP-P-46,APP,Pitfall-1,46,Ant ,Insecta,Hymenoptera,,,,Omnivore,July,15-07-2025,18-07-2025,39.76071279,-105.1446095,1687.57,Jefferson
Applewood Community Garden,APP-P-47,APP,Pitfall-1,47,Ant ,Insecta,Hymenoptera,,,,Omnivore,July,15-07-2025,18-07-2025,39.76071279,-105.1446095,1687.57,Jefferson
Applewood Community Garden,APP-P-48,APP,Pitfall-1,48,Ant ,Insecta,Hymenoptera,,,,Omnivore,July,15-07-2025,18-07-2025,39.76071279,-105.1446095,1687.57,Jefferson
Applewood Community Garden,APP-P-49,APP,Pitfall-1,49,Ant ,Insecta,Hymenoptera,,,,Omnivore,July,15-07-2025,18-07-2025,39.76071279,-105.1446095,1687.57,Jefferson
Applewood Community Garden,APP-P-50,APP,Pitfall-1,50,Ant ,Insecta,Hymenoptera,,,,Omnivore,July,15-07-2025,18-07-2025,39.76071279,-105.1446095,1687.57,Jefferson
Applewood Community Garden,APP-P-51,APP,Pitfall-1,51,Ant ,Insecta,Hymenoptera,,,,Omnivore,July,15-07-2025,18-07-2025,39.76071279,-105.1446095,1687.57,Jefferson
Applewood Community Garden,APP-P-52,APP,Pitfall-1,52,Ant ,Insecta,Hymenoptera,,,,Omnivore,July,15-07-2025,18-07-2025,39.76071279,-105.1446095,1687.57,Jefferson
Applewood Community Garden,APP-P-53,APP,Pitfall-1,53,Ant ,Insecta,Hymenoptera,,,,Omnivore,July,15-07-2025,18-07-2025,39.76071279,-105.1446095,1687.57,Jefferson
Applewood Community Garden,APP-P-54,APP,Pitfall-1,54,rolly-polly,Malacostraca,Isopoda,	Armadillidiidae,Armadillidium,,Detritivore,July,15-07-2025,18-07-2025,39.76071279,-105.1446095,1687.57,Jefferson
Applewood Community Garden,APP-P-55,APP,Pitfall-1,55,rolly-polly,Malacostraca,Isopoda,	Armadillidiidae,Armadillidium,,Detritivore,July,15-07-2025,18-07-2025,39.76071279,-105.1446095,1687.57,Jefferson
Applewood Community Garden,APP-P-56,APP,Pitfall-1,56,rolly-polly,Malacostraca,Isopoda,	Armadillidiidae,Armadillidium,,Detritivore,July,15-07-2025,18-07-2025,39.76071279,-105.1446095,1687.57,Jefferson
Applewood Community Garden,APP-P-57,APP,Pitfall-1,57,Milipede,Diplopoda,,,,,,July,15-07-2025,18-07-2025,39.76071279,-105.1446095,1687.57,Jefferson
Applewood Community Garden,APP-P-58,APP,Pitfall-1,58,Milipede,Diplopoda,,,,,,July,15-07-2025,18-07-2025,39.76071279,-105.1446095,1687.57,Jefferson
Applewood Community Garden,APP-P-59,APP,Pitfall-1,59,Masked Hunter,Insecta,Hemiptera,Reduviidae,,,Predator,July,15-07-2025,18-07-2025,39.76071279,-105.1446095,1687.57,Jefferson
Applewood Community Garden,APP-P-60,APP,Pitfall-1,60,Rove beetle,Insecta,Coleoptera,Staphylinidae,,,Predator,July,15-07-2025,18-07-2025,39.76071279,-105.1446095,1687.57,Jefferson
Edison School Community Garden,EDI-P-1,EDI,Pitfall-1,1,Rove beetle,Insecta,Coleoptera,Staphylinidae,,,Predator,July,15-07-2025,18-07-2025,39.76548756,-105.0395583,1659,Denver
Edison School Community Garden,EDI-P-2,EDI,Pitfall-1,2,Rove beetle,Insecta,Coleoptera,Staphylinidae,,,Predator,July,15-07-2025,18-07-2025,39.76548756,-105.0395583,1659,Denver
Edison School Community Garden,EDI-P-3,EDI,Pitfall-1,3,Ant,Insecta,Hymenoptera,,,,Omnivore,July,15-07-2025,18-07-2025,39.76548756,-105.0395583,1659,Denver
Edison School Community Garden,EDI-P-4,EDI,Pitfall-1,4,Ant,Insecta,Hymenoptera,,,,Omnivore,July,15-07-2025,18-07-2025,39.76548756,-105.0395583,1659,Denver
Edison School Community Garden,EDI-P-5,EDI,Pitfall-1,5,Ant,Insecta,Hymenoptera,,,,Omnivore,July,15-07-2025,18-07-2025,39.76548756,-105.0395583,1659,Denver
Edison School Community Garden,EDI-P-6,EDI,Pitfall-1,6,Ant,Insecta,Hymenoptera,,,,Omnivore,July,15-07-2025,18-07-2025,39.76548756,-105.0395583,1659,Denver
Edison School Community Garden,EDI-P-7,EDI,Pitfall-1,7,Ant,Insecta,Hymenoptera,,,,Omnivore,July,15-07-2025,18-07-2025,39.76548756,-105.0395583,1659,Denver
Edison School Community Garden,EDI-P-8,EDI,Pitfall-1,8,Ant,Insecta,Hymenoptera,,,,Omnivore,July,15-07-2025,18-07-2025,39.76548756,-105.0395583,1659,Denver
Edison School Community Garden,EDI-P-9,EDI,Pitfall-1,9,rolly-polly,Malacostraca,Isopoda,	Armadillidiidae,Armadillidium,,Detritivore,July,15-07-2025,18-07-2025,39.76548756,-105.0395583,1659,Denver
Edison School Community Garden,EDI-P-10,EDI,Pitfall-1,10,rolly-polly,Malacostraca,Isopoda,	Armadillidiidae,Armadillidium,,Detritivore,July,15-07-2025,18-07-2025,39.76548756,-105.0395583,1659,Denver
Edison School Community Garden,EDI-P-11,EDI,Pitfall-1,11,rolly-polly,Malacostraca,Isopoda,	Armadillidiidae,Armadillidium,,Detritivore,July,15-07-2025,18-07-2025,39.76548756,-105.0395583,1659,Denver
Edison School Community Garden,EDI-P-12,EDI,Pitfall-1,12,rolly-polly,Malacostraca,Isopoda,	Armadillidiidae,Armadillidium,,Detritivore,July,15-07-2025,18-07-2025,39.76548756,-105.0395583,1659,Denver
Edison School Community Garden,EDI-P-13,EDI,Pitfall-1,13,tiny beetle,Insecta,Coleoptera,,,,Predator,July,15-07-2025,18-07-2025,39.76548756,-105.0395583,1659,Denver
Sabin School Garden,SAB-P-1,SAB,Pitfall-1,1,Rove beetle,Insecta,Coleoptera,Staphylinidae,,,Predator,July,15-07-2025,18-07-2025,39.6597862,-105.0462203,1638,Denver
Sabin School Garden,SAB-P-2,SAB,Pitfall-1,2,beetle larva,Insecta,Coleoptera,,,,Herbivore,July,15-07-2025,18-07-2025,39.6597862,-105.0462203,1638,Denver
Sabin School Garden,SAB-P-3,SAB,Pitfall-1,3,Unk ,Insecta,Hemiptera,,,,,July,15-07-2025,18-07-2025,39.6597862,-105.0462203,1638,Denver
Sabin School Garden,SAB-P-4,SAB,Pitfall-1,4,leaf hopper ,Insecta,Hemiptera,Cicadellidae,,,Herbivore,July,15-07-2025,18-07-2025,39.6597862,-105.0462203,1638,Denver
Sabin School Garden,SAB-P-5,SAB,Pitfall-1,5,Ant,Insecta,Hymenoptera,,,,Omnivore,July,15-07-2025,18-07-2025,39.6597862,-105.0462203,1638,Denver
Sabin School Garden,SAB-P-6,SAB,Pitfall-1,6,Ant,Insecta,Hymenoptera,,,,Omnivore,July,15-07-2025,18-07-2025,39.6597862,-105.0462203,1638,Denver
Sabin School Garden,SAB-P-7,SAB,Pitfall-1,7,Ant,Insecta,Hymenoptera,,,,Omnivore,July,15-07-2025,18-07-2025,39.6597862,-105.0462203,1638,Denver
Sabin School Garden,SAB-P-8,SAB,Pitfall-1,8,Ant,Insecta,Hymenoptera,,,,Omnivore,July,15-07-2025,18-07-2025,39.6597862,-105.0462203,1638,Denver
Sabin School Garden,SAB-P-9,SAB,Pitfall-1,9,Ant,Insecta,Hymenoptera,,,,Omnivore,July,15-07-2025,18-07-2025,39.6597862,-105.0462203,1638,Denver
Sabin School Garden,SAB-P-10,SAB,Pitfall-1,10,Ant,Insecta,Hymenoptera,,,,Omnivore,July,15-07-2025,18-07-2025,39.6597862,-105.0462203,1638,Denver
Sabin School Garden,SAB-P-11,SAB,Pitfall-1,11,Ant,Insecta,Hymenoptera,,,,Omnivore,July,15-07-2025,18-07-2025,39.6597862,-105.0462203,1638,Denver
Sabin School Garden,SAB-P-12,SAB,Pitfall-1,12,mosquito,Insecta,Diptera,Culicidae,,,,July,15-07-2025,18-07-2025,39.6597862,-105.0462203,1638,Denver
Slater Elementary School Community Garden,SLA-P-1,SLA,Pitfall-2,1,Ant,Insecta,Hymenoptera,,,,Omnivore,July,15-07-2025,18-07-2025,39.75227273,-105.0928071,1685,Jefferson
Slater Elementary School Community Garden,SLA-P-2,SLA,Pitfall-2,2,Ant,Insecta,Hymenoptera,,,,Omnivore,July,15-07-2025,18-07-2025,39.75227273,-105.0928071,1685,Jefferson
Slater Elementary School Community Garden,SLA-P-3,SLA,Pitfall-2,3,Ant,Insecta,Hymenoptera,,,,Omnivore,July,15-07-2025,18-07-2025,39.75227273,-105.0928071,1685,Jefferson
Slater Elementary School Community Garden,SLA-P-4,SLA,Pitfall-2,4,Ant,Insecta,Hymenoptera,,,,Omnivore,July,15-07-2025,18-07-2025,39.75227273,-105.0928071,1685,Jefferson
Slater Elementary School Community Garden,SLA-P-5,SLA,Pitfall-2,5,Ant,Insecta,Hymenoptera,,,,Omnivore,July,15-07-2025,18-07-2025,39.75227273,-105.0928071,1685,Jefferson
Slater Elementary School Community Garden,SLA-P-6,SLA,Pitfall-2,6,Ant,Insecta,Hymenoptera,,,,Omnivore,July,15-07-2025,18-07-2025,39.75227273,-105.0928071,1685,Jefferson
Slater Elementary School Community Garden,SLA-P-7,SLA,Pitfall-2,7,Ant,Insecta,Hymenoptera,,,,Omnivore,July,15-07-2025,18-07-2025,39.75227273,-105.0928071,1685,Jefferson
Slater Elementary School Community Garden,SLA-P-8,SLA,Pitfall-2,8,leaf hopper ,Insecta,Hemiptera,Cicadellidae,,,Herbivore,July,15-07-2025,18-07-2025,39.75227273,-105.0928071,1685,Jefferson
Slater Elementary School Community Garden,SLA-P-9,SLA,Pitfall-2,9,leaf hopper ,Insecta,Hemiptera,Cicadellidae,,,Herbivore,July,15-07-2025,18-07-2025,39.75227273,-105.0928071,1685,Jefferson
Slater Elementary School Community Garden,SLA-P-10,SLA,Pitfall-2,10,leaf hopper ,Insecta,Hemiptera,Cicadellidae,,,Herbivore,July,15-07-2025,18-07-2025,39.75227273,-105.0928071,1685,Jefferson
Slater Elementary School Community Garden,SLA-P-11,SLA,Pitfall-2,11,leaf hopper ,Insecta,Hemiptera,Cicadellidae,,,Herbivore,July,15-07-2025,18-07-2025,39.75227273,-105.0928071,1685,Jefferson
Slater Elementary School Community Garden,SLA-P-12,SLA,Pitfall-2,12,leaf hopper ,Insecta,Hemiptera,Cicadellidae,,,Herbivore,July,15-07-2025,18-07-2025,39.75227273,-105.0928071,1685,Jefferson
Slater Elementary School Community Garden,SLA-P-13,SLA,Pitfall-2,13,leaf hopper ,Insecta,Hemiptera,Cicadellidae,,,Herbivore,July,15-07-2025,18-07-2025,39.75227273,-105.0928071,1685,Jefferson
Slater Elementary School Community Garden,SLA-P-14,SLA,Pitfall-2,14,leaf hopper ,Insecta,Hemiptera,Cicadellidae,,,Herbivore,July,15-07-2025,18-07-2025,39.75227273,-105.0928071,1685,Jefferson
Slater Elementary School Community Garden,SLA-P-15,SLA,Pitfall-2,15,leaf hopper ,Insecta,Hemiptera,Cicadellidae,,,Herbivore,July,15-07-2025,18-07-2025,39.75227273,-105.0928071,1685,Jefferson
Slater Elementary School Community Garden,SLA-P-16,SLA,Pitfall-2,16,leaf hopper ,Insecta,Hemiptera,Cicadellidae,,,Herbivore,July,15-07-2025,18-07-2025,39.75227273,-105.0928071,1685,Jefferson
Slater Elementary School Community Garden,SLA-P-17,SLA,Pitfall-2,17,leaf hopper ,Insecta,Hemiptera,Cicadellidae,,,Herbivore,July,15-07-2025,18-07-2025,39.75227273,-105.0928071,1685,Jefferson
Slater Elementary School Community Garden,SLA-P-18,SLA,Pitfall-2,18,mosquito,Insecta,Diptera,Culicidae,,,,July,15-07-2025,18-07-2025,39.75227273,-105.0928071,1685,Jefferson
Slater Elementary School Community Garden,SLA-P-19,SLA,Pitfall-2,19,fly,Insecta,Diptera,,,,Pollinator,July,15-07-2025,18-07-2025,39.75227273,-105.0928071,1685,Jefferson
Slater Elementary School Community Garden,SLA-P-20,SLA,Pitfall-2,20,mosquito,Insecta,Diptera,Culicidae,,,,July,15-07-2025,18-07-2025,39.75227273,-105.0928071,1685,Jefferson
Sabin School Garden,SAB-P-1,SAB,Pitfall-2,1,ant ,Insecta,Hymenoptera,,,,Omnivore,July,15-07-2025,18-07-2025,39.6597862,-105.0462203,1638,Denver
Sabin School Garden,SAB-P-2,SAB,Pitfall-2,2,ant,Insecta,Hymenoptera,,,,Omnivore,July,15-07-2025,18-07-2025,39.6597862,-105.0462203,1638,Denver
Sabin School Garden,SAB-P-3,SAB,Pitfall-2,3,wasp,Insecta,Hymenoptera,Bethylidae,,,Parasitoid/Predator,July,15-07-2025,18-07-2025,39.6597862,-105.0462203,1638,Denver
,,,,,,,,,,,,July,15-07-2025,18-07-2025,39.75074088,-104.8969895,1625,Denver