id,observed_on_string,observed_on,time_zone,user_id,quality_grade,num_identification_disagreements,captive_cultivated,place_guess,latitude,longitude,positional_accuracy,private_place_guess,private_latitude,private_longitude,public_positional_accuracy,geoprivacy,taxon_geoprivacy,coordinates_obscured,positioning_method,positioning_device,species_guess,scientific_name,common_name,iconic_taxon_name,taxon_id,taxon_family_name,taxon_genus_name
302389450,2025-07-30 10:53:30,2025-07-30,Mountain Time (US & Canada),4547933,casual,0,true,"E 19th Ave, Denver, CO, US",39.7443133352,-104.9288891277,5,,,,5,,,false,,"","",Helianthus,sunflowers,Plantae,56955,Asteraceae,Helianthus
302396282,2025-07-30 11:22:30,2025-07-30,Mountain Time (US & Canada),4547933,casual,0,true,"E 19th Ave, Denver, CO, US",39.7447173181,-104.9288305076,14,,,,14,,,false,,"",mulleins,Verbascum,mulleins,Plantae,56165,Scrophulariaceae,Verbascum
302396614,2025-07-30 11:01:09,2025-07-30,Mountain Time (US & Canada),4547933,casual,0,true,"E 19th Ave, Denver, CO, US",39.744654605,-104.9289127363,14,,,,14,,open,false,,"","",Helianthus annuus,Common Sunflower,Plantae,57983,Asteraceae,Helianthus
302397898,2025-07-30 11:01:36,2025-07-30,Mountain Time (US & Canada),4547933,casual,0,true,"E 19th Ave, Denver, CO, US",39.7446150427,-104.928859245,7,,,,7,,open,false,,"","",Mentha spicata,spearmint,Plantae,62652,Lamiaceae,Mentha
302397930,2025-07-30 11:02:01,2025-07-30,Mountain Time (US & Canada),4547933,casual,0,true,"E 19th Ave, Denver, CO, US",39.7445538429,-104.9288249869,14,,,,14,,,false,,"","",Cosmos bipinnatus,garden cosmos,Plantae,68562,Asteraceae,Cosmos
302398022,2025-07-30 11:02:23,2025-07-30,Mountain Time (US & Canada),4547933,casual,0,true,"E 19th Ave, Denver, CO, US",39.744517363,-104.9288816731,14,,,,14,,,false,,"",New Guinea Impatiens,Impatiens hawkeri,New Guinea Impatiens,Plantae,349271,Balsaminaceae,Impatiens
302398051,2025-07-30 11:02:46,2025-07-30,Mountain Time (US & Canada),4547933,casual,0,true,"E 19th Ave, Denver, CO, US",39.744585814,-104.9288436736,4,,,,4,,open,false,,"","",Helianthus annuus,Common Sunflower,Plantae,57983,Asteraceae,Helianthus
302398098,2025-07-30 11:03:02,2025-07-30,Mountain Time (US & Canada),4547933,casual,0,true,"E 19th Ave, Denver, CO, US",39.7446128028,-104.9288589675,14,,,,14,,,false,,"","",Physalis,groundcherries,Plantae,51733,Solanaceae,Physalis
302398133,2025-07-30 11:03:19,2025-07-30,Mountain Time (US & Canada),4547933,casual,0,true,"E 19th Ave, Denver, CO, US",39.7446208032,-104.9288494381,4,,,,4,,,false,,"","",Tagetes erecta,Mexican Marigold,Plantae,79312,Asteraceae,Tagetes
302398188,2025-07-30 11:03:43,2025-07-30,Mountain Time (US & Canada),4547933,casual,0,true,"E 19th Ave, Denver, CO, US",39.7445755932,-104.9287639723,14,,,,14,,,false,,"",Dill,Anethum graveolens,Dill,Plantae,75445,Apiaceae,Anethum
302398236,2025-07-30 11:04:03,2025-07-30,Mountain Time (US & Canada),4547933,casual,0,true,"E 19th Ave, Denver, CO, US",39.7446051719,-104.9288322023,4,,,,4,,,false,,"","",Heliantheae,Sunflowers and Allies,Plantae,605446,Asteraceae,
302398304,2025-07-30 11:04:40,2025-07-30,Mountain Time (US & Canada),4547933,casual,0,true,"E 19th Ave, Denver, CO, US",39.7446624471,-104.9288585271,13,,,,13,,open,false,,"","",Achillea millefolium,common yarrow,Plantae,52821,Asteraceae,Achillea
302398356,2025-07-30 11:05:07,2025-07-30,Mountain Time (US & Canada),4547933,casual,0,true,"E 19th Ave, Denver, CO, US",39.7446130464,-104.9288411416,6,,,,6,,,false,,"","",Cosmos bipinnatus,garden cosmos,Plantae,68562,Asteraceae,Cosmos
302398404,2025-07-30 11:05:24,2025-07-30,Mountain Time (US & Canada),4547933,casual,0,true,"E 19th Ave, Denver, CO, US",39.7446300678,-104.9288371067,8,,,,8,,,false,,"","",Tagetes,Marigolds,Plantae,72389,Asteraceae,Tagetes
302398450,2025-07-30 11:05:44,2025-07-30,Mountain Time (US & Canada),4547933,casual,0,true,"E 19th Ave, Denver, CO, US",39.7446198504,-104.92883548,14,,,,14,,,false,,"",black-eyed Susan,Rudbeckia hirta,black-eyed Susan,Plantae,62741,Asteraceae,Rudbeckia
302398750,2025-07-30 11:06:43,2025-07-30,Mountain Time (US & Canada),4547933,casual,0,true,"39.7446198504, -104.92883548",39.74462,-104.928835,,,,,,,,false,,manual,"",Calendula officinalis,pot marigold,Plantae,75931,Asteraceae,Calendula
302398782,2025-07-30 11:07:17,2025-07-30,Mountain Time (US & Canada),4547933,casual,0,true,"39.7446198504, -104.92883548",39.74462,-104.928835,,,,,,,,false,,manual,common morning-glory,Ipomoea purpurea,common morning-glory,Plantae,52344,Convolvulaceae,Ipomoea
302398808,2025-07-30 11:07:55,2025-07-30,Mountain Time (US & Canada),4547933,casual,0,true,"39.7446198504, -104.92883548",39.74462,-104.928835,,,,,,,,false,,manual,"",Cucumis,Melons & Cucumbers,Plantae,54916,Cucurbitaceae,Cucumis
302398897,2025-07-30 11:09:21,2025-07-30,Mountain Time (US & Canada),4547933,casual,0,true,"39.7446198504, -104.92883548",39.74462,-104.928835,,,,,,,,false,,manual,"",Cucurbita,gourds,Plantae,55425,Cucurbitaceae,Cucurbita
302398930,2025-07-30 11:09:57,2025-07-30,Mountain Time (US & Canada),4547933,casual,0,true,"39.7446198504, -104.92883548",39.74462,-104.928835,,,,,,,,false,,manual,"",Anethum graveolens,Dill,Plantae,75445,Apiaceae,Anethum
302398968,2025-07-30 11:10:35,2025-07-30,Mountain Time (US & Canada),4547933,casual,0,true,"39.7446198504, -104.92883548",39.74462,-104.928835,,,,,,,,false,,manual,"",Trifolium,clovers,Plantae,51876,Fabaceae,Trifolium
302399000,2025-07-30 11:11:10,2025-07-30,Mountain Time (US & Canada),4547933,casual,0,true,"39.7446198504, -104.92883548",39.74462,-104.928835,,,,,,,,false,,manual,"",Helianthus,sunflowers,Plantae,56955,Asteraceae,Helianthus
302399073,2025-07-30 11:11:45,2025-07-30,Mountain Time (US & Canada),4547933,casual,0,true,"39.7446198504, -104.92883548",39.74462,-104.928835,,,,,,,,false,,manual,"",Asteroideae,,Plantae,632790,Asteraceae,
302399119,2025-07-30 11:13:10,2025-07-30,Mountain Time (US & Canada),4547933,casual,0,true,"39.7446198504, -104.92883548",39.74462,-104.928835,,,,,,,open,false,,manual,"",Physalis philadelphica,Large-flowered Tomatillo,Plantae,51734,Solanaceae,Physalis
302399146,2025-07-30 11:13:48,2025-07-30,Mountain Time (US & Canada),4547933,casual,0,true,"39.7446198504, -104.92883548",39.74462,-104.928835,,,,,,,,false,,manual,"",Tagetes,Marigolds,Plantae,72389,Asteraceae,Tagetes
302399183,2025-07-30 11:14:25,2025-07-30,Mountain Time (US & Canada),4547933,casual,0,true,"39.7446198504, -104.92883548",39.74462,-104.928835,,,,,,,,false,,manual,"",Cosmos,Cosmoses,Plantae,68563,Asteraceae,Cosmos
302399212,2025-07-30 11:15:15,2025-07-30,Mountain Time (US & Canada),4547933,casual,0,true,"39.7446198504, -104.92883548",39.74462,-104.928835,,,,,,,,false,,manual,"",Cosmos bipinnatus,garden cosmos,Plantae,68562,Asteraceae,Cosmos
302399237,2025-07-30 11:16:05,2025-07-30,Mountain Time (US & Canada),4547933,casual,0,true,"39.7446198504, -104.92883548",39.74462,-104.928835,,,,,,,,false,,manual,"",Helianthus,sunflowers,Plantae,56955,Asteraceae,Helianthus
302399275,2025-07-30 11:17:00,2025-07-30,Mountain Time (US & Canada),4547933,casual,0,true,"39.7446198504, -104.92883548",39.74462,-104.928835,,,,,,,,false,,manual,"",Apieae,,Plantae,790576,Apiaceae,
302399318,2025-07-30 11:18:22,2025-07-30,Mountain Time (US & Canada),4547933,casual,0,true,"39.7446198504, -104.92883548",39.74462,-104.928835,,,,,,,,false,,manual,"",Cucurbita,gourds,Plantae,55425,Cucurbitaceae,Cucurbita
302399376,2025-07-30 11:19:19,2025-07-30,Mountain Time (US & Canada),4547933,casual,0,true,"39.7446198504, -104.92883548",39.74462,-104.928835,,,,,,,,false,,manual,"",Calendula,marigolds,Plantae,59261,Asteraceae,Calendula
302409027,2025-07-30 12:13:40,2025-07-30,Mountain Time (US & Canada),4547933,casual,0,true,"Albion St, Denver, CO, US",39.7237617304,-104.9379804673,60,,,,60,,,false,,"","",Delphinium ajacis,doubtful knight's-spur,Plantae,401314,Ranunculaceae,Delphinium
302409270,2025-07-30 12:14:24,2025-07-30,Mountain Time (US & Canada),4547933,casual,0,true,"Albion St, Denver, CO, US",39.7237203364,-104.9380344841,30,,,,30,,,false,,"",firewheel,Gaillardia pulchella,firewheel,Plantae,51768,Asteraceae,Gaillardia
302409362,2025-07-30 12:15:01,2025-07-30,Mountain Time (US & Canada),4547933,casual,0,true,"Albion St, Denver, CO, US",39.723696524,-104.9379965308,19,,,,19,,,false,,"","",Alcea rosea,Hollyhock,Plantae,62205,Malvaceae,Alcea
302409584,2025-07-30 12:15:56,2025-07-30,Mountain Time (US & Canada),4547933,casual,0,true,"Albion St, Denver, CO, US",39.7238729746,-104.9380136265,24,,,,24,,,false,,"","",Tagetes erecta,Mexican Marigold,Plantae,79312,Asteraceae,Tagetes
302409680,2025-07-30 12:16:21,2025-07-30,Mountain Time (US & Canada),4547933,casual,0,true,"Albion St, Denver, CO, US",39.7237184596,-104.937962095,27,,,,27,,,false,,"","",Achillea,yarrows,Plantae,52818,Asteraceae,Achillea
302409798,2025-07-30 12:16:46,2025-07-30,Mountain Time (US & Canada),4547933,casual,0,true,"Albion St, Denver, CO, US",39.7238031417,-104.938010574,22,,,,22,,,false,,"","",Helianthus,sunflowers,Plantae,56955,Asteraceae,Helianthus
302409889,2025-07-30 12:17:13,2025-07-30,Mountain Time (US & Canada),4547933,casual,0,true,"Albion St, Denver, CO, US",39.723888973,-104.938296263,10,,,,10,,,false,,"","",Achillea filipendulina,Fern-leaf Yarrow,Plantae,157924,Asteraceae,Achillea
302410009,2025-07-30 12:17:41,2025-07-30,Mountain Time (US & Canada),4547933,casual,0,true,"Albion St, Denver, CO, US",39.7239693884,-104.9381823885,35,,,,35,,,false,,"","",Helianthus,sunflowers,Plantae,56955,Asteraceae,Helianthus
302410101,2025-07-30 12:18:10,2025-07-30,Mountain Time (US & Canada),4547933,casual,0,true,"Albion St, Denver, CO, US",39.72384083,-104.9380817257,24,,,,24,,,false,,"","",Anethum,,Plantae,71969,Apiaceae,Anethum
302410311,2025-07-30 12:18:54,2025-07-30,Mountain Time (US & Canada),4547933,casual,0,true,"Albion St, Denver, CO, US",39.7237286776,-104.9377867594,40,,,,40,,,false,,"","",Anethum graveolens,Dill,Plantae,75445,Apiaceae,Anethum
302410395,2025-07-30 12:19:13,2025-07-30,Mountain Time (US & Canada),4547933,casual,0,true,"Albion St, Denver, CO, US",39.7240641026,-104.9382611864,22,,,,22,,,false,,"","",Tagetes erecta,Mexican Marigold,Plantae,79312,Asteraceae,Tagetes
302410504,2025-07-30 12:19:43,2025-07-30,Mountain Time (US & Canada),4547933,casual,0,true,"Albion St, Denver, CO, US",39.7240225501,-104.938205314,14,,,,14,,,false,,"","",Gaillardia,Blanketflowers,Plantae,51769,Asteraceae,Gaillardia
302410715,2025-07-30 12:20:02,2025-07-30,Mountain Time (US & Canada),4547933,casual,0,true,"Albion St, Denver, CO, US",39.7238843132,-104.9382611501,14,,,,14,,,false,,"",field bindweed,Convolvulus arvensis,field bindweed,Plantae,53021,Convolvulaceae,Convolvulus
302410887,2025-07-30 12:20:33,2025-07-30,Mountain Time (US & Canada),4547933,casual,0,true,"Albion St, Denver, CO, US",39.7239405527,-104.9381933555,21,,,,21,,,false,,"","",Phlox paniculata,fall phlox,Plantae,117437,Polemoniaceae,Phlox
302410986,2025-07-30 11:20:12,2025-07-30,Mountain Time (US & Canada),4547933,casual,0,true,"39.7446198504, -104.92883548",39.74462,-104.928835,,,,,,,,false,,manual,"",Achillea,yarrows,Plantae,52818,Asteraceae,Achillea
302411022,2025-07-30 11:20:52,2025-07-30,Mountain Time (US & Canada),4547933,casual,0,true,"39.7446198504, -104.92883548",39.74462,-104.928835,,,,,,,,false,,manual,"",Anthemideae,"Chamomiles, yarrows, and allies",Plantae,373844,Asteraceae,
302416779,2025-07-30 12:39:36,2025-07-30,Mountain Time (US & Canada),4547933,casual,0,true,"Grape St, Denver, CO, US",39.7315639017,-104.9248183375,29,,,,29,,,false,,"",American trumpet vine,Campsis radicans,American trumpet vine,Plantae,75995,Bignoniaceae,Campsis
302416983,2025-07-30 12:40:24,2025-07-30,Mountain Time (US & Canada),4547933,casual,0,true,"Grape St, Denver, CO, US",39.7316520376,-104.92481851,23,,,,23,,,false,,"","",Zinnia elegans,Elegant Zinnia,Plantae,181901,Asteraceae,Zinnia
302417120,2025-07-30 12:40:45,2025-07-30,Mountain Time (US & Canada),4547933,casual,1,true,"Grape St, Denver, CO, US",39.7316933044,-104.9248898204,18,,,,18,,,false,,"",petunias,Petunia,petunias,Plantae,55406,Solanaceae,Petunia
302417231,2025-07-30 12:41:08,2025-07-30,Mountain Time (US & Canada),4547933,casual,0,true,"Grape St, Denver, CO, US",39.7316675505,-104.9248173978,25,,,,25,,,false,,"",garden petunia,Petunia × atkinsiana,garden petunia,Plantae,170914,Solanaceae,Petunia
302417413,2025-07-30 12:42:01,2025-07-30,Mountain Time (US & Canada),4547933,casual,0,true,"Grape St, Denver, CO, US",39.7316344233,-104.924789046,35,,,,35,,,false,,"","",Zinnia elegans,Elegant Zinnia,Plantae,181901,Asteraceae,Zinnia
302417599,2025-07-30 12:42:27,2025-07-30,Mountain Time (US & Canada),4547933,casual,0,true,"Grape St, Denver, CO, US",39.7315798235,-104.924713829,28,,,,28,,,false,,"",tansy,Tanacetum vulgare,tansy,Plantae,55971,Asteraceae,Tanacetum
302417749,2025-07-30 12:42:59,2025-07-30,Mountain Time (US & Canada),4547933,casual,0,true,"Grape St, Denver, CO, US",39.7315845412,-104.9247031657,27,,,,27,,,false,,"","Sunflowers, Daisies, Asters, and Allies",Asteraceae,"Sunflowers, Daisies, Asters, and Allies",Plantae,47604,Asteraceae,
302417984,2025-07-30 12:43:59,2025-07-30,Mountain Time (US & Canada),4547933,casual,0,true,"Grape St, Denver, CO, US",39.731562359,-104.9246798507,28,,,,28,,,false,,"","",Antirrhinum majus,Snapdragon,Plantae,48969,Plantaginaceae,Antirrhinum
302418282,2025-07-30 12:44:22,2025-07-30,Mountain Time (US & Canada),4547933,casual,0,true,"Grape St, Denver, CO, US",39.73169729,-104.9248231958,4,,,,4,,,false,,"","",Cucurbita,gourds,Plantae,55425,Cucurbitaceae,Cucurbita
302418409,2025-07-30 12:45:19,2025-07-30,Mountain Time (US & Canada),4547933,casual,1,true,"Grape St, Denver, CO, US",39.7317247208,-104.9246019958,24,,,,24,,,false,,"",petunias,Petunia,petunias,Plantae,55406,Solanaceae,Petunia
302418742,2025-07-30 12:46:29,2025-07-30,Mountain Time (US & Canada),4547933,casual,0,true,"Grape St, Denver, CO, US",39.7315354874,-104.9246870235,33,,,,33,,,false,,"","",Anthemideae,"Chamomiles, yarrows, and allies",Plantae,373844,Asteraceae,
302419353,2025-07-30 12:48:42,2025-07-30,Mountain Time (US & Canada),4547933,casual,0,true,"Grape St, Denver, CO, US",39.7317927243,-104.9249636947,5,,,,5,,,false,,"","",Rosa,roses,Plantae,53438,Rosaceae,Rosa
302419428,2025-07-30 12:49:06,2025-07-30,Mountain Time (US & Canada),4547933,casual,0,true,"Grape St, Denver, CO, US",39.7315232935,-104.9250608049,28,,,,28,,,false,,"",common morning-glory,Ipomoea purpurea,common morning-glory,Plantae,52344,Convolvulaceae,Ipomoea
302419552,2025-07-30 12:49:25,2025-07-30,Mountain Time (US & Canada),4547933,casual,0,true,"Grape St, Denver, CO, US",39.7314887826,-104.9248641202,33,,,,33,,open,false,,"","",Helianthus annuus,Common Sunflower,Plantae,57983,Asteraceae,Helianthus
302420066,2025-07-30 12:51:03,2025-07-30,Mountain Time (US & Canada),4547933,casual,0,true,"Grape St, Denver, CO, US",39.7317530007,-104.9246132324,50,,,,50,,,false,,"",rose family,Rosaceae,rose family,Plantae,47148,Rosaceae,
302420220,2025-07-30 12:51:26,2025-07-30,Mountain Time (US & Canada),4547933,casual,0,true,"Grape St, Denver, CO, US",39.7316472306,-104.9247158908,16,,,,16,,,false,,"","",Salvia yangii,Swanleaf Clouding Sage,Plantae,941713,Lamiaceae,Salvia
302420488,2025-07-30 12:52:28,2025-07-30,Mountain Time (US & Canada),4547933,casual,0,true,"Grape St, Denver, CO, US",39.7317359348,-104.9246855451,15,,,,15,,,false,,"","",Rosa,roses,Plantae,53438,Rosaceae,Rosa
302420623,2025-07-30 12:53:04,2025-07-30,Mountain Time (US & Canada),4547933,casual,0,true,"Grape St, Denver, CO, US",39.7317552872,-104.924717249,6,,,,6,,,false,,"","",Achillea filipendulina,Fern-leaf Yarrow,Plantae,157924,Asteraceae,Achillea
302420694,2025-07-30 12:53:33,2025-07-30,Mountain Time (US & Canada),4547933,casual,0,true,"Grape St, Denver, CO, US",39.7318003741,-104.9246170665,19,,,,19,,,false,,"","",Salvia nemorosa,Purple Wood Sage,Plantae,168387,Lamiaceae,Salvia
302420831,2025-07-30 12:53:52,2025-07-30,Mountain Time (US & Canada),4547933,casual,0,true,"Grape St, Denver, CO, US",39.7317628822,-104.9247504189,33,,,,33,,,false,,"","brambles, roses, strawberries, and allies",Rosoideae,"brambles, roses, strawberries, and allies",Plantae,415343,Rosaceae,
302421008,2025-07-30 12:54:27,2025-07-30,Mountain Time (US & Canada),4547933,casual,0,true,"Grape St, Denver, CO, US",39.7317515321,-104.9251238164,14,,,,14,,open,false,,"","",Helianthus annuus,Common Sunflower,Plantae,57983,Asteraceae,Helianthus
302421136,2025-07-30 12:54:56,2025-07-30,Mountain Time (US & Canada),4547933,casual,0,true,"Grape St, Denver, CO, US",39.731724286,-104.9251055725,7,,,,7,,,false,,"","",Convolvulus,bindweeds,Plantae,53022,Convolvulaceae,Convolvulus
302421317,2025-07-30 12:55:21,2025-07-30,Mountain Time (US & Canada),4547933,casual,0,true,"Grape St, Denver, CO, US",39.731545028,-104.9253925624,34,,,,34,,,false,,"","",Erigeron divergens,spreading fleabane,Plantae,59752,Asteraceae,Erigeron
302421670,2025-07-30 12:57:08,2025-07-30,Mountain Time (US & Canada),4547933,casual,0,true,"Grape St, Denver, CO, US",39.7315521158,-104.9246036708,29,,,,29,,,false,,"","",Tagetes,Marigolds,Plantae,72389,Asteraceae,Tagetes
302421786,2025-07-30 12:57:25,2025-07-30,Mountain Time (US & Canada),4547933,casual,0,true,"Grape St, Denver, CO, US",39.7316124924,-104.924579272,21,,,,21,,,false,,"","",Cucumis melo,Muskmelon,Plantae,76538,Cucurbitaceae,Cucumis
302421958,2025-07-30 12:57:55,2025-07-30,Mountain Time (US & Canada),4547933,casual,0,true,"Grape St, Denver, CO, US",39.7315269141,-104.9246637255,29,,,,29,,open,false,,"","",Lavandula angustifolia,Common Lavender,Plantae,133395,Lamiaceae,Lavandula
302422123,2025-07-30 12:58:24,2025-07-30,Mountain Time (US & Canada),4547933,casual,0,true,"Grape St, Denver, CO, US",39.731699392,-104.9247990752,14,,,,14,,,false,,"",California poppy,Eschscholzia californica,California poppy,Plantae,48225,Papaveraceae,Eschscholzia
302422450,2025-07-30 12:59:25,2025-07-30,Mountain Time (US & Canada),4547933,casual,0,true,"Grape St, Denver, CO, US",39.7316925102,-104.9245503405,24,,,,24,,,false,,"","",Solanum lycopersicum,tomato,Plantae,51737,Solanaceae,Solanum
302422536,2025-07-30 12:59:46,2025-07-30,Mountain Time (US & Canada),4547933,casual,0,true,"Grape St, Denver, CO, US",39.7315752885,-104.9246156948,31,,,,31,,,false,,"","",Delphinium ajacis,doubtful knight's-spur,Plantae,401314,Ranunculaceae,Delphinium
302422708,2025-07-30 13:00:13,2025-07-30,Mountain Time (US & Canada),4547933,casual,0,true,"Grape St, Denver, CO, US",39.7313296298,-104.9247273139,22,,,,22,,,false,,"","",Anethum graveolens,Dill,Plantae,75445,Apiaceae,Anethum
302422856,2025-07-30 13:00:47,2025-07-30,Mountain Time (US & Canada),4547933,casual,0,true,"Grape St, Denver, CO, US",39.7316110471,-104.9247631034,14,,,,14,,open,false,,"","",Helianthus annuus,Common Sunflower,Plantae,57983,Asteraceae,Helianthus
302422950,2025-07-30 13:01:19,2025-07-30,Mountain Time (US & Canada),4547933,casual,0,true,"Grape St, Denver, CO, US",39.731497121,-104.9247277394,29,,,,29,,,false,,"","",Tagetes erecta,Mexican Marigold,Plantae,79312,Asteraceae,Tagetes
302423178,2025-07-30 13:01:37,2025-07-30,Mountain Time (US & Canada),4547933,casual,0,true,"Grape St, Denver, CO, US",39.7316414353,-104.92475867,14,,,,14,,,false,,"",tomato,Solanum lycopersicum,tomato,Plantae,51737,Solanaceae,Solanum
302423507,2025-07-30 13:02:58,2025-07-30,Mountain Time (US & Canada),4547933,casual,0,true,"Colorado, US",39.6895756464,-104.9047102404,31,"Grape St, Denver, CO, US",39.7314807886,-104.9246723723,28060,,obscured,true,,"","",Allium schoenoprasum,Chives,Plantae,59254,Amaryllidaceae,Allium
302423566,2025-07-30 11:00:53,2025-07-30,Mountain Time (US & Canada),9595148,needs_id,0,false,"Denver, CO, US",39.7442996853,-104.9288673721,4,,,,4,,open,false,,,,Mentha spicata,spearmint,Plantae,62652,Lamiaceae,Mentha
302423634,2025-07-30 11:01:14,2025-07-30,Mountain Time (US & Canada),9595148,needs_id,0,false,"E 19th Ave, Denver, CO, US",39.7443367042,-104.9288668272,3,,,,3,,,false,,,,Amaranthus retroflexus,Redroot Amaranth,Plantae,58776,Amaranthaceae,Amaranthus
302423638,2025-07-30 13:03:23,2025-07-30,Mountain Time (US & Canada),4547933,casual,0,true,"Grape St, Denver, CO, US",39.7313724368,-104.9247357963,29,,,,29,,open,false,,"","",Mentha spicata,spearmint,Plantae,62652,Lamiaceae,Mentha
302423696,2025-07-30 11:01:31,2025-07-30,Mountain Time (US & Canada),9595148,needs_id,0,false,"Denver County, US-CO, US",39.7443350438,-104.9288668175,5,,,,5,,open,false,,,,Helianthus annuus,Common Sunflower,Plantae,57983,Asteraceae,Helianthus
302423768,2025-07-30 11:01:47,2025-07-30,Mountain Time (US & Canada),9595148,needs_id,0,false,"Denver County, US-CO, US",39.7443350677,-104.928853514,3,,,,3,,,false,,,"Calabazas, ayotes y zapallos",Cucurbita,gourds,Plantae,55425,Cucurbitaceae,Cucurbita
302423835,2025-07-30 11:02:03,2025-07-30,Mountain Time (US & Canada),9595148,casual,0,true,"Denver County, US-CO, US",39.7443481829,-104.9288148647,4,,,,4,,,false,,,,Solanum lycopersicum,tomato,Plantae,51737,Solanaceae,Solanum
302423854,2025-07-30 13:03:53,2025-07-30,Mountain Time (US & Canada),4547933,casual,0,true,"Grape St, Denver, CO, US",39.731367272,-104.9247978461,34,,,,34,,,false,,"","",Cucumis,Melons & Cucumbers,Plantae,54916,Cucurbitaceae,Cucumis
302423963,2025-07-30 11:02:36,2025-07-30,Mountain Time (US & Canada),9595148,research,0,false,"E 17th Avenue Pkwy, Denver, CO, US",39.7443241365,-104.9288217861,4,,,,4,,open,false,,,Verdolaga euroasiática,Portulaca oleracea,Common Purslane,Plantae,58991,Portulacaceae,Portulaca
302424027,2025-07-30 11:02:50,2025-07-30,Mountain Time (US & Canada),9595148,research,0,false,"Denver County, US-CO, US",39.7443257641,-104.9288174671,3,,,,3,,,false,,,malva enana,Malva neglecta,dwarf mallow,Plantae,77952,Malvaceae,Malva
302424055,2025-07-30 13:04:49,2025-07-30,Mountain Time (US & Canada),4547933,casual,0,true,"Grape St, Denver, CO, US",39.7315123357,-104.9246445617,26,,,,26,,,false,,"","",Zinnia elegans,Elegant Zinnia,Plantae,181901,Asteraceae,Zinnia
302424094,2025-07-30 11:03:12,2025-07-30,Mountain Time (US & Canada),9595148,needs_id,0,false,"E 19th Ave, Denver, CO, US",39.7443670829,-104.9287659261,5,,,,5,,,false,,,,Descurainia,Tansymustards,Plantae,58073,Brassicaceae,Descurainia
302424117,2025-07-30 11:04:10,2025-07-30,Mountain Time (US & Canada),9595148,casual,0,true,"E 19th Ave, Denver, CO, US",39.744353875,-104.9288149205,3,,,,3,,,false,,,,Cosmos bipinnatus,garden cosmos,Plantae,68562,Asteraceae,Cosmos
302424146,2025-07-30 13:05:10,2025-07-30,Mountain Time (US & Canada),4547933,casual,0,true,"Grape St, Denver, CO, US",39.731545138,-104.9247170068,21,,,,21,,,false,,"","",Tagetes erecta,Mexican Marigold,Plantae,79312,Asteraceae,Tagetes
302424244,2025-07-30 13:05:34,2025-07-30,Mountain Time (US & Canada),4547933,casual,0,true,"Grape St, Denver, CO, US",39.7314598009,-104.9247236241,24,,,,24,,,false,,"","",Solanum lycopersicum,tomato,Plantae,51737,Solanaceae,Solanum
302424345,2025-07-30 13:05:51,2025-07-30,Mountain Time (US & Canada),4547933,casual,0,true,"Grape St, Denver, CO, US",39.7314654856,-104.9246274291,20,,,,20,,open,false,,"","",Helianthus annuus,Common Sunflower,Plantae,57983,Asteraceae,Helianthus
302424416,2025-07-30 13:06:10,2025-07-30,Mountain Time (US & Canada),4547933,casual,0,true,"Grape St, Denver, CO, US",39.7315190688,-104.9246446858,25,,,,25,,,false,,"",common morning-glory,Ipomoea purpurea,common morning-glory,Plantae,52344,Convolvulaceae,Ipomoea
302424531,2025-07-30 13:06:29,2025-07-30,Mountain Time (US & Canada),4547933,casual,0,true,"Grape St, Denver, CO, US",39.7316812508,-104.9247239217,10,,,,10,,,false,,"","",Anethum graveolens,Dill,Plantae,75445,Apiaceae,Anethum
302424563,2025-07-30 11:04:33,2025-07-30,Mountain Time (US & Canada),9595148,research,0,false,"E 19th Ave, Denver, CO, US",39.7443418608,-104.9288359099,3,,,,3,,,false,,,Gordolobo común,Verbascum thapsus,great mullein,Plantae,59029,Scrophulariaceae,Verbascum
302424609,2025-07-30 11:04:50,2025-07-30,Mountain Time (US & Canada),9595148,casual,0,true,"Denver, CO, US",39.7444054954,-104.9287475345,3,,,,3,,open,false,,,,Capsicum annuum,chili pepper,Plantae,48514,Solanaceae,Capsicum
302424638,2025-07-30 11:05:09,2025-07-30,Mountain Time (US & Canada),9595148,needs_id,0,false,"E 19th Ave, Denver, CO, US",39.7443688287,-104.9287835011,3,,,,3,,,false,,,,Anethum,,Plantae,71969,Apiaceae,Anethum
302424660,2025-07-30 11:05:26,2025-07-30,Mountain Time (US & Canada),9595148,needs_id,0,false,"Fairfax St, Denver, CO, US",39.7442916236,-104.9288751403,3,,,,3,,,false,,,frijoles,Phaseolus,beans,Plantae,72293,Fabaceae,Phaseolus
302424699,2025-07-30 11:05:51,2025-07-30,Mountain Time (US & Canada),9595148,casual,0,true,"E 19th Ave, Denver, CO, US",39.7443385488,-104.928930471,3,,,,3,,,false,,,,Cosmos bipinnatus,garden cosmos,Plantae,68562,Asteraceae,Cosmos
302424731,2025-07-30 11:06:04,2025-07-30,Mountain Time (US & Canada),9595148,needs_id,0,false,"E 19th Ave, Denver, CO, US",39.7443789896,-104.9288827648,3,,,,3,,open,false,,,,Asparagus officinalis,wild asparagus,Plantae,60265,Asparagaceae,Asparagus
302424758,2025-07-30 11:06:22,2025-07-30,Mountain Time (US & Canada),9595148,needs_id,0,false,"E 19th Ave, Denver, CO, US",39.7443825519,-104.9288787414,6,,,,6,,,false,,,,Physalis grisea,Strawberry Groundcherry,Plantae,166805,Solanaceae,Physalis
302424786,2025-07-30 11:06:37,2025-07-30,Mountain Time (US & Canada),9595148,casual,0,true,"E 19th Ave, Denver, CO, US",39.7443787381,-104.9288789091,3,,,,3,,,false,,,,Solanum melongena,eggplant,Plantae,63190,Solanaceae,Solanum
302424827,2025-07-30 11:07:18,2025-07-30,Mountain Time (US & Canada),9595148,needs_id,0,false,"Fairfax St, Denver, CO, US",39.7443607555,-104.9288553555,3,,,,3,,,false,,,,Malvoideae,,Plantae,860115,Malvaceae,
302424846,2025-07-30 11:07:35,2025-07-30,Mountain Time (US & Canada),9595148,casual,0,true,"E 19th Ave, Denver, CO, US",39.7443517008,-104.9288164799,3,,,,3,,open,false,,,,Brassica oleracea,"cabbage, broccoli, and allies",Plantae,54516,Brassicaceae,Brassica
302424873,2025-07-30 11:07:50,2025-07-30,Mountain Time (US & Canada),9595148,needs_id,0,false,"E 19th Ave, Denver, CO, US",39.7443555376,-104.9288146499,5,,,,5,,,false,,,,Helianthus,sunflowers,Plantae,56955,Asteraceae,Helianthus
302424902,2025-07-30 11:08:06,2025-07-30,Mountain Time (US & Canada),9595148,casual,0,true,"E 19th Ave, Denver, CO, US",39.7443562029,-104.9288063562,4,,,,4,,open,false,,,,Brassica oleracea,"cabbage, broccoli, and allies",Plantae,54516,Brassicaceae,Brassica
302424948,2025-07-30 11:08:28,2025-07-30,Mountain Time (US & Canada),9595148,needs_id,0,false,"E 19th Ave, Denver, CO, US",39.7443915205,-104.9288359099,4,,,,4,,,false,,,Iris,Iris,Section Iris,Plantae,1249575,Iridaceae,Iris
302425012,2025-07-30 11:08:42,2025-07-30,Mountain Time (US & Canada),9595148,needs_id,0,false,"E 19th Ave, Denver, CO, US",39.744381588,-104.9288436213,4,,,,4,,,false,,,,Mentheae,,Plantae,918917,Lamiaceae,
302429091,2025-07-30 11:02:20,2025-07-30,Mountain Time (US & Canada),9595148,casual,0,true,"Denver County, US-CO, US",39.7443275382,-104.9288245406,3,,,,3,,,false,,,,Zinnia elegans,Elegant Zinnia,Plantae,181901,Asteraceae,Zinnia
302429126,2025-07-30 11:08:57,2025-07-30,Mountain Time (US & Canada),9595148,needs_id,0,false,"E 19th Ave, Denver, CO, US",39.7443839349,-104.9288424478,3,,,,3,,,false,,,,Asteroideae,,Plantae,632790,Asteraceae,
302429155,2025-07-30 11:09:15,2025-07-30,Mountain Time (US & Canada),9595148,casual,0,true,"E 19th Ave, Denver, CO, US",39.7443936579,-104.9288452976,3,,,,3,,open,false,,,,Cucurbita pepo,American pumpkin,Plantae,76541,Cucurbitaceae,Cucurbita
302429193,2025-07-30 11:09:43,2025-07-30,Mountain Time (US & Canada),9595148,needs_id,0,false,"E 19th Ave, Denver, CO, US",39.7443717825,-104.9288709987,3,,,,3,,open,false,,,remolacha,Beta vulgaris,Beet,Plantae,54498,Amaranthaceae,Beta
302429252,2025-07-30 11:10:08,2025-07-30,Mountain Time (US & Canada),9595148,needs_id,0,false,"E 19th Ave, Denver, CO, US",39.7443776037,-104.9288610662,3,,,,3,,,false,,,,Physalis,groundcherries,Plantae,51733,Solanaceae,Physalis
302429299,2025-07-30 11:10:32,2025-07-30,Mountain Time (US & Canada),9595148,research,0,false,"Denver, CO, US",39.7443720405,-104.9288548541,3,,,,3,,,false,,,Papa,Solanum tuberosum,potato,Plantae,53858,Solanaceae,Solanum
302429376,2025-07-30 11:10:50,2025-07-30,Mountain Time (US & Canada),9595148,needs_id,0,false,"E 19th Ave, Denver, CO, US",39.7443839075,-104.9288570145,3,,,,3,,,false,,,,Helianthus,sunflowers,Plantae,56955,Asteraceae,Helianthus
302429431,2025-07-30 11:11:01,2025-07-30,Mountain Time (US & Canada),9595148,casual,0,true,"E 19th Ave, Denver, CO, US",39.7443906888,-104.9288434784,4,,,,4,,,false,,,,Tropaeolum,Nasturtiums,Plantae,54331,Tropaeolaceae,Tropaeolum
302429473,2025-07-30 11:11:13,2025-07-30,Mountain Time (US & Canada),9595148,casual,0,true,"E 19th Ave, Denver, CO, US",39.7443900577,-104.9288344829,3,,,,3,,,false,,,Jabonera de Madagascar,Catharanthus roseus,Madagascar Periwinkle,Plantae,62924,Apocynaceae,Catharanthus
302429529,2025-07-30 11:11:26,2025-07-30,Mountain Time (US & Canada),9595148,casual,0,true,"E 19th Ave, Denver, CO, US",39.7443901843,-104.9288346566,3,,,,3,,,false,,,Tomate,Solanum lycopersicum,tomato,Plantae,51737,Solanaceae,Solanum
302429571,2025-07-30 11:11:42,2025-07-30,Mountain Time (US & Canada),9595148,casual,0,true,"E 19th Ave, Denver, CO, US",39.7443909338,-104.9288458844,3,,,,3,,open,false,,,,Capsicum annuum,chili pepper,Plantae,48514,Solanaceae,Capsicum
302429601,2025-07-30 11:11:53,2025-07-30,Mountain Time (US & Canada),9595148,needs_id,0,false,"E 19th Ave, Denver, CO, US",39.7443883773,-104.9288369996,4,,,,4,,open,false,,,"Brócoli, Coliflor y Repollo",Brassica oleracea,"cabbage, broccoli, and allies",Plantae,54516,Brassicaceae,Brassica
302429629,2025-07-30 11:12:12,2025-07-30,Mountain Time (US & Canada),9595148,needs_id,0,false,"E 19th Ave, Denver, CO, US",39.7443795763,-104.9288359099,3,,,,3,,,false,,,,Menthinae,"balms, mints, and thymes",Plantae,919178,Lamiaceae,
302429655,2025-07-30 11:12:33,2025-07-30,Mountain Time (US & Canada),9595148,casual,0,true,"E 19th Ave, Denver, CO, US",39.7443795763,-104.9288359099,3,,,,3,,,false,,,,Rheum rhabarbarum,Rhubarb,Plantae,51251,Polygonaceae,Rheum
302429705,2025-07-30 11:12:57,2025-07-30,Mountain Time (US & Canada),9595148,needs_id,0,false,"E 19th Ave, Denver, CO, US",39.7443813719,-104.928842361,3,,,,3,,,false,,,,Ocimum basilicum,Sweet basil,Plantae,61398,Lamiaceae,Ocimum
302429732,2025-07-30 11:13:09,2025-07-30,Mountain Time (US & Canada),9595148,casual,0,true,"E 19th Ave, Denver, CO, US",39.7443903069,-104.9288468898,3,,,,3,,,false,,,,Zinnia elegans,Elegant Zinnia,Plantae,181901,Asteraceae,Zinnia
302429763,2025-07-30 11:13:23,2025-07-30,Mountain Time (US & Canada),9595148,casual,0,true,"E 19th Ave, Denver, CO, US",39.7443927099,-104.9288565317,3,,,,3,,,false,,,Alegría guineana,Impatiens hawkeri,New Guinea Impatiens,Plantae,349271,Balsaminaceae,Impatiens
302429786,2025-07-30 11:13:41,2025-07-30,Mountain Time (US & Canada),9595148,needs_id,0,false,"E 19th Ave, Denver, CO, US",39.7443268059,-104.9288570795,3,,,,3,,,false,,,,Fragaria × ananassa,garden strawberry,Plantae,55366,Rosaceae,Fragaria
302429837,2025-07-30 11:13:58,2025-07-30,Mountain Time (US & Canada),9595148,casual,0,true,"E 19th Ave, Denver, CO, US",39.7443677422,-104.9288798292,3,,,,3,,,false,,,amor de un día,Portulaca grandiflora,moss rose,Plantae,167309,Portulacaceae,Portulaca
302429883,2025-07-30 11:14:17,2025-07-30,Mountain Time (US & Canada),9595148,casual,0,true,"Denver, CO, US",39.7443971762,-104.9288369962,3,,,,3,,,false,,,,Hemerocallis lilioasphodelus,yellow daylily,Plantae,163663,Asphodelaceae,Hemerocallis
302429915,2025-07-30 11:14:36,2025-07-30,Mountain Time (US & Canada),9595148,casual,0,true,"E 19th Ave, Denver, CO, US",39.7444030909,-104.9288579181,3,,,,3,,,false,,,,Echinacea purpurea,purple coneflower,Plantae,48627,Asteraceae,Echinacea
302429955,2025-07-30 11:14:49,2025-07-30,Mountain Time (US & Canada),9595148,needs_id,0,false,"E 19th Ave, Denver, CO, US",39.7444060176,-104.9288527747,3,,,,3,,,false,,,,Lobelia erinus,Garden Lobelia,Plantae,77797,Campanulaceae,Lobelia
302429988,2025-07-30 11:15:24,2025-07-30,Mountain Time (US & Canada),9595148,needs_id,0,false,"E 19th Ave, Denver, CO, US",39.7443988616,-104.9289841713,5,,,,5,,,false,,,,Petroselinum crispum,garden parsley,Plantae,78465,Apiaceae,Petroselinum
302430020,2025-07-30 11:15:45,2025-07-30,Mountain Time (US & Canada),9595148,casual,0,true,"E 19th Ave, Denver, CO, US",39.7444272896,-104.9288479162,3,,,,3,,open,false,,,,Cucurbita pepo,American pumpkin,Plantae,76541,Cucurbitaceae,Cucurbita
302430051,2025-07-30 11:16:12,2025-07-30,Mountain Time (US & Canada),9595148,needs_id,0,false,"E 19th Ave, Denver, CO, US",39.7444334496,-104.9288090405,3,,,,3,,open,false,,,,Helianthus annuus,Common Sunflower,Plantae,57983,Asteraceae,Helianthus
302430079,2025-07-30 11:16:29,2025-07-30,Mountain Time (US & Canada),9595148,casual,0,true,"E 19th Ave, Denver, CO, US",39.7444049182,-104.9287789367,4,,,,4,,,false,,,,Zinnia elegans,Elegant Zinnia,Plantae,181901,Asteraceae,Zinnia
302430113,2025-07-30 11:16:43,2025-07-30,Mountain Time (US & Canada),9595148,casual,0,true,"E 19th Ave, Denver, CO, US",39.7444080936,-104.9288152643,3,,,,3,,,false,,,,Tagetes,Marigolds,Plantae,72389,Asteraceae,Tagetes
302430159,2025-07-30 11:17:13,2025-07-30,Mountain Time (US & Canada),9595148,casual,0,true,"E 19th Ave, Denver, CO, US",39.744408523,-104.9288187154,4,,,,4,,,false,,,"Calabazas, ayotes y zapallos",Cucurbita,gourds,Plantae,55425,Cucurbitaceae,Cucurbita
302430200,2025-07-30 11:17:31,2025-07-30,Mountain Time (US & Canada),9595148,casual,0,true,"E 19th Ave, Denver, CO, US",39.7444113014,-104.9288289503,3,,,,3,,,false,,,,Solanum lycopersicum,tomato,Plantae,51737,Solanaceae,Solanum
302430235,2025-07-30 11:17:52,2025-07-30,Mountain Time (US & Canada),9595148,needs_id,0,false,"E 19th Ave, Denver, CO, US",39.7444649213,-104.9288964921,4,,,,4,,open,false,,,,Phaseolus vulgaris,Common Bean,Plantae,122850,Fabaceae,Phaseolus
302430264,2025-07-30 11:18:15,2025-07-30,Mountain Time (US & Canada),9595148,research,0,false,"E 19th Ave, Denver, CO, US",39.7444330183,-104.9288665045,3,,,,3,,open,false,,,Verdolaga euroasiática,Portulaca oleracea,Common Purslane,Plantae,58991,Portulacaceae,Portulaca
302430301,2025-07-30 11:18:31,2025-07-30,Mountain Time (US & Canada),9595148,needs_id,0,false,"Denver, CO, US",39.7443736576,-104.9288277877,3,,,,3,,,false,,,,Digitaria sanguinalis,Hairy Crabgrass,Plantae,51633,Poaceae,Digitaria
302430331,2025-07-30 11:18:48,2025-07-30,Mountain Time (US & Canada),9595148,needs_id,0,false,"E 19th Ave, Denver, CO, US",39.7444113833,-104.928848064,3,,,,3,,,false,,,,Anethum,,Plantae,71969,Apiaceae,Anethum
302430368,2025-07-30 11:19:11,2025-07-30,Mountain Time (US & Canada),9595148,needs_id,0,false,"E 19th Ave, Denver, CO, US",39.7444269582,-104.9288550422,4,,,,4,,,false,,,,Asteroideae,,Plantae,632790,Asteraceae,
302430401,2025-07-30 11:19:54,2025-07-30,Mountain Time (US & Canada),9595148,casual,0,true,"E 19th Ave, Denver, CO, US",39.7444297403,-104.9288359402,4,,,,4,,open,false,,,Lavanda,Lavandula angustifolia,Common Lavender,Plantae,133395,Lamiaceae,Lavandula
302430454,2025-07-30 11:20:11,2025-07-30,Mountain Time (US & Canada),9595148,casual,0,true,"E 19th Ave, Denver, CO, US",39.7444471194,-104.9288137959,3,,,,3,,,false,,,,Tagetes erecta,Mexican Marigold,Plantae,79312,Asteraceae,Tagetes
302430522,2025-07-30 11:20:24,2025-07-30,Mountain Time (US & Canada),9595148,needs_id,0,false,"E 19th Ave, Denver, CO, US",39.7444144675,-104.9288770771,3,,,,3,,open,false,,,,Helianthus annuus,Common Sunflower,Plantae,57983,Asteraceae,Helianthus
302430619,2025-07-30 11:20:33,2025-07-30,Mountain Time (US & Canada),9595148,casual,0,true,"E 19th Ave, Denver, CO, US",39.7444432071,-104.9288250978,3,,,,3,,,false,,,,Zinnia elegans,Elegant Zinnia,Plantae,181901,Asteraceae,Zinnia
302430673,2025-07-30 11:20:44,2025-07-30,Mountain Time (US & Canada),9595148,casual,0,true,"E 19th Ave, Denver, CO, US",39.7444480682,-104.928845769,4,,,,4,,,false,,,,Zinnia elegans,Elegant Zinnia,Plantae,181901,Asteraceae,Zinnia
302430710,2025-07-30 11:20:56,2025-07-30,Mountain Time (US & Canada),9595148,needs_id,0,false,"E 19th Ave, Denver, CO, US",39.7444672247,-104.9287541196,6,,,,6,,,false,,,Amarantos,Amaranthus,amaranths,Plantae,52326,Amaranthaceae,Amaranthus
302430770,2025-07-30 11:21:11,2025-07-30,Mountain Time (US & Canada),9595148,casual,0,true,"E 19th Ave, Denver, CO, US",39.7444577695,-104.9288376302,3,,,,3,,,false,,,,Cucumis sativus,Cucumber,Plantae,54919,Cucurbitaceae,Cucumis
302430800,2025-07-30 11:21:25,2025-07-30,Mountain Time (US & Canada),9595148,needs_id,0,false,"E 19th Ave, Denver, CO, US",39.7444621518,-104.9288271501,3,,,,3,,,false,,,,Cucurbita,gourds,Plantae,55425,Cucurbitaceae,Cucurbita
302430834,2025-07-30 11:21:36,2025-07-30,Mountain Time (US & Canada),9595148,casual,0,true,"E 19th Ave, Denver, CO, US",39.7444788993,-104.9288109226,3,,,,3,,,false,,,,Cosmos bipinnatus,garden cosmos,Plantae,68562,Asteraceae,Cosmos
302430900,2025-07-30 11:21:58,2025-07-30,Mountain Time (US & Canada),9595148,casual,0,true,"E 19th Ave, Denver, CO, US",39.7445316241,-104.9288662524,3,,,,3,,,false,,,,Dahlia pinnata,Garden Dahlia,Plantae,161582,Asteraceae,Dahlia
302430937,2025-07-30 11:23:08,2025-07-30,Mountain Time (US & Canada),9595148,needs_id,0,false,"E 19th Ave, Denver, CO, US",39.7447526481,-104.9288828553,3,,,,3,,,false,,,,Cucumis,Melons & Cucumbers,Plantae,54916,Cucurbitaceae,Cucumis
302430963,2025-07-30 11:24:52,2025-07-30,Mountain Time (US & Canada),9595148,casual,0,true,"E 19th Ave, Denver, CO, US",39.7448480846,-104.9288580575,4,,,,4,,,false,,,,Tagetes,Marigolds,Plantae,72389,Asteraceae,Tagetes
302430992,2025-07-30 11:25:04,2025-07-30,Mountain Time (US & Canada),9595148,needs_id,0,false,"E 19th Ave, Denver, CO, US",39.7448254291,-104.9288708842,3,,,,3,,,false,,,,Anethum graveolens,Dill,Plantae,75445,Apiaceae,Anethum
302431039,2025-07-30 11:25:17,2025-07-30,Mountain Time (US & Canada),9595148,casual,0,true,"E 19th Ave, Denver, CO, US",39.7447767856,-104.9288341022,8,,,,8,,,false,,,,Cosmos,Cosmoses,Plantae,68563,Asteraceae,Cosmos
302431070,2025-07-30 11:25:38,2025-07-30,Mountain Time (US & Canada),9595148,needs_id,0,false,"E 19th Ave, Denver, CO, US",39.7448110638,-104.9288589107,3,,,,3,,,false,,,Orégano,Origanum vulgare,Oregano,Plantae,61396,Lamiaceae,Origanum
302431138,2025-07-30 11:26:09,2025-07-30,Mountain Time (US & Canada),9595148,needs_id,0,false,"E 19th Ave, Denver, CO, US",39.7448165299,-104.9288328043,3,,,,3,,,false,,,,Apieae,,Plantae,790576,Apiaceae,
302431177,2025-07-30 11:26:31,2025-07-30,Mountain Time (US & Canada),9595148,casual,0,true,"E 19th Ave, Denver, CO, US",39.7447800931,-104.9288610684,3,,,,3,,,false,,,,Echinacea purpurea,purple coneflower,Plantae,48627,Asteraceae,Echinacea
302431227,2025-07-30 11:27:53,2025-07-30,Mountain Time (US & Canada),9595148,needs_id,0,false,"E 19th Ave, Denver, CO, US",39.7446744591,-104.9289398037,32,,,,32,,,false,,,,Oenothera,"evening primroses, sundrops, and beeblossoms",Plantae,48626,Onagraceae,Oenothera
302431270,2025-07-30 12:13:55,2025-07-30,Mountain Time (US & Canada),9595148,casual,0,true,"Albion St, Denver, CO, US",39.7242917823,-104.9381689998,3,,,,3,,,false,,,,Amaranthus cruentus,Red amaranth,Plantae,52328,Amaranthaceae,Amaranthus
302431314,2025-07-30 12:14:08,2025-07-30,Mountain Time (US & Canada),9595148,needs_id,0,false,"Albion St, Denver, CO, US",39.7242500777,-104.9381797694,3,,,,3,,,false,,,,Linum,Flaxes,Plantae,51309,Linaceae,Linum
302431352,2025-07-30 12:14:21,2025-07-30,Mountain Time (US & Canada),9595148,casual,0,true,"Albion St, Denver, CO, US",39.724245322,-104.938179425,5,,,,5,,,false,,,,Phlox paniculata,fall phlox,Plantae,117437,Polemoniaceae,Phlox
302431403,2025-07-30 12:14:38,2025-07-30,Mountain Time (US & Canada),9595148,needs_id,0,false,"Albion St, Denver, CO, US",39.7242321214,-104.9382167683,3,,,,3,,,false,,,,Cucurbita,gourds,Plantae,55425,Cucurbitaceae,Cucurbita
302431436,2025-07-30 12:14:57,2025-07-30,Mountain Time (US & Canada),9595148,needs_id,0,false,"Albion St, Denver, CO, US",39.7241221927,-104.938231269,8,,,,8,,,false,,,,Cucumis sativus,Cucumber,Plantae,54919,Cucurbitaceae,Cucumis
302431497,2025-07-30 12:15:58,2025-07-30,Mountain Time (US & Canada),9595148,casual,0,true,"Albion St, Denver, CO, US",39.7242242005,-104.9381889404,3,,,,3,,,false,,,,Cosmos,Cosmoses,Plantae,68563,Asteraceae,Cosmos
302431521,2025-07-30 12:16:12,2025-07-30,Mountain Time (US & Canada),9595148,casual,0,true,"Albion St, Denver, CO, US",39.7242358514,-104.9382036925,3,,,,3,,,false,,,,Zinnia elegans,Elegant Zinnia,Plantae,181901,Asteraceae,Zinnia
302431558,2025-07-30 12:16:55,2025-07-30,Mountain Time (US & Canada),9595148,needs_id,0,false,"Albion St, Denver, CO, US",39.724229062,-104.9381968194,3,,,,3,,,false,,,,Cucurbita,gourds,Plantae,55425,Cucurbitaceae,Cucurbita
302431574,2025-07-30 12:17:08,2025-07-30,Mountain Time (US & Canada),9595148,needs_id,0,false,"Albion St, Denver, CO, US",39.7241849732,-104.9381354638,6,,,,6,,,false,,,Pepino cohombro,Cucumis sativus,Cucumber,Plantae,54919,Cucurbitaceae,Cucumis
302431610,2025-07-30 12:17:22,2025-07-30,Mountain Time (US & Canada),9595148,needs_id,0,false,"Albion St, Denver, CO, US",39.7241797764,-104.9382302632,3,,,,3,,,false,,,,Apioideae,,Plantae,790553,Apiaceae,
302431697,2025-07-30 12:18:16,2025-07-30,Mountain Time (US & Canada),9595148,casual,0,true,"Albion St, Denver, CO, US",39.7241320735,-104.9382267414,3,,,,3,,,false,,,,Cosmos bipinnatus,garden cosmos,Plantae,68562,Asteraceae,Cosmos
302431736,2025-07-30 12:18:26,2025-07-30,Mountain Time (US & Canada),9595148,casual,0,true,"Albion St, Denver, CO, US",39.7241358986,-104.9382512909,3,,,,3,,,false,,,,Tagetes,Marigolds,Plantae,72389,Asteraceae,Tagetes
302431766,2025-07-30 12:18:37,2025-07-30,Mountain Time (US & Canada),9595148,casual,0,true,"Albion St, Denver, CO, US",39.7241698283,-104.9382450936,4,,,,4,,,false,,,,Amaranthus cruentus,Red amaranth,Plantae,52328,Amaranthaceae,Amaranthus
302431798,2025-07-30 12:18:49,2025-07-30,Mountain Time (US & Canada),9595148,casual,0,true,"Albion St, Denver, CO, US",39.7241203122,-104.9382422773,3,,,,3,,,false,,,,Tropaeolum majus,garden nasturtium,Plantae,54329,Tropaeolaceae,Tropaeolum
302431845,2025-07-30 12:19:00,2025-07-30,Mountain Time (US & Canada),9595148,needs_id,0,false,"Albion St, Denver, CO, US",39.7241141825,-104.9382403268,6,,,,6,,,false,,,,Cucurbita,gourds,Plantae,55425,Cucurbitaceae,Cucurbita
302431883,2025-07-30 12:21:02,2025-07-30,Mountain Time (US & Canada),9595148,casual,0,true,"Albion St, Denver, CO, US",39.7239603841,-104.9381860411,9,,,,9,,,false,,,,Solanum melongena,eggplant,Plantae,63190,Solanaceae,Solanum
302431924,2025-07-30 12:51:30,2025-07-30,Mountain Time (US & Canada),9595148,needs_id,0,false,"Grape St, Denver, CO, US",39.7316421261,-104.9250073767,12,,,,12,,open,false,,,,Helianthus annuus,Common Sunflower,Plantae,57983,Asteraceae,Helianthus
302431963,2025-07-30 12:51:40,2025-07-30,Mountain Time (US & Canada),9595148,needs_id,0,false,"Grape St, Denver, CO, US",39.7318083422,-104.9250121207,3,,,,3,,,false,,,,Cucurbita,gourds,Plantae,55425,Cucurbitaceae,Cucurbita
302432000,2025-07-30 12:51:54,2025-07-30,Mountain Time (US & Canada),9595148,needs_id,0,false,"Grape St, Denver, CO, US",39.7317733281,-104.9250525409,5,,,,5,,,false,,,,Cucumis sativus,Cucumber,Plantae,54919,Cucurbitaceae,Cucumis
302432026,2025-07-30 12:52:04,2025-07-30,Mountain Time (US & Canada),9595148,needs_id,0,false,"Grape St, Denver, CO, US",39.7317414611,-104.9250212169,8,,,,8,,,false,,,,Achillea filipendulina,Fern-leaf Yarrow,Plantae,157924,Asteraceae,Achillea
302432057,2025-07-30 12:52:44,2025-07-30,Mountain Time (US & Canada),9595148,research,0,false,"Grape St, Denver, CO, US",39.7317378484,-104.9250295097,4,,,,4,,,false,,,Correhuela de Eurasia,Convolvulus arvensis,field bindweed,Plantae,53021,Convolvulaceae,Convolvulus
302432101,2025-07-30 12:52:54,2025-07-30,Mountain Time (US & Canada),9595148,needs_id,0,false,"Grape St, Denver, CO, US",39.7317678295,-104.9250539952,3,,,,3,,,false,,,,Helianthus,sunflowers,Plantae,56955,Asteraceae,Helianthus
302432142,2025-07-30 12:53:06,2025-07-30,Mountain Time (US & Canada),9595148,research,0,false,"Grape St, Denver, CO, US",39.7316794424,-104.9250840024,4,,,,4,,,false,,,Correhuela de Eurasia,Convolvulus arvensis,field bindweed,Plantae,53021,Convolvulaceae,Convolvulus
302432170,2025-07-30 12:53:16,2025-07-30,Mountain Time (US & Canada),9595148,needs_id,0,false,"Grape St, Denver, CO, US",39.7317229025,-104.9250674062,3,,,,3,,open,false,,,,Helianthus annuus,Common Sunflower,Plantae,57983,Asteraceae,Helianthus
302432202,2025-07-30 12:53:30,2025-07-30,Mountain Time (US & Canada),9595148,needs_id,0,false,"Grape St, Denver, CO, US",39.7317263851,-104.9250722816,4,,,,4,,open,false,,,,Mentha spicata,spearmint,Plantae,62652,Lamiaceae,Mentha
302432230,2025-07-30 12:53:48,2025-07-30,Mountain Time (US & Canada),9595148,research,0,false,"Grape St, Denver, CO, US",39.7317228059,-104.9250608317,3,,,,3,,,false,,,Amapola de California,Eschscholzia californica,California poppy,Plantae,48225,Papaveraceae,Eschscholzia
302432263,2025-07-30 12:53:57,2025-07-30,Mountain Time (US & Canada),9595148,research,0,false,"Grape St, Denver, CO, US",39.7317217291,-104.9250551687,3,,,,3,,,false,,,Correhuela de Eurasia,Convolvulus arvensis,field bindweed,Plantae,53021,Convolvulaceae,Convolvulus
302432294,2025-07-30 12:54:07,2025-07-30,Mountain Time (US & Canada),9595148,casual,0,true,"Grape St, Denver, CO, US",39.7317217291,-104.9250551687,3,,,,3,,,false,,,,Tagetes erecta,Mexican Marigold,Plantae,79312,Asteraceae,Tagetes
302432319,2025-07-30 12:54:19,2025-07-30,Mountain Time (US & Canada),9595148,research,0,false,"Grape St, Denver, CO, US",39.7317201735,-104.9250521496,3,,,,3,,,false,,,Correhuela de Eurasia,Convolvulus arvensis,field bindweed,Plantae,53021,Convolvulaceae,Convolvulus
302432344,2025-07-30 12:54:38,2025-07-30,Mountain Time (US & Canada),9595148,needs_id,0,false,"Grape St, Denver, CO, US",39.7316773784,-104.9250205773,3,,,,3,,open,false,,,,Phaseolus coccineus,Runner bean,Plantae,122860,Fabaceae,Phaseolus
302432372,2025-07-30 12:54:46,2025-07-30,Mountain Time (US & Canada),9595148,needs_id,0,false,"Grape St, Denver, CO, US",39.7316029752,-104.9249786886,3,,,,3,,,false,,,,Cucurbita,gourds,Plantae,55425,Cucurbitaceae,Cucurbita
302432407,2025-07-30 12:54:57,2025-07-30,Mountain Time (US & Canada),9595148,casual,0,true,"Grape St, Denver, CO, US",39.7316331892,-104.925030425,3,,,,3,,,false,,,,Cucumis melo,Muskmelon,Plantae,76538,Cucurbitaceae,Cucumis
302432436,2025-07-30 12:55:12,2025-07-30,Mountain Time (US & Canada),9595148,casual,0,true,"Grape St, Denver, CO, US",39.7316297796,-104.925048547,4,,,,4,,,false,,,,Solanum lycopersicum,tomato,Plantae,51737,Solanaceae,Solanum
302432455,2025-07-30 12:55:33,2025-07-30,Mountain Time (US & Canada),9595148,needs_id,0,false,"Grape St, Denver, CO, US",39.7316314532,-104.925040432,4,,,,4,,,false,,,,Helianthus,sunflowers,Plantae,56955,Asteraceae,Helianthus
302432500,2025-07-30 12:55:52,2025-07-30,Mountain Time (US & Canada),9595148,casual,0,true,"Grape St, Denver, CO, US",39.7316616342,-104.9250146152,3,,,,3,,,false,,,,Tagetes erecta,Mexican Marigold,Plantae,79312,Asteraceae,Tagetes
302432521,2025-07-30 12:56:10,2025-07-30,Mountain Time (US & Canada),9595148,research,0,false,"Grape St, Denver, CO, US",39.7316614158,-104.9249568666,4,,,,4,,,false,,,Hierba del gato,Nepeta cataria,Catnip,Plantae,48622,Lamiaceae,Nepeta
302432581,2025-07-30 12:56:44,2025-07-30,Mountain Time (US & Canada),9595148,casual,0,true,"Grape St, Denver, CO, US",39.7317080247,-104.9250113313,4,,,,4,,,false,,,,Allium tuberosum,Garlic Chives,Plantae,122343,Amaryllidaceae,Allium
302432653,2025-07-30 12:56:56,2025-07-30,Mountain Time (US & Canada),9595148,casual,0,true,"Colorado, US",39.6166933094,-104.8478177694,3,,,,28060,,obscured,true,,,,Allium schoenoprasum,Chives,Plantae,59254,Amaryllidaceae,Allium
302432696,2025-07-30 12:57:10,2025-07-30,Mountain Time (US & Canada),9595148,research,0,false,"Grape St, Denver, CO, US",39.7317335559,-104.924973875,3,,,,3,,,false,,,Correhuela de Eurasia,Convolvulus arvensis,field bindweed,Plantae,53021,Convolvulaceae,Convolvulus
302443740,2025-07-30 12:15:06,2025-07-30,Mountain Time (US & Canada),9595148,needs_id,0,false,"Albion St, Denver, CO, US",39.7241757531,-104.9382343703,4,,,,4,,,false,,,,Eruca vesicaria,rocketsalad,Plantae,77058,Brassicaceae,Eruca
302443768,2025-07-30 12:57:23,2025-07-30,Mountain Time (US & Canada),9595148,casual,0,true,"Grape St, Denver, CO, US",39.7317270025,-104.9249740142,3,,,,3,,,false,,,,Tagetes erecta,Mexican Marigold,Plantae,79312,Asteraceae,Tagetes
302443808,2025-07-30 12:57:36,2025-07-30,Mountain Time (US & Canada),9595148,needs_id,0,false,"Grape St, Denver, CO, US",39.7316788171,-104.9249561095,3,,,,3,,,false,,,,Anethum graveolens,Dill,Plantae,75445,Apiaceae,Anethum
302443825,2025-07-30 12:57:46,2025-07-30,Mountain Time (US & Canada),9595148,casual,0,true,"Grape St, Denver, CO, US",39.7317430191,-104.9249881134,3,,,,3,,,false,,,Tomate,Solanum lycopersicum,tomato,Plantae,51737,Solanaceae,Solanum
302443847,2025-07-30 12:58:27,2025-07-30,Mountain Time (US & Canada),9595148,needs_id,0,false,"Grape St, Denver, CO, US",39.7318249788,-104.9249829851,8,,,,8,,,false,,,,Cucurbita,gourds,Plantae,55425,Cucurbitaceae,Cucurbita
302445691,2025-07-30 14:31:19,2025-07-30,Mountain Time (US & Canada),4547933,casual,0,true,"Leetsdale Dr, Denver, CO, US",39.7048357785,-104.9148439857,9,,,,9,,,false,,"","",Rudbeckia,black-eyed Susans and coneflowers,Plantae,62742,Asteraceae,Rudbeckia
302445753,2025-07-30 14:31:37,2025-07-30,Mountain Time (US & Canada),4547933,casual,0,true,"Leetsdale Dr, Denver, CO, US",39.7044147336,-104.9151233176,48,,,,48,,,false,,"","",Echinacea purpurea,purple coneflower,Plantae,48627,Asteraceae,Echinacea
302445802,2025-07-30 14:31:58,2025-07-30,Mountain Time (US & Canada),4547933,casual,0,true,"Leetsdale Dr, Denver, CO, US",39.7047242527,-104.9150974119,23,,,,23,,,false,,"",firewheel,Gaillardia pulchella,firewheel,Plantae,51768,Asteraceae,Gaillardia
302445907,2025-07-30 14:32:19,2025-07-30,Mountain Time (US & Canada),4547933,casual,0,true,"Leetsdale Dr, Denver, CO, US",39.7044213811,-104.9150196801,23,,,,23,,,false,,"",Rocky Mountain Beeplant,Cleomella serrulata,Rocky Mountain Beeplant,Plantae,1415100,Cleomaceae,Cleomella
302445983,2025-07-30 14:32:41,2025-07-30,Mountain Time (US & Canada),4547933,casual,0,true,"Leetsdale Dr, Denver, CO, US",39.7043981174,-104.9147991216,31,,,,31,,open,false,,"","",Helianthus petiolaris,prairie sunflower,Plantae,77360,Asteraceae,Helianthus
302446055,2025-07-30 14:32:58,2025-07-30,Mountain Time (US & Canada),4547933,casual,0,true,"Leetsdale Dr, Denver, CO, US",39.704661288,-104.9148984179,12,,,,12,,,false,,"","",Chenopodium,Goosefoots,Plantae,48439,Amaranthaceae,Chenopodium
302448296,2025-07-30 14:44:07,2025-07-30,Mountain Time (US & Canada),4547933,casual,0,true,"Leetsdale Dr, Denver, CO, US",39.7047922109,-104.9150595017,5,,,,5,,,false,,"","",Solanum lycopersicum,tomato,Plantae,51737,Solanaceae,Solanum
302448402,2025-07-30 14:44:30,2025-07-30,Mountain Time (US & Canada),4547933,casual,0,true,"Leetsdale Dr, Denver, CO, US",39.7045268824,-104.9150778124,19,,,,19,,,false,,"","",Amaranthus,amaranths,Plantae,52326,Amaranthaceae,Amaranthus
302448469,2025-07-30 14:44:49,2025-07-30,Mountain Time (US & Canada),4547933,casual,0,true,"Leetsdale Dr, Denver, CO, US",39.7046992188,-104.9150271496,15,,,,15,,,false,,"",great mullein,Verbascum thapsus,great mullein,Plantae,59029,Scrophulariaceae,Verbascum
302448606,2025-07-30 14:45:12,2025-07-30,Mountain Time (US & Canada),4547933,casual,0,true,"Leetsdale Dr, Denver, CO, US",39.7047668898,-104.9150099821,17,,,,17,,,false,,"","",Cucurbita,gourds,Plantae,55425,Cucurbitaceae,Cucurbita
302448741,2025-07-30 14:45:48,2025-07-30,Mountain Time (US & Canada),4547933,casual,0,true,"Leetsdale Dr, Denver, CO, US",39.7047160821,-104.9150105168,15,,,,15,,,false,,"","",Gaillardia,Blanketflowers,Plantae,51769,Asteraceae,Gaillardia
302448772,2025-07-30 14:46:04,2025-07-30,Mountain Time (US & Canada),4547933,casual,1,true,"Leetsdale Dr, Denver, CO, US",39.7048034985,-104.9150348173,8,,,,8,,,false,,"",petunias,Petunia,petunias,Plantae,55406,Solanaceae,Petunia
302448825,2025-07-30 14:46:23,2025-07-30,Mountain Time (US & Canada),4547933,casual,0,true,"Leetsdale Dr, Denver, CO, US",39.7048034985,-104.9150348173,8,,,,8,,,false,,"","",Galinsoga parviflora,Gallant Soldier,Plantae,48178,Asteraceae,Galinsoga
302448964,2025-07-30 14:46:44,2025-07-30,Mountain Time (US & Canada),4547933,casual,0,true,"Leetsdale Dr, Denver, CO, US",39.7048678133,-104.9150445482,9,,,,9,,,false,,"","",Cucumis melo,Muskmelon,Plantae,76538,Cucurbitaceae,Cucumis
302449196,2025-07-30 14:47:09,2025-07-30,Mountain Time (US & Canada),4547933,casual,0,true,"Leetsdale Dr, Denver, CO, US",39.7048638162,-104.9149976843,9,,,,9,,,false,,"","",Tagetes,Marigolds,Plantae,72389,Asteraceae,Tagetes
302449315,2025-07-30 14:47:45,2025-07-30,Mountain Time (US & Canada),4547933,casual,1,true,"Leetsdale Dr, Denver, CO, US",39.7047136333,-104.9150004011,18,,,,18,,,false,,"",petunias,Petunia,petunias,Plantae,55406,Solanaceae,Petunia
302449448,2025-07-30 14:48:08,2025-07-30,Mountain Time (US & Canada),4547933,casual,0,true,"Leetsdale Dr, Denver, CO, US",39.704755816,-104.9150309381,6,,,,6,,,false,,"","",Zinnia elegans,Elegant Zinnia,Plantae,181901,Asteraceae,Zinnia
302449532,2025-07-30 14:48:31,2025-07-30,Mountain Time (US & Canada),4547933,casual,0,true,"Leetsdale Dr, Denver, CO, US",39.7044585267,-104.9151536372,29,,,,29,,,false,,"","",Zinnia elegans,Elegant Zinnia,Plantae,181901,Asteraceae,Zinnia
302449564,2025-07-30 12:58:43,2025-07-30,Mountain Time (US & Canada),9595148,casual,0,true,"Grape St, Denver, CO, US",39.7317790641,-104.9249073951,3,,,,3,,,false,,,,Solanum melongena,eggplant,Plantae,63190,Solanaceae,Solanum
302449595,2025-07-30 12:58:51,2025-07-30,Mountain Time (US & Canada),9595148,casual,0,true,"Grape St, Denver, CO, US",39.7316855663,-104.9248796029,5,,,,5,,open,false,,,,Capsicum annuum,chili pepper,Plantae,48514,Solanaceae,Capsicum
302449618,2025-07-30 14:48:51,2025-07-30,Mountain Time (US & Canada),4547933,casual,0,true,"Leetsdale Dr, Denver, CO, US",39.7046855152,-104.915041548,19,,,,19,,open,false,,"","",Helianthus annuus,Common Sunflower,Plantae,57983,Asteraceae,Helianthus
302449760,2025-07-30 14:49:13,2025-07-30,Mountain Time (US & Canada),4547933,casual,0,true,"Leetsdale Dr, Denver, CO, US",39.7048389534,-104.9149996348,9,,,,9,,,false,,"","baby blue eyes, Phacelias, and waterleaves",Hydrophylloideae,"baby blue eyes, Phacelias, and waterleaves",Plantae,795678,Boraginaceae,
302449966,2025-07-30 14:50:22,2025-07-30,Mountain Time (US & Canada),4547933,casual,0,true,"S Monaco St Pkwy, Denver, CO, US",39.7046405676,-104.9147744823,30,,,,30,,,false,,"","",Lobelia erinus,Garden Lobelia,Plantae,77797,Campanulaceae,Lobelia
302450149,2025-07-30 14:50:59,2025-07-30,Mountain Time (US & Canada),4547933,casual,0,true,"Leetsdale Dr, Denver, CO, US",39.7046925808,-104.9149991235,14,,,,14,,,false,,"",Busy Lizzie,Impatiens walleriana,Busy Lizzie,Plantae,68185,Balsaminaceae,Impatiens
302453992,2025-07-30 15:09:29,2025-07-30,Mountain Time (US & Canada),4547933,casual,0,true,"E Mexico Ave, Denver, CO, US",39.6861091812,-104.9201547418,14,,,,14,,open,false,,"","",Medicago sativa,Alfalfa,Plantae,57057,Fabaceae,Medicago
302454044,2025-07-30 15:10:02,2025-07-30,Mountain Time (US & Canada),4547933,casual,0,true,"E Mexico Ave, Denver, CO, US",39.6860927475,-104.9201792937,8,,,,8,,,false,,"","",Convolvulus,bindweeds,Plantae,53022,Convolvulaceae,Convolvulus
302454094,2025-07-30 15:10:25,2025-07-30,Mountain Time (US & Canada),4547933,casual,0,true,"E Mexico Ave, Denver, CO, US",39.6862648562,-104.9201096378,22,,,,22,,,false,,"",Sweet pea,Lathyrus odoratus,Sweet pea,Plantae,77641,Fabaceae,Lathyrus
302454252,2025-07-30 15:10:55,2025-07-30,Mountain Time (US & Canada),4547933,casual,0,true,"E Mexico Ave, Denver, CO, US",39.6862016716,-104.9202212533,20,,,,20,,,false,,"",creeping thistle,Cirsium arvense,creeping thistle,Plantae,60132,Asteraceae,Cirsium
302454316,2025-07-30 15:11:38,2025-07-30,Mountain Time (US & Canada),4547933,casual,0,true,"E Mexico Ave, Denver, CO, US",39.6860966381,-104.920169819,11,,,,11,,open,false,,"","",Medicago sativa,Alfalfa,Plantae,57057,Fabaceae,Medicago
302454381,2025-07-30 15:12:03,2025-07-30,Mountain Time (US & Canada),4547933,casual,0,true,"E Mexico Ave, Denver, CO, US",39.6862691549,-104.9200033363,16,,,,16,,open,false,,"","",Helianthus annuus,Common Sunflower,Plantae,57983,Asteraceae,Helianthus
302454504,2025-07-30 15:12:48,2025-07-30,Mountain Time (US & Canada),4547933,casual,0,true,"E Mexico Ave, Denver, CO, US",39.686215871,-104.920277401,20,,,,20,,open,false,,"","",Medicago sativa,Alfalfa,Plantae,57057,Fabaceae,Medicago
302454573,2025-07-30 15:13:10,2025-07-30,Mountain Time (US & Canada),4547933,casual,0,true,"E Mexico Ave, Denver, CO, US",39.6861012689,-104.920186068,5,,,,5,,,false,,"",field bindweed,Convolvulus arvensis,field bindweed,Plantae,53021,Convolvulaceae,Convolvulus
302454638,2025-07-30 15:13:40,2025-07-30,Mountain Time (US & Canada),4547933,casual,0,true,"E Mexico Ave, Denver, CO, US",39.6862321993,-104.9199423782,20,,,,20,,,false,,"","",Rubus,brambles,Plantae,47544,Rosaceae,Rubus
302454761,2025-07-30 15:14:04,2025-07-30,Mountain Time (US & Canada),4547933,casual,0,true,"E Mexico Ave, Denver, CO, US",39.6861256409,-104.9201296962,11,,,,11,,,false,,"","",Penstemon,beardtongues,Plantae,48367,Plantaginaceae,Penstemon
302454837,2025-07-30 15:14:38,2025-07-30,Mountain Time (US & Canada),4547933,casual,0,true,"S Ivy St, Denver, CO, US",39.6860700978,-104.920147105,8,,,,8,,,false,,"",Cornflower,Centaurea cyanus,Cornflower,Plantae,933404,Asteraceae,Centaurea
302455002,2025-07-30 15:15:15,2025-07-30,Mountain Time (US & Canada),4547933,casual,0,true,"S Ivy St, Denver, CO, US",39.6860491655,-104.9200293316,6,,,,6,,,false,,"","",Salvia,Sages,Plantae,50644,Lamiaceae,Salvia
302455110,2025-07-30 15:15:44,2025-07-30,Mountain Time (US & Canada),4547933,casual,0,true,"E Mexico Ave, Denver, CO, US",39.686259015,-104.9199243345,17,,,,17,,,false,,"",field bindweed,Convolvulus arvensis,field bindweed,Plantae,53021,Convolvulaceae,Convolvulus
302455179,2025-07-30 15:16:09,2025-07-30,Mountain Time (US & Canada),4547933,casual,0,true,"E Mexico Ave, Denver, CO, US",39.6862116818,-104.9197065274,16,,,,16,,,false,,"","",Delphinium ajacis,doubtful knight's-spur,Plantae,401314,Ranunculaceae,Delphinium
302455263,2025-07-30 15:16:26,2025-07-30,Mountain Time (US & Canada),4547933,casual,0,true,"E Mexico Ave, Denver, CO, US",39.6860422741,-104.9200472952,16,,,,16,,,false,,"","",Delphinium ajacis,doubtful knight's-spur,Plantae,401314,Ranunculaceae,Delphinium
302455366,2025-07-30 15:16:59,2025-07-30,Mountain Time (US & Canada),4547933,casual,0,true,"E Mexico Ave, Denver, CO, US",39.6861397395,-104.9199009203,24,,,,24,,,false,,"","",Penstemon,beardtongues,Plantae,48367,Plantaginaceae,Penstemon
302455494,2025-07-30 15:17:25,2025-07-30,Mountain Time (US & Canada),4547933,casual,0,true,"E Mexico Ave, Denver, CO, US",39.6862148377,-104.9199346817,24,,,,24,,,false,,"","",Penstemon,beardtongues,Plantae,48367,Plantaginaceae,Penstemon
302455652,2025-07-30 15:18:32,2025-07-30,Mountain Time (US & Canada),4547933,casual,0,true,"E Mexico Ave, Denver, CO, US",39.6862045154,-104.9201402195,25,,,,25,,,false,,"","",Apioideae,,Plantae,790553,Apiaceae,
302455778,2025-07-30 15:19:10,2025-07-30,Mountain Time (US & Canada),4547933,casual,0,true,"S Ivy St, Denver, CO, US",39.6859736373,-104.9200913592,14,,,,14,,,false,,"",field bindweed,Convolvulus arvensis,field bindweed,Plantae,53021,Convolvulaceae,Convolvulus
302455908,2025-07-30 15:19:54,2025-07-30,Mountain Time (US & Canada),4547933,casual,0,true,"E Mexico Ave, Denver, CO, US",39.6860150971,-104.9201102481,16,,,,16,,,false,,"","",Vitex,,Plantae,126846,Lamiaceae,Vitex
302456009,2025-07-30 15:20:29,2025-07-30,Mountain Time (US & Canada),4547933,casual,0,true,"S Ivy St, Denver, CO, US",39.6859187,-104.9201581907,13,,,,13,,,false,,"","",Zea,Corns and Teosintes,Plantae,48449,Poaceae,Zea
302456074,2025-07-30 15:21:00,2025-07-30,Mountain Time (US & Canada),4547933,casual,0,true,"S Ivy St, Denver, CO, US",39.6858974257,-104.9201279856,5,,,,5,,,false,,"","",Cucurbita,gourds,Plantae,55425,Cucurbitaceae,Cucurbita
302456140,2025-07-30 15:21:37,2025-07-30,Mountain Time (US & Canada),4547933,casual,0,true,"S Ivy St, Denver, CO, US",39.6860469114,-104.9205910925,22,,,,22,,,false,,"","",Cucumis,Melons & Cucumbers,Plantae,54916,Cucurbitaceae,Cucumis
302456227,2025-07-30 15:22:10,2025-07-30,Mountain Time (US & Canada),4547933,casual,0,true,"S Ivy St, Denver, CO, US",39.6859056926,-104.9201309189,6,,,,6,,,false,,"","",Brassica,cabbages and mustards,Plantae,53113,Brassicaceae,Brassica
302456278,2025-07-30 15:22:41,2025-07-30,Mountain Time (US & Canada),4547933,casual,0,true,"S Ivy St, Denver, CO, US",39.6860755932,-104.9199948638,22,,,,22,,,false,,"","",Brassica juncea,Brown Mustard,Plantae,64241,Brassicaceae,Brassica
302456353,2025-07-30 15:23:10,2025-07-30,Mountain Time (US & Canada),4547933,casual,0,true,"E Mexico Ave, Denver, CO, US",39.6860360117,-104.9200830337,28,,,,28,,,false,,"","",Galinsoga parviflora,Gallant Soldier,Plantae,48178,Asteraceae,Galinsoga
302456418,2025-07-30 15:23:28,2025-07-30,Mountain Time (US & Canada),4547933,casual,0,true,"E Mexico Ave, Denver, CO, US",39.6858691784,-104.9201474037,32,,,,32,,,false,,"",tomato,Solanum lycopersicum,tomato,Plantae,51737,Solanaceae,Solanum
302456478,2025-07-30 15:24:03,2025-07-30,Mountain Time (US & Canada),4547933,casual,0,true,"S Ivy St, Denver, CO, US",39.686047454,-104.9203607663,24,,,,24,,,false,,"","",Solanum lycopersicum,tomato,Plantae,51737,Solanaceae,Solanum
302456570,2025-07-30 15:24:23,2025-07-30,Mountain Time (US & Canada),4547933,casual,0,true,"E Mexico Ave, Denver, CO, US",39.6860116735,-104.9205787033,19,,,,19,,,false,,"","",Citrullus lanatus,Watermelon,Plantae,70054,Cucurbitaceae,Citrullus
302456651,2025-07-30 15:24:52,2025-07-30,Mountain Time (US & Canada),4547933,casual,0,true,"E Mexico Ave, Denver, CO, US",39.6859724403,-104.9203345894,22,,,,22,,,false,,"","",Malva neglecta,dwarf mallow,Plantae,77952,Malvaceae,Malva
302456736,2025-07-30 15:25:17,2025-07-30,Mountain Time (US & Canada),4547933,casual,0,true,"E Mexico Ave, Denver, CO, US",39.6859233029,-104.9203927438,23,,,,23,,,false,,"",potato,Solanum tuberosum,potato,Plantae,53858,Solanaceae,Solanum
302456871,2025-07-30 15:25:46,2025-07-30,Mountain Time (US & Canada),4547933,casual,0,true,"E Mexico Ave, Denver, CO, US",39.6858311701,-104.9201208917,12,,,,12,,,false,,"","",Tagetes,Marigolds,Plantae,72389,Asteraceae,Tagetes
302457156,2025-07-30 15:27:09,2025-07-30,Mountain Time (US & Canada),4547933,casual,0,true,"S Ivy St, Denver, CO, US",39.6861053846,-104.920360086,29,,,,29,,open,false,,"","",Medicago sativa,Alfalfa,Plantae,57057,Fabaceae,Medicago
302457239,2025-07-30 15:27:53,2025-07-30,Mountain Time (US & Canada),4547933,casual,0,true,"E Mexico Ave, Denver, CO, US",39.6861071977,-104.9203674001,27,,,,27,,,false,,"",field bindweed,Convolvulus arvensis,field bindweed,Plantae,53021,Convolvulaceae,Convolvulus
302457407,2025-07-30 15:28:35,2025-07-30,Mountain Time (US & Canada),4547933,casual,0,true,"E Mexico Ave, Denver, CO, US",39.685750185,-104.9201769627,14,,,,14,,,false,,"","",Alcea,hollyhocks,Plantae,62206,Malvaceae,Alcea
302457549,2025-07-30 15:29:20,2025-07-30,Mountain Time (US & Canada),4547933,casual,0,true,"S Ivy St, Denver, CO, US",39.6857458816,-104.9201594753,9,,,,9,,,false,,"",field bindweed,Convolvulus arvensis,field bindweed,Plantae,53021,Convolvulaceae,Convolvulus
302457644,2025-07-30 15:30:00,2025-07-30,Mountain Time (US & Canada),4547933,casual,0,true,"S Holly St, Denver, CO, US",39.6858392843,-104.9203755516,20,,,,20,,,false,,"",tomato,Solanum lycopersicum,tomato,Plantae,51737,Solanaceae,Solanum
302458071,2025-07-30 15:30:30,2025-07-30,Mountain Time (US & Canada),4547933,casual,0,true,"E Mexico Ave, Denver, CO, US",39.6857673748,-104.9202851353,6,,,,6,,,false,,"","",Cucurbitaceae,gourd family,Plantae,48620,Cucurbitaceae,
302458269,2025-07-30 15:32:20,2025-07-30,Mountain Time (US & Canada),4547933,casual,0,true,"E Mexico Ave, Denver, CO, US",39.686032042,-104.9205974992,53,,,,53,,,false,,"",wild carrot,Daucus carota,wild carrot,Plantae,76610,Apiaceae,Daucus
302459151,2025-07-30 15:35:02,2025-07-30,Mountain Time (US & Canada),4547933,casual,0,true,"E Mexico Ave, Denver, CO, US",39.6860736151,-104.9202211988,27,,,,27,,,false,,"",potato,Solanum tuberosum,potato,Plantae,53858,Solanaceae,Solanum
302459206,2025-07-30 15:35:42,2025-07-30,Mountain Time (US & Canada),4547933,casual,0,true,"E Mexico Ave, Denver, CO, US",39.685879747,-104.920318484,15,,,,15,,,false,,"","",Solanum lycopersicum,tomato,Plantae,51737,Solanaceae,Solanum
302495318,2025-07-30 15:33:06,2025-07-30,Mountain Time (US & Canada),4547933,casual,0,true,"E Mexico Ave, Denver, CO, US",39.6857986662,-104.9203419038,5,,,,5,,,false,,"",nightshades,Solanum,nightshades,Plantae,50641,Solanaceae,Solanum
302495347,2025-07-30 15:34:07,2025-07-30,Mountain Time (US & Canada),4547933,casual,0,true,"S Ivy St, Denver, CO, US",39.685814862,-104.92033398,13,,,,13,,,false,,"","",Lavandula,Lavenders,Plantae,61905,Lamiaceae,Lavandula
302495365,2025-07-30 15:36:55,2025-07-30,Mountain Time (US & Canada),4547933,casual,0,true,"E Mexico Ave, Denver, CO, US",39.6857983732,-104.9202830734,5,,,,5,,,false,,"","",Solanum lycopersicum,tomato,Plantae,51737,Solanaceae,Solanum
302498732,2025-07-30 15:52:01,2025-07-30,Mountain Time (US & Canada),4547933,casual,0,true,"E Mexico Ave, Denver, CO, US",39.68597,-104.92032,9,,,,9,,,false,,"","",Cucumis,Melons & Cucumbers,Plantae,54916,Cucurbitaceae,Cucumis
302498742,2025-07-30 15:51:54,2025-07-30,Mountain Time (US & Canada),4547933,casual,0,true,"Denver County, US-CO, US",39.68598,-104.9203416667,9,,,,9,,,false,,"","",Allium cepa,Common Onion,Plantae,48592,Amaryllidaceae,Allium
302498752,2025-07-30 15:51:48,2025-07-30,Mountain Time (US & Canada),4547933,casual,0,true,"Denver County, US-CO, US",39.68597,-104.920355,4,,,,4,,,false,,"","",Rudbeckia,black-eyed Susans and coneflowers,Plantae,62742,Asteraceae,Rudbeckia
302498760,2025-07-30 15:51:45,2025-07-30,Mountain Time (US & Canada),4547933,casual,0,true,"Denver County, US-CO, US",39.68597,-104.9203416667,5,,,,5,,,false,,"","",Echinacea,coneflowers,Plantae,48628,Asteraceae,Echinacea
302498769,2025-07-30 15:51:23,2025-07-30,Mountain Time (US & Canada),4547933,casual,0,true,"Denver County, US-CO, US",39.6860116667,-104.92035,14,,,,14,,,false,,"","",Solanum melongena,eggplant,Plantae,63190,Solanaceae,Solanum
302498780,2025-07-30 15:50:51,2025-07-30,Mountain Time (US & Canada),4547933,casual,0,true,"Denver County, US-CO, US",39.6859966667,-104.9203333333,9,,,,9,,,false,,"","",Tagetes,Marigolds,Plantae,72389,Asteraceae,Tagetes
302498790,2025-07-30 15:50:41,2025-07-30,Mountain Time (US & Canada),4547933,casual,0,true,"Denver County, US-CO, US",39.6859866667,-104.9203416667,8,,,,8,,,false,,"","",Solanum lycopersicum,tomato,Plantae,51737,Solanaceae,Solanum
302498805,2025-07-30 15:50:35,2025-07-30,Mountain Time (US & Canada),4547933,casual,0,true,"Denver County, US-CO, US",39.68598,-104.9203416667,8,,,,8,,,false,,"","",Cucurbita,gourds,Plantae,55425,Cucurbitaceae,Cucurbita
302498813,2025-07-30 15:50:24,2025-07-30,Mountain Time (US & Canada),4547933,casual,0,true,"Denver County, US-CO, US",39.686,-104.9203633333,6,,,,6,,,false,,"","",Cucumis,Melons & Cucumbers,Plantae,54916,Cucurbitaceae,Cucumis
302498827,2025-07-30 15:50:18,2025-07-30,Mountain Time (US & Canada),4547933,casual,0,true,"Denver County, US-CO, US",39.686005,-104.920355,5,,,,5,,open,false,,"","",Helianthus annuus,Common Sunflower,Plantae,57983,Asteraceae,Helianthus
302498852,2025-07-30 15:50:11,2025-07-30,Mountain Time (US & Canada),4547933,casual,0,true,"Denver County, US-CO, US",39.686005,-104.920355,4,,,,4,,,false,,"",California poppy,Eschscholzia californica,California poppy,Plantae,48225,Papaveraceae,Eschscholzia
302498874,2025-07-30 15:50:00,2025-07-30,Mountain Time (US & Canada),4547933,casual,0,true,"Denver County, US-CO, US",39.68602,-104.92035,4,,,,4,,,false,,"","",Eruca,,Plantae,72123,Brassicaceae,Eruca
302498888,2025-07-30 15:49:53,2025-07-30,Mountain Time (US & Canada),4547933,casual,0,true,"Denver County, US-CO, US",39.68603,-104.92035,4,,,,4,,,false,,"",coriander,Coriandrum sativum,coriander,Plantae,67759,Apiaceae,Coriandrum
302498901,2025-07-30 15:49:28,2025-07-30,Mountain Time (US & Canada),4547933,casual,0,true,"Denver County, US-CO, US",39.68605,-104.92035,4,,,,4,,,false,,"","",Cucurbita,gourds,Plantae,55425,Cucurbitaceae,Cucurbita
302498913,2025-07-30 15:49:24,2025-07-30,Mountain Time (US & Canada),4547933,casual,0,true,"Denver County, US-CO, US",39.6860583333,-104.9203633333,10,,,,10,,,false,,"",coriander,Coriandrum sativum,coriander,Plantae,67759,Apiaceae,Coriandrum
302498922,2025-07-30 15:48:32,2025-07-30,Mountain Time (US & Canada),4547933,casual,0,true,"Denver County, US-CO, US",39.6860083333,-104.92038,8,,,,8,,,false,,"","",Tagetes,Marigolds,Plantae,72389,Asteraceae,Tagetes
302498936,2025-07-30 15:48:29,2025-07-30,Mountain Time (US & Canada),4547933,casual,0,true,"Denver County, US-CO, US",39.6860166667,-104.9203633333,5,,,,5,,,false,,"","",Tagetes,Marigolds,Plantae,72389,Asteraceae,Tagetes
302498965,2025-07-30 15:48:02,2025-07-30,Mountain Time (US & Canada),4547933,casual,0,true,"Denver County, US-CO, US",39.686025,-104.920355,11,,,,11,,,false,,"","",Zinnia elegans,Elegant Zinnia,Plantae,181901,Asteraceae,Zinnia
302498988,2025-07-30 15:47:57,2025-07-30,Mountain Time (US & Canada),4547933,casual,0,true,"Denver County, US-CO, US",39.686025,-104.920355,10,,,,10,,,false,,"","",Cosmos bipinnatus,garden cosmos,Plantae,68562,Asteraceae,Cosmos
302499004,2025-07-30 15:47:50,2025-07-30,Mountain Time (US & Canada),4547933,casual,0,true,"Denver County, US-CO, US",39.6860366667,-104.92035,8,,,,8,,open,false,,"","",Helianthus annuus,Common Sunflower,Plantae,57983,Asteraceae,Helianthus
302499279,2025-07-30 15:46:17,2025-07-30,Mountain Time (US & Canada),4547933,casual,0,true,"E Mexico Ave, Denver, CO, US",39.6860583333,-104.9201883333,8,,,,8,,,false,,"","",Tropaeolum majus,garden nasturtium,Plantae,54329,Tropaeolaceae,Tropaeolum
302499304,2025-07-30 15:46:06,2025-07-30,Mountain Time (US & Canada),4547933,casual,0,true,"Denver County, US-CO, US",39.6860416667,-104.9202416667,7,,,,7,,,false,,"","",Zinnia elegans,Elegant Zinnia,Plantae,181901,Asteraceae,Zinnia
302499313,2025-07-30 15:46:00,2025-07-30,Mountain Time (US & Canada),4547933,casual,0,true,"Denver County, US-CO, US",39.6860383333,-104.9202333333,6,,,,6,,,false,,"","",Zinnia elegans,Elegant Zinnia,Plantae,181901,Asteraceae,Zinnia
302499332,2025-07-30 15:45:56,2025-07-30,Mountain Time (US & Canada),4547933,casual,0,true,"Denver County, US-CO, US",39.68605,-104.9202283333,14,,,,14,,,false,,"",Borage,Borago officinalis,Borage,Plantae,52287,Boraginaceae,Borago
302499337,2025-07-30 15:45:33,2025-07-30,Mountain Time (US & Canada),4547933,casual,0,true,"Denver County, US-CO, US",39.6860283333,-104.92022,11,,,,11,,open,false,,"","",Helianthus annuus,Common Sunflower,Plantae,57983,Asteraceae,Helianthus
302499370,2025-07-30 15:45:16,2025-07-30,Mountain Time (US & Canada),4547933,casual,0,true,"Denver County, US-CO, US",39.6860116667,-104.9202033333,11,,,,11,,,false,,"",coriander,Coriandrum sativum,coriander,Plantae,67759,Apiaceae,Coriandrum
302499380,2025-07-30 15:45:03,2025-07-30,Mountain Time (US & Canada),4547933,casual,0,true,"Denver County, US-CO, US",39.6860083333,-104.92025,10,,,,10,,,false,,"","",Solanum lycopersicum,tomato,Plantae,51737,Solanaceae,Solanum
302499393,2025-07-30 15:44:33,2025-07-30,Mountain Time (US & Canada),4547933,casual,0,true,"Denver County, US-CO, US",39.6859633333,-104.92025,12,,,,12,,,false,,"",Lavenders,Lavandula,Lavenders,Plantae,61905,Lamiaceae,Lavandula
302499407,2025-07-30 15:44:21,2025-07-30,Mountain Time (US & Canada),4547933,casual,0,true,"Denver County, US-CO, US",39.68597,-104.92025,12,,,,12,,,false,,"","",Apioideae,,Plantae,790553,Apiaceae,
302499426,2025-07-30 15:44:52,2025-07-30,Mountain Time (US & Canada),4547933,casual,0,true,"Denver County, US-CO, US",39.686005,-104.92025,10,,,,10,,,false,,"","",Symphytum officinale,common comfrey,Plantae,55724,Boraginaceae,Symphytum
302499461,2025-07-30 15:44:16,2025-07-30,Mountain Time (US & Canada),4547933,casual,0,true,"Denver County, US-CO, US",39.6859633333,-104.92025,11,,,,11,,,false,,"","",Allium,onions,Plantae,47357,Amaryllidaceae,Allium
302499483,2025-07-30 15:44:04,2025-07-30,Mountain Time (US & Canada),4547933,casual,0,true,"Denver County, US-CO, US",39.6859783333,-104.92025,11,,,,11,,,false,,"","",Solanum lycopersicum,tomato,Plantae,51737,Solanaceae,Solanum
302499497,2025-07-30 15:43:54,2025-07-30,Mountain Time (US & Canada),4547933,casual,0,true,"Denver County, US-CO, US",39.6859866667,-104.92022,12,,,,12,,,false,,"","",Capsicum,peppers,Plantae,48517,Solanaceae,Capsicum
302499509,2025-07-30 15:43:39,2025-07-30,Mountain Time (US & Canada),4547933,casual,0,true,"Denver County, US-CO, US",39.6859666667,-104.9202283333,10,,,,10,,,false,,"","",Cucumis sativus,Cucumber,Plantae,54919,Cucurbitaceae,Cucumis
302499517,2025-07-30 15:43:31,2025-07-30,Mountain Time (US & Canada),4547933,casual,0,true,"Denver County, US-CO, US",39.685955,-104.9202283333,11,,,,11,,,false,,"","",Calendula,marigolds,Plantae,59261,Asteraceae,Calendula
302499535,2025-07-30 15:43:24,2025-07-30,Mountain Time (US & Canada),4547933,casual,0,true,"Denver County, US-CO, US",39.68595,-104.9202333333,11,,,,11,,open,false,,"","",Helianthus annuus,Common Sunflower,Plantae,57983,Asteraceae,Helianthus
302499570,2025-07-30 15:43:13,2025-07-30,Mountain Time (US & Canada),4547933,casual,0,true,"Denver County, US-CO, US",39.6859466667,-104.9201966667,11,,,,11,,open,false,,"","",Mentha spicata,spearmint,Plantae,62652,Lamiaceae,Mentha
302499584,2025-07-30 15:42:51,2025-07-30,Mountain Time (US & Canada),4547933,casual,0,true,"Denver County, US-CO, US",39.685945,-104.9202583333,10,,,,10,,open,false,,"","",Helianthus annuus,Common Sunflower,Plantae,57983,Asteraceae,Helianthus
302499598,2025-07-30 15:42:38,2025-07-30,Mountain Time (US & Canada),4547933,casual,0,true,"Denver County, US-CO, US",39.6859283333,-104.9202716667,10,,,,10,,,false,,"","",Cucurbita,gourds,Plantae,55425,Cucurbitaceae,Cucurbita
302499608,2025-07-30 15:41:33,2025-07-30,Mountain Time (US & Canada),4547933,casual,0,true,"Denver County, US-CO, US",39.6859083333,-104.9202416667,9,,,,9,,,false,,"","",Cucumis sativus,Cucumber,Plantae,54919,Cucurbitaceae,Cucumis
302502076,2025-07-30 15:41:01,2025-07-30,Mountain Time (US & Canada),4547933,casual,0,true,"E Mexico Ave, Denver, CO, US",39.6858783333,-104.9202333333,11,,,,11,,,false,,"","",Solanum lycopersicum,tomato,Plantae,51737,Solanaceae,Solanum
302502089,2025-07-30 15:40:49,2025-07-30,Mountain Time (US & Canada),4547933,casual,0,true,"Denver County, US-CO, US",39.6858666667,-104.9202416667,11,,,,11,,,false,,"","",Cucumis,Melons & Cucumbers,Plantae,54916,Cucurbitaceae,Cucumis
302502099,2025-07-30 15:40:31,2025-07-30,Mountain Time (US & Canada),4547933,casual,0,true,"Denver County, US-CO, US",39.6858583333,-104.9202633333,11,,,,11,,,false,,"","",Tagetes,Marigolds,Plantae,72389,Asteraceae,Tagetes
302502116,2025-07-30 15:40:26,2025-07-30,Mountain Time (US & Canada),4547933,casual,0,true,"Denver County, US-CO, US",39.6858633333,-104.9202633333,11,,,,11,,,false,,"","",Anethum graveolens,Dill,Plantae,75445,Apiaceae,Anethum
302502144,2025-07-30 15:40:16,2025-07-30,Mountain Time (US & Canada),4547933,casual,0,true,"Denver County, US-CO, US",39.685875,-104.92028,10,,,,10,,,false,,"","",Echinacea,coneflowers,Plantae,48628,Asteraceae,Echinacea
302502162,2025-07-30 15:40:07,2025-07-30,Mountain Time (US & Canada),4547933,casual,0,true,"Denver County, US-CO, US",39.6858666667,-104.9202583333,10,,,,10,,,false,,"","",Eruca vesicaria,rocketsalad,Plantae,77058,Brassicaceae,Eruca
302502175,2025-07-30 15:39:35,2025-07-30,Mountain Time (US & Canada),4547933,casual,0,true,"Denver County, US-CO, US",39.6858333333,-104.920295,7,,,,7,,,false,,"","",Tagetes,Marigolds,Plantae,72389,Asteraceae,Tagetes
302502192,2025-07-30 15:39:25,2025-07-30,Mountain Time (US & Canada),4547933,casual,0,true,"Denver County, US-CO, US",39.6858166667,-104.9202716667,10,,,,10,,,false,,"","",Solanum lycopersicum,tomato,Plantae,51737,Solanaceae,Solanum
302502213,2025-07-30 15:39:00,2025-07-30,Mountain Time (US & Canada),4547933,casual,0,true,"Denver County, US-CO, US",39.6858366667,-104.9202416667,8,,,,8,,,false,,"",Cucumber,Cucumis sativus,Cucumber,Plantae,54919,Cucurbitaceae,Cucumis
302502825,2025-07-30 15:38:20,2025-07-30,Mountain Time (US & Canada),4547933,casual,0,true,"Denver County, US-CO, US",39.685805,-104.9204633333,9,,,,9,,,false,,"","sunflowers, daisies, asters, and allies",Tagetes,Marigolds,Plantae,72389,Asteraceae,Tagetes
302502831,2025-07-30 15:38:09,2025-07-30,Mountain Time (US & Canada),4547933,casual,0,true,"Denver County, US-CO, US",39.6861716667,-104.9203416667,31,,,,31,,,false,,"","",Solanum melongena,eggplant,Plantae,63190,Solanaceae,Solanum
302507871,2025-07-30 15:38:39,2025-07-30,Mountain Time (US & Canada),4547933,casual,0,true,"Denver County, US-CO, US",39.6858216667,-104.92032,12,,,,12,,,false,,"","",Dianthus plumarius,Garden Pink,Plantae,76648,Caryophyllaceae,Dianthus
302507886,2025-07-30 15:38:31,2025-07-30,Mountain Time (US & Canada),4547933,casual,1,true,"Denver County, US-CO, US",39.6858116667,-104.920325,6,,,,6,,,false,,"",petunias,Petunia,petunias,Plantae,55406,Solanaceae,Petunia
302508976,2025-07-30 15:37:52,2025-07-30,Mountain Time (US & Canada),4547933,casual,0,true,"S Holly St, Denver, CO, US",39.6857218703,-104.9201678664,118,,,,118,,,false,,"","",Tagetes,Marigolds,Plantae,72389,Asteraceae,Tagetes
302509259,2025-07-30 15:37:58,2025-07-30,Mountain Time (US & Canada),4547933,casual,0,true,"Denver County, US-CO, US",39.6856184306,-104.9201305993,151,,,,151,,,false,,"",eggplant,Solanum melongena,eggplant,Plantae,63190,Solanaceae,Solanum
302519305,2025-07-30 11:28:05,2025-07-30,Mountain Time (US & Canada),4547933,casual,0,true,"E 19th Ave, Denver, CO, US",39.744725,-104.9288033333,13,,,,13,,,false,,"","",Nepeta racemosa,Eastern Cat-mint,Plantae,165681,Lamiaceae,Nepeta
302519331,2025-07-30 11:27:57,2025-07-30,Mountain Time (US & Canada),4547933,casual,0,true,"E 19th Ave, Denver, CO, US",39.7447283333,-104.928825,13,,,,13,,,false,,"","",Stachys byzantina,woolly hedgenettle,Plantae,127480,Lamiaceae,Stachys
302519343,2025-07-30 11:27:50,2025-07-30,Mountain Time (US & Canada),4547933,casual,0,true,"E 19th Ave, Denver, CO, US",39.7447383333,-104.9288333333,13,,,,13,,,false,,"",James' Buckwheat,Eriogonum jamesii,James' Buckwheat,Plantae,162620,Polygonaceae,Eriogonum
302519443,2025-07-30 11:27:39,2025-07-30,Mountain Time (US & Canada),4547933,casual,0,true,"E 19th Ave, Denver, CO, US",39.744725,-104.928825,15,,,,15,,open,false,,"",wild bergamot,Monarda fistulosa,wild bergamot,Plantae,85320,Lamiaceae,Monarda
302519504,2025-07-30 11:25:49,2025-07-30,Mountain Time (US & Canada),4547933,casual,0,true,"E 19th Ave, Denver, CO, US",39.744705,-104.9288166667,7,,,,7,,open,false,,"",Common Sunflower,Helianthus annuus,Common Sunflower,Plantae,57983,Asteraceae,Helianthus
302519609,2025-07-30 11:27:25,2025-07-30,Mountain Time (US & Canada),4547933,casual,0,true,"Denver County, US-CO, US",39.7447133333,-104.9288466667,14,,,,14,,,false,,"",Cornflower,Centaurea cyanus,Cornflower,Plantae,933404,Asteraceae,Centaurea
302629626,2025-07-31 09:39:58,2025-07-31,Mountain Time (US & Canada),4547933,casual,0,true,"W 32nd Ave, Golden, CO, US",39.7608262602,-105.1448312484,14,,,,14,,,false,,"","",Campsis,trumpet vines,Plantae,72030,Bignoniaceae,Campsis
302630529,2025-07-31 09:41:50,2025-07-31,Mountain Time (US & Canada),4527251,needs_id,0,false,"W 32nd Ave, Golden, CO, US",39.7607279958,-105.1446357704,72,,,,72,,,false,,,,Hibiscus syriacus,common hibiscus,Plantae,126585,Malvaceae,Hibiscus
302631705,2025-07-31 09:46:43,2025-07-31,Mountain Time (US & Canada),4527251,needs_id,0,false,"W 31st Ave, Golden, CO, US",39.7607817271,-105.1447853212,3,,,,3,,,false,,,,Hibiscus syriacus,common hibiscus,Plantae,126585,Malvaceae,Hibiscus
302631801,2025-07-31 09:48:16,2025-07-31,Mountain Time (US & Canada),4527251,research,0,false,"W 31st Ave, Golden, CO, US",39.7607139309,-105.1448066805,3,,,,3,,,false,,,Butterfly bush,Buddleja davidii,Butterfly bush,Plantae,75916,Scrophulariaceae,Buddleja
302632243,2025-07-31 09:49:17,2025-07-31,Mountain Time (US & Canada),4527251,needs_id,0,false,"N Zinnia St, Golden, CO, US",39.7607081201,-105.1447903208,4,,,,4,,,false,,,,Helianthus,sunflowers,Plantae,56955,Asteraceae,Helianthus
302632275,2025-07-31 09:50:51,2025-07-31,Mountain Time (US & Canada),4527251,casual,0,true,"W 32nd Ave, Golden, CO, US",39.7606283197,-105.1447647622,3,,,,3,,,false,,,,Salvia yangii,Swanleaf Clouding Sage,Plantae,941713,Lamiaceae,Salvia
302632304,2025-07-31 09:51:17,2025-07-31,Mountain Time (US & Canada),4527251,needs_id,0,false,"W 32nd Ave, Golden, CO, US",39.7606533521,-105.144807836,3,,,,3,,,false,,,,Dasiphora fruticosa,shrubby cinquefoil,Plantae,76606,Rosaceae,Dasiphora
302633643,2025-07-31 09:53:13,2025-07-31,Mountain Time (US & Canada),4527251,casual,0,true,"W 32nd Ave, Golden, CO, US",39.7607030971,-105.1446989308,3,,,,3,,,false,,,,Cucurbita,gourds,Plantae,55425,Cucurbitaceae,Cucurbita
302633666,2025-07-31 09:57:31,2025-07-31,Mountain Time (US & Canada),4547933,casual,0,true,"W 32nd Ave, Golden, CO, US",39.7607672295,-105.1444244056,3,,,,3,,open,false,,"","",Helianthus annuus,Common Sunflower,Plantae,57983,Asteraceae,Helianthus
302633716,2025-07-31 09:53:55,2025-07-31,Mountain Time (US & Canada),4527251,needs_id,0,false,"W 32nd Ave, Golden, CO, US",39.7610749725,-105.1444913445,22,,,,22,,open,false,,,,Helianthus annuus,Common Sunflower,Plantae,57983,Asteraceae,Helianthus
302633758,2025-07-31 09:54:16,2025-07-31,Mountain Time (US & Canada),4527251,needs_id,0,false,"W 32nd Ave, Golden, CO, US",39.7607206672,-105.1447426202,3,,,,3,,,false,,,,Cucumis sativus,Cucumber,Plantae,54919,Cucurbitaceae,Cucumis
302633764,2025-07-31 09:58:05,2025-07-31,Mountain Time (US & Canada),4547933,casual,0,true,"W 32nd Ave, Golden, CO, US",39.7607793011,-105.144470678,39,,,,39,,,false,,"","",Salvia farinacea,Mealy Blue Sage,Plantae,148006,Lamiaceae,Salvia
302633775,2025-07-31 09:54:34,2025-07-31,Mountain Time (US & Canada),4527251,research,0,false,"W 32nd Ave, Golden, CO, US",39.7607032343,-105.1447554581,3,,,,3,,,false,,,Marvel of Peru,Mirabilis jalapa,Marvel of Peru,Plantae,50616,Nyctaginaceae,Mirabilis
302633807,2025-07-31 09:58:26,2025-07-31,Mountain Time (US & Canada),4547933,casual,0,true,"W 32nd Ave, Golden, CO, US",39.7607616144,-105.144522645,35,,,,35,,,false,,"","",Tagetes erecta,Mexican Marigold,Plantae,79312,Asteraceae,Tagetes
302633808,2025-07-31 09:54:53,2025-07-31,Mountain Time (US & Canada),4527251,needs_id,0,false,"W 32nd Ave, Golden, CO, US",39.7607073339,-105.1447530456,4,,,,4,,open,false,,,,Helianthus annuus,Common Sunflower,Plantae,57983,Asteraceae,Helianthus
302633853,2025-07-31 09:55:06,2025-07-31,Mountain Time (US & Canada),4527251,needs_id,0,false,"W 32nd Ave, Golden, CO, US",39.7607032028,-105.1447481096,3,,,,3,,,false,,,,Calenduleae,marigolds and allies,Plantae,632791,Asteraceae,
302633917,2025-07-31 09:58:54,2025-07-31,Mountain Time (US & Canada),4547933,casual,0,true,"W 32nd Ave, Golden, CO, US",39.7607405276,-105.1443096742,33,,,,33,,,false,,"","",Cucurbita,gourds,Plantae,55425,Cucurbitaceae,Cucurbita
302633987,2025-07-31 09:59:16,2025-07-31,Mountain Time (US & Canada),4547933,casual,0,true,"W 32nd Ave, Golden, CO, US",39.7608856487,-105.1443456216,35,,,,35,,open,false,,"","",Helianthus annuus,Common Sunflower,Plantae,57983,Asteraceae,Helianthus
302634057,2025-07-31 09:59:45,2025-07-31,Mountain Time (US & Canada),4547933,casual,0,true,"W 32nd Ave, Golden, CO, US",39.7611236363,-105.1444448285,42,,,,42,,,false,,"","",Tagetes erecta,Mexican Marigold,Plantae,79312,Asteraceae,Tagetes
302634064,2025-07-31 09:55:40,2025-07-31,Mountain Time (US & Canada),4527251,casual,0,true,"W 32nd Ave, Golden, CO, US",39.7606941707,-105.1447243359,6,,,,6,,,false,,,,Cucurbita,gourds,Plantae,55425,Cucurbitaceae,Cucurbita
302634131,2025-07-31 09:56:08,2025-07-31,Mountain Time (US & Canada),4527251,needs_id,0,false,"W 32nd Ave, Golden, CO, US",39.7607070492,-105.1447429297,3,,,,3,,,false,,,,Anethum graveolens,Dill,Plantae,75445,Apiaceae,Anethum
302634167,2025-07-31 10:00:05,2025-07-31,Mountain Time (US & Canada),4547933,casual,0,true,"W 32nd Ave, Golden, CO, US",39.7607037103,-105.1444909199,14,,,,14,,,false,,"","",Tagetes erecta,Mexican Marigold,Plantae,79312,Asteraceae,Tagetes
302634204,2025-07-31 09:57:04,2025-07-31,Mountain Time (US & Canada),4527251,research,0,false,"W 32nd Ave, Golden, CO, US",39.7606967099,-105.1447552229,3,,,,3,,,false,,,Borage,Borago officinalis,Borage,Plantae,52287,Boraginaceae,Borago
302634288,2025-07-31 09:57:19,2025-07-31,Mountain Time (US & Canada),4527251,needs_id,0,false,"W 32nd Ave, Golden, CO, US",39.7606774218,-105.1447690154,3,,,,3,,,false,,,,Calendula officinalis,pot marigold,Plantae,75931,Asteraceae,Calendula
302634341,2025-07-31 10:00:33,2025-07-31,Mountain Time (US & Canada),4547933,casual,0,true,"W 32nd Ave, Golden, CO, US",39.760687525,-105.1444961599,6,,,,6,,open,false,,"","",Cucurbita pepo,American pumpkin,Plantae,76541,Cucurbitaceae,Cucurbita
302634347,2025-07-31 09:57:42,2025-07-31,Mountain Time (US & Canada),4527251,casual,0,true,"W 32nd Ave, Golden, CO, US",39.7606836199,-105.1447714098,3,,,,3,,open,false,,,,Cucurbita pepo,American pumpkin,Plantae,76541,Cucurbitaceae,Cucurbita
302634369,2025-07-31 09:58:27,2025-07-31,Mountain Time (US & Canada),4527251,research,0,false,"W 32nd Ave, Golden, CO, US",39.7606120033,-105.1447104461,3,,,,3,,,false,,,coriander,Coriandrum sativum,coriander,Plantae,67759,Apiaceae,Coriandrum
302634393,2025-07-31 09:58:38,2025-07-31,Mountain Time (US & Canada),4527251,casual,0,true,"W 32nd Ave, Golden, CO, US",39.7606196434,-105.1447150051,3,,,,3,,,false,,,,Cucurbita,gourds,Plantae,55425,Cucurbitaceae,Cucurbita
302634402,2025-07-31 10:01:16,2025-07-31,Mountain Time (US & Canada),4547933,casual,0,true,"W 32nd Ave, Golden, CO, US",39.7609352662,-105.1445080632,39,,,,39,,open,false,,"","",Helianthus annuus,Common Sunflower,Plantae,57983,Asteraceae,Helianthus
302634446,2025-07-31 09:59:47,2025-07-31,Mountain Time (US & Canada),4527251,casual,0,true,"W 32nd Ave, Golden, CO, US",39.7606288254,-105.1446686343,4,,,,4,,,false,,,,Cucurbita,gourds,Plantae,55425,Cucurbitaceae,Cucurbita
302634469,2025-07-31 10:00:03,2025-07-31,Mountain Time (US & Canada),4527251,casual,0,true,"W 32nd Ave, Golden, CO, US",39.7606352716,-105.1447146736,3,,,,3,,open,false,,,,Cucurbita pepo,American pumpkin,Plantae,76541,Cucurbitaceae,Cucurbita
302634488,2025-07-31 10:00:20,2025-07-31,Mountain Time (US & Canada),4527251,research,0,false,"W 32nd Ave, Golden, CO, US",39.7606352716,-105.1447146736,3,,,,3,,,false,,,Marvel of Peru,Mirabilis jalapa,Marvel of Peru,Plantae,50616,Nyctaginaceae,Mirabilis
302634494,2025-07-31 10:01:39,2025-07-31,Mountain Time (US & Canada),4547933,casual,0,true,"W 32nd Ave, Golden, CO, US",39.7608967306,-105.1446131638,34,,,,34,,,false,,"",Borage,Borago officinalis,Borage,Plantae,52287,Boraginaceae,Borago
302634541,2025-07-31 10:00:40,2025-07-31,Mountain Time (US & Canada),4527251,research,0,false,"W 32nd Ave, Golden, CO, US",39.7606664647,-105.1447289449,4,,,,4,,,false,,,Borage,Borago officinalis,Borage,Plantae,52287,Boraginaceae,Borago
302634652,2025-07-31 10:02:05,2025-07-31,Mountain Time (US & Canada),4547933,casual,0,true,"W 32nd Ave, Golden, CO, US",39.7606547183,-105.1444888802,13,,,,13,,,false,,"","",Tagetes erecta,Mexican Marigold,Plantae,79312,Asteraceae,Tagetes
302634748,2025-07-31 10:02:30,2025-07-31,Mountain Time (US & Canada),4547933,casual,0,true,"W 32nd Ave, Golden, CO, US",39.7606667976,-105.144464019,6,,,,6,,,false,,"","",Nepetoideae,,Plantae,520502,Lamiaceae,
302634812,2025-07-31 10:03:00,2025-07-31,Mountain Time (US & Canada),4547933,casual,0,true,"W 32nd Ave, Golden, CO, US",39.7610711558,-105.1442134012,35,,,,35,,,false,,"","",Alcea rosea,Hollyhock,Plantae,62205,Malvaceae,Alcea
302634919,2025-07-31 10:03:18,2025-07-31,Mountain Time (US & Canada),4547933,casual,0,true,"W 32nd Ave, Golden, CO, US",39.7607378853,-105.1444660736,4,,,,4,,,false,,"","",Echinacea purpurea,purple coneflower,Plantae,48627,Asteraceae,Echinacea
302635048,2025-07-31 10:04:06,2025-07-31,Mountain Time (US & Canada),4547933,casual,0,true,"W 32nd Ave, Golden, CO, US",39.7605528225,-105.144152264,28,,,,28,,,false,,"",Red Valerian,Centranthus ruber,Red Valerian,Plantae,57283,Caprifoliaceae,Centranthus
302635121,2025-07-31 10:04:32,2025-07-31,Mountain Time (US & Canada),4547933,casual,0,true,"W 32nd Ave, Golden, CO, US",39.7608354852,-105.1440737219,40,,,,40,,,false,,"","",Stachys byzantina,woolly hedgenettle,Plantae,127480,Lamiaceae,Stachys
302635205,2025-07-31 10:04:54,2025-07-31,Mountain Time (US & Canada),4547933,casual,0,true,"W 32nd Ave, Golden, CO, US",39.7609116145,-105.14434739,40,,,,40,,,false,,"","",Convolvulus arvensis,field bindweed,Plantae,53021,Convolvulaceae,Convolvulus
302635283,2025-07-31 10:05:17,2025-07-31,Mountain Time (US & Canada),4547933,casual,0,true,"W 32nd Ave, Golden, CO, US",39.7611055255,-105.1443346155,40,,,,40,,,false,,"","",Stachys byzantina,woolly hedgenettle,Plantae,127480,Lamiaceae,Stachys
302635366,2025-07-31 10:05:44,2025-07-31,Mountain Time (US & Canada),4547933,casual,0,true,"W 32nd Ave, Golden, CO, US",39.7607193379,-105.1444898066,14,,,,14,,,false,,"","",Tagetes,Marigolds,Plantae,72389,Asteraceae,Tagetes
302635452,2025-07-31 10:06:13,2025-07-31,Mountain Time (US & Canada),4547933,casual,0,true,"W 32nd Ave, Golden, CO, US",39.7606732968,-105.1444363983,33,,,,33,,,false,,"","",Tagetes erecta,Mexican Marigold,Plantae,79312,Asteraceae,Tagetes
302635595,2025-07-31 10:06:36,2025-07-31,Mountain Time (US & Canada),4547933,casual,0,true,"W 32nd Ave, Golden, CO, US",39.760461768,-105.1443945562,32,,,,32,,,false,,"","",Delphinium ajacis,doubtful knight's-spur,Plantae,401314,Ranunculaceae,Delphinium
302635927,2025-07-31 10:07:43,2025-07-31,Mountain Time (US & Canada),4547933,casual,0,true,"W 32nd Ave, Golden, CO, US",39.7607877335,-105.1444613222,32,,,,32,,,false,,"","",Calendula officinalis,pot marigold,Plantae,75931,Asteraceae,Calendula
302636002,2025-07-31 10:08:09,2025-07-31,Mountain Time (US & Canada),4547933,casual,0,true,"W 32nd Ave, Golden, CO, US",39.7606575448,-105.1445180149,5,,,,5,,,false,,"","",Allium tuberosum,Garlic Chives,Plantae,122343,Amaryllidaceae,Allium
302636099,2025-07-31 10:08:33,2025-07-31,Mountain Time (US & Canada),4547933,casual,0,true,"W 32nd Ave, Golden, CO, US",39.760910944,-105.1444960028,28,,,,28,,,false,,"",common soapwort,Saponaria officinalis,common soapwort,Plantae,56154,Caryophyllaceae,Saponaria
302636408,2025-07-31 10:09:06,2025-07-31,Mountain Time (US & Canada),4547933,casual,0,true,"W 32nd Ave, Golden, CO, US",39.7610043591,-105.144517965,32,,,,32,,,false,,"","",Calendula officinalis,pot marigold,Plantae,75931,Asteraceae,Calendula
302636543,2025-07-31 10:10:42,2025-07-31,Mountain Time (US & Canada),4547933,casual,0,true,"W 32nd Ave, Golden, CO, US",39.7610967557,-105.144569071,39,,,,39,,,false,,"","",Calendula,marigolds,Plantae,59261,Asteraceae,Calendula
302636967,2025-07-31 10:12:14,2025-07-31,Mountain Time (US & Canada),4547933,casual,0,true,"W 32nd Ave, Golden, CO, US",39.7606677446,-105.1444928324,14,,,,14,,,false,,"","",Cucurbita,gourds,Plantae,55425,Cucurbitaceae,Cucurbita
302637056,2025-07-31 10:13:02,2025-07-31,Mountain Time (US & Canada),4547933,casual,0,true,"W 32nd Ave, Golden, CO, US",39.7609244851,-105.1444863978,37,,,,37,,,false,,"","",Cucumis sativus,Cucumber,Plantae,54919,Cucurbitaceae,Cucumis
302637164,2025-07-31 10:13:29,2025-07-31,Mountain Time (US & Canada),4547933,casual,0,true,"W 32nd Ave, Golden, CO, US",39.7606048981,-105.1445203749,32,,,,32,,,false,,"","",Callirhoe involucrata,winecup mallow,Plantae,127941,Malvaceae,Callirhoe
302637219,2025-07-31 10:13:51,2025-07-31,Mountain Time (US & Canada),4547933,casual,0,true,"W 32nd Ave, Golden, CO, US",39.7607808463,-105.1444883756,40,,,,40,,,false,,"","",Satureja,Savories,Plantae,58461,Lamiaceae,Satureja
302637302,2025-07-31 10:14:11,2025-07-31,Mountain Time (US & Canada),4547933,casual,0,true,"W 32nd Ave, Golden, CO, US",39.760872527,-105.1445743968,39,,,,39,,,false,,"","",Salvia yangii,Swanleaf Clouding Sage,Plantae,941713,Lamiaceae,Salvia
302637407,2025-07-31 10:14:34,2025-07-31,Mountain Time (US & Canada),4547933,casual,0,true,"W 32nd Ave, Golden, CO, US",39.7609263657,-105.1445499998,38,,,,38,,,false,,"","",Lonicera,honeysuckles,Plantae,51874,Caprifoliaceae,Lonicera
302637777,2025-07-31 10:02:08,2025-07-31,Mountain Time (US & Canada),4527251,needs_id,0,false,"W 32nd Ave, Golden, CO, US",39.7606393171,-105.1446281938,59,,,,59,,,false,,,,Cucumis sativus,Cucumber,Plantae,54919,Cucurbitaceae,Cucumis
302637783,2025-07-31 10:15:03,2025-07-31,Mountain Time (US & Canada),4547933,casual,0,true,"W 32nd Ave, Golden, CO, US",39.76070625,-105.1445444272,7,,,,7,,,false,,"","",Dimorphotheca,Afro-Australian daisies,Plantae,72095,Asteraceae,Dimorphotheca
302637801,2025-07-31 10:15:33,2025-07-31,Mountain Time (US & Canada),4547933,casual,0,true,"W 32nd Ave, Golden, CO, US",39.760910114,-105.1444770289,40,,,,40,,,false,,"","",Allium tuberosum,Garlic Chives,Plantae,122343,Amaryllidaceae,Allium
302637820,2025-07-31 10:16:07,2025-07-31,Mountain Time (US & Canada),4547933,casual,0,true,"W 32nd Ave, Golden, CO, US",39.7609910918,-105.1445287724,40,,,,40,,,false,,"","",Cucurbita,gourds,Plantae,55425,Cucurbitaceae,Cucurbita
302637874,2025-07-31 10:02:41,2025-07-31,Mountain Time (US & Canada),4527251,needs_id,0,false,"W 32nd Ave, Golden, CO, US",39.7606807742,-105.1447057085,5,,,,5,,,false,,,,Calendula,marigolds,Plantae,59261,Asteraceae,Calendula
302637951,2025-07-31 10:16:35,2025-07-31,Mountain Time (US & Canada),4547933,casual,0,true,"W 32nd Ave, Golden, CO, US",39.76086083,-105.1445516716,37,,,,37,,,false,,"","",Dahlia pinnata,Garden Dahlia,Plantae,161582,Asteraceae,Dahlia
302638002,2025-07-31 10:03:05,2025-07-31,Mountain Time (US & Canada),4527251,needs_id,0,false,"W 32nd Ave, Golden, CO, US",39.7606951281,-105.144488346,58,,,,58,,,false,,,,Calendula officinalis,pot marigold,Plantae,75931,Asteraceae,Calendula
302638153,2025-07-31 10:03:34,2025-07-31,Mountain Time (US & Canada),4527251,needs_id,0,false,"W 32nd Ave, Golden, CO, US",39.7607530382,-105.1447408999,5,,,,5,,open,false,,,,Physalis philadelphica,Large-flowered Tomatillo,Plantae,51734,Solanaceae,Physalis
302638195,2025-07-31 10:04:10,2025-07-31,Mountain Time (US & Canada),4527251,needs_id,0,false,"W 32nd Ave, Golden, CO, US",39.7606688395,-105.1446531925,13,,,,13,,,false,,,,Amaranthus cruentus,Red amaranth,Plantae,52328,Amaranthaceae,Amaranthus
302638338,2025-07-31 10:17:51,2025-07-31,Mountain Time (US & Canada),4547933,casual,0,true,"W 32nd Ave, Golden, CO, US",39.7608594608,-105.1444563163,23,,,,23,,,false,,"","",Dahlia pinnata,Garden Dahlia,Plantae,161582,Asteraceae,Dahlia
302638425,2025-07-31 10:04:35,2025-07-31,Mountain Time (US & Canada),4527251,needs_id,0,false,"W 32nd Ave, Golden, CO, US",39.7606754029,-105.1448113363,4,,,,4,,,false,,,,Helianthus,sunflowers,Plantae,56955,Asteraceae,Helianthus
302638476,2025-07-31 10:18:47,2025-07-31,Mountain Time (US & Canada),4547933,casual,0,true,"W 32nd Ave, Golden, CO, US",39.76071609,-105.1445444562,14,,,,14,,,false,,"","",Physalis,groundcherries,Plantae,51733,Solanaceae,Physalis
302638538,2025-07-31 10:19:28,2025-07-31,Mountain Time (US & Canada),4547933,casual,0,true,"W 32nd Ave, Golden, CO, US",39.7607170513,-105.1445492112,8,,,,8,,,false,,"","",Solanum lycopersicum,tomato,Plantae,51737,Solanaceae,Solanum
302638589,2025-07-31 10:04:59,2025-07-31,Mountain Time (US & Canada),4527251,casual,0,true,"W 32nd Ave, Golden, CO, US",39.7607057064,-105.1447104275,3,,,,3,,,false,,,,Cucurbita,gourds,Plantae,55425,Cucurbitaceae,Cucurbita
302638639,2025-07-31 10:05:16,2025-07-31,Mountain Time (US & Canada),4527251,casual,0,true,"W 32nd Ave, Golden, CO, US",39.7607112537,-105.1446940565,3,,,,3,,,false,,,,Tagetes erecta,Mexican Marigold,Plantae,79312,Asteraceae,Tagetes
302638645,2025-07-31 10:19:46,2025-07-31,Mountain Time (US & Canada),4547933,casual,0,true,"W 32nd Ave, Golden, CO, US",39.7609952695,-105.1444985209,41,,,,41,,,false,,"",Hyssops,Agastache,Hyssops,Plantae,52635,Lamiaceae,Agastache
302638704,2025-07-31 10:05:37,2025-07-31,Mountain Time (US & Canada),4527251,casual,0,true,"W 32nd Ave, Golden, CO, US",39.7607126104,-105.1446913614,3,,,,3,,,false,,,,Tagetes erecta,Mexican Marigold,Plantae,79312,Asteraceae,Tagetes
302638762,2025-07-31 10:20:25,2025-07-31,Mountain Time (US & Canada),4547933,casual,0,true,"W 32nd Ave, Golden, CO, US",39.7611007649,-105.1443357083,45,,,,45,,,false,,"","",Cucurbita,gourds,Plantae,55425,Cucurbitaceae,Cucurbita
302638851,2025-07-31 10:05:59,2025-07-31,Mountain Time (US & Canada),4527251,research,0,false,"W 32nd Ave, Golden, CO, US",39.7607167013,-105.1446889447,3,,,,3,,,false,,,garden cosmos,Cosmos bipinnatus,garden cosmos,Plantae,68562,Asteraceae,Cosmos
302638907,2025-07-31 10:06:20,2025-07-31,Mountain Time (US & Canada),4527251,needs_id,0,false,"W 32nd Ave, Golden, CO, US",39.7607263805,-105.1446817401,3,,,,3,,,false,,,,Amaranthus,amaranths,Plantae,52326,Amaranthaceae,Amaranthus
302638928,2025-07-31 10:20:49,2025-07-31,Mountain Time (US & Canada),4547933,casual,0,true,"W 32nd Ave, Golden, CO, US",39.7611289961,-105.1442537778,32,,,,32,,,false,,"","",Cucurbita maxima,winter squash,Plantae,122866,Cucurbitaceae,Cucurbita
302638954,2025-07-31 10:07:17,2025-07-31,Mountain Time (US & Canada),4527251,casual,0,true,"W 32nd Ave, Golden, CO, US",39.7607416318,-105.1446910285,3,,,,3,,,false,,,,Solanum lycopersicum,tomato,Plantae,51737,Solanaceae,Solanum
302638999,2025-07-31 10:07:54,2025-07-31,Mountain Time (US & Canada),4527251,needs_id,0,false,"W 32nd Ave, Golden, CO, US",39.7607408944,-105.144694132,3,,,,3,,open,false,,,,Helianthus annuus,Common Sunflower,Plantae,57983,Asteraceae,Helianthus
302639017,2025-07-31 10:21:24,2025-07-31,Mountain Time (US & Canada),4547933,casual,0,true,"W 32nd Ave, Golden, CO, US",39.7607311188,-105.1445687297,7,,,,7,,,false,,"","",Tagetes,Marigolds,Plantae,72389,Asteraceae,Tagetes
302639047,2025-07-31 10:08:26,2025-07-31,Mountain Time (US & Canada),4527251,casual,0,true,"W 32nd Ave, Golden, CO, US",39.7607347502,-105.1446836547,3,,,,3,,,false,,,,Cucurbita,gourds,Plantae,55425,Cucurbitaceae,Cucurbita
302639092,2025-07-31 10:21:45,2025-07-31,Mountain Time (US & Canada),4547933,casual,0,true,"W 32nd Ave, Golden, CO, US",39.7607465649,-105.1445705447,14,,,,14,,open,false,,"",showy milkweed,Asclepias speciosa,showy milkweed,Plantae,62292,Apocynaceae,Asclepias
302639104,2025-07-31 10:08:55,2025-07-31,Mountain Time (US & Canada),4527251,needs_id,0,false,"W 32nd Ave, Golden, CO, US",39.760727792,-105.1446730591,3,,,,3,,open,false,,,,Helianthus annuus,Common Sunflower,Plantae,57983,Asteraceae,Helianthus
302639182,2025-07-31 10:09:14,2025-07-31,Mountain Time (US & Canada),4527251,casual,0,true,"W 32nd Ave, Golden, CO, US",39.7607573122,-105.1446584334,3,,,,3,,,false,,,,Cucurbita,gourds,Plantae,55425,Cucurbitaceae,Cucurbita
302639234,2025-07-31 10:22:12,2025-07-31,Mountain Time (US & Canada),4547933,casual,1,true,"W 32nd Ave, Golden, CO, US",39.7607626701,-105.1445779335,6,,,,6,,,false,,"",petunias,Petunia,petunias,Plantae,55406,Solanaceae,Petunia
302639271,2025-07-31 10:09:45,2025-07-31,Mountain Time (US & Canada),4527251,needs_id,0,false,"W 32nd Ave, Golden, CO, US",39.7607603297,-105.1446504706,3,,,,3,,,false,,,,Delphinium ajacis,doubtful knight's-spur,Plantae,401314,Ranunculaceae,Delphinium
302639316,2025-07-31 10:07:13,2025-07-31,Mountain Time (US & Canada),4547933,casual,0,true,"W 32nd Ave, Golden, CO, US",39.7605897702,-105.1445045562,19,,,,19,,,false,,"","",Allium tuberosum,Garlic Chives,Plantae,122343,Amaryllidaceae,Allium
302639339,2025-07-31 10:10:02,2025-07-31,Mountain Time (US & Canada),4527251,casual,0,true,"W 32nd Ave, Golden, CO, US",39.7607480491,-105.1446527275,3,,,,3,,,false,,,,Echinacea purpurea,purple coneflower,Plantae,48627,Asteraceae,Echinacea
302639378,2025-07-31 10:10:31,2025-07-31,Mountain Time (US & Canada),4527251,needs_id,0,false,"W 32nd Ave, Golden, CO, US",39.7607054002,-105.1446471596,4,,,,4,,open,false,,,,Salvia officinalis,garden sage,Plantae,51738,Lamiaceae,Salvia
302639433,2025-07-31 10:11:33,2025-07-31,Mountain Time (US & Canada),4527251,needs_id,0,false,"W 32nd Ave, Golden, CO, US",39.760719761,-105.1446216439,3,,,,3,,open,false,,,,Helianthus annuus,Common Sunflower,Plantae,57983,Asteraceae,Helianthus
302639508,2025-07-31 10:11:51,2025-07-31,Mountain Time (US & Canada),4527251,needs_id,0,false,"W 32nd Ave, Golden, CO, US",39.7607120259,-105.1446209577,3,,,,3,,,false,,,,Brassica,cabbages and mustards,Plantae,53113,Brassicaceae,Brassica
302639537,2025-07-31 10:12:13,2025-07-31,Mountain Time (US & Canada),4527251,casual,0,true,"W 32nd Ave, Golden, CO, US",39.7607056003,-105.1446228915,3,,,,3,,,false,,,,Cucurbita,gourds,Plantae,55425,Cucurbitaceae,Cucurbita
302639569,2025-07-31 10:12:39,2025-07-31,Mountain Time (US & Canada),4527251,casual,0,true,"W 32nd Ave, Golden, CO, US",39.7606942178,-105.1446256712,3,,,,3,,,false,,,,Cucurbita maxima,winter squash,Plantae,122866,Cucurbitaceae,Cucurbita
302639624,2025-07-31 10:12:56,2025-07-31,Mountain Time (US & Canada),4527251,needs_id,0,false,"W 32nd Ave, Golden, CO, US",39.7606628143,-105.1446046198,3,,,,3,,,false,,,field bindweed,Convolvulus arvensis,field bindweed,Plantae,53021,Convolvulaceae,Convolvulus
302639682,2025-07-31 10:13:32,2025-07-31,Mountain Time (US & Canada),4527251,needs_id,0,false,"W 32nd Ave, Golden, CO, US",39.7606577282,-105.1446127395,3,,,,3,,,false,,,,Eruca,,Plantae,72123,Brassicaceae,Eruca
302639717,2025-07-31 10:14:11,2025-07-31,Mountain Time (US & Canada),4527251,needs_id,0,false,"W 32nd Ave, Golden, CO, US",39.760656599,-105.1447560692,4,,,,4,,,false,,,,Rudbeckia hirta,black-eyed Susan,Plantae,62741,Asteraceae,Rudbeckia
302639756,2025-07-31 10:14:42,2025-07-31,Mountain Time (US & Canada),4527251,research,0,false,"W 32nd Ave, Golden, CO, US",39.7606168942,-105.1446631859,3,,,,3,,,false,,,field bindweed,Convolvulus arvensis,field bindweed,Plantae,53021,Convolvulaceae,Convolvulus
302639821,2025-07-31 10:14:59,2025-07-31,Mountain Time (US & Canada),4527251,needs_id,0,false,"W 32nd Ave, Golden, CO, US",39.7606600381,-105.1446083973,4,,,,4,,,false,,,bellflowers,Campanula,bellflowers,Plantae,48596,Campanulaceae,Campanula
302639849,2025-07-31 10:15:58,2025-07-31,Mountain Time (US & Canada),4527251,casual,0,true,"W 32nd Ave, Golden, CO, US",39.7606260921,-105.1446066462,3,,,,3,,,false,,,,Salvia nemorosa,Purple Wood Sage,Plantae,168387,Lamiaceae,Salvia
302639880,2025-07-31 10:16:23,2025-07-31,Mountain Time (US & Canada),4527251,needs_id,0,false,"W 32nd Ave, Golden, CO, US",39.7606136985,-105.1446197761,3,,,,3,,,false,,,,Asteroideae,,Plantae,632790,Asteraceae,
302639911,2025-07-31 10:16:46,2025-07-31,Mountain Time (US & Canada),4527251,research,0,false,"W 32nd Ave, Golden, CO, US",39.7605836956,-105.144676297,4,,,,4,,,false,,,Maltese-cross,Silene chalcedonica,Maltese-cross,Plantae,406034,Caryophyllaceae,Silene
302639952,2025-07-31 10:18:44,2025-07-31,Mountain Time (US & Canada),4527251,research,0,false,"W 32nd Ave, Golden, CO, US",39.760594923,-105.1446731814,5,,,,5,,open,false,,,purple loosestrife,Lythrum salicaria,purple loosestrife,Plantae,61321,Lythraceae,Lythrum
302643247,2025-07-31 10:11:08,2025-07-31,Mountain Time (US & Canada),4527251,needs_id,0,false,"W 32nd Ave, Golden, CO, US",39.7607438419,-105.1446454717,4,,,,4,,,false,,,,Raphanus raphanistrum,Wild radish,Plantae,55411,Brassicaceae,Raphanus
302643714,2025-07-31 10:20:14,2025-07-31,Mountain Time (US & Canada),4527251,research,0,false,"W 32nd Ave, Golden, CO, US",39.7606183084,-105.144680302,3,,,,3,,,false,,,obedient plant,Physostegia virginiana,obedient plant,Plantae,85313,Lamiaceae,Physostegia
302643809,2025-07-31 10:20:42,2025-07-31,Mountain Time (US & Canada),4527251,casual,0,true,"W 32nd Ave, Golden, CO, US",39.7606289367,-105.1446581471,3,,,,3,,,false,,,Pseudolysimachium,Pseudolysimachium,,Plantae,1479221,Plantaginaceae,Veronica
302643933,2025-07-31 10:43:38,2025-07-31,Mountain Time (US & Canada),4547933,casual,0,true,"W 23rd Ave, Lakewood, CO, US",39.752440027,-105.0928795935,39,,,,39,,,false,,"","",Convolvulus arvensis,field bindweed,Plantae,53021,Convolvulaceae,Convolvulus
302644015,2025-07-31 10:21:00,2025-07-31,Mountain Time (US & Canada),4527251,needs_id,0,false,"W 32nd Ave, Golden, CO, US",39.7606207676,-105.1446610972,3,,,,3,,,false,,,,Platycodon grandiflorus,balloon flower,Plantae,141623,Campanulaceae,Platycodon
302644132,2025-07-31 10:44:11,2025-07-31,Mountain Time (US & Canada),4547933,casual,0,true,"W 23rd Ave, Lakewood, CO, US",39.752657115,-105.0932112909,40,,,,40,,,false,,"","",Delphinium ajacis,doubtful knight's-spur,Plantae,401314,Ranunculaceae,Delphinium
302644379,2025-07-31 10:44:36,2025-07-31,Mountain Time (US & Canada),4547933,casual,0,true,"W 23rd Ave, Lakewood, CO, US",39.7526438163,-105.0930291881,36,,,,36,,,false,,"",Yellow Cosmos,Cosmos sulphureus,Yellow Cosmos,Plantae,48651,Asteraceae,Cosmos
302644551,2025-07-31 10:44:56,2025-07-31,Mountain Time (US & Canada),4547933,casual,0,true,"W 23rd Ave, Lakewood, CO, US",39.7524248674,-105.0930974625,28,,,,28,,,false,,"",garden cosmos,Cosmos bipinnatus,garden cosmos,Plantae,68562,Asteraceae,Cosmos
302647336,2025-07-31 10:56:29,2025-07-31,Mountain Time (US & Canada),4547933,casual,0,true,"W 23rd Ave, Lakewood, CO, US",39.7523373864,-105.0929476468,6,,,,6,,,false,,"",fennel,Foeniculum vulgare,fennel,Plantae,53052,Apiaceae,Foeniculum
302647525,2025-07-31 10:57:35,2025-07-31,Mountain Time (US & Canada),4547933,casual,0,true,"W 23rd Ave, Lakewood, CO, US",39.7525458914,-105.0930356998,18,,,,18,,,false,,"",Savories,Satureja,Savories,Plantae,58461,Lamiaceae,Satureja
302647893,2025-07-31 10:59:00,2025-07-31,Mountain Time (US & Canada),4547933,casual,0,true,"W 23rd Ave, Lakewood, CO, US",39.7529317324,-105.0926289,49,,,,49,,open,false,,"","",Physalis philadelphica,Large-flowered Tomatillo,Plantae,51734,Solanaceae,Physalis
302648203,2025-07-31 11:00:25,2025-07-31,Mountain Time (US & Canada),4547933,casual,0,true,"W 23rd Ave, Lakewood, CO, US",39.7522788938,-105.0929074548,4,,,,4,,open,false,,"","",Brassica oleracea,"cabbage, broccoli, and allies",Plantae,54516,Brassicaceae,Brassica
302648298,2025-07-31 11:01:25,2025-07-31,Mountain Time (US & Canada),4547933,casual,0,true,"W 23rd Ave, Lakewood, CO, US",39.7525727819,-105.0924388196,31,,,,31,,,false,,"","",Echinops bannaticus,Blue Globe-thistle,Plantae,336266,Asteraceae,Echinops
302648420,2025-07-31 11:01:53,2025-07-31,Mountain Time (US & Canada),4547933,casual,0,true,"W 23rd Ave, Lakewood, CO, US",39.7523919069,-105.0927861695,14,,,,14,,,false,,"","",Rudbeckia hirta,black-eyed Susan,Plantae,62741,Asteraceae,Rudbeckia
302648594,2025-07-31 11:02:19,2025-07-31,Mountain Time (US & Canada),4547933,casual,0,true,"W 23rd Ave, Lakewood, CO, US",39.7523316122,-105.0927870611,7,,,,7,,,false,,"","",Achillea,yarrows,Plantae,52818,Asteraceae,Achillea
302652475,2025-07-31 11:19:27,2025-07-31,Mountain Time (US & Canada),4547933,casual,0,true,"Independence St, Lakewood, CO, US",39.7371196482,-105.1057538138,46,,,,46,,open,false,,"","",Helianthus annuus,Common Sunflower,Plantae,57983,Asteraceae,Helianthus
302652549,2025-07-31 11:19:55,2025-07-31,Mountain Time (US & Canada),4547933,casual,0,true,"Independence St, Lakewood, CO, US",39.7370969748,-105.1061649773,5,,,,5,,open,false,,"","",Helianthus annuus,Common Sunflower,Plantae,57983,Asteraceae,Helianthus
302652681,2025-07-31 11:20:14,2025-07-31,Mountain Time (US & Canada),4547933,casual,0,true,"Independence St, Lakewood, CO, US",39.7371436871,-105.1054117464,21,,,,21,,,false,,"","",Delphinium ajacis,doubtful knight's-spur,Plantae,401314,Ranunculaceae,Delphinium
302652763,2025-07-31 11:20:44,2025-07-31,Mountain Time (US & Canada),4547933,casual,0,true,"Independence St, Lakewood, CO, US",39.7371220715,-105.1061914086,5,,,,5,,,false,,"",Catnip,Nepeta cataria,Catnip,Plantae,48622,Lamiaceae,Nepeta
302652861,2025-07-31 11:21:07,2025-07-31,Mountain Time (US & Canada),4547933,casual,0,true,"Independence St, Lakewood, CO, US",39.7379517768,-105.106123075,23,,,,23,,,false,,"","",Allium,onions,Plantae,47357,Amaryllidaceae,Allium
302652978,2025-07-31 11:21:34,2025-07-31,Mountain Time (US & Canada),4547933,casual,0,true,"Independence St, Lakewood, CO, US",39.7374463458,-105.1058513391,26,,,,26,,,false,,"","",Salvia,Sages,Plantae,50644,Lamiaceae,Salvia
302653798,2025-07-31 11:24:10,2025-07-31,Mountain Time (US & Canada),4547933,casual,0,true,"Independence St, Lakewood, CO, US",39.7372407343,-105.1062353424,15,,,,15,,open,false,,"","",Helianthus annuus,Common Sunflower,Plantae,57983,Asteraceae,Helianthus
302653922,2025-07-31 11:25:00,2025-07-31,Mountain Time (US & Canada),4547933,casual,0,true,"Independence St, Lakewood, CO, US",39.7371044197,-105.1061700142,3,,,,3,,,false,,"","",Eschscholzia,Desert Poppies,Plantae,48226,Papaveraceae,Eschscholzia
302654184,2025-07-31 11:25:41,2025-07-31,Mountain Time (US & Canada),4547933,casual,0,true,"Independence St, Lakewood, CO, US",39.7379065826,-105.106543461,22,,,,22,,,false,,"",California poppy,Eschscholzia californica,California poppy,Plantae,48225,Papaveraceae,Eschscholzia
302654306,2025-07-31 11:26:21,2025-07-31,Mountain Time (US & Canada),4547933,casual,0,true,"Independence St, Lakewood, CO, US",39.7370170188,-105.1061577569,38,,,,38,,,false,,"",garden petunia,Petunia × atkinsiana,garden petunia,Plantae,170914,Solanaceae,Petunia
302654404,2025-07-31 11:26:47,2025-07-31,Mountain Time (US & Canada),4547933,casual,0,true,"Independence St, Lakewood, CO, US",39.7371409909,-105.1061924459,12,,,,12,,,false,,"","",Allium tuberosum,Garlic Chives,Plantae,122343,Amaryllidaceae,Allium
302654553,2025-07-31 11:27:33,2025-07-31,Mountain Time (US & Canada),4547933,casual,0,true,"Independence St, Lakewood, CO, US",39.7369827612,-105.1061496202,3,,,,3,,open,false,,"","",Helianthus annuus,Common Sunflower,Plantae,57983,Asteraceae,Helianthus
302654836,2025-07-31 11:28:15,2025-07-31,Mountain Time (US & Canada),4547933,casual,0,true,"Independence St, Lakewood, CO, US",39.7380848952,-105.1062139137,37,,,,37,,,false,,"","",Lactuca sativa,lettuce,Plantae,122976,Asteraceae,Lactuca
302654884,2025-07-31 11:28:51,2025-07-31,Mountain Time (US & Canada),4547933,casual,0,true,"Independence St, Lakewood, CO, US",39.7372027243,-105.1061860485,44,,,,44,,,false,,"","",Bassia scoparia,summer-cypress,Plantae,159194,Amaranthaceae,Bassia
302655146,2025-07-31 11:30:00,2025-07-31,Mountain Time (US & Canada),4547933,casual,0,true,"Independence St, Lakewood, CO, US",39.7378849851,-105.1059207033,36,,,,36,,open,false,,"","",Mentha spicata,spearmint,Plantae,62652,Lamiaceae,Mentha
302655261,2025-07-31 11:30:34,2025-07-31,Mountain Time (US & Canada),4547933,casual,0,true,"Independence St, Lakewood, CO, US",39.7369554769,-105.1060880953,18,,,,18,,,false,,"","",Nigella,Love-in-a-mist,Plantae,62314,Ranunculaceae,Nigella
302655420,2025-07-31 11:31:27,2025-07-31,Mountain Time (US & Canada),4547933,casual,0,true,"Independence St, Lakewood, CO, US",39.737031623,-105.1061702933,4,,,,4,,open,false,,"","",Helianthus annuus,Common Sunflower,Plantae,57983,Asteraceae,Helianthus
302655705,2025-07-31 11:32:28,2025-07-31,Mountain Time (US & Canada),4547933,casual,0,true,"Independence St, Lakewood, CO, US",39.7372228404,-105.1055629068,48,,,,48,,,false,,"",California poppy,Eschscholzia californica,California poppy,Plantae,48225,Papaveraceae,Eschscholzia
302655908,2025-07-31 11:33:36,2025-07-31,Mountain Time (US & Canada),4547933,casual,0,true,"Independence St, Lakewood, CO, US",39.7377315174,-105.1064555736,29,,,,29,,,false,,"","",Capsicum,peppers,Plantae,48517,Solanaceae,Capsicum
302656071,2025-07-31 11:34:39,2025-07-31,Mountain Time (US & Canada),4547933,casual,0,true,"Independence St, Lakewood, CO, US",39.7370178273,-105.1061932308,7,,,,7,,,false,,"","",Delphinium ajacis,doubtful knight's-spur,Plantae,401314,Ranunculaceae,Delphinium
302656274,2025-07-31 11:35:30,2025-07-31,Mountain Time (US & Canada),4547933,casual,0,true,"Independence St, Lakewood, CO, US",39.7383586965,-105.1062295065,31,,,,31,,,false,,"","",Lactuca,wild lettuces,Plantae,53106,Asteraceae,Lactuca
302656488,2025-07-31 11:36:13,2025-07-31,Mountain Time (US & Canada),4547933,casual,0,true,"Independence St, Lakewood, CO, US",39.7371702367,-105.1062387442,11,,,,11,,,false,,"",California poppy,Eschscholzia californica,California poppy,Plantae,48225,Papaveraceae,Eschscholzia
302656945,2025-07-31 11:37:31,2025-07-31,Mountain Time (US & Canada),4547933,casual,0,true,"Independence St, Lakewood, CO, US",39.7372529276,-105.1063149169,13,,,,13,,,false,,"",California poppy,Eschscholzia californica,California poppy,Plantae,48225,Papaveraceae,Eschscholzia
302657326,2025-07-31 11:39:02,2025-07-31,Mountain Time (US & Canada),4547933,casual,0,true,"Independence St, Lakewood, CO, US",39.7371191071,-105.1060423079,30,,,,30,,,false,,"",larkspurs,Delphinium,larkspurs,Plantae,48493,Ranunculaceae,Delphinium
302657613,2025-07-31 11:40:37,2025-07-31,Mountain Time (US & Canada),4547933,casual,0,true,"Independence St, Lakewood, CO, US",39.7371011219,-105.1060842086,8,,,,8,,,false,,"","",Delphinium ajacis,doubtful knight's-spur,Plantae,401314,Ranunculaceae,Delphinium
302658091,2025-07-31 11:42:39,2025-07-31,Mountain Time (US & Canada),4547933,casual,0,true,"Independence St, Lakewood, CO, US",39.7370730249,-105.1062070106,3,,,,3,,,false,,"",wild carrot,Daucus carota,wild carrot,Plantae,76610,Apiaceae,Daucus
302658529,2025-07-31 11:44:17,2025-07-31,Mountain Time (US & Canada),4547933,casual,0,true,"Independence St, Lakewood, CO, US",39.7373755129,-105.1056956041,25,,,,25,,,false,,"","",Echinacea purpurea,purple coneflower,Plantae,48627,Asteraceae,Echinacea
302683387,2025-07-31 10:45:36,2025-07-31,Mountain Time (US & Canada),4547933,casual,0,true,"W 23rd Ave, Lakewood, CO, US",39.7523803399,-105.0930411181,34,,,,34,,,false,,"","",Cucurbita,gourds,Plantae,55425,Cucurbitaceae,Cucurbita
302683429,2025-07-31 10:46:02,2025-07-31,Mountain Time (US & Canada),4547933,casual,0,true,"W 23rd Ave, Lakewood, CO, US",39.7525652067,-105.0929150714,38,,,,38,,,false,,"","",Delphinium,larkspurs,Plantae,48493,Ranunculaceae,Delphinium
302683487,2025-07-31 10:46:42,2025-07-31,Mountain Time (US & Canada),4547933,casual,0,true,"Jefferson County, US-CO, US",39.7523517133,-105.0931216278,5,,,,5,,open,false,,"","",Physalis philadelphica,Large-flowered Tomatillo,Plantae,51734,Solanaceae,Physalis
302683520,2025-07-31 10:47:19,2025-07-31,Mountain Time (US & Canada),4547933,casual,0,true,"Jefferson County, US-CO, US",39.7525227806,-105.0930004621,31,,,,31,,open,false,,"","",Phaseolus vulgaris,Common Bean,Plantae,122850,Fabaceae,Phaseolus
302683553,2025-07-31 10:47:35,2025-07-31,Mountain Time (US & Canada),4547933,casual,0,true,"Jefferson County, US-CO, US",39.7523318286,-105.0930655288,14,,,,14,,,false,,"","",Cucumis sativus,Cucumber,Plantae,54919,Cucurbitaceae,Cucumis
302683579,2025-07-31 10:47:53,2025-07-31,Mountain Time (US & Canada),4547933,casual,0,true,"Jefferson County, US-CO, US",39.7523440694,-105.0931213647,14,,,,14,,,false,,"","",Tagetes erecta,Mexican Marigold,Plantae,79312,Asteraceae,Tagetes
302683617,2025-07-31 10:48:16,2025-07-31,Mountain Time (US & Canada),4547933,casual,0,true,"Jefferson County, US-CO, US",39.7522714181,-105.0930960409,5,,,,5,,,false,,"",chicory,Cichorium intybus,chicory,Plantae,52913,Asteraceae,Cichorium
302683661,2025-07-31 10:50:06,2025-07-31,Mountain Time (US & Canada),4547933,casual,0,true,"Jefferson County, US-CO, US",39.751932543,-105.0930460415,31,,,,31,,,false,,"","",Cichorieae,"Lettuce, Chicory, Dandelion and Salsify Tribe",Plantae,359450,Asteraceae,
302683695,2025-07-31 10:50:36,2025-07-31,Mountain Time (US & Canada),4547933,casual,0,true,"Jefferson County, US-CO, US",39.7522926294,-105.0930326391,4,,,,4,,,false,,"","",Delphinium,larkspurs,Plantae,48493,Ranunculaceae,Delphinium
302683731,2025-07-31 10:50:55,2025-07-31,Mountain Time (US & Canada),4547933,casual,0,true,"Jefferson County, US-CO, US",39.7522682456,-105.0928044009,46,,,,46,,,false,,"","",Dianthus barbatus,Sweet-William,Plantae,60015,Caryophyllaceae,Dianthus
302683788,2025-07-31 10:51:37,2025-07-31,Mountain Time (US & Canada),4547933,casual,0,true,"Jefferson County, US-CO, US",39.752320592,-105.093072261,14,,,,14,,,false,,"",Cornflower,Centaurea cyanus,Cornflower,Plantae,933404,Asteraceae,Centaurea
302683836,2025-07-31 10:52:31,2025-07-31,Mountain Time (US & Canada),4547933,casual,0,true,"Jefferson County, US-CO, US",39.7522332889,-105.0931095976,6,,,,6,,,false,,"","",Calendula officinalis,pot marigold,Plantae,75931,Asteraceae,Calendula
302683920,2025-07-31 10:53:22,2025-07-31,Mountain Time (US & Canada),4547933,casual,0,true,"Jefferson County, US-CO, US",39.7525210028,-105.0928894759,36,,,,36,,open,false,,"","",Cucurbita pepo,American pumpkin,Plantae,76541,Cucurbitaceae,Cucurbita
302683965,2025-07-31 10:54:45,2025-07-31,Mountain Time (US & Canada),4547933,casual,0,true,"Jefferson County, US-CO, US",39.7528658505,-105.0927073339,49,,,,49,,,false,,"","",Rudbeckia hirta,black-eyed Susan,Plantae,62741,Asteraceae,Rudbeckia
302684001,2025-07-31 10:55:39,2025-07-31,Mountain Time (US & Canada),4547933,casual,0,true,"Jefferson County, US-CO, US",39.7527669556,-105.0927551886,38,,,,38,,,false,,"",Rose campion,Silene coronaria,Rose campion,Plantae,485191,Caryophyllaceae,Silene
302684036,2025-07-31 10:56:05,2025-07-31,Mountain Time (US & Canada),4547933,casual,0,true,"Jefferson County, US-CO, US",39.7523432557,-105.0929292057,13,,,,13,,open,false,,"","",Salvia officinalis,garden sage,Plantae,51738,Lamiaceae,Salvia
302684088,2025-07-31 11:02:44,2025-07-31,Mountain Time (US & Canada),4547933,casual,0,true,"W 23rd Ave, Lakewood, CO, US",39.7521496271,-105.0929518966,36,,,,36,,,false,,"","",Coreopsideae,Coreopsis and allies,Plantae,568277,Asteraceae,
302684135,2025-07-31 11:03:22,2025-07-31,Mountain Time (US & Canada),4547933,casual,0,true,"W 23rd Ave, Lakewood, CO, US",39.752346008,-105.0929323431,37,,,,37,,,false,,"","",Salvia nemorosa,Purple Wood Sage,Plantae,168387,Lamiaceae,Salvia
302684165,2025-07-31 11:03:45,2025-07-31,Mountain Time (US & Canada),4547933,casual,0,true,"W 23rd Ave, Lakewood, CO, US",39.7523978608,-105.0927385594,19,,,,19,,,false,,"","",Centaurea montana,Perennial Cornflower,Plantae,48984,Asteraceae,Centaurea
302684198,2025-07-31 11:04:24,2025-07-31,Mountain Time (US & Canada),4547933,casual,0,true,"Jefferson County, US-CO, US",39.7523236301,-105.0927600858,6,,,,6,,,false,,"","",Cucurbita,gourds,Plantae,55425,Cucurbitaceae,Cucurbita
302684242,2025-07-31 11:22:18,2025-07-31,Mountain Time (US & Canada),4547933,casual,0,true,"Independence St, Lakewood, CO, US",39.7370194497,-105.1059258746,9,,,,9,,,false,,"",onions,Allium,onions,Plantae,47357,Amaryllidaceae,Allium
302684269,2025-07-31 11:45:09,2025-07-31,Mountain Time (US & Canada),4547933,casual,0,true,"Independence St, Lakewood, CO, US",39.7371183391,-105.1061850457,13,,,,13,,,false,,"",larkspurs,Delphinium,larkspurs,Plantae,48493,Ranunculaceae,Delphinium
302685163,2025-07-31 10:52:12,2025-07-31,Mountain Time (US & Canada),4547933,casual,0,true,"Jefferson County, US-CO, US",39.7524155535,-105.0929839926,40,,,,40,,,false,,"","",Tagetes,Marigolds,Plantae,72389,Asteraceae,Tagetes
302685376,2025-07-31 10:19:41,2025-07-31,Mountain Time (US & Canada),4527251,needs_id,0,false,"W 32nd Ave, Golden, CO, US",39.760595596,-105.1446678755,4,,,,4,,,false,,,,Calendula officinalis,pot marigold,Plantae,75931,Asteraceae,Calendula
302685380,2025-07-31 13:22:33,2025-07-31,Mountain Time (US & Canada),4527251,needs_id,0,false,"Denver, CO, US",39.7351756599,-105.046146093,3,,,,3,,,false,,,,Viola,pansies and violets,Plantae,743180,Violaceae,Viola
302686067,2025-07-31 10:19:56,2025-07-31,Mountain Time (US & Canada),4527251,needs_id,0,false,"W 32nd Ave, Golden, CO, US",39.7606172645,-105.1446792881,3,,,,3,,,false,,,,Asteroideae,,Plantae,632790,Asteraceae,
302686266,2025-07-31 10:21:13,2025-07-31,Mountain Time (US & Canada),4527251,casual,0,true,"W 32nd Ave, Golden, CO, US",39.7605812348,-105.1446419262,3,,,,3,,,false,,,,Gaillardia,Blanketflowers,Plantae,51769,Asteraceae,Gaillardia
302686920,2025-07-31 13:28:36,2025-07-31,Mountain Time (US & Canada),4547933,casual,0,true,"W Wells Pl, Denver, CO, US",39.7354262921,-105.0461017206,43,,,,43,,,false,,"","",Tagetes erecta,Mexican Marigold,Plantae,79312,Asteraceae,Tagetes
302687072,2025-07-31 10:21:28,2025-07-31,Mountain Time (US & Canada),4527251,needs_id,0,false,"W 32nd Ave, Golden, CO, US",39.7605789168,-105.1446213615,4,,,,4,,,false,,,Pincushion flowers,Scabiosa,Pincushion flowers,Plantae,72344,Caprifoliaceae,Scabiosa
302687466,2025-07-31 13:30:22,2025-07-31,Mountain Time (US & Canada),4547933,casual,0,true,"Utica St, Denver, CO, US",39.7354060123,-105.045129572,36,,,,36,,,false,,"","",Fragaria,strawberries,Plantae,50299,Rosaceae,Fragaria
302687630,2025-07-31 13:30:48,2025-07-31,Mountain Time (US & Canada),4547933,casual,0,true,"W Wells Pl, Denver, CO, US",39.7354262921,-105.0461017206,43,,,,43,,,false,,"","",Solanum lycopersicum,tomato,Plantae,51737,Solanaceae,Solanum
302687876,2025-07-31 13:31:06,2025-07-31,Mountain Time (US & Canada),4547933,casual,0,true,"W Wells Pl, Denver, CO, US",39.7354262921,-105.0461017206,43,,,,43,,,false,,"",field bindweed,Convolvulus arvensis,field bindweed,Plantae,53021,Convolvulaceae,Convolvulus
302687918,2025-07-31 13:31:30,2025-07-31,Mountain Time (US & Canada),4547933,casual,0,true,"W Wells Pl, Denver, CO, US",39.7354768482,-105.0453763076,158,,,,158,,,false,,"","",Dahlia pinnata,Garden Dahlia,Plantae,161582,Asteraceae,Dahlia
302688054,2025-07-31 13:31:58,2025-07-31,Mountain Time (US & Canada),4547933,casual,0,true,"Utica St, Denver, CO, US",39.7352690399,-105.0456377012,17,,,,17,,open,false,,"","",Capsicum annuum,chili pepper,Plantae,48514,Solanaceae,Capsicum
302688057,2025-07-31 10:21:43,2025-07-31,Mountain Time (US & Canada),4527251,needs_id,0,false,"W 32nd Ave, Golden, CO, US",39.7606095841,-105.1446849006,3,,,,3,,,false,,,,Asteroideae,,Plantae,632790,Asteraceae,
302688173,2025-07-31 13:32:26,2025-07-31,Mountain Time (US & Canada),4547933,casual,0,true,"Denver, CO, US",39.7352803811,-105.0456214007,8,,,,8,,,false,,"","",Brassica,cabbages and mustards,Plantae,53113,Brassicaceae,Brassica
302688303,2025-07-31 13:32:48,2025-07-31,Mountain Time (US & Canada),4547933,casual,0,true,"W Wells Pl, Denver, CO, US",39.7352194761,-105.0456415071,27,,,,27,,,false,,"","",Cucurbita,gourds,Plantae,55425,Cucurbitaceae,Cucurbita
302688386,2025-07-31 13:33:13,2025-07-31,Mountain Time (US & Canada),4547933,casual,0,true,"W Wells Pl, Denver, CO, US",39.7352617703,-105.0455795003,7,,,,7,,open,false,,"","",Helianthus annuus,Common Sunflower,Plantae,57983,Asteraceae,Helianthus
302688596,2025-07-31 10:21:58,2025-07-31,Mountain Time (US & Canada),4527251,casual,1,true,"W 32nd Ave, Golden, CO, US",39.7605987701,-105.144658851,3,,,,3,,,false,,,petunias,Petunia,petunias,Plantae,55406,Solanaceae,Petunia
302688693,2025-07-31 13:33:32,2025-07-31,Mountain Time (US & Canada),4547933,casual,0,true,"Denver, CO, US",39.7352451185,-105.045549551,14,,,,14,,,false,,"","",Cucumis sativus,Cucumber,Plantae,54919,Cucurbitaceae,Cucumis
302688704,2025-07-31 13:34:03,2025-07-31,Mountain Time (US & Canada),4547933,casual,0,true,"W Wells Pl, Denver, CO, US",39.7352942243,-105.0455881089,20,,,,20,,,false,,"","",Rudbeckia hirta,black-eyed Susan,Plantae,62741,Asteraceae,Rudbeckia
302689023,2025-07-31 13:34:50,2025-07-31,Mountain Time (US & Canada),4547933,casual,0,true,"W Wells Pl, Denver, CO, US",39.7353110935,-105.0457304756,26,,,,26,,open,false,,"","",Lavandula angustifolia,Common Lavender,Plantae,133395,Lamiaceae,Lavandula
302689038,2025-07-31 10:22:10,2025-07-31,Mountain Time (US & Canada),4527251,needs_id,0,false,"W 32nd Ave, Golden, CO, US",39.7605985815,-105.1446519784,4,,,,4,,,false,,,,Lobularia maritima,sweet alyssum,Plantae,56992,Brassicaceae,Lobularia
302689175,2025-07-31 13:35:56,2025-07-31,Mountain Time (US & Canada),4547933,casual,0,true,"Denver, CO, US",39.735260869,-105.0455677562,14,,,,14,,,false,,"",field bindweed,Convolvulus arvensis,field bindweed,Plantae,53021,Convolvulaceae,Convolvulus
302689329,2025-07-31 13:36:46,2025-07-31,Mountain Time (US & Canada),4547933,casual,0,true,"Denver, CO, US",39.7352264362,-105.0456034567,12,,,,12,,,false,,"","",Zinnia elegans,Elegant Zinnia,Plantae,181901,Asteraceae,Zinnia
302689499,2025-07-31 10:22:34,2025-07-31,Mountain Time (US & Canada),4527251,needs_id,0,false,"W 32nd Ave, Golden, CO, US",39.7606090321,-105.1446757625,3,,,,3,,,false,,,,Dimorphotheca jucunda,Cape daisy,Plantae,569596,Asteraceae,Dimorphotheca
302689647,2025-07-31 10:22:56,2025-07-31,Mountain Time (US & Canada),4527251,casual,0,true,"W 32nd Ave, Golden, CO, US",39.7606038396,-105.1446823218,3,,,,3,,,false,,,,Hemerocallis,daylilies,Plantae,82826,Asphodelaceae,Hemerocallis
302689719,2025-07-31 13:37:40,2025-07-31,Mountain Time (US & Canada),4547933,casual,0,true,"Denver, CO, US",39.7351991423,-105.0455935489,13,,,,13,,open,false,,"","",Capsicum annuum,chili pepper,Plantae,48514,Solanaceae,Capsicum
302690052,2025-07-31 13:39:19,2025-07-31,Mountain Time (US & Canada),4547933,casual,0,true,"Denver, CO, US",39.7351421116,-105.0456621275,13,,,,13,,,false,,"","",Solanum lycopersicum,tomato,Plantae,51737,Solanaceae,Solanum
302690657,2025-07-31 10:43:02,2025-07-31,Mountain Time (US & Canada),4527251,research,0,false,"W 23rd Ave, Lakewood, CO, US",39.7522183584,-105.0925838614,3,,,,3,,,false,,,great mullein,Verbascum thapsus,great mullein,Plantae,59029,Scrophulariaceae,Verbascum
302691071,2025-07-31 10:43:48,2025-07-31,Mountain Time (US & Canada),4527251,needs_id,0,false,"W 23rd Ave, Lakewood, CO, US",39.7522005686,-105.0925531364,3,,,,3,,,false,,,,Leucanthemum maximum,max chrysanthemum,Plantae,77719,Asteraceae,Leucanthemum
302691162,2025-07-31 13:28:55,2025-07-31,Mountain Time (US & Canada),4547933,casual,0,true,"W Wells Pl, Denver, CO, US",39.7352678378,-105.0456293307,18,,,,18,,open,false,,"","",Lavandula angustifolia,Common Lavender,Plantae,133395,Lamiaceae,Lavandula
302691252,2025-07-31 13:40:19,2025-07-31,Mountain Time (US & Canada),4547933,casual,0,true,"W Wells Pl, Denver, CO, US",39.7352170837,-105.0455797781,20,,,,20,,open,false,,"","",Helianthus annuus,Common Sunflower,Plantae,57983,Asteraceae,Helianthus
302691639,2025-07-31 13:42:40,2025-07-31,Mountain Time (US & Canada),4547933,casual,0,true,"W Wells Pl, Denver, CO, US",39.7352226971,-105.045568202,15,,,,15,,,false,,"","",Origanum,,Plantae,61397,Lamiaceae,Origanum
302691734,2025-07-31 10:44:13,2025-07-31,Mountain Time (US & Canada),4527251,needs_id,0,false,"W 23rd Ave, Lakewood, CO, US",39.7522464983,-105.09256335,7,,,,7,,,false,,,,Delphinium ajacis,doubtful knight's-spur,Plantae,401314,Ranunculaceae,Delphinium
302691935,2025-07-31 13:43:30,2025-07-31,Mountain Time (US & Canada),4547933,casual,0,true,"W Wells Pl, Denver, CO, US",39.7351706256,-105.0455418695,6,,,,6,,,false,,"",Dill,Anethum graveolens,Dill,Plantae,75445,Apiaceae,Anethum
302692156,2025-07-31 13:44:00,2025-07-31,Mountain Time (US & Canada),4547933,casual,0,true,"W Wells Pl, Denver, CO, US",39.7350182136,-105.0456854018,46,,,,46,,,false,,"","",Brassiceae,,Plantae,574731,Brassicaceae,
302692399,2025-07-31 13:44:24,2025-07-31,Mountain Time (US & Canada),4547933,casual,0,true,"Denver, CO, US",39.7353059686,-105.0458367642,30,,,,30,,,false,,"","",Cucurbita,gourds,Plantae,55425,Cucurbitaceae,Cucurbita
302692547,2025-07-31 13:44:51,2025-07-31,Mountain Time (US & Canada),4547933,casual,0,true,"W Wells Pl, Denver, CO, US",39.7352004121,-105.04568029,26,,,,26,,,false,,"",coriander,Coriandrum sativum,coriander,Plantae,67759,Apiaceae,Coriandrum
302692913,2025-07-31 13:45:25,2025-07-31,Mountain Time (US & Canada),4547933,casual,0,true,"Denver, CO, US",39.7354262921,-105.0461017206,43,,,,43,,open,false,,"","",Phaseolus vulgaris,Common Bean,Plantae,122850,Fabaceae,Phaseolus
302693333,2025-07-31 13:46:03,2025-07-31,Mountain Time (US & Canada),4547933,casual,0,true,"W Wells Pl, Denver, CO, US",39.7351682642,-105.0455687888,4,,,,4,,,false,,"","",Cucumis sativus,Cucumber,Plantae,54919,Cucurbitaceae,Cucumis
302693822,2025-07-31 13:46:50,2025-07-31,Mountain Time (US & Canada),4547933,casual,0,true,"Denver, CO, US",39.7351883904,-105.0456190006,13,,,,13,,,false,,"","",Tagetes erecta,Mexican Marigold,Plantae,79312,Asteraceae,Tagetes
302694012,2025-07-31 13:45:28,2025-07-31,Mountain Time (US & Canada),4527251,needs_id,0,false,"W Wells Pl, Denver, CO, US",39.7351554595,-105.0460777805,4,,,,4,,,false,,,Sages,Salvia,Sages,Plantae,50644,Lamiaceae,Salvia
302694165,2025-07-31 13:47:56,2025-07-31,Mountain Time (US & Canada),4547933,casual,0,true,"Denver, CO, US",39.7351886268,-105.0457299849,32,,,,32,,,false,,"","",Humulus neomexicanus,Western Hops,Plantae,1527029,Cannabaceae,Humulus
302694579,2025-07-31 13:48:51,2025-07-31,Mountain Time (US & Canada),4547933,casual,0,true,"Denver, CO, US",39.7351568747,-105.0456072813,14,,,,14,,,false,,"",Borage,Borago officinalis,Borage,Plantae,52287,Boraginaceae,Borago
302695196,2025-07-31 13:49:38,2025-07-31,Mountain Time (US & Canada),4547933,casual,0,true,"Denver, CO, US",39.7354262921,-105.0461017206,43,,,,43,,,false,,"","",Raphanus raphanistrum,Wild radish,Plantae,55411,Brassicaceae,Raphanus
302695457,2025-07-31 13:51:00,2025-07-31,Mountain Time (US & Canada),4547933,casual,0,true,"Lakewood Dry Gulch Trail, Denver, CO, US",39.7351673573,-105.0455857933,14,,,,14,,,false,,"",coriander,Coriandrum sativum,coriander,Plantae,67759,Apiaceae,Coriandrum
302695808,2025-07-31 13:51:35,2025-07-31,Mountain Time (US & Canada),4547933,casual,0,true,"Denver, CO, US",39.735131745,-105.045584444,14,,,,14,,,false,,"","",Cucurbita,gourds,Plantae,55425,Cucurbitaceae,Cucurbita
302696273,2025-07-31 13:52:31,2025-07-31,Mountain Time (US & Canada),4547933,casual,0,true,"Denver, CO, US",39.7351808652,-105.0455603716,24,,,,24,,,false,,"","",Delphinium ajacis,doubtful knight's-spur,Plantae,401314,Ranunculaceae,Delphinium
302697179,2025-07-31 10:23:10,2025-07-31,Mountain Time (US & Canada),4527251,needs_id,0,false,"W 32nd Ave, Golden, CO, US",39.7606120147,-105.1446856177,5,,,,5,,,false,,,,Nigella damascena,love-in-a-mist,Plantae,62313,Ranunculaceae,Nigella
302697270,2025-07-31 13:53:56,2025-07-31,Mountain Time (US & Canada),4547933,casual,0,true,"W Wells Pl, Denver, CO, US",39.7354262921,-105.0461017206,43,,,,43,,,false,,"","",Campanula rapunculoides,Creeping Bellflower,Plantae,85321,Campanulaceae,Campanula
302697323,2025-07-31 10:42:40,2025-07-31,Mountain Time (US & Canada),4527251,needs_id,0,false,"W 23rd Ave, Lakewood, CO, US",39.7522396201,-105.0925923251,6,,,,6,,open,false,,,,Helianthus annuus,Common Sunflower,Plantae,57983,Asteraceae,Helianthus
302697694,2025-07-31 10:44:41,2025-07-31,Mountain Time (US & Canada),4527251,needs_id,0,false,"W 23rd Ave, Lakewood, CO, US",39.7522072225,-105.0925941988,6,,,,6,,,false,,,,Convolvulus arvensis,field bindweed,Plantae,53021,Convolvulaceae,Convolvulus
302700152,2025-07-31 13:54:53,2025-07-31,Mountain Time (US & Canada),4547933,casual,0,true,"Denver, CO, US",39.7351331643,-105.0456249265,3,,,,3,,,false,,"","",Salvia nemorosa,Purple Wood Sage,Plantae,168387,Lamiaceae,Salvia
302704992,2025-07-31 14:28:21,2025-07-31,Mountain Time (US & Canada),4547933,casual,0,true,"W 35th Ave, Denver, CO, US",39.765734982,-105.0397795656,39,,,,39,,,false,,"","",Cosmos bipinnatus,garden cosmos,Plantae,68562,Asteraceae,Cosmos
302705050,2025-07-31 14:28:46,2025-07-31,Mountain Time (US & Canada),4547933,casual,0,true,"W 35th Ave, Denver, CO, US",39.7656809949,-105.0395948399,23,,,,23,,,false,,"","",Tagetes,Marigolds,Plantae,72389,Asteraceae,Tagetes
302705180,2025-07-31 14:29:10,2025-07-31,Mountain Time (US & Canada),4547933,casual,0,true,"Quitman St, Denver, CO, US",39.7655353796,-105.0395817744,12,,,,12,,,false,,"","",Raphanus raphanistrum,Wild radish,Plantae,55411,Brassicaceae,Raphanus
302705301,2025-07-31 14:30:04,2025-07-31,Mountain Time (US & Canada),4547933,casual,0,true,"Quitman St, Denver, CO, US",39.7655658078,-105.0394859603,27,,,,27,,,false,,"","",Zinnia,Zinnias,Plantae,132450,Asteraceae,Zinnia
302705421,2025-07-31 14:30:34,2025-07-31,Mountain Time (US & Canada),4547933,casual,0,true,"Quitman St, Denver, CO, US",39.7655404037,-105.039619582,13,,,,13,,,false,,"","",Solanum lycopersicum,tomato,Plantae,51737,Solanaceae,Solanum
302705585,2025-07-31 14:31:20,2025-07-31,Mountain Time (US & Canada),4547933,casual,0,true,"Quitman St, Denver, CO, US",39.7655832706,-105.0396313544,13,,,,13,,open,false,,"","",Helianthus annuus,Common Sunflower,Plantae,57983,Asteraceae,Helianthus
302705657,2025-07-31 14:31:53,2025-07-31,Mountain Time (US & Canada),4547933,casual,0,true,"Quitman St, Denver, CO, US",39.7656287333,-105.039576418,5,,,,5,,,false,,"","",Delphinium ajacis,doubtful knight's-spur,Plantae,401314,Ranunculaceae,Delphinium
302705794,2025-07-31 14:32:29,2025-07-31,Mountain Time (US & Canada),4547933,casual,0,true,"W 35th Ave, Denver, CO, US",39.7657218694,-105.0398853297,26,,,,26,,,false,,"","",Cosmos bipinnatus,garden cosmos,Plantae,68562,Asteraceae,Cosmos
302705852,2025-07-31 14:32:50,2025-07-31,Mountain Time (US & Canada),4547933,casual,0,true,"Quitman St, Denver, CO, US",39.7656787235,-105.0397289779,24,,,,24,,open,false,,"","",Capsicum annuum,chili pepper,Plantae,48514,Solanaceae,Capsicum
302705943,2025-07-31 14:33:21,2025-07-31,Mountain Time (US & Canada),4547933,casual,0,true,"W 35th Ave, Denver, CO, US",39.7657414581,-105.0395542691,25,,,,25,,,false,,"","",Galinsoga parviflora,Gallant Soldier,Plantae,48178,Asteraceae,Galinsoga
302706090,2025-07-31 14:33:43,2025-07-31,Mountain Time (US & Canada),4547933,casual,0,true,"Quitman St, Denver, CO, US",39.7655942912,-105.0395380486,16,,,,16,,,false,,"","",Cucurbita,gourds,Plantae,55425,Cucurbitaceae,Cucurbita
302706224,2025-07-31 14:34:10,2025-07-31,Mountain Time (US & Canada),4547933,casual,0,true,"Quitman St, Denver, CO, US",39.7657083885,-105.0394960938,16,,,,16,,,false,,"","",Delphinium ajacis,doubtful knight's-spur,Plantae,401314,Ranunculaceae,Delphinium
302706448,2025-07-31 14:34:44,2025-07-31,Mountain Time (US & Canada),4547933,casual,0,true,"Quitman St, Denver, CO, US",39.7656840628,-105.0394439649,48,,,,48,,,false,,"",coriander,Coriandrum sativum,coriander,Plantae,67759,Apiaceae,Coriandrum
302706605,2025-07-31 14:35:43,2025-07-31,Mountain Time (US & Canada),4547933,casual,0,true,"Perry St, Denver, CO, US",39.765599673,-105.03945506,5,,,,5,,,false,,"","",Verbena bonariensis,purpletop vervain,Plantae,79487,Verbenaceae,Verbena
302706837,2025-07-31 14:36:26,2025-07-31,Mountain Time (US & Canada),4547933,casual,0,true,"Quitman St, Denver, CO, US",39.7657286081,-105.0393002521,27,,,,27,,,false,,"","",Cosmos bipinnatus,garden cosmos,Plantae,68562,Asteraceae,Cosmos
302707470,2025-07-31 14:37:22,2025-07-31,Mountain Time (US & Canada),4547933,casual,0,true,"Perry St, Denver, CO, US",39.76561261,-105.0395207267,9,,,,9,,,false,,"","",Origanum vulgare,Oregano,Plantae,61396,Lamiaceae,Origanum
302707591,2025-07-31 14:39:44,2025-07-31,Mountain Time (US & Canada),4547933,casual,0,true,"Quitman St, Denver, CO, US",39.7656204526,-105.0395407341,12,,,,12,,,false,,"","",Cucumis sativus,Cucumber,Plantae,54919,Cucurbitaceae,Cucumis
302707702,2025-07-31 14:40:28,2025-07-31,Mountain Time (US & Canada),4547933,casual,0,true,"Quitman St, Denver, CO, US",39.765653579,-105.0395222269,30,,,,30,,,false,,"","",Solanum lycopersicum,tomato,Plantae,51737,Solanaceae,Solanum
302707812,2025-07-31 14:41:01,2025-07-31,Mountain Time (US & Canada),4547933,casual,0,true,"Quitman St, Denver, CO, US",39.7657160088,-105.0394445207,25,,,,25,,open,false,,"","",Helianthus annuus,Common Sunflower,Plantae,57983,Asteraceae,Helianthus
302708070,2025-07-31 14:42:15,2025-07-31,Mountain Time (US & Canada),4547933,casual,0,true,"Denver, CO, US",39.7657624496,-105.0394825176,26,,,,26,,,false,,"","",Zinnia elegans,Elegant Zinnia,Plantae,181901,Asteraceae,Zinnia
302708206,2025-07-31 14:42:39,2025-07-31,Mountain Time (US & Canada),4547933,casual,0,true,"W 35th Ave, Denver, CO, US",39.7657494558,-105.0394149278,24,,,,24,,,false,,"","",Antirrhinum majus,Snapdragon,Plantae,48969,Plantaginaceae,Antirrhinum
302708448,2025-07-31 14:43:13,2025-07-31,Mountain Time (US & Canada),4547933,casual,0,true,"Perry St, Denver, CO, US",39.7655725843,-105.0394887693,12,,,,12,,,false,,"","",Ocimum,Basils,Plantae,61399,Lamiaceae,Ocimum
302708578,2025-07-31 14:43:58,2025-07-31,Mountain Time (US & Canada),4547933,casual,0,true,"Quitman St, Denver, CO, US",39.7655700254,-105.0394819234,6,,,,6,,,false,,"","",Delphinium ajacis,doubtful knight's-spur,Plantae,401314,Ranunculaceae,Delphinium
302708743,2025-07-31 14:44:31,2025-07-31,Mountain Time (US & Canada),4547933,casual,0,true,"Quitman St, Denver, CO, US",39.7656002305,-105.0394376596,7,,,,7,,,false,,"","",Cosmos bipinnatus,garden cosmos,Plantae,68562,Asteraceae,Cosmos
302708989,2025-07-31 14:45:28,2025-07-31,Mountain Time (US & Canada),4547933,casual,0,true,"Quitman St, Denver, CO, US",39.7655399331,-105.0394958757,12,,,,12,,,false,,"","",Cucumis sativus,Cucumber,Plantae,54919,Cucurbitaceae,Cucumis
302709444,2025-07-31 14:47:48,2025-07-31,Mountain Time (US & Canada),4547933,casual,0,true,"Quitman St, Denver, CO, US",39.7656158581,-105.0395831469,30,,,,30,,,false,,"","",Cucumis,Melons & Cucumbers,Plantae,54916,Cucurbitaceae,Cucumis
302709612,2025-07-31 14:48:20,2025-07-31,Mountain Time (US & Canada),4547933,casual,0,true,"Quitman St, Denver, CO, US",39.7655606303,-105.0394875985,8,,,,8,,,false,,"","",Solanum lycopersicum,tomato,Plantae,51737,Solanaceae,Solanum
302714930,2025-07-31 14:48:56,2025-07-31,Mountain Time (US & Canada),4547933,casual,0,true,"Quitman St, Denver, CO, US",39.7655413054,-105.0394117635,6,,,,6,,,false,,"","",Dahlia pinnata,Garden Dahlia,Plantae,161582,Asteraceae,Dahlia
302719011,2025-07-31 15:34:55,2025-07-31,Mountain Time (US & Canada),4547933,casual,0,true,"Shoshone St, Denver, CO, US",39.7626442396,-105.0096578131,21,,,,21,,,false,,"","",Buddleja davidii,Butterfly bush,Plantae,75916,Scrophulariaceae,Buddleja
302719076,2025-07-31 15:35:21,2025-07-31,Mountain Time (US & Canada),4547933,casual,0,true,"Shoshone St, Denver, CO, US",39.7626528389,-105.0095822549,23,,,,23,,,false,,"","",Nepetoideae,,Plantae,520502,Lamiaceae,
302719141,2025-07-31 15:35:44,2025-07-31,Mountain Time (US & Canada),4547933,casual,0,true,"Shoshone St, Denver, CO, US",39.7627675479,-105.0096565222,30,,,,30,,,false,,"","",Convolvulus,bindweeds,Plantae,53022,Convolvulaceae,Convolvulus
302719216,2025-07-31 15:36:05,2025-07-31,Mountain Time (US & Canada),4547933,casual,0,true,"Shoshone St, Denver, CO, US",39.7625627742,-105.0096687821,24,,,,24,,,false,,"",Muskmelon,Cucumis melo,Muskmelon,Plantae,76538,Cucurbitaceae,Cucumis
302719267,2025-07-31 15:36:28,2025-07-31,Mountain Time (US & Canada),4547933,casual,0,true,"Shoshone St, Denver, CO, US",39.7627352638,-105.0095291988,9,,,,9,,,false,,"",field bindweed,Convolvulus arvensis,field bindweed,Plantae,53021,Convolvulaceae,Convolvulus
302719358,2025-07-31 15:36:55,2025-07-31,Mountain Time (US & Canada),4547933,casual,0,true,"Shoshone St, Denver, CO, US",39.7627550307,-105.0096428524,14,,,,14,,,false,,"","",Mentha,mints,Plantae,54570,Lamiaceae,Mentha
302719464,2025-07-31 15:37:41,2025-07-31,Mountain Time (US & Canada),4547933,casual,0,true,"Shoshone St, Denver, CO, US",39.76273881,-105.0096141318,9,,,,9,,,false,,"","",Nepeta racemosa,Eastern Cat-mint,Plantae,165681,Lamiaceae,Nepeta
302719535,2025-07-31 15:38:01,2025-07-31,Mountain Time (US & Canada),4547933,casual,0,true,"Shoshone St, Denver, CO, US",39.7626706985,-105.0096690042,19,,,,19,,open,false,,"",Chinese Glorybower,Clerodendrum chinense,Chinese Glorybower,Plantae,335157,Lamiaceae,Clerodendrum
302719663,2025-07-31 15:38:32,2025-07-31,Mountain Time (US & Canada),4547933,casual,0,true,"Shoshone St, Denver, CO, US",39.7627357996,-105.0096904067,20,,,,20,,,false,,"","",Hibiscus syriacus,common hibiscus,Plantae,126585,Malvaceae,Hibiscus
302719762,2025-07-31 15:39:10,2025-07-31,Mountain Time (US & Canada),4547933,casual,0,true,"Shoshone St, Denver, CO, US",39.7628406109,-105.0096127689,16,,,,16,,,false,,"","",Echinacea purpurea,purple coneflower,Plantae,48627,Asteraceae,Echinacea
302719816,2025-07-31 15:39:29,2025-07-31,Mountain Time (US & Canada),4547933,casual,0,true,"Shoshone St, Denver, CO, US",39.7628389831,-105.0095895354,10,,,,10,,,false,,"",Maltese-cross,Silene chalcedonica,Maltese-cross,Plantae,406034,Caryophyllaceae,Silene
302719940,2025-07-31 15:39:54,2025-07-31,Mountain Time (US & Canada),4547933,casual,0,true,"Shoshone St, Denver, CO, US",39.7628335719,-105.0095779458,7,,,,7,,,false,,"","",Gazania linearis,Wedding Treasureflower,Plantae,56951,Asteraceae,Gazania
302720071,2025-07-31 15:40:28,2025-07-31,Mountain Time (US & Canada),4547933,casual,0,true,"Shoshone St, Denver, CO, US",39.7627293181,-105.0096217859,18,,,,18,,,false,,"","",Tagetes,Marigolds,Plantae,72389,Asteraceae,Tagetes
302720213,2025-07-31 15:40:53,2025-07-31,Mountain Time (US & Canada),4547933,casual,0,true,"Shoshone St, Denver, CO, US",39.7629116576,-105.0095481596,8,,,,8,,,false,,"","",Rudbeckia fulgida,orange coneflower,Plantae,142654,Asteraceae,Rudbeckia
302720333,2025-07-31 15:41:49,2025-07-31,Mountain Time (US & Canada),4547933,casual,0,true,"Shoshone St, Denver, CO, US",39.7628754145,-105.0095953559,12,,,,12,,,false,,"","",Gazania,Treasure Flowers,Plantae,56151,Asteraceae,Gazania
302720425,2025-07-31 15:42:22,2025-07-31,Mountain Time (US & Canada),4547933,casual,0,true,"W 33rd Ave, Denver, CO, US",39.7629688789,-105.0095251953,12,,,,12,,,false,,"","",Gaillardia,Blanketflowers,Plantae,51769,Asteraceae,Gaillardia
302720514,2025-07-31 10:46:09,2025-07-31,Mountain Time (US & Canada),4527251,research,1,false,"W 23rd Ave, Lakewood, CO, US",39.7522430598,-105.092560617,5,,,,5,,,false,,,chicory,Cichorium intybus,chicory,Plantae,52913,Asteraceae,Cichorium
302720668,2025-07-31 10:47:51,2025-07-31,Mountain Time (US & Canada),4527251,needs_id,0,false,"W 23rd Ave, Lakewood, CO, US",39.7521868447,-105.0926311475,4,,,,4,,,false,,,Rocky Mountain beardtongue,Penstemon strictus,Rocky Mountain beardtongue,Plantae,166444,Plantaginaceae,Penstemon
302720700,2025-07-31 15:43:30,2025-07-31,Mountain Time (US & Canada),4527251,casual,0,true,"Shoshone St, Denver, CO, US",39.762773096,-105.0095414427,15,,,,15,,,false,,,,Solanum lycopersicum,tomato,Plantae,51737,Solanaceae,Solanum
302720719,2025-07-31 15:43:32,2025-07-31,Mountain Time (US & Canada),4547933,casual,0,true,"Shoshone St, Denver, CO, US",39.7628640546,-105.0096783332,20,,,,20,,,false,,"","",Sixalix atropurpurea,Sweet scabious,Plantae,372376,Caprifoliaceae,Sixalix
302720835,2025-07-31 15:44:17,2025-07-31,Mountain Time (US & Canada),4547933,casual,1,true,"Shoshone St, Denver, CO, US",39.7627256886,-105.0096639597,19,,,,19,,,false,,"",petunias,Petunia,petunias,Plantae,55406,Solanaceae,Petunia
302720917,2025-07-31 15:44:47,2025-07-31,Mountain Time (US & Canada),4547933,casual,0,true,"Shoshone St, Denver, CO, US",39.7628592511,-105.0096594302,20,,,,20,,,false,,"",phloxes,Phlox,phloxes,Plantae,52152,Polemoniaceae,Phlox
302721028,2025-07-31 15:45:21,2025-07-31,Mountain Time (US & Canada),4547933,casual,0,true,"Shoshone St, Denver, CO, US",39.7628672079,-105.009634673,14,,,,14,,,false,,"",firewheel,Gaillardia pulchella,firewheel,Plantae,51768,Asteraceae,Gaillardia
302721137,2025-07-31 15:45:57,2025-07-31,Mountain Time (US & Canada),4547933,casual,0,true,"Shoshone St, Denver, CO, US",39.762984375,-105.0095770891,12,,,,12,,,false,,"","",Rudbeckia hirta,black-eyed Susan,Plantae,62741,Asteraceae,Rudbeckia
302721238,2025-07-31 15:46:36,2025-07-31,Mountain Time (US & Canada),4547933,casual,1,true,"Shoshone St, Denver, CO, US",39.7629858007,-105.0095507164,9,,,,9,,,false,,"","Sunflowers, Daisies, Asters, and Allies",Asteraceae,"Sunflowers, Daisies, Asters, and Allies",Plantae,47604,Asteraceae,
302721369,2025-07-31 15:47:19,2025-07-31,Mountain Time (US & Canada),4547933,casual,0,true,"Shoshone St, Denver, CO, US",39.7630195495,-105.00952845,7,,,,7,,,false,,"","",Allium tuberosum,Garlic Chives,Plantae,122343,Amaryllidaceae,Allium
302721470,2025-07-31 15:47:45,2025-07-31,Mountain Time (US & Canada),4547933,casual,0,true,"W 33rd Ave, Denver, CO, US",39.762902691,-105.0096254098,19,,,,19,,,false,,"",feverfew,Tanacetum parthenium,feverfew,Plantae,54520,Asteraceae,Tanacetum
302721582,2025-07-31 15:48:19,2025-07-31,Mountain Time (US & Canada),4547933,casual,0,true,"Shoshone St, Denver, CO, US",39.7629521547,-105.0096129931,22,,,,22,,,false,,"","",Convolvulus,bindweeds,Plantae,53022,Convolvulaceae,Convolvulus
302721707,2025-07-31 15:48:58,2025-07-31,Mountain Time (US & Canada),4547933,casual,0,true,"W 33rd Ave, Denver, CO, US",39.7630779974,-105.0095558969,9,,,,9,,,false,,"","",Coreopsis,Tickseed,Plantae,57952,Asteraceae,Coreopsis
302721785,2025-07-31 15:49:34,2025-07-31,Mountain Time (US & Canada),4547933,casual,0,true,"W 33rd Ave, Denver, CO, US",39.7630932386,-105.00954062,7,,,,7,,,false,,"","",Echinacea purpurea,purple coneflower,Plantae,48627,Asteraceae,Echinacea
302721928,2025-07-31 15:50:18,2025-07-31,Mountain Time (US & Canada),4547933,casual,0,true,"Shoshone St, Denver, CO, US",39.7629216911,-105.0096008005,20,,,,20,,,false,,"","",Zinnia elegans,Elegant Zinnia,Plantae,181901,Asteraceae,Zinnia
302722138,2025-07-31 15:50:55,2025-07-31,Mountain Time (US & Canada),4547933,casual,0,true,"Shoshone St, Denver, CO, US",39.7629897521,-105.0095309245,14,,,,14,,,false,,"","",Symphyotrichum,American asters,Plantae,56112,Asteraceae,Symphyotrichum
302722287,2025-07-31 15:52:01,2025-07-31,Mountain Time (US & Canada),4547933,casual,0,true,"Shoshone St, Denver, CO, US",39.7627859865,-105.0096422187,19,,,,19,,,false,,"",Pseudolysimachium,Pseudolysimachium,,Plantae,1479221,Plantaginaceae,Veronica
302722465,2025-07-31 15:52:29,2025-07-31,Mountain Time (US & Canada),4547933,casual,0,true,"Shoshone St, Denver, CO, US",39.7629918393,-105.009647333,22,,,,22,,,false,,"",common morning-glory,Ipomoea purpurea,common morning-glory,Plantae,52344,Convolvulaceae,Ipomoea
302722694,2025-07-31 15:53:26,2025-07-31,Mountain Time (US & Canada),4547933,casual,0,true,"W 33rd Ave, Denver, CO, US",39.76312463,-105.009531163,7,,,,7,,,false,,"","",Rosa,roses,Plantae,53438,Rosaceae,Rosa
302722755,2025-07-31 15:53:46,2025-07-31,Mountain Time (US & Canada),4527251,needs_id,0,false,"W 33rd Ave, Denver, CO, US",39.7628762909,-105.0094290713,58,,,,58,,,false,,,,Helianthinae,,Plantae,901801,Asteraceae,
302722807,2025-07-31 15:51:37,2025-07-31,Mountain Time (US & Canada),4527251,needs_id,0,false,"W 33rd Ave, Denver, CO, US",39.7628844505,-105.0094426853,58,,,,58,,,false,,,,Cucumis sativus,Cucumber,Plantae,54919,Cucurbitaceae,Cucumis
302722826,2025-07-31 15:54:03,2025-07-31,Mountain Time (US & Canada),4547933,casual,0,true,"Shoshone St, Denver, CO, US",39.7630069478,-105.0096580958,15,,,,15,,,false,,"","",Phlox,phloxes,Plantae,52152,Polemoniaceae,Phlox
302722871,2025-07-31 15:52:58,2025-07-31,Mountain Time (US & Canada),4527251,casual,0,true,"W 33rd Ave, Denver, CO, US",39.7628815753,-105.0094460282,58,,,,58,,,false,,,,Cucumis,Melons & Cucumbers,Plantae,54916,Cucurbitaceae,Cucumis
302722908,2025-07-31 15:51:16,2025-07-31,Mountain Time (US & Canada),4527251,needs_id,0,false,"W 33rd Ave, Denver, CO, US",39.7628946192,-105.0094363926,58,,,,58,,,false,,,,Origanum,,Plantae,61397,Lamiaceae,Origanum
302722959,2025-07-31 15:54:48,2025-07-31,Mountain Time (US & Canada),4547933,casual,0,true,"Shoshone St, Denver, CO, US",39.7632141469,-105.0096815159,20,,,,20,,,false,,"","",Salvia yangii,Swanleaf Clouding Sage,Plantae,941713,Lamiaceae,Salvia
302722961,2025-07-31 15:52:32,2025-07-31,Mountain Time (US & Canada),4527251,casual,0,true,"W 33rd Ave, Denver, CO, US",39.7628923052,-105.0094618094,58,,,,58,,,false,,,strawberries,Fragaria,strawberries,Plantae,50299,Rosaceae,Fragaria
302723014,2025-07-31 15:52:01,2025-07-31,Mountain Time (US & Canada),4527251,casual,0,true,"W 33rd Ave, Denver, CO, US",39.7628890536,-105.009438111,58,,,,58,,,false,,,,Solanum lycopersicum,tomato,Plantae,51737,Solanaceae,Solanum
302723081,2025-07-31 15:53:26,2025-07-31,Mountain Time (US & Canada),4527251,needs_id,0,false,"W 33rd Ave, Denver, CO, US",39.7628773835,-105.0094866133,58,,,,58,,,false,,,fava bean,Vicia faba,fava bean,Plantae,57309,Fabaceae,Vicia
302723121,2025-07-31 10:48:18,2025-07-31,Mountain Time (US & Canada),4527251,casual,0,true,"W 23rd Ave, Lakewood, CO, US",39.7521812529,-105.092634625,5,,,,5,,,false,,,,Cucurbita,gourds,Plantae,55425,Cucurbitaceae,Cucurbita
302723280,2025-07-31 10:49:09,2025-07-31,Mountain Time (US & Canada),4527251,casual,0,true,"W 23rd Ave, Lakewood, CO, US",39.7521535045,-105.0926332766,4,,,,4,,,false,,,,Solanum lycopersicum,tomato,Plantae,51737,Solanaceae,Solanum
302723330,2025-07-31 10:49:54,2025-07-31,Mountain Time (US & Canada),4527251,needs_id,0,false,"W 23rd Ave, Lakewood, CO, US",39.7521448802,-105.09266241,5,,,,5,,,false,,,,Capsicum,peppers,Plantae,48517,Solanaceae,Capsicum
302723355,2025-07-31 10:51:31,2025-07-31,Mountain Time (US & Canada),4527251,needs_id,0,false,"W 23rd Ave, Lakewood, CO, US",39.7521866005,-105.0926501542,3,,,,3,,open,false,,,,Physalis philadelphica,Large-flowered Tomatillo,Plantae,51734,Solanaceae,Physalis
302723379,2025-07-31 10:52:05,2025-07-31,Mountain Time (US & Canada),4527251,needs_id,0,false,"W 23rd Ave, Lakewood, CO, US",39.7522041277,-105.0926366401,4,,,,4,,,false,,,,Cucumis,Melons & Cucumbers,Plantae,54916,Cucurbitaceae,Cucumis
302723405,2025-07-31 10:52:55,2025-07-31,Mountain Time (US & Canada),4527251,needs_id,0,false,"W 23rd Ave, Lakewood, CO, US",39.7522505606,-105.09259969,13,,,,13,,,false,,,,Fragaria,strawberries,Plantae,50299,Rosaceae,Fragaria
302723425,2025-07-31 10:53:20,2025-07-31,Mountain Time (US & Canada),4527251,casual,0,true,"W 23rd Ave, Lakewood, CO, US",39.7522542253,-105.092569458,4,,,,4,,,false,,,,Solanum lycopersicum,tomato,Plantae,51737,Solanaceae,Solanum
302723444,2025-07-31 10:53:55,2025-07-31,Mountain Time (US & Canada),4527251,research,0,false,"W 23rd Ave, Lakewood, CO, US",39.7523027171,-105.0926481888,3,,,,3,,,false,,,Catnip,Nepeta cataria,Catnip,Plantae,48622,Lamiaceae,Nepeta
302723468,2025-07-31 10:54:19,2025-07-31,Mountain Time (US & Canada),4527251,research,0,false,"W 23rd Ave, Lakewood, CO, US",39.7522906231,-105.0925879311,4,,,,4,,,false,,,field bindweed,Convolvulus arvensis,field bindweed,Plantae,53021,Convolvulaceae,Convolvulus
302723500,2025-07-31 10:54:50,2025-07-31,Mountain Time (US & Canada),4527251,casual,0,true,"Colorado, US",39.6299081895,-105.1067457636,4,,,,28060,,obscured,true,,,,Allium schoenoprasum,Chives,Plantae,59254,Amaryllidaceae,Allium
302723521,2025-07-31 10:59:56,2025-07-31,Mountain Time (US & Canada),4527251,needs_id,0,false,"W 23rd Ave, Lakewood, CO, US",39.7522649709,-105.0926362085,5,,,,5,,open,false,,,,Capsicum annuum,chili pepper,Plantae,48514,Solanaceae,Capsicum
302723546,2025-07-31 11:00:33,2025-07-31,Mountain Time (US & Canada),4527251,casual,1,true,"W 25th Ave, Lakewood, CO, US",39.7522638157,-105.0926268901,4,,,,4,,open,false,,,nightshades and allies,Solanoideae,nightshades and allies,Plantae,634936,Solanaceae,
302724748,2025-07-31 15:57:37,2025-07-31,Mountain Time (US & Canada),4547933,casual,0,true,"Shoshone St, Denver, CO, US",39.762832218,-105.0095702824,9,,,,9,,,false,,"","",Campanula rapunculoides,Creeping Bellflower,Plantae,85321,Campanulaceae,Campanula
302733979,2025-07-31 10:48:50,2025-07-31,Mountain Time (US & Canada),4527251,casual,0,true,"W 23rd Ave, Lakewood, CO, US",39.7521960364,-105.0926441141,13,,,,13,,,false,,,,Tagetes erecta,Mexican Marigold,Plantae,79312,Asteraceae,Tagetes
302734014,2025-07-31 11:01:16,2025-07-31,Mountain Time (US & Canada),4527251,research,0,false,"W 23rd Ave, Lakewood, CO, US",39.7522476075,-105.0925914725,3,,,,3,,,false,,,coriander,Coriandrum sativum,coriander,Plantae,67759,Apiaceae,Coriandrum
302734027,2025-07-31 11:04:15,2025-07-31,Mountain Time (US & Canada),4527251,casual,0,true,"W 23rd Ave, Lakewood, CO, US",39.7523070809,-105.0925600458,9,,,,9,,open,false,,,,Cucurbita pepo,American pumpkin,Plantae,76541,Cucurbitaceae,Cucurbita
302734044,2025-07-31 11:44:43,2025-07-31,Mountain Time (US & Canada),4527251,casual,0,true,"Independence St, Lakewood, CO, US",39.7368699955,-105.1062195735,2,,,,2,,,false,,,,Solanum lycopersicum,tomato,Plantae,51737,Solanaceae,Solanum
302734063,2025-07-31 11:45:11,2025-07-31,Mountain Time (US & Canada),4527251,casual,0,true,"Independence St, Lakewood, CO, US",39.736819951,-105.1062098338,3,,,,3,,,false,,,,Cucurbita,gourds,Plantae,55425,Cucurbitaceae,Cucurbita
302734080,2025-07-31 11:45:57,2025-07-31,Mountain Time (US & Canada),4527251,casual,0,true,"Independence St, Lakewood, CO, US",39.7367487324,-105.1061570989,9,,,,9,,open,false,,,,Cucurbita pepo,American pumpkin,Plantae,76541,Cucurbitaceae,Cucurbita
302853521,2025-07-31 15:07:42,2025-07-31,Mountain Time (US & Canada),4547933,casual,0,true,"Quitman St, Denver, CO, US",39.76533,-105.0395195,4,,,,4,,,false,,"",garden cosmos,Cosmos bipinnatus,garden cosmos,Plantae,68562,Asteraceae,Cosmos
302853549,2025-07-31 15:06:54,2025-07-31,Mountain Time (US & Canada),4547933,casual,0,true,"Denver County, US-CO, US",39.7653616667,-105.03955,6,,,,6,,,false,,"",wild carrot,Daucus carota,wild carrot,Plantae,76610,Apiaceae,Daucus
302853574,2025-07-31 15:06:48,2025-07-31,Mountain Time (US & Canada),4547933,casual,0,true,"Colorado, US",39.6410316141,-105.0666805991,7,"Denver County, US-CO, US",39.7653616667,-105.0395445,28060,,obscured,true,,"",Chives,Allium schoenoprasum,Chives,Plantae,59254,Amaryllidaceae,Allium
302853606,2025-07-31 15:06:41,2025-07-31,Mountain Time (US & Canada),4547933,casual,0,true,"Denver County, US-CO, US",39.7653533333,-105.03955,8,,,,8,,,false,,"",tomato,Solanum lycopersicum,tomato,Plantae,51737,Solanaceae,Solanum
302853815,2025-07-31 15:05:53,2025-07-31,Mountain Time (US & Canada),4547933,casual,0,true,"Denver County, US-CO, US",39.7653533333,-105.0395805,4,,,,4,,,false,,"",tomato,Solanum lycopersicum,tomato,Plantae,51737,Solanaceae,Solanum
302853872,2025-07-31 15:05:39,2025-07-31,Mountain Time (US & Canada),4547933,casual,0,true,"Denver County, US-CO, US",39.7653383333,-105.0395888333,5,,,,5,,,false,,"",eggplant,Solanum melongena,eggplant,Plantae,63190,Solanaceae,Solanum
302853906,2025-07-31 15:05:33,2025-07-31,Mountain Time (US & Canada),4547933,casual,0,true,"Denver County, US-CO, US",39.7653366667,-105.0395971667,5,,,,5,,open,false,,"",chili pepper,Capsicum annuum,chili pepper,Plantae,48514,Solanaceae,Capsicum
302853963,2025-07-31 15:05:23,2025-07-31,Mountain Time (US & Canada),4547933,casual,0,true,"Denver County, US-CO, US",39.7653533333,-105.039575,6,,,,6,,,false,,"",garden cosmos,Cosmos bipinnatus,garden cosmos,Plantae,68562,Asteraceae,Cosmos
302853995,2025-07-31 15:05:10,2025-07-31,Mountain Time (US & Canada),4547933,casual,0,true,"Denver County, US-CO, US",39.7653716667,-105.0396055,8,,,,8,,,false,,"",gourd family,Cucurbitaceae,gourd family,Plantae,48620,Cucurbitaceae,
302854020,2025-07-31 15:04:57,2025-07-31,Mountain Time (US & Canada),4547933,casual,0,true,"Denver County, US-CO, US",39.7653583333,-105.0396111667,6,,,,6,,,false,,"","",Helianthus,sunflowers,Plantae,56955,Asteraceae,Helianthus
302854043,2025-07-31 15:04:50,2025-07-31,Mountain Time (US & Canada),4547933,casual,0,true,"Denver County, US-CO, US",39.7653833333,-105.0396278333,5,,,,5,,,false,,"",tomato,Solanum lycopersicum,tomato,Plantae,51737,Solanaceae,Solanum
302854060,2025-07-31 15:04:30,2025-07-31,Mountain Time (US & Canada),4547933,casual,0,true,"Denver County, US-CO, US",39.76537,-105.0396416667,5,,,,5,,,false,,"",Cosmoses,Cosmos,Cosmoses,Plantae,68563,Asteraceae,Cosmos
302854087,2025-07-31 15:04:26,2025-07-31,Mountain Time (US & Canada),4547933,casual,0,true,"Denver County, US-CO, US",39.7653833333,-105.03965,5,,,,5,,,false,,"","",Heliantheae,Sunflowers and Allies,Plantae,605446,Asteraceae,
302854113,2025-07-31 15:04:20,2025-07-31,Mountain Time (US & Canada),4547933,casual,0,true,"Denver County, US-CO, US",39.7653883333,-105.0396416667,5,,,,5,,,false,,"",Sweet basil,Ocimum basilicum,Sweet basil,Plantae,61398,Lamiaceae,Ocimum
302854146,2025-07-31 15:04:08,2025-07-31,Mountain Time (US & Canada),4547933,casual,0,true,"Denver County, US-CO, US",39.7653966667,-105.0396416667,5,,,,5,,,false,,"",Cornflower,Centaurea cyanus,Cornflower,Plantae,933404,Asteraceae,Centaurea
302854171,2025-07-31 15:03:59,2025-07-31,Mountain Time (US & Canada),4547933,casual,0,true,"Denver County, US-CO, US",39.7653883333,-105.0396278333,6,,,,6,,,false,,"","",Heliantheae,Sunflowers and Allies,Plantae,605446,Asteraceae,
302854419,2025-07-31 15:03:53,2025-07-31,Mountain Time (US & Canada),4547933,casual,0,true,"Quitman St, Denver, CO, US",39.7653783333,-105.0396111667,7,,,,7,,,false,,"",Elegant Zinnia,Zinnia elegans,Elegant Zinnia,Plantae,181901,Asteraceae,Zinnia
302854434,2025-07-31 15:03:46,2025-07-31,Mountain Time (US & Canada),4547933,casual,0,true,"Colorado, US",39.6843599922,-105.0586463065,7,"Denver County, US-CO, US",39.7653616667,-105.0396055,28060,,obscured,true,,"",Chives,Allium schoenoprasum,Chives,Plantae,59254,Amaryllidaceae,Allium
302854455,2025-07-31 15:03:41,2025-07-31,Mountain Time (US & Canada),4547933,casual,0,true,"Denver County, US-CO, US",39.7653666667,-105.0395971667,8,,,,8,,,false,,"",garden cosmos,Cosmos bipinnatus,garden cosmos,Plantae,68562,Asteraceae,Cosmos
302854480,2025-07-31 15:03:24,2025-07-31,Mountain Time (US & Canada),4547933,casual,0,true,"Denver County, US-CO, US",39.7654033333,-105.0395805,9,,,,9,,,false,,"",lettuce,Lactuca sativa,lettuce,Plantae,122976,Asteraceae,Lactuca
302854501,2025-07-31 15:03:16,2025-07-31,Mountain Time (US & Canada),4547933,casual,0,true,"Denver County, US-CO, US",39.7653833333,-105.039575,9,,,,9,,,false,,"",garden cosmos,Cosmos bipinnatus,garden cosmos,Plantae,68562,Asteraceae,Cosmos
302854542,2025-07-31 15:03:10,2025-07-31,Mountain Time (US & Canada),4547933,casual,0,true,"Denver County, US-CO, US",39.7653833333,-105.039575,8,,,,8,,,false,,"",Mexican Marigold,Tagetes erecta,Mexican Marigold,Plantae,79312,Asteraceae,Tagetes
302854577,2025-07-31 15:03:07,2025-07-31,Mountain Time (US & Canada),4547933,casual,0,true,"Denver County, US-CO, US",39.7653833333,-105.039575,8,,,,8,,,false,,"",wild carrot,Daucus carota,wild carrot,Plantae,76610,Apiaceae,Daucus
302854594,2025-07-31 15:03:02,2025-07-31,Mountain Time (US & Canada),4547933,casual,0,true,"Denver County, US-CO, US",39.7653883333,-105.0395666667,8,,,,8,,,false,,"","",Helianthus,sunflowers,Plantae,56955,Asteraceae,Helianthus
302854621,2025-07-31 15:02:54,2025-07-31,Mountain Time (US & Canada),4547933,casual,0,true,"Denver County, US-CO, US",39.7654033333,-105.0395666667,7,,,,7,,,false,,"","",Helianthus,sunflowers,Plantae,56955,Asteraceae,Helianthus
302854651,2025-07-31 15:02:38,2025-07-31,Mountain Time (US & Canada),4547933,casual,0,true,"Denver County, US-CO, US",39.7654133333,-105.0396195,4,,,,4,,,false,,"","",Cucumis,Melons & Cucumbers,Plantae,54916,Cucurbitaceae,Cucumis
302854662,2025-07-31 15:02:30,2025-07-31,Mountain Time (US & Canada),4547933,casual,0,true,"Denver County, US-CO, US",39.7653966667,-105.0396333333,5,,,,5,,,false,,"","",Alcea rosea,Hollyhock,Plantae,62205,Malvaceae,Alcea
302854680,2025-07-31 15:02:20,2025-07-31,Mountain Time (US & Canada),4547933,casual,0,true,"Denver County, US-CO, US",39.7654033333,-105.0396583333,5,,,,5,,,false,,"",Asteroideae,Asteroideae,,Plantae,632790,Asteraceae,
302854702,2025-07-31 15:02:13,2025-07-31,Mountain Time (US & Canada),4547933,casual,0,true,"Denver County, US-CO, US",39.7654133333,-105.0396333333,5,,,,5,,,false,,"","",Phaseolus,beans,Plantae,72293,Fabaceae,Phaseolus
302854728,2025-07-31 15:02:09,2025-07-31,Mountain Time (US & Canada),4547933,casual,0,true,"Denver County, US-CO, US",39.7654116667,-105.0396195,5,,,,5,,,false,,"",Elegant Zinnia,Zinnia elegans,Elegant Zinnia,Plantae,181901,Asteraceae,Zinnia
302854749,2025-07-31 15:02:00,2025-07-31,Mountain Time (US & Canada),4547933,casual,0,true,"Denver County, US-CO, US",39.76542,-105.0396278333,5,,,,5,,,false,,"",lettuce,Lactuca sativa,lettuce,Plantae,122976,Asteraceae,Lactuca
302854769,2025-07-31 15:01:43,2025-07-31,Mountain Time (US & Canada),4547933,casual,0,true,"Denver County, US-CO, US",39.7654283333,-105.0395583333,5,,,,5,,,false,,"","",Helianthus,sunflowers,Plantae,56955,Asteraceae,Helianthus
302854788,2025-07-31 15:01:39,2025-07-31,Mountain Time (US & Canada),4547933,casual,0,true,"Denver County, US-CO, US",39.76542,-105.0395583333,5,,,,5,,,false,,"",garden cosmos,Cosmos bipinnatus,garden cosmos,Plantae,68562,Asteraceae,Cosmos
302854814,2025-07-31 15:01:00,2025-07-31,Mountain Time (US & Canada),4547933,casual,0,true,"Denver County, US-CO, US",39.7654616667,-105.0396195,6,,,,6,,open,false,,"","",Helianthus annuus,Common Sunflower,Plantae,57983,Asteraceae,Helianthus
302854838,2025-07-31 15:00:50,2025-07-31,Mountain Time (US & Canada),4547933,casual,0,true,"Denver County, US-CO, US",39.7654583333,-105.0395971667,4,,,,4,,,false,,"","",Cosmos bipinnatus,garden cosmos,Plantae,68562,Asteraceae,Cosmos
302854863,2025-07-31 15:00:33,2025-07-31,Mountain Time (US & Canada),4547933,casual,0,true,"Denver County, US-CO, US",39.7655,-105.0395888333,5,,,,5,,,false,,"",garden cosmos,Cosmos bipinnatus,garden cosmos,Plantae,68562,Asteraceae,Cosmos
302855100,2025-07-31 15:00:31,2025-07-31,Mountain Time (US & Canada),4547933,casual,0,true,"Quitman St, Denver, CO, US",39.7655033333,-105.0395888333,4,,,,4,,,false,,"",Elegant Zinnia,Zinnia elegans,Elegant Zinnia,Plantae,181901,Asteraceae,Zinnia
302855245,2025-07-31 15:00:21,2025-07-31,Mountain Time (US & Canada),4547933,casual,0,true,"Denver County, US-CO, US",39.765525,-105.0396055,5,,,,5,,,false,,"",tomato,Solanum lycopersicum,tomato,Plantae,51737,Solanaceae,Solanum
302855279,2025-07-31 15:00:14,2025-07-31,Mountain Time (US & Canada),4547933,casual,0,true,"Denver County, US-CO, US",39.76553,-105.0396111667,5,,,,5,,,false,,"","",Cosmos,Cosmoses,Plantae,68563,Asteraceae,Cosmos
302855311,2025-07-31 15:00:01,2025-07-31,Mountain Time (US & Canada),4547933,casual,0,true,"Denver County, US-CO, US",39.7655533333,-105.0396055,5,,,,5,,open,false,,"","",Cucurbita pepo,American pumpkin,Plantae,76541,Cucurbitaceae,Cucurbita
302855351,2025-07-31 14:59:50,2025-07-31,Mountain Time (US & Canada),4547933,casual,0,true,"Denver County, US-CO, US",39.7655533333,-105.0395971667,5,,,,5,,,false,,"",garden cosmos,Cosmos bipinnatus,garden cosmos,Plantae,68562,Asteraceae,Cosmos
302855397,2025-07-31 14:59:29,2025-07-31,Mountain Time (US & Canada),4547933,casual,0,true,"Denver County, US-CO, US",39.765525,-105.0395666667,6,,,,6,,,false,,"",garden cosmos,Cosmos bipinnatus,garden cosmos,Plantae,68562,Asteraceae,Cosmos
302855417,2025-07-31 14:59:17,2025-07-31,Mountain Time (US & Canada),4547933,casual,0,true,"Denver County, US-CO, US",39.765525,-105.039575,6,,,,6,,open,false,,"",Common Sunflower,Helianthus annuus,Common Sunflower,Plantae,57983,Asteraceae,Helianthus
302855767,2025-07-31 14:59:03,2025-07-31,Mountain Time (US & Canada),4547933,casual,0,true,"Denver County, US-CO, US",39.765505,-105.03955,7,,,,7,,,false,,"","",Solanum lycopersicum,tomato,Plantae,51737,Solanaceae,Solanum
302855794,2025-07-31 14:58:59,2025-07-31,Mountain Time (US & Canada),4547933,casual,0,true,"Denver County, US-CO, US",39.765505,-105.0395445,7,,,,7,,,false,,"","",Cosmos,Cosmoses,Plantae,68563,Asteraceae,Cosmos
302855827,2025-07-31 14:58:57,2025-07-31,Mountain Time (US & Canada),4547933,casual,0,true,"Denver County, US-CO, US",39.7655133333,-105.0395445,8,,,,8,,open,false,,"",American pumpkin,Cucurbita pepo,American pumpkin,Plantae,76541,Cucurbitaceae,Cucurbita
302855856,2025-07-31 14:58:37,2025-07-31,Mountain Time (US & Canada),4547933,casual,0,true,"Denver County, US-CO, US",39.7654833333,-105.0395195,9,,,,9,,open,false,,"",American pumpkin,Cucurbita pepo,American pumpkin,Plantae,76541,Cucurbitaceae,Cucurbita
302855893,2025-07-31 14:58:30,2025-07-31,Mountain Time (US & Canada),4547933,casual,0,true,"Denver County, US-CO, US",39.765475,-105.0395445,8,,,,8,,,false,,"",garden petunia,Petunia × atkinsiana,garden petunia,Plantae,170914,Solanaceae,Petunia
302855924,2025-07-31 14:58:20,2025-07-31,Mountain Time (US & Canada),4547933,casual,0,true,"Denver County, US-CO, US",39.765475,-105.03955,6,,,,6,,,false,,"",Hollyhock,Alcea rosea,Hollyhock,Plantae,62205,Malvaceae,Alcea
302855957,2025-07-31 14:58:10,2025-07-31,Mountain Time (US & Canada),4547933,casual,0,true,"Denver County, US-CO, US",39.7654716667,-105.0395445,5,,,,5,,,false,,"","",Helianthus,sunflowers,Plantae,56955,Asteraceae,Helianthus
302855983,2025-07-31 14:57:58,2025-07-31,Mountain Time (US & Canada),4547933,casual,0,true,"Denver County, US-CO, US",39.7654583333,-105.0395138333,5,,,,5,,,false,,"",carrot family,Apiaceae,carrot family,Plantae,48699,Apiaceae,
302856019,2025-07-31 14:57:46,2025-07-31,Mountain Time (US & Canada),4547933,casual,0,true,"Denver County, US-CO, US",39.7654616667,-105.0395138333,4,,,,4,,,false,,"",tomato,Solanum lycopersicum,tomato,Plantae,51737,Solanaceae,Solanum
302856048,2025-07-31 14:57:40,2025-07-31,Mountain Time (US & Canada),4547933,casual,0,true,"Denver County, US-CO, US",39.7654533333,-105.0395055,4,,,,4,,,false,,"",carnations,Dianthus,carnations,Plantae,60001,Caryophyllaceae,Dianthus
302856080,2025-07-31 14:57:26,2025-07-31,Mountain Time (US & Canada),4547933,casual,0,true,"Denver County, US-CO, US",39.7654283333,-105.0395445,5,,,,5,,,false,,"",Cosmoses,Cosmos,Cosmoses,Plantae,68563,Asteraceae,Cosmos
302856114,2025-07-31 14:57:15,2025-07-31,Mountain Time (US & Canada),4547933,casual,0,true,"Denver County, US-CO, US",39.76538,-105.0394971667,5,,,,5,,,false,,"",galinsogas,Galinsoga,galinsogas,Plantae,48177,Asteraceae,Galinsoga
302856359,2025-07-31 14:57:05,2025-07-31,Mountain Time (US & Canada),4547933,casual,0,true,"Quitman St, Denver, CO, US",39.7653916667,-105.0395195,6,,,,6,,,false,,"",onions,Allium,onions,Plantae,47357,Amaryllidaceae,Allium
302856378,2025-07-31 14:56:59,2025-07-31,Mountain Time (US & Canada),4547933,casual,0,true,"Denver County, US-CO, US",39.7654,-105.0395278333,6,,,,6,,open,false,,"",chili pepper,Capsicum annuum,chili pepper,Plantae,48514,Solanaceae,Capsicum
302856407,2025-07-31 14:56:24,2025-07-31,Mountain Time (US & Canada),4547933,casual,0,true,"Denver County, US-CO, US",39.76537,-105.0394888333,6,,,,6,,,false,,"","",Eruca vesicaria,rocketsalad,Plantae,77058,Brassicaceae,Eruca
302856437,2025-07-31 14:56:12,2025-07-31,Mountain Time (US & Canada),4547933,casual,0,true,"Denver County, US-CO, US",39.7653783333,-105.0394666667,6,,,,6,,,false,,"","",Zinnia elegans,Elegant Zinnia,Plantae,181901,Asteraceae,Zinnia
302856478,2025-07-31 14:56:44,2025-07-31,Mountain Time (US & Canada),4547933,casual,0,true,"Denver County, US-CO, US",39.7653966667,-105.0394833333,4,,,,4,,open,false,,"",spearmint,Mentha spicata,spearmint,Plantae,62652,Lamiaceae,Mentha
302856513,2025-07-31 14:55:58,2025-07-31,Mountain Time (US & Canada),4547933,casual,0,true,"Denver County, US-CO, US",39.7654116667,-105.0395138333,8,,,,8,,,false,,"",tomato,Solanum lycopersicum,tomato,Plantae,51737,Solanaceae,Solanum
302856539,2025-07-31 14:55:50,2025-07-31,Mountain Time (US & Canada),4547933,casual,0,true,"Denver County, US-CO, US",39.7654383333,-105.0395195,10,,,,10,,,false,,"",Hollyhock,Alcea rosea,Hollyhock,Plantae,62205,Malvaceae,Alcea
302856558,2025-07-31 14:55:38,2025-07-31,Mountain Time (US & Canada),4547933,casual,0,true,"Denver County, US-CO, US",39.7654133333,-105.039475,14,,,,14,,,false,,"","",Cosmos,Cosmoses,Plantae,68563,Asteraceae,Cosmos
302856579,2025-07-31 14:55:26,2025-07-31,Mountain Time (US & Canada),4547933,casual,0,true,"Denver County, US-CO, US",39.7653916667,-105.0394833333,5,,,,5,,,false,,"",gourds,Cucurbita,gourds,Plantae,55425,Cucurbitaceae,Cucurbita
302856598,2025-07-31 14:55:18,2025-07-31,Mountain Time (US & Canada),4547933,casual,0,true,"Denver County, US-CO, US",39.7653966667,-105.039475,6,,,,6,,,false,,"",carnations,Dianthus,carnations,Plantae,60001,Caryophyllaceae,Dianthus
302856617,2025-07-31 14:55:04,2025-07-31,Mountain Time (US & Canada),4547933,casual,0,true,"Denver County, US-CO, US",39.76543,-105.0394971667,14,,,,14,,,false,,"","",Helianthus,sunflowers,Plantae,56955,Asteraceae,Helianthus
302856643,2025-07-31 14:54:31,2025-07-31,Mountain Time (US & Canada),4547933,casual,0,true,"Denver County, US-CO, US",39.7654133333,-105.0394528333,5,,,,5,,,false,,"",tomato,Solanum lycopersicum,tomato,Plantae,51737,Solanaceae,Solanum
302856666,2025-07-31 14:54:23,2025-07-31,Mountain Time (US & Canada),4547933,casual,0,true,"Denver County, US-CO, US",39.7654083333,-105.0394528333,5,,,,5,,,false,,"","",Anethum graveolens,Dill,Plantae,75445,Apiaceae,Anethum
302856682,2025-07-31 14:54:13,2025-07-31,Mountain Time (US & Canada),4547933,casual,0,true,"Denver County, US-CO, US",39.76542,-105.0394445,5,,,,5,,,false,,"","",Delphinium ajacis,doubtful knight's-spur,Plantae,401314,Ranunculaceae,Delphinium
302856709,2025-07-31 14:53:50,2025-07-31,Mountain Time (US & Canada),4547933,casual,0,true,"Denver County, US-CO, US",39.7654133333,-105.0394583333,5,,,,5,,,false,,"",Oregano,Origanum vulgare,Oregano,Plantae,61396,Lamiaceae,Origanum
302856728,2025-07-31 14:53:42,2025-07-31,Mountain Time (US & Canada),4547933,casual,0,true,"Denver County, US-CO, US",39.7654116667,-105.0394833333,5,,,,5,,open,false,,"",garden sage,Salvia officinalis,garden sage,Plantae,51738,Lamiaceae,Salvia
302856766,2025-07-31 14:53:30,2025-07-31,Mountain Time (US & Canada),4547933,casual,0,true,"Denver County, US-CO, US",39.7654583333,-105.0394888333,5,,,,5,,,false,,"",geraniums and storksbills,Pelargonium,geraniums and storksbills,Plantae,72281,Geraniaceae,Pelargonium
302856798,2025-07-31 14:53:17,2025-07-31,Mountain Time (US & Canada),4547933,casual,0,true,"Denver County, US-CO, US",39.7654533333,-105.0394583333,5,,,,5,,,false,,"","",Matricaria chamomilla,German Chamomile,Plantae,77965,Asteraceae,Matricaria
302856821,2025-07-31 14:52:59,2025-07-31,Mountain Time (US & Canada),4547933,casual,0,true,"Denver County, US-CO, US",39.765445,-105.0394583333,6,,,,6,,,false,,"",tomato,Solanum lycopersicum,tomato,Plantae,51737,Solanaceae,Solanum
302856858,2025-07-31 14:52:53,2025-07-31,Mountain Time (US & Canada),4547933,casual,0,true,"Denver County, US-CO, US",39.765445,-105.0394583333,7,,,,7,,,false,,"",garden petunia,Petunia × atkinsiana,garden petunia,Plantae,170914,Solanaceae,Petunia
302857104,2025-07-31 14:52:40,2025-07-31,Mountain Time (US & Canada),4547933,casual,0,true,"Quitman St, Denver, CO, US",39.7654533333,-105.0394666667,7,,,,7,,,false,,"",Snapdragon,Antirrhinum majus,Snapdragon,Plantae,48969,Plantaginaceae,Antirrhinum
302857151,2025-07-31 14:52:29,2025-07-31,Mountain Time (US & Canada),4547933,casual,0,true,"Denver County, US-CO, US",39.7654533333,-105.0394666667,7,,,,7,,,false,,"","",Tropaeolum majus,garden nasturtium,Plantae,54329,Tropaeolaceae,Tropaeolum
302857172,2025-07-31 14:52:14,2025-07-31,Mountain Time (US & Canada),4547933,casual,0,true,"Denver County, US-CO, US",39.765495,-105.0394833333,11,,,,11,,,false,,"","",Cosmos,Cosmoses,Plantae,68563,Asteraceae,Cosmos
302857204,2025-07-31 14:51:50,2025-07-31,Mountain Time (US & Canada),4547933,casual,0,true,"Denver County, US-CO, US",39.7654883333,-105.0394583333,11,,,,11,,,false,,"","",Helianthus,sunflowers,Plantae,56955,Asteraceae,Helianthus
302857237,2025-07-31 14:51:56,2025-07-31,Mountain Time (US & Canada),4547933,casual,0,true,"Denver County, US-CO, US",39.7654916667,-105.039475,7,,,,7,,,false,,"",groundcherries,Physalis,groundcherries,Plantae,51733,Solanaceae,Physalis
302857275,2025-07-31 14:52:11,2025-07-31,Mountain Time (US & Canada),4547933,casual,0,true,"Denver County, US-CO, US",39.7655033333,-105.0394666667,13,,,,13,,,false,,"","",Helianthus,sunflowers,Plantae,56955,Asteraceae,Helianthus
302857313,2025-07-31 14:51:18,2025-07-31,Mountain Time (US & Canada),4547933,casual,0,true,"Denver County, US-CO, US",39.7655216667,-105.0394666667,6,,,,6,,,false,,"","",Cosmos bipinnatus,garden cosmos,Plantae,68562,Asteraceae,Cosmos
302857340,2025-07-31 14:51:08,2025-07-31,Mountain Time (US & Canada),4547933,casual,0,true,"Denver County, US-CO, US",39.76553,-105.0394666667,5,,,,5,,,false,,"","",Tagetes erecta,Mexican Marigold,Plantae,79312,Asteraceae,Tagetes
302857371,2025-07-31 14:51:01,2025-07-31,Mountain Time (US & Canada),4547933,casual,0,true,"Denver County, US-CO, US",39.7655533333,-105.0394888333,7,,,,7,,,false,,"","",Cosmos bipinnatus,garden cosmos,Plantae,68562,Asteraceae,Cosmos
302857413,2025-07-31 14:50:47,2025-07-31,Mountain Time (US & Canada),4547933,casual,0,true,"Denver County, US-CO, US",39.7655416667,-105.0394888333,7,,,,7,,open,false,,"","",Helianthus annuus,Common Sunflower,Plantae,57983,Asteraceae,Helianthus
302858218,2025-07-31 14:01:44,2025-07-31,Mountain Time (US & Canada),4547933,casual,0,true,"Denver, CO, US",39.7351333333,-105.0459278333,6,,,,6,,open,false,,"",Large-flowered Tomatillo,Physalis philadelphica,Large-flowered Tomatillo,Plantae,51734,Solanaceae,Physalis
302858247,2025-07-31 14:01:25,2025-07-31,Mountain Time (US & Canada),4547933,casual,0,true,"W Wells Pl, Denver, CO, US",39.7351416667,-105.0459666667,4,,,,4,,,false,,"",doubtful knight's-spur,Delphinium ajacis,doubtful knight's-spur,Plantae,401314,Ranunculaceae,Delphinium
302858291,2025-07-31 14:01:15,2025-07-31,Mountain Time (US & Canada),4547933,casual,0,true,"Denver County, US-CO, US",39.7351283333,-105.0459666667,5,,,,5,,,false,,"",Borage,Borago officinalis,Borage,Plantae,52287,Boraginaceae,Borago
302858327,2025-07-31 14:01:10,2025-07-31,Mountain Time (US & Canada),4547933,casual,0,true,"Denver County, US-CO, US",39.7351133333,-105.0459666667,5,,,,5,,,false,,"",doubtful knight's-spur,Delphinium ajacis,doubtful knight's-spur,Plantae,401314,Ranunculaceae,Delphinium
302858354,2025-07-31 14:01:07,2025-07-31,Mountain Time (US & Canada),4547933,casual,0,true,"Denver County, US-CO, US",39.7351133333,-105.0459583333,5,,,,5,,,false,,"",Asteroideae,Asteroideae,,Plantae,632790,Asteraceae,
302858381,2025-07-31 14:00:56,2025-07-31,Mountain Time (US & Canada),4547933,casual,0,true,"Denver, CO, US",39.73512,-105.0459361667,6,,,,6,,,false,,"",Mint Family,Lamiaceae,Mint Family,Plantae,48623,Lamiaceae,
302858410,2025-07-31 14:00:49,2025-07-31,Mountain Time (US & Canada),4547933,casual,0,true,"Denver County, US-CO, US",39.7351216667,-105.0459361667,7,,,,7,,,false,,"",Melons & Cucumbers,Cucumis,Melons & Cucumbers,Plantae,54916,Cucurbitaceae,Cucumis
302858444,2025-07-31 14:00:36,2025-07-31,Mountain Time (US & Canada),4547933,casual,0,true,"Denver County, US-CO, US",39.7351033333,-105.0458971667,10,,,,10,,,false,,"",field bindweed,Convolvulus arvensis,field bindweed,Plantae,53021,Convolvulaceae,Convolvulus
302858470,2025-07-31 14:00:00,2025-07-31,Mountain Time (US & Canada),4547933,casual,0,true,"Denver County, US-CO, US",39.73513,-105.0458361667,4,,,,4,,,false,,"","",Anethum graveolens,Dill,Plantae,75445,Apiaceae,Anethum
302858487,2025-07-31 13:59:50,2025-07-31,Mountain Time (US & Canada),4547933,casual,0,true,"Denver County, US-CO, US",39.73512,-105.045775,4,,,,4,,,false,,"",tomato,Solanum lycopersicum,tomato,Plantae,51737,Solanaceae,Solanum
302858509,2025-07-31 13:59:30,2025-07-31,Mountain Time (US & Canada),4547933,casual,0,true,"Denver County, US-CO, US",39.7351083333,-105.0457388333,6,,,,6,,open,false,,"",showy milkweed,Asclepias speciosa,showy milkweed,Plantae,62292,Apocynaceae,Asclepias
302858538,2025-07-31 13:59:16,2025-07-31,Mountain Time (US & Canada),4547933,casual,0,true,"Denver County, US-CO, US",39.7351383333,-105.045775,8,,,,8,,,false,,"","",Helianthus,sunflowers,Plantae,56955,Asteraceae,Helianthus
302858559,2025-07-31 13:58:59,2025-07-31,Mountain Time (US & Canada),4547933,casual,0,true,"Denver County, US-CO, US",39.73512,-105.0457305,10,,,,10,,,false,,"","",Delosperma cooperi,pink trailing iceplant,Plantae,144018,Aizoaceae,Delosperma
302858583,2025-07-31 13:58:52,2025-07-31,Mountain Time (US & Canada),4547933,casual,0,true,"Denver County, US-CO, US",39.73512,-105.0457305,10,,,,10,,open,false,,"",common yarrow,Achillea millefolium,common yarrow,Plantae,52821,Asteraceae,Achillea
302858609,2025-07-31 13:58:36,2025-07-31,Mountain Time (US & Canada),4547933,casual,0,true,"Denver County, US-CO, US",39.73512,-105.0457221667,13,,,,13,,,false,,"",Elegant Zinnia,Zinnia elegans,Elegant Zinnia,Plantae,181901,Asteraceae,Zinnia
302858632,2025-07-31 13:58:26,2025-07-31,Mountain Time (US & Canada),4547933,casual,0,true,"Denver County, US-CO, US",39.7351416667,-105.0457528333,4,,,,4,,,false,,"","",Fragaria,strawberries,Plantae,50299,Rosaceae,Fragaria
302858652,2025-07-31 13:58:15,2025-07-31,Mountain Time (US & Canada),4547933,casual,0,true,"W Wells Pl, Denver, CO, US",39.7351416667,-105.0457083333,4,,,,4,,,false,,"","",Helianthus,sunflowers,Plantae,56955,Asteraceae,Helianthus
302858673,2025-07-31 13:58:09,2025-07-31,Mountain Time (US & Canada),4547933,casual,0,true,"Denver County, US-CO, US",39.7351533333,-105.0456861667,6,,,,6,,,false,,"","",Helianthus,sunflowers,Plantae,56955,Asteraceae,Helianthus
302858695,2025-07-31 13:57:39,2025-07-31,Mountain Time (US & Canada),4547933,casual,0,true,"Denver County, US-CO, US",39.7351416667,-105.0456778333,6,,,,6,,,false,,"",nightshades and allies,Solanoideae,nightshades and allies,Plantae,634936,Solanaceae,
302858729,2025-07-31 13:57:22,2025-07-31,Mountain Time (US & Canada),4547933,casual,0,true,"Denver, CO, US",39.7351216667,-105.0456555,4,,,,4,,,false,,"",creeping thistle,Cirsium arvense,creeping thistle,Plantae,60132,Asteraceae,Cirsium
302859795,2025-07-31 13:57:12,2025-07-31,Mountain Time (US & Canada),4547933,casual,0,true,"W Wells Pl, Denver, CO, US",39.73513,-105.0456695,4,,,,4,,,false,,"","",Cucumis,Melons & Cucumbers,Plantae,54916,Cucurbitaceae,Cucumis
302859830,2025-07-31 13:56:10,2025-07-31,Mountain Time (US & Canada),4547933,casual,0,true,"Denver County, US-CO, US",39.7351583333,-105.0456388333,4,,,,4,,,false,,"",Mealy Blue Sage,Salvia farinacea,Mealy Blue Sage,Plantae,148006,Lamiaceae,Salvia
302859872,2025-07-31 13:56:19,2025-07-31,Mountain Time (US & Canada),4547933,casual,0,true,"Denver, CO, US",39.73515,-105.0456388333,8,,,,8,,,false,,"",balsams,Impatiens,balsams,Plantae,47889,Balsaminaceae,Impatiens
302864206,2025-07-31 11:47:03,2025-07-31,Mountain Time (US & Canada),4527251,casual,0,true,"Independence St, Lakewood, CO, US",39.736913735,-105.1061828695,7,,,,7,,,false,,,,Allium sativum,Garlic,Plantae,75363,Amaryllidaceae,Allium
302864617,2025-07-31 11:47:48,2025-07-31,Mountain Time (US & Canada),4527251,casual,0,true,"Independence St, Lakewood, CO, US",39.7369180049,-105.106196731,3,,,,3,,,false,,,,Dahlia pinnata,Garden Dahlia,Plantae,161582,Asteraceae,Dahlia
302864634,2025-07-31 11:48:34,2025-07-31,Mountain Time (US & Canada),4527251,needs_id,0,false,"Independence St, Lakewood, CO, US",39.7368920299,-105.1061047013,5,,,,5,,,false,,,Cornflower,Centaurea cyanus,Cornflower,Plantae,933404,Asteraceae,Centaurea
302885782,2025-08-01 09:58:40,2025-08-01,Mountain Time (US & Canada),4547933,casual,0,true,"Blake St, Denver, CO, US",39.750623565,-104.9982158315,18,,,,18,,,false,,"",New Guinea Impatiens,Impatiens hawkeri,New Guinea Impatiens,Plantae,349271,Balsaminaceae,Impatiens
302885884,2025-08-01 09:59:34,2025-08-01,Mountain Time (US & Canada),4547933,casual,0,true,"Blake St, Denver, CO, US",39.7507263825,-104.9980970966,20,,,,20,,,false,,"",New Guinea Impatiens,Impatiens hawkeri,New Guinea Impatiens,Plantae,349271,Balsaminaceae,Impatiens
302886007,2025-08-01 10:00:10,2025-08-01,Mountain Time (US & Canada),4547933,casual,1,true,"Blake St, Denver, CO, US",39.7507169132,-104.9980476811,19,,,,19,,,false,,"",petunias,Petunia,petunias,Plantae,55406,Solanaceae,Petunia
302886225,2025-08-01 10:01:07,2025-08-01,Mountain Time (US & Canada),4547933,casual,0,true,"Blake St, Denver, CO, US",39.7507894386,-104.997998701,21,,,,21,,,false,,"",Garden Canna,Canna × hybrida,Garden Canna,Plantae,1535043,Cannaceae,Canna
302886283,2025-08-01 10:01:28,2025-08-01,Mountain Time (US & Canada),4547933,casual,0,true,"Blake St, Denver, CO, US",39.7508195607,-104.9980532565,23,,,,23,,,false,,"","",Dahlia pinnata,Garden Dahlia,Plantae,161582,Asteraceae,Dahlia
302886389,2025-08-01 10:01:45,2025-08-01,Mountain Time (US & Canada),4547933,casual,0,true,"Blake St, Denver, CO, US",39.7508118305,-104.998102462,16,,,,16,,,false,,"","",Dahlia pinnata,Garden Dahlia,Plantae,161582,Asteraceae,Dahlia
302886475,2025-08-01 10:02:05,2025-08-01,Mountain Time (US & Canada),4547933,casual,0,true,"Blake St, Denver, CO, US",39.750684893,-104.9981379452,8,,,,8,,,false,,"",New Guinea Impatiens,Impatiens hawkeri,New Guinea Impatiens,Plantae,349271,Balsaminaceae,Impatiens
302886588,2025-08-01 10:02:30,2025-08-01,Mountain Time (US & Canada),4547933,casual,0,true,"Blake St, Denver, CO, US",39.7507070753,-104.9981712758,9,,,,9,,,false,,"",New Guinea Impatiens,Impatiens hawkeri,New Guinea Impatiens,Plantae,349271,Balsaminaceae,Impatiens
302886691,2025-08-01 10:03:01,2025-08-01,Mountain Time (US & Canada),4547933,casual,0,true,"Blake St, Denver, CO, US",39.7505807404,-104.998144685,19,,,,19,,,false,,"",New Guinea Impatiens,Impatiens hawkeri,New Guinea Impatiens,Plantae,349271,Balsaminaceae,Impatiens
302886974,2025-08-01 10:03:50,2025-08-01,Mountain Time (US & Canada),4547933,casual,0,true,"Blake St, Denver, CO, US",39.7507952845,-104.9977418328,14,,,,14,,,false,,"","",Zinnia elegans,Elegant Zinnia,Plantae,181901,Asteraceae,Zinnia
302887076,2025-08-01 10:05:02,2025-08-01,Mountain Time (US & Canada),4547933,casual,0,true,"Blake St, Denver, CO, US",39.7508759694,-104.9979944438,20,,,,20,,,false,,"","",Dahlia pinnata,Garden Dahlia,Plantae,161582,Asteraceae,Dahlia
302887158,2025-08-01 10:05:20,2025-08-01,Mountain Time (US & Canada),4547933,casual,0,true,"Blake St, Denver, CO, US",39.7509434003,-104.9983437804,54,,,,54,,,false,,"","",Rudbeckia,black-eyed Susans and coneflowers,Plantae,62742,Asteraceae,Rudbeckia
302887227,2025-08-01 10:05:41,2025-08-01,Mountain Time (US & Canada),4547933,casual,0,true,"16th Street Mall, Denver, CO, US",39.7507429535,-104.998318494,22,,,,22,,,false,,"","",Cucumis sativus,Cucumber,Plantae,54919,Cucurbitaceae,Cucumis
302887287,2025-08-01 10:06:04,2025-08-01,Mountain Time (US & Canada),4547933,casual,0,true,"Blake St, Denver, CO, US",39.7508376002,-104.9980563081,21,,,,21,,,false,,"","",Solanum lycopersicum,tomato,Plantae,51737,Solanaceae,Solanum
302887351,2025-08-01 10:06:25,2025-08-01,Mountain Time (US & Canada),4547933,casual,0,true,"Blake St, Denver, CO, US",39.7508889954,-104.9980107084,21,,,,21,,,false,,"","",Solanum lycopersicum,tomato,Plantae,51737,Solanaceae,Solanum
302887420,2025-08-01 10:06:43,2025-08-01,Mountain Time (US & Canada),4547933,casual,0,true,"Blake St, Denver, CO, US",39.7506799816,-104.998466711,34,,,,34,,,false,,"","",Cleome houtteana,Spider flower,Plantae,559683,Cleomaceae,Cleome
302887511,2025-08-01 10:07:05,2025-08-01,Mountain Time (US & Canada),4547933,casual,0,true,"Blake St, Denver, CO, US",39.7506774747,-104.9984226623,23,,,,23,,,false,,"","",Salvia,Sages,Plantae,50644,Lamiaceae,Salvia
302887608,2025-08-01 10:07:04,2025-08-01,Mountain Time (US & Canada),4527251,casual,0,true,"Market St, Denver, CO, US",39.7508257289,-104.9976555551,58,,,,58,,,false,,,,Rudbeckia,black-eyed Susans and coneflowers,Plantae,62742,Asteraceae,Rudbeckia
302887621,2025-08-01 10:07:22,2025-08-01,Mountain Time (US & Canada),4547933,casual,0,true,"Blake St, Denver, CO, US",39.7509184424,-104.9979629091,21,,,,21,,,false,,"","",Tagetes,Marigolds,Plantae,72389,Asteraceae,Tagetes
302887704,2025-08-01 10:07:52,2025-08-01,Mountain Time (US & Canada),4547933,casual,0,true,"16th Street Mall, Denver, CO, US",39.7508508428,-104.9980526719,19,,,,19,,,false,,"","",Cleome houtteana,Spider flower,Plantae,559683,Cleomaceae,Cleome
302887789,2025-08-01 10:08:09,2025-08-01,Mountain Time (US & Canada),4547933,casual,0,true,"Blake St, Denver, CO, US",39.7509592598,-104.9979766345,23,,,,23,,,false,,"","",Rudbeckia,black-eyed Susans and coneflowers,Plantae,62742,Asteraceae,Rudbeckia
302887873,2025-08-01 10:08:30,2025-08-01,Mountain Time (US & Canada),4547933,casual,0,true,"Blake St, Denver, CO, US",39.7509722312,-104.9979846736,16,,,,16,,,false,,"","",Salvia,Sages,Plantae,50644,Lamiaceae,Salvia
302887936,2025-08-01 10:08:52,2025-08-01,Mountain Time (US & Canada),4547933,casual,0,true,"Blake St, Denver, CO, US",39.7506985808,-104.9983873325,8,,,,8,,,false,,"","",Eruca vesicaria,rocketsalad,Plantae,77058,Brassicaceae,Eruca
302887972,2025-08-01 10:08:36,2025-08-01,Mountain Time (US & Canada),4527251,needs_id,0,false,"Market St, Denver, CO, US",39.7508492751,-104.9977513079,58,,,,58,,,false,,,Sages,Salvia,Sages,Plantae,50644,Lamiaceae,Salvia
302888006,2025-08-01 10:09:15,2025-08-01,Mountain Time (US & Canada),4547933,casual,0,true,"Blake St, Denver, CO, US",39.7508493594,-104.9980605829,21,,,,21,,,false,,"","",Cucumis sativus,Cucumber,Plantae,54919,Cucurbitaceae,Cucumis
302888151,2025-08-01 10:09:43,2025-08-01,Mountain Time (US & Canada),4547933,casual,0,true,"Blake St, Denver, CO, US",39.7507942396,-104.9978904922,9,,,,9,,,false,,"","",Cucurbita,gourds,Plantae,55425,Cucurbitaceae,Cucurbita
302888258,2025-08-01 10:10:24,2025-08-01,Mountain Time (US & Canada),4547933,casual,0,true,"Market St, Denver, CO, US",39.7507644424,-104.9978675507,8,,,,8,,,false,,"","",Solanum lycopersicum,tomato,Plantae,51737,Solanaceae,Solanum
302888356,2025-08-01 10:10:48,2025-08-01,Mountain Time (US & Canada),4547933,casual,0,true,"17th St, Denver, CO, US",39.7509274355,-104.9979535977,13,,,,13,,,false,,"","",Achillea,yarrows,Plantae,52818,Asteraceae,Achillea
302888426,2025-08-01 10:11:11,2025-08-01,Mountain Time (US & Canada),4547933,casual,0,true,"Blake St, Denver, CO, US",39.7507662612,-104.9979643776,6,,,,6,,,false,,"","",Rudbeckia,black-eyed Susans and coneflowers,Plantae,62742,Asteraceae,Rudbeckia
302888440,2025-08-01 10:10:08,2025-08-01,Mountain Time (US & Canada),4527251,needs_id,0,false,"Market St, Denver, CO, US",39.7508319021,-104.9977043271,58,,,,58,,,false,,,Sages,Salvia,Sages,Plantae,50644,Lamiaceae,Salvia
302888514,2025-08-01 10:11:30,2025-08-01,Mountain Time (US & Canada),4547933,casual,0,true,"Blake St, Denver, CO, US",39.7509225111,-104.9979504667,14,,,,14,,,false,,"","",Solanoideae,nightshades and allies,Plantae,634936,Solanaceae,
302888516,2025-08-01 10:06:33,2025-08-01,Mountain Time (US & Canada),4527251,needs_id,0,false,"Market St, Denver, CO, US",39.7507960431,-104.9977152879,58,,,,58,,,false,,,,Rudbeckia hirta,black-eyed Susan,Plantae,62741,Asteraceae,Rudbeckia
302888552,2025-08-01 10:08:07,2025-08-01,Mountain Time (US & Canada),4527251,needs_id,0,false,"Market St, Denver, CO, US",39.750822105,-104.9977658859,58,,,,58,,,false,,,,Asteroideae,,Plantae,632790,Asteraceae,
302888595,2025-08-01 10:11:56,2025-08-01,Mountain Time (US & Canada),4547933,casual,0,true,"Blake St, Denver, CO, US",39.7506780115,-104.9980311482,7,,,,7,,,false,,"","",Cucurbita maxima,winter squash,Plantae,122866,Cucurbitaceae,Cucurbita
302888654,2025-07-31 11:47:33,2025-07-31,Mountain Time (US & Canada),4527251,casual,0,true,"Independence St, Lakewood, CO, US",39.7369596634,-105.1062293403,4,,,,4,,,false,,,,Solanum lycopersicum,tomato,Plantae,51737,Solanaceae,Solanum
302888678,2025-07-31 11:49:03,2025-07-31,Mountain Time (US & Canada),4527251,research,0,false,"Independence St, Lakewood, CO, US",39.7369107711,-105.1060940265,5,,,,5,,,false,,,Catnip,Nepeta cataria,Catnip,Plantae,48622,Lamiaceae,Nepeta
302888687,2025-08-01 10:12:22,2025-08-01,Mountain Time (US & Canada),4547933,casual,0,true,"Blake St, Denver, CO, US",39.7508243832,-104.9978924674,19,,,,19,,open,false,,"","",Helianthus annuus,Common Sunflower,Plantae,57983,Asteraceae,Helianthus
302888739,2025-07-31 11:49:21,2025-07-31,Mountain Time (US & Canada),4527251,casual,0,true,"Independence St, Lakewood, CO, US",39.7369441698,-105.1061397148,3,,,,3,,,false,,,,Dahlia pinnata,Garden Dahlia,Plantae,161582,Asteraceae,Dahlia
302888761,2025-07-31 11:49:48,2025-07-31,Mountain Time (US & Canada),4527251,research,0,false,"Independence St, Lakewood, CO, US",39.7369055063,-105.1061819176,6,,,,6,,,false,,,California poppy,Eschscholzia californica,California poppy,Plantae,48225,Papaveraceae,Eschscholzia
302888798,2025-07-31 11:50:31,2025-07-31,Mountain Time (US & Canada),4527251,needs_id,0,false,"Independence St, Lakewood, CO, US",39.7369297408,-105.1061048639,3,,,,3,,,false,,,,Cucumis sativus,Cucumber,Plantae,54919,Cucurbitaceae,Cucumis
302888826,2025-07-31 11:51:35,2025-07-31,Mountain Time (US & Canada),4527251,needs_id,0,false,"Independence St, Lakewood, CO, US",39.7369198501,-105.1061536466,4,,,,4,,,false,,,,Nigella damascena,love-in-a-mist,Plantae,62313,Ranunculaceae,Nigella
302888855,2025-07-31 11:51:52,2025-07-31,Mountain Time (US & Canada),4527251,casual,0,true,"Independence St, Lakewood, CO, US",39.7369155335,-105.1061875933,3,,,,3,,,false,,,,Cucurbita maxima,winter squash,Plantae,122866,Cucurbitaceae,Cucurbita
302888937,2025-07-31 11:53:58,2025-07-31,Mountain Time (US & Canada),4527251,research,0,false,"Independence St, Lakewood, CO, US",39.7368846464,-105.1063954395,9,,,,9,,,false,,,Cornflower,Centaurea cyanus,Cornflower,Plantae,933404,Asteraceae,Centaurea
302888986,2025-07-31 11:55:27,2025-07-31,Mountain Time (US & Canada),4527251,needs_id,0,false,"Independence St, Lakewood, CO, US",39.7368817625,-105.1061855184,3,,,,3,,,false,,,,Brassiceae,,Plantae,574731,Brassicaceae,
302889047,2025-07-31 11:55:51,2025-07-31,Mountain Time (US & Canada),4527251,needs_id,0,false,"Independence St, Lakewood, CO, US",39.7368989005,-105.1062405411,3,,,,3,,,false,,,,Apioideae,,Plantae,790553,Apiaceae,
302889082,2025-08-01 10:12:46,2025-08-01,Mountain Time (US & Canada),4547933,casual,0,true,"Market St, Denver, CO, US",39.7509360171,-104.9978365266,22,,,,22,,,false,,"","",Dahlia,Dahlias,Plantae,58465,Asteraceae,Dahlia
302889123,2025-07-31 11:56:16,2025-07-31,Mountain Time (US & Canada),4527251,research,0,false,"Independence St, Lakewood, CO, US",39.7368685958,-105.1062694016,4,,,,4,,,false,,,field bindweed,Convolvulus arvensis,field bindweed,Plantae,53021,Convolvulaceae,Convolvulus
302889165,2025-07-31 11:56:33,2025-07-31,Mountain Time (US & Canada),4527251,needs_id,0,false,"Independence St, Lakewood, CO, US",39.7368826755,-105.1062598596,3,,,,3,,,false,,,,Citrullus lanatus,Watermelon,Plantae,70054,Cucurbitaceae,Citrullus
302889188,2025-07-31 11:57:14,2025-07-31,Mountain Time (US & Canada),4527251,casual,0,true,"Independence St, Lakewood, CO, US",39.7368640284,-105.1062070629,3,,,,3,,,false,,,,Tagetes,Marigolds,Plantae,72389,Asteraceae,Tagetes
302889215,2025-07-31 11:57:42,2025-07-31,Mountain Time (US & Canada),4527251,research,0,false,"Independence St, Lakewood, CO, US",39.7368863759,-105.1061501413,3,,,,3,,,false,,,Catnip,Nepeta cataria,Catnip,Plantae,48622,Lamiaceae,Nepeta
302889242,2025-07-31 11:58:11,2025-07-31,Mountain Time (US & Canada),4527251,casual,0,true,"Independence St, Lakewood, CO, US",39.7368810629,-105.1061751403,3,,,,3,,,false,,,,Cucurbita,gourds,Plantae,55425,Cucurbitaceae,Cucurbita
302889374,2025-07-31 11:59:27,2025-07-31,Mountain Time (US & Canada),4527251,research,0,false,"Independence St, Lakewood, CO, US",39.7368579919,-105.1062441242,8,,,,8,,,false,,,Borage,Borago officinalis,Borage,Plantae,52287,Boraginaceae,Borago
302889412,2025-08-01 10:14:51,2025-08-01,Mountain Time (US & Canada),4527251,casual,1,true,"17th St, Denver, CO, US",39.7508935255,-104.9978329096,58,,,,58,,,false,,,petunias,Petunia,petunias,Plantae,55406,Solanaceae,Petunia
302889463,2025-08-01 10:15:13,2025-08-01,Mountain Time (US & Canada),4547933,casual,0,true,"17th St, Denver, CO, US",39.7508758197,-104.9977775883,10,,,,10,,,false,,"","",Ocimum,Basils,Plantae,61399,Lamiaceae,Ocimum
302889571,2025-08-01 10:15:35,2025-08-01,Mountain Time (US & Canada),4547933,casual,0,true,"Market St, Denver, CO, US",39.7508846769,-104.9977217545,8,,,,8,,,false,,"","",Achillea filipendulina,Fern-leaf Yarrow,Plantae,157924,Asteraceae,Achillea
302889750,2025-08-01 10:16:10,2025-08-01,Mountain Time (US & Canada),4547933,casual,1,true,"17th St, Denver, CO, US",39.7509160277,-104.9979342243,22,,,,22,,,false,,"",petunias,Petunia,petunias,Plantae,55406,Solanaceae,Petunia
302889790,2025-08-01 10:16:22,2025-08-01,Mountain Time (US & Canada),4527251,casual,0,true,"Market St, Denver, CO, US",39.7508012409,-104.9977108827,58,,,,58,,,false,,,,Mandevilla sanderi,Brazilian jasmine,Plantae,327733,Apocynaceae,Mandevilla
302889829,2025-08-01 10:16:37,2025-08-01,Mountain Time (US & Canada),4547933,casual,0,true,"Market St, Denver, CO, US",39.7507654801,-104.9978136239,17,,,,17,,open,false,,"","",Lavandula angustifolia,Common Lavender,Plantae,133395,Lamiaceae,Lavandula
302889924,2025-08-01 10:03:28,2025-08-01,Mountain Time (US & Canada),4527251,casual,0,true,"Market St, Denver, CO, US",39.7509547676,-104.9978270457,21,,,,21,,,false,,,,Tagetes,Marigolds,Plantae,72389,Asteraceae,Tagetes
302889956,2025-08-01 10:17:07,2025-08-01,Mountain Time (US & Canada),4547933,casual,0,true,"Market St, Denver, CO, US",39.7509539749,-104.9979613746,17,,,,17,,,false,,"",moss rose,Portulaca grandiflora,moss rose,Plantae,167309,Portulacaceae,Portulaca
302890075,2025-08-01 10:17:31,2025-08-01,Mountain Time (US & Canada),4527251,casual,0,true,"Market St, Denver, CO, US",39.7508212786,-104.9977110978,58,,,,58,,,false,,,,Capsicum,peppers,Plantae,48517,Solanaceae,Capsicum
302890100,2025-08-01 10:17:34,2025-08-01,Mountain Time (US & Canada),4547933,casual,0,true,"17th St, Denver, CO, US",39.7508318246,-104.9978299704,14,,,,14,,,false,,"","",Cucumis sativus,Cucumber,Plantae,54919,Cucurbitaceae,Cucumis
302890171,2025-08-01 10:18:01,2025-08-01,Mountain Time (US & Canada),4547933,casual,0,true,"Market St, Denver, CO, US",39.7507867059,-104.997844182,14,,,,14,,,false,,"","",Dahlia pinnata,Garden Dahlia,Plantae,161582,Asteraceae,Dahlia
302890230,2025-08-01 10:18:11,2025-08-01,Mountain Time (US & Canada),4527251,casual,0,true,"Market St, Denver, CO, US",39.7508169286,-104.9977620358,58,,,,58,,,false,,,,Solanum lycopersicum,tomato,Plantae,51737,Solanaceae,Solanum
302890386,2025-08-01 10:18:54,2025-08-01,Mountain Time (US & Canada),4527251,casual,0,true,"Market St, Denver, CO, US",39.7508343144,-104.9978380674,58,,,,58,,,false,,,,Capsicum,peppers,Plantae,48517,Solanaceae,Capsicum
302890475,2025-08-01 10:18:21,2025-08-01,Mountain Time (US & Canada),4547933,casual,0,true,"Blake St, Denver, CO, US",39.7509175075,-104.9978936783,22,,,,22,,,false,,"","",Lonicera,honeysuckles,Plantae,51874,Caprifoliaceae,Lonicera
302890665,2025-08-01 10:19:38,2025-08-01,Mountain Time (US & Canada),4547933,casual,0,true,"17th St, Denver, CO, US",39.7509462235,-104.9978982354,17,,,,17,,,false,,"",prickly lettuce,Lactuca serriola,prickly lettuce,Plantae,53107,Asteraceae,Lactuca
302890735,2025-08-01 10:19:52,2025-08-01,Mountain Time (US & Canada),4527251,casual,0,true,"17th St, Denver, CO, US",39.7508842849,-104.9978230554,58,,,,58,,,false,,,,Solanum lycopersicum,tomato,Plantae,51737,Solanaceae,Solanum
302890768,2025-08-01 10:20:04,2025-08-01,Mountain Time (US & Canada),4547933,casual,0,true,"17th St, Denver, CO, US",39.7509574937,-104.9979430711,17,,,,17,,open,false,,"","",Lavandula angustifolia,Common Lavender,Plantae,133395,Lamiaceae,Lavandula
302890864,2025-08-01 10:20:26,2025-08-01,Mountain Time (US & Canada),4547933,casual,0,true,"Market St, Denver, CO, US",39.7509081635,-104.9978360249,14,,,,14,,,false,,"","",Amaranthoideae,,Plantae,929251,Amaranthaceae,
302890886,2025-08-01 10:20:28,2025-08-01,Mountain Time (US & Canada),4527251,casual,0,true,"Market St, Denver, CO, US",39.7508432261,-104.9977817412,58,,,,58,,,false,,,,Cucumis sativus,Cucumber,Plantae,54919,Cucurbitaceae,Cucumis
302890940,2025-08-01 10:20:44,2025-08-01,Mountain Time (US & Canada),4547933,casual,1,true,"17th St, Denver, CO, US",39.7509824466,-104.9979426651,21,,,,21,,,false,,"",petunias,Petunia,petunias,Plantae,55406,Solanaceae,Petunia
302891026,2025-08-01 10:21:02,2025-08-01,Mountain Time (US & Canada),4527251,casual,0,true,"Market St, Denver, CO, US",39.750793634,-104.9977244338,58,,,,58,,,false,,,,Celosia,Cockscombs,Plantae,127364,Amaranthaceae,Celosia
302891172,2025-08-01 10:21:43,2025-08-01,Mountain Time (US & Canada),4527251,casual,0,true,"Market St, Denver, CO, US",39.7507965227,-104.9977556722,58,,,,58,,,false,,,,Petunioideae,petunias and allies,Plantae,634933,Solanaceae,
302891303,2025-08-01 10:22:26,2025-08-01,Mountain Time (US & Canada),4527251,casual,0,true,"Market St, Denver, CO, US",39.7508069331,-104.9977519658,58,,,,58,,open,false,,,,Lavandula angustifolia,Common Lavender,Plantae,133395,Lamiaceae,Lavandula
302891432,2025-08-01 10:22:57,2025-08-01,Mountain Time (US & Canada),4527251,casual,0,true,"Market St, Denver, CO, US",39.7508500514,-104.9978287302,58,,,,58,,,false,,,,Solanum lycopersicum,tomato,Plantae,51737,Solanaceae,Solanum
302891733,2025-08-01 10:24:12,2025-08-01,Mountain Time (US & Canada),4527251,casual,0,true,"Market St, Denver, CO, US",39.7508547798,-104.9978191675,58,,,,58,,,false,,,,Lantana,Lantanas,Plantae,50334,Verbenaceae,Lantana
302891831,2025-08-01 10:24:49,2025-08-01,Mountain Time (US & Canada),4527251,needs_id,0,false,"Market St, Denver, CO, US",39.7508543487,-104.997760695,58,,,,58,,,false,,,,Mentha,mints,Plantae,54570,Lamiaceae,Mentha
302893139,2025-07-31 11:53:13,2025-07-31,Mountain Time (US & Canada),4527251,casual,0,true,"Independence St, Lakewood, CO, US",39.7369128932,-105.1062232164,3,,,,3,,,false,,,,Solanum lycopersicum,tomato,Plantae,51737,Solanaceae,Solanum
302893179,2025-07-31 11:59:47,2025-07-31,Mountain Time (US & Canada),4527251,research,0,false,"Independence St, Lakewood, CO, US",39.736813029,-105.1062914635,4,,,,4,,,false,,,California poppy,Eschscholzia californica,California poppy,Plantae,48225,Papaveraceae,Eschscholzia
302893219,2025-07-31 12:00:02,2025-07-31,Mountain Time (US & Canada),4527251,casual,0,true,"Independence St, Lakewood, CO, US",39.7368721626,-105.1062611068,3,,,,3,,,false,,,,Antirrhinum majus,Snapdragon,Plantae,48969,Plantaginaceae,Antirrhinum
302893259,2025-07-31 12:00:26,2025-07-31,Mountain Time (US & Canada),4527251,casual,0,true,"Independence St, Lakewood, CO, US",39.7369140991,-105.1062624236,4,,,,4,,,false,,,,Anethum graveolens,Dill,Plantae,75445,Apiaceae,Anethum
302893278,2025-07-31 13:13:49,2025-07-31,Mountain Time (US & Canada),4527251,needs_id,0,false,"Denver, CO, US",39.7352072597,-105.0461470989,4,,,,4,,,false,,,coneflowers,Echinacea,coneflowers,Plantae,48628,Asteraceae,Echinacea
302893306,2025-07-31 13:14:32,2025-07-31,Mountain Time (US & Canada),4527251,casual,0,true,"Vrain St, Denver, CO, US",39.7353132069,-105.0461695624,14,,,,14,,,false,,,,Salvia nemorosa,Purple Wood Sage,Plantae,168387,Lamiaceae,Salvia
302893336,2025-07-31 13:15:11,2025-07-31,Mountain Time (US & Canada),4527251,casual,0,true,"W Wells Pl, Denver, CO, US",39.7352042422,-105.0461721608,5,,,,5,,,false,,,,Zinnia elegans,Elegant Zinnia,Plantae,181901,Asteraceae,Zinnia
302893360,2025-07-31 13:15:35,2025-07-31,Mountain Time (US & Canada),4527251,casual,0,true,"Denver, CO, US",39.7352195811,-105.0461671316,3,,,,3,,,false,,,,Calendula officinalis,pot marigold,Plantae,75931,Asteraceae,Calendula
302893378,2025-07-31 13:16:02,2025-07-31,Mountain Time (US & Canada),4527251,casual,0,true,"Denver, CO, US",39.7352108639,-105.0461713226,4,,,,4,,,false,,,,Zinnia elegans,Elegant Zinnia,Plantae,181901,Asteraceae,Zinnia
302893404,2025-07-31 13:16:24,2025-07-31,Mountain Time (US & Canada),4527251,research,0,false,"Denver, CO, US",39.735170044,-105.0461776928,3,,,,3,,open,false,,,Balkan toadflax,Linaria dalmatica,Balkan toadflax,Plantae,77776,Plantaginaceae,Linaria
302893434,2025-07-31 13:16:50,2025-07-31,Mountain Time (US & Canada),4527251,research,0,false,"W Wells Pl, Denver, CO, US",39.7352175275,-105.0461130683,5,,,,5,,,false,,,field bindweed,Convolvulus arvensis,field bindweed,Plantae,53021,Convolvulaceae,Convolvulus
302893458,2025-07-31 13:17:09,2025-07-31,Mountain Time (US & Canada),4527251,casual,0,true,"Denver, CO, US",39.7352100257,-105.0461273176,3,,,,3,,,false,,,,Dahlia pinnata,Garden Dahlia,Plantae,161582,Asteraceae,Dahlia
302893484,2025-07-31 13:17:24,2025-07-31,Mountain Time (US & Canada),4527251,research,0,false,"W Wells Pl, Denver, CO, US",39.7352090199,-105.0461608452,7,,,,7,,,false,,,Catnip,Nepeta cataria,Catnip,Plantae,48622,Lamiaceae,Nepeta
302893522,2025-07-31 13:18:15,2025-07-31,Mountain Time (US & Canada),4527251,casual,0,true,"Denver, CO, US",39.7351626261,-105.0461553969,4,,,,4,,,false,,,,Tagetes,Marigolds,Plantae,72389,Asteraceae,Tagetes
302893571,2025-07-31 13:18:39,2025-07-31,Mountain Time (US & Canada),4527251,casual,0,true,"Denver, CO, US",39.7352635861,-105.0460044389,6,,,,6,,,false,,,,Solanum lycopersicum,tomato,Plantae,51737,Solanaceae,Solanum
302893596,2025-07-31 13:23:21,2025-07-31,Mountain Time (US & Canada),4527251,casual,0,true,"Denver, CO, US",39.735221064,-105.0461506207,4,,,,4,,,false,,,,Zinnia elegans,Elegant Zinnia,Plantae,181901,Asteraceae,Zinnia
302893608,2025-07-31 13:23:42,2025-07-31,Mountain Time (US & Canada),4527251,casual,0,true,"Denver, CO, US",39.7352275586,-105.0461404868,3,,,,3,,,false,,,,Tagetes,Marigolds,Plantae,72389,Asteraceae,Tagetes
302893633,2025-07-31 13:23:57,2025-07-31,Mountain Time (US & Canada),4527251,research,0,false,"Lakewood Dry Gulch Trail, Denver, CO, US",39.7351816001,-105.0460452281,5,,,,5,,,false,,,field bindweed,Convolvulus arvensis,field bindweed,Plantae,53021,Convolvulaceae,Convolvulus
302893653,2025-07-31 13:24:41,2025-07-31,Mountain Time (US & Canada),4527251,casual,0,true,"Denver, CO, US",39.7352122704,-105.046127322,6,,,,6,,,false,,,,Salvia nemorosa,Purple Wood Sage,Plantae,168387,Lamiaceae,Salvia
302893682,2025-07-31 13:25:00,2025-07-31,Mountain Time (US & Canada),4527251,research,0,false,"Denver, CO, US",39.7352487999,-105.0461380487,3,,,,3,,,false,,,Cornflower,Centaurea cyanus,Cornflower,Plantae,933404,Asteraceae,Centaurea
302893713,2025-07-31 13:25:47,2025-07-31,Mountain Time (US & Canada),4527251,casual,0,true,"W Wells Pl, Denver, CO, US",39.7352314027,-105.0460911802,3,,,,3,,,false,,,,Cosmos,Cosmoses,Plantae,68563,Asteraceae,Cosmos
302893742,2025-07-31 13:26:12,2025-07-31,Mountain Time (US & Canada),4527251,research,0,false,"W Wells Pl, Denver, CO, US",39.7352328664,-105.0461068663,13,,,,13,,,false,,,Yellow Sweetclover,Melilotus officinalis,Yellow Sweetclover,Plantae,57066,Fabaceae,Melilotus
302893792,2025-07-31 13:26:33,2025-07-31,Mountain Time (US & Canada),4527251,casual,0,true,"Denver, CO, US",39.7352126996,-105.0461328239,4,,,,4,,,false,,,,Solanum lycopersicum,tomato,Plantae,51737,Solanaceae,Solanum
302893829,2025-07-31 13:26:54,2025-07-31,Mountain Time (US & Canada),4527251,research,0,false,"Denver, CO, US",39.7352184076,-105.0461636112,4,,,,4,,,false,,,field bindweed,Convolvulus arvensis,field bindweed,Plantae,53021,Convolvulaceae,Convolvulus
302893858,2025-07-31 13:28:06,2025-07-31,Mountain Time (US & Canada),4527251,casual,0,true,"Denver, CO, US",39.7352212994,-105.046147015,5,,,,5,,,false,,,,Solanum lycopersicum,tomato,Plantae,51737,Solanaceae,Solanum
302893879,2025-07-31 13:29:28,2025-07-31,Mountain Time (US & Canada),4527251,needs_id,0,false,"Denver, CO, US",39.7351158611,-105.0460811522,6,,,,6,,,false,,,,Liatris,blazing-stars,Plantae,48690,Asteraceae,Liatris
302893893,2025-07-31 13:30:05,2025-07-31,Mountain Time (US & Canada),4527251,needs_id,0,false,"Denver, CO, US",39.7352052899,-105.0463349373,8,,,,8,,,false,,,,Helianthus,sunflowers,Plantae,56955,Asteraceae,Helianthus
302893911,2025-07-31 13:30:32,2025-07-31,Mountain Time (US & Canada),4527251,research,0,false,"W Wells Pl, Denver, CO, US",39.7351471614,-105.0461368729,3,,,,3,,,false,,,plains coreopsis,Coreopsis tinctoria,plains coreopsis,Plantae,76445,Asteraceae,Coreopsis
302893938,2025-07-31 13:31:44,2025-07-31,Mountain Time (US & Canada),4527251,research,0,false,"Denver County, US-CO, US",39.7351471195,-105.046143327,3,,,,3,,,false,,,field bindweed,Convolvulus arvensis,field bindweed,Plantae,53021,Convolvulaceae,Convolvulus
302893961,2025-07-31 13:32:15,2025-07-31,Mountain Time (US & Canada),4527251,needs_id,0,false,"Denver, CO, US",39.7351472872,-105.0461507031,3,,,,3,,open,false,,,common yarrow,Achillea millefolium,common yarrow,Plantae,52821,Asteraceae,Achillea
302893984,2025-07-31 13:32:52,2025-07-31,Mountain Time (US & Canada),4527251,research,0,false,"Denver, CO, US",39.7351552081,-105.0461683051,4,,,,4,,open,false,,,wild bergamot,Monarda fistulosa,wild bergamot,Plantae,85320,Lamiaceae,Monarda
302894006,2025-07-31 13:33:15,2025-07-31,Mountain Time (US & Canada),4527251,casual,0,true,"Denver, CO, US",39.7351790127,-105.0459601824,6,,,,6,,,false,,,,Echinacea purpurea,purple coneflower,Plantae,48627,Asteraceae,Echinacea
302894021,2025-07-31 13:33:56,2025-07-31,Mountain Time (US & Canada),4527251,research,0,false,"Denver, CO, US",39.7351595248,-105.0460388047,4,,,,4,,,false,,,creeping thistle,Cirsium arvense,creeping thistle,Plantae,60132,Asteraceae,Cirsium
302894055,2025-07-31 13:34:17,2025-07-31,Mountain Time (US & Canada),4527251,research,0,false,"W Wells Pl, Denver, CO, US",39.735158938,-105.0460406487,4,,,,4,,,false,,,Catnip,Nepeta cataria,Catnip,Plantae,48622,Lamiaceae,Nepeta
302894069,2025-07-31 13:34:58,2025-07-31,Mountain Time (US & Canada),4527251,needs_id,0,false,"W Wells Pl, Denver, CO, US",39.7351540765,-105.0460527186,4,,,,4,,,false,,,cabbages and mustards,Brassica,cabbages and mustards,Plantae,53113,Brassicaceae,Brassica
302894091,2025-07-31 13:35:48,2025-07-31,Mountain Time (US & Canada),4527251,research,0,false,"W Wells Pl, Denver, CO, US",39.7351539927,-105.0460520481,4,,,,4,,,false,,,field bindweed,Convolvulus arvensis,field bindweed,Plantae,53021,Convolvulaceae,Convolvulus
302894112,2025-07-31 13:36:24,2025-07-31,Mountain Time (US & Canada),4527251,needs_id,0,false,"W Wells Pl, Denver, CO, US",39.7351539508,-105.0460533054,4,,,,4,,,false,,,Cucumber,Cucumis sativus,Cucumber,Plantae,54919,Cucurbitaceae,Cucumis
302894140,2025-07-31 13:36:58,2025-07-31,Mountain Time (US & Canada),4527251,casual,0,true,"W Wells Pl, Denver, CO, US",39.7351537412,-105.0460533054,5,,,,5,,open,false,,,,Capsicum annuum,chili pepper,Plantae,48514,Solanaceae,Capsicum
302894157,2025-07-31 13:37:27,2025-07-31,Mountain Time (US & Canada),4527251,casual,0,true,"Denver, CO, US",39.735149215,-105.0460383856,4,,,,4,,,false,,,,Solanum lycopersicum,tomato,Plantae,51737,Solanaceae,Solanum
302894181,2025-07-31 13:37:54,2025-07-31,Mountain Time (US & Canada),4527251,research,0,false,"W Wells Pl, Denver, CO, US",39.735149676,-105.046039559,4,,,,4,,,false,,,field bindweed,Convolvulus arvensis,field bindweed,Plantae,53021,Convolvulaceae,Convolvulus
302894202,2025-07-31 13:38:19,2025-07-31,Mountain Time (US & Canada),4527251,needs_id,0,false,"W Wells Pl, Denver, CO, US",39.73515152,-105.046052551,4,,,,4,,open,false,,,,Helianthus annuus,Common Sunflower,Plantae,57983,Asteraceae,Helianthus
302894234,2025-07-31 13:39:13,2025-07-31,Mountain Time (US & Canada),4527251,research,0,false,"W Wells Pl, Denver, CO, US",39.7351588961,-105.0460653753,3,,,,3,,,false,,,Catnip,Nepeta cataria,Catnip,Plantae,48622,Lamiaceae,Nepeta
302894256,2025-07-31 13:39:33,2025-07-31,Mountain Time (US & Canada),4527251,casual,0,true,"W Wells Pl, Denver, CO, US",39.7351655597,-105.0460644533,3,,,,3,,,false,,,,Tagetes erecta,Mexican Marigold,Plantae,79312,Asteraceae,Tagetes
302894272,2025-07-31 13:40:38,2025-07-31,Mountain Time (US & Canada),4527251,casual,0,true,"W Wells Pl, Denver, CO, US",39.7351800604,-105.0460792054,4,,,,4,,,false,,,,Solanum lycopersicum,tomato,Plantae,51737,Solanaceae,Solanum
302894313,2025-07-31 13:41:01,2025-07-31,Mountain Time (US & Canada),4527251,casual,0,true,"Denver, CO, US",39.7351778392,-105.0460742601,3,,,,3,,,false,,,,Calendula officinalis,pot marigold,Plantae,75931,Asteraceae,Calendula
302894342,2025-07-31 13:41:37,2025-07-31,Mountain Time (US & Canada),4527251,casual,0,true,"W Wells Pl, Denver, CO, US",39.7351817368,-105.046075685,3,,,,3,,,false,,,,Calendula officinalis,pot marigold,Plantae,75931,Asteraceae,Calendula
302894381,2025-07-31 13:42:07,2025-07-31,Mountain Time (US & Canada),4527251,casual,0,true,"W Wells Pl, Denver, CO, US",39.7351923818,-105.0460870844,3,,,,3,,,false,,,,Zinnia elegans,Elegant Zinnia,Plantae,181901,Asteraceae,Zinnia
302894420,2025-07-31 13:42:31,2025-07-31,Mountain Time (US & Canada),4527251,casual,0,true,"W Wells Pl, Denver, CO, US",39.7351975367,-105.0460801275,3,,,,3,,,false,,,,Tagetes erecta,Mexican Marigold,Plantae,79312,Asteraceae,Tagetes
302894468,2025-07-31 13:43:44,2025-07-31,Mountain Time (US & Canada),4527251,needs_id,0,false,"W Wells Pl, Denver, CO, US",39.7351189144,-105.0462014974,4,,,,4,,,false,,,,Helianthus,sunflowers,Plantae,56955,Asteraceae,Helianthus
302894496,2025-07-31 13:46:35,2025-07-31,Mountain Time (US & Canada),4527251,casual,0,true,"Denver County, US-CO, US",39.735164973,-105.0460720808,3,,,,3,,,false,,,,Solanum lycopersicum,tomato,Plantae,51737,Solanaceae,Solanum
302894536,2025-07-31 13:47:09,2025-07-31,Mountain Time (US & Canada),4527251,research,0,false,"Denver, CO, US",39.7351918789,-105.0460341108,3,,,,3,,,false,,,field bindweed,Convolvulus arvensis,field bindweed,Plantae,53021,Convolvulaceae,Convolvulus
302894576,2025-07-31 13:47:53,2025-07-31,Mountain Time (US & Canada),4527251,casual,0,true,"Denver, CO, US",39.7352202516,-105.0460704044,3,,,,3,,open,false,,,,Physalis philadelphica,Large-flowered Tomatillo,Plantae,51734,Solanaceae,Physalis
302894608,2025-07-31 13:48:46,2025-07-31,Mountain Time (US & Canada),4527251,needs_id,0,false,"Denver, CO, US",39.7352394881,-105.046042828,3,,,,3,,open,false,,,,Helianthus annuus,Common Sunflower,Plantae,57983,Asteraceae,Helianthus
302894646,2025-07-31 13:49:12,2025-07-31,Mountain Time (US & Canada),4527251,research,0,false,"W Wells Pl, Denver, CO, US",39.735271046,-105.046075685,7,,,,7,,,false,,,field bindweed,Convolvulus arvensis,field bindweed,Plantae,53021,Convolvulaceae,Convolvulus
302894694,2025-07-31 13:49:45,2025-07-31,Mountain Time (US & Canada),4527251,needs_id,0,false,"Denver, CO, US",39.7352817329,-105.0459709951,5,,,,5,,open,false,,,,Helianthus annuus,Common Sunflower,Plantae,57983,Asteraceae,Helianthus
302894742,2025-07-31 13:50:05,2025-07-31,Mountain Time (US & Canada),4527251,needs_id,0,false,"W Wells Pl, Denver, CO, US",39.735257132,-105.0459642057,6,,,,6,,,false,,,strawberries,Fragaria vesca,woodland strawberry,Plantae,50298,Rosaceae,Fragaria
302894788,2025-07-31 13:50:38,2025-07-31,Mountain Time (US & Canada),4527251,casual,0,true,"Denver, CO, US",39.7352409969,-105.0459603501,4,,,,4,,,false,,,,Solanum lycopersicum,tomato,Plantae,51737,Solanaceae,Solanum
302894836,2025-07-31 13:51:01,2025-07-31,Mountain Time (US & Canada),4527251,casual,0,true,"W Wells Pl, Denver, CO, US",39.7352395719,-105.0459715818,3,,,,3,,,false,,,,Tagetes erecta,Mexican Marigold,Plantae,79312,Asteraceae,Tagetes
302894893,2025-07-31 13:51:52,2025-07-31,Mountain Time (US & Canada),4527251,casual,0,true,"Lakewood Dry Gulch Trail, Denver, CO, US",39.735236303,-105.045978455,3,,,,3,,,false,,,,Cucumis,Melons & Cucumbers,Plantae,54916,Cucurbitaceae,Cucumis
302894930,2025-07-31 13:52:29,2025-07-31,Mountain Time (US & Canada),4527251,casual,0,true,"Denver, CO, US",39.7352302261,-105.0459883456,3,,,,3,,open,false,,,,Capsicum annuum,chili pepper,Plantae,48514,Solanaceae,Capsicum
302894969,2025-07-31 13:53:00,2025-07-31,Mountain Time (US & Canada),4527251,casual,0,true,"W Wells Pl, Denver, CO, US",39.7352204612,-105.046006702,3,,,,3,,open,false,,,,Phaseolus vulgaris,Common Bean,Plantae,122850,Fabaceae,Phaseolus
302895013,2025-07-31 13:53:24,2025-07-31,Mountain Time (US & Canada),4527251,needs_id,0,false,"Denver, CO, US",39.7352183657,-105.0460091327,3,,,,3,,open,false,,,,Mentha spicata,spearmint,Plantae,62652,Lamiaceae,Mentha
302895040,2025-07-31 13:53:49,2025-07-31,Mountain Time (US & Canada),4527251,casual,0,true,"W Wells Pl, Denver, CO, US",39.7352156835,-105.0460118988,3,,,,3,,,false,,,,Cucurbita,gourds,Plantae,55425,Cucurbitaceae,Cucurbita
302895066,2025-07-31 13:54:23,2025-07-31,Mountain Time (US & Canada),4527251,casual,0,true,"W Wells Pl, Denver, CO, US",39.7352168151,-105.0460064505,3,,,,3,,,false,,,,Antirrhinum majus,Snapdragon,Plantae,48969,Plantaginaceae,Antirrhinum
302895094,2025-07-31 13:54:46,2025-07-31,Mountain Time (US & Canada),4527251,casual,0,true,"W Wells Pl, Denver, CO, US",39.7352161445,-105.0460027625,3,,,,3,,,false,,,,Solanum lycopersicum,tomato,Plantae,51737,Solanaceae,Solanum
302895125,2025-07-31 13:55:15,2025-07-31,Mountain Time (US & Canada),4527251,casual,0,true,"Vrain St, Denver, CO, US",39.7352084332,-105.0460074564,3,,,,3,,,false,,,,Cucumis sativus,Cucumber,Plantae,54919,Cucurbitaceae,Cucumis
302895150,2025-07-31 13:55:58,2025-07-31,Mountain Time (US & Canada),4527251,casual,0,true,"Denver, CO, US",39.7350374004,-105.0459170994,7,,,,7,,,false,,,,Salvia farinacea,Mealy Blue Sage,Plantae,148006,Lamiaceae,Salvia
302895173,2025-07-31 13:56:43,2025-07-31,Mountain Time (US & Canada),4527251,needs_id,0,false,"Lakewood Dry Gulch Trail, Denver, CO, US",39.7350583552,-105.0459012576,5,,,,5,,,false,,,,Asteroideae,,Plantae,632790,Asteraceae,
302895194,2025-07-31 15:07:39,2025-07-31,Mountain Time (US & Canada),4527251,casual,0,true,"Quitman St, Denver, CO, US",39.7653582646,-105.0394552388,14,,,,14,,,false,,,,Solanum lycopersicum,tomato,Plantae,51737,Solanaceae,Solanum
302895218,2025-07-31 15:08:01,2025-07-31,Mountain Time (US & Canada),4527251,casual,0,true,"Colorado, US",39.7126070429,-105.0446856325,5,,,,28060,,obscured,true,,,,Allium schoenoprasum,Chives,Plantae,59254,Amaryllidaceae,Allium
302895272,2025-07-31 15:08:27,2025-07-31,Mountain Time (US & Canada),4527251,casual,0,true,"Perry St, Denver, CO, US",39.7653811641,-105.0394556539,4,,,,4,,,false,,,,Zinnia elegans,Elegant Zinnia,Plantae,181901,Asteraceae,Zinnia
302895308,2025-07-31 15:08:49,2025-07-31,Mountain Time (US & Canada),4527251,casual,0,true,"Quitman St, Denver, CO, US",39.7653827132,-105.0394164397,6,,,,6,,,false,,,,Ocimum,Basils,Plantae,61399,Lamiaceae,Ocimum
302895340,2025-07-31 15:09:03,2025-07-31,Mountain Time (US & Canada),4527251,needs_id,0,false,"Quitman St, Denver, CO, US",39.7653601015,-105.0394657234,4,,,,4,,,false,,,,Eruca vesicaria,rocketsalad,Plantae,77058,Brassicaceae,Eruca
302895369,2025-07-31 15:09:42,2025-07-31,Mountain Time (US & Canada),4527251,casual,0,true,"Perry St, Denver, CO, US",39.7653633935,-105.0394462009,6,,,,6,,,false,,,,Solanum lycopersicum,tomato,Plantae,51737,Solanaceae,Solanum
302895404,2025-07-31 15:10:11,2025-07-31,Mountain Time (US & Canada),4527251,casual,0,true,"Quitman St, Denver, CO, US",39.7653490787,-105.0394585486,3,,,,3,,,false,,,,Anethum graveolens,Dill,Plantae,75445,Apiaceae,Anethum
302895447,2025-07-31 15:11:01,2025-07-31,Mountain Time (US & Canada),4527251,research,0,false,"Quitman St, Denver, CO, US",39.765326281,-105.0394681166,7,,,,7,,open,false,,,Common Sunflower,Helianthus annuus,Common Sunflower,Plantae,57983,Asteraceae,Helianthus
302895475,2025-07-31 15:11:12,2025-07-31,Mountain Time (US & Canada),4527251,casual,0,true,"Quitman St, Denver, CO, US",39.765325688,-105.0395180765,4,,,,4,,,false,,,,Cosmos bipinnatus,garden cosmos,Plantae,68562,Asteraceae,Cosmos
302895513,2025-07-31 15:11:33,2025-07-31,Mountain Time (US & Canada),4527251,casual,0,true,"Quitman St, Denver, CO, US",39.765342404,-105.0395290935,8,,,,8,,,false,,,,Zinnia elegans,Elegant Zinnia,Plantae,181901,Asteraceae,Zinnia
302895559,2025-07-31 15:11:46,2025-07-31,Mountain Time (US & Canada),4527251,research,0,false,"Quitman St, Denver, CO, US",39.765369664,-105.0395368786,3,,,,3,,,false,,,Borage,Borago officinalis,Borage,Plantae,52287,Boraginaceae,Borago
302895600,2025-07-31 15:11:55,2025-07-31,Mountain Time (US & Canada),4527251,casual,0,true,"Quitman St, Denver, CO, US",39.7653732263,-105.0395358727,4,,,,4,,,false,,,,Cosmos bipinnatus,garden cosmos,Plantae,68562,Asteraceae,Cosmos
302895634,2025-07-31 15:12:32,2025-07-31,Mountain Time (US & Canada),4527251,needs_id,0,false,"Quitman St, Denver, CO, US",39.7653489188,-105.0395083801,3,,,,3,,,false,,,,Apioideae,,Plantae,790553,Apiaceae,
302895660,2025-07-31 15:12:42,2025-07-31,Mountain Time (US & Canada),4527251,casual,0,true,"Quitman St, Denver, CO, US",39.765487304,-105.0392478705,4,,,,4,,,false,,,,Solanum lycopersicum,tomato,Plantae,51737,Solanaceae,Solanum
302895675,2025-07-31 15:13:02,2025-07-31,Mountain Time (US & Canada),4527251,casual,0,true,"Quitman St, Denver, CO, US",39.7653495439,-105.0395194639,3,,,,3,,,false,,,,Lavandula,Lavenders,Plantae,61905,Lamiaceae,Lavandula
302895692,2025-07-31 15:13:15,2025-07-31,Mountain Time (US & Canada),4527251,casual,0,true,"Perry St, Denver, CO, US",39.7653053912,-105.0395448768,5,,,,5,,,false,,,,Calendula officinalis,pot marigold,Plantae,75931,Asteraceae,Calendula
302895718,2025-07-31 15:13:28,2025-07-31,Mountain Time (US & Canada),4527251,casual,0,true,"Quitman St, Denver, CO, US",39.7653554711,-105.0395569708,3,,,,3,,,false,,,,Tagetes erecta,Mexican Marigold,Plantae,79312,Asteraceae,Tagetes
302895752,2025-07-31 15:13:37,2025-07-31,Mountain Time (US & Canada),4527251,casual,0,true,"Quitman St, Denver, CO, US",39.7653927316,-105.0396479896,4,,,,4,,open,false,,,,Salvia officinalis,garden sage,Plantae,51738,Lamiaceae,Salvia
302895792,2025-07-31 15:44:01,2025-07-31,Mountain Time (US & Canada),4527251,needs_id,0,false,"W 33rd Ave, Denver, CO, US",39.7627870572,-105.0095008251,11,,,,11,,,false,,,,Chaenostoma cordatum,Bacopa,Plantae,501464,Scrophulariaceae,Chaenostoma
302895834,2025-07-31 15:44:18,2025-07-31,Mountain Time (US & Canada),4527251,casual,0,true,"W 33rd Ave, Denver, CO, US",39.7627878448,-105.0095433516,14,,,,14,,,false,,,,Dahlia pinnata,Garden Dahlia,Plantae,161582,Asteraceae,Dahlia
302895868,2025-07-31 15:44:42,2025-07-31,Mountain Time (US & Canada),4527251,casual,0,true,"W 33rd Ave, Denver, CO, US",39.7627975932,-105.0094801282,21,,,,21,,,false,,,,Gazania,Treasure Flowers,Plantae,56151,Asteraceae,Gazania
302895930,2025-07-31 15:45:17,2025-07-31,Mountain Time (US & Canada),4527251,casual,0,true,"W 33rd Ave, Denver, CO, US",39.7628003173,-105.0094777812,22,,,,22,,,false,,,,Capsicum,peppers,Plantae,48517,Solanaceae,Capsicum
302895984,2025-07-31 15:45:26,2025-07-31,Mountain Time (US & Canada),4527251,casual,0,true,"W 33rd Ave, Denver, CO, US",39.76279906,-105.009513572,21,,,,21,,,false,,,,Tagetes,Marigolds,Plantae,72389,Asteraceae,Tagetes
302896043,2025-07-31 15:45:56,2025-07-31,Mountain Time (US & Canada),4527251,needs_id,0,false,"W 33rd Ave, Denver, CO, US",39.7627908363,-105.0095300226,19,,,,19,,,false,,,,Brassica,cabbages and mustards,Plantae,53113,Brassicaceae,Brassica
302896098,2025-07-31 15:46:19,2025-07-31,Mountain Time (US & Canada),4527251,casual,0,true,"W 33rd Ave, Denver, CO, US",39.7628092685,-105.0095070247,17,,,,17,,,false,,,,Solanum lycopersicum,tomato,Plantae,51737,Solanaceae,Solanum
302896140,2025-07-31 15:46:45,2025-07-31,Mountain Time (US & Canada),4527251,casual,0,true,"Shoshone St, Denver, CO, US",39.7628501477,-105.0095216186,24,,,,24,,,false,,,,Solanum melongena,eggplant,Plantae,63190,Solanaceae,Solanum
302896187,2025-07-31 15:46:53,2025-07-31,Mountain Time (US & Canada),4527251,casual,0,true,"W 33rd Ave, Denver, CO, US",39.762800443,-105.0094801282,21,,,,21,,,false,,,,Capsicum,peppers,Plantae,48517,Solanaceae,Capsicum
302896272,2025-07-31 15:47:08,2025-07-31,Mountain Time (US & Canada),4527251,casual,0,true,"W 33rd Ave, Denver, CO, US",39.7628239543,-105.0094970596,21,,,,21,,,false,,,,Tagetes,Marigolds,Plantae,72389,Asteraceae,Tagetes
302896365,2025-07-31 15:47:26,2025-07-31,Mountain Time (US & Canada),4527251,needs_id,0,false,"Shoshone St, Denver, CO, US",39.7628576914,-105.0095066988,21,,,,21,,,false,,,Oregano,Origanum vulgare,Oregano,Plantae,61396,Lamiaceae,Origanum
302896403,2025-07-31 15:47:38,2025-07-31,Mountain Time (US & Canada),4527251,casual,0,true,"W 33rd Ave, Denver, CO, US",39.7628346831,-105.0094518811,21,,,,21,,,false,,,,Tagetes,Marigolds,Plantae,72389,Asteraceae,Tagetes
302896452,2025-07-31 15:47:48,2025-07-31,Mountain Time (US & Canada),4527251,casual,0,true,"W 33rd Ave, Denver, CO, US",39.7628354375,-105.0094657113,21,,,,21,,,false,,,,Cucumis sativus,Cucumber,Plantae,54919,Cucurbitaceae,Cucumis
302896510,2025-07-31 15:47:59,2025-07-31,Mountain Time (US & Canada),4527251,casual,0,true,"W 33rd Ave, Denver, CO, US",39.7628231161,-105.009452887,22,,,,22,,,false,,,,Solanum melongena,eggplant,Plantae,63190,Solanaceae,Solanum
302896569,2025-07-31 15:48:11,2025-07-31,Mountain Time (US & Canada),4527251,casual,0,true,"W 33rd Ave, Denver, CO, US",39.7628206853,-105.0094472711,21,,,,21,,,false,,,,Dahlia,Dahlias,Plantae,58465,Asteraceae,Dahlia
302896601,2025-07-31 15:48:19,2025-07-31,Mountain Time (US & Canada),4527251,needs_id,0,false,"W 33rd Ave, Denver, CO, US",39.7628172906,-105.0094367937,3,,,,3,,,false,,,,Mentha,mints,Plantae,54570,Lamiaceae,Mentha
302924838,2025-07-31 11:46:40,2025-07-31,Mountain Time (US & Canada),4547933,casual,0,true,"Independence St, Lakewood, CO, US",39.7370716667,-105.1062305,5,,,,5,,,false,,"",mints,Mentha,mints,Plantae,54570,Lamiaceae,Mentha
302924849,2025-07-31 11:47:02,2025-07-31,Mountain Time (US & Canada),4547933,casual,0,true,"Jefferson County, US-CO, US",39.7370866667,-105.1062166667,5,,,,5,,,false,,"",wild carrot,Daucus carota,wild carrot,Plantae,76610,Apiaceae,Daucus
302924868,2025-07-31 11:47:28,2025-07-31,Mountain Time (US & Canada),4547933,casual,0,true,"Jefferson County, US-CO, US",39.7370866667,-105.106225,5,,,,5,,,false,,"",tomato,Solanum lycopersicum,tomato,Plantae,51737,Solanaceae,Solanum
302924892,2025-07-31 11:47:23,2025-07-31,Mountain Time (US & Canada),4547933,casual,0,true,"Jefferson County, US-CO, US",39.7370833333,-105.1062166667,5,,,,5,,,false,,"","",Cucumis,Melons & Cucumbers,Plantae,54916,Cucurbitaceae,Cucumis
302924936,2025-07-31 11:47:42,2025-07-31,Mountain Time (US & Canada),4547933,casual,0,true,"Jefferson County, US-CO, US",39.7371,-105.1062388333,4,,,,4,,,false,,"",larkspurs,Delphinium,larkspurs,Plantae,48493,Ranunculaceae,Delphinium
302924998,2025-07-31 11:48:04,2025-07-31,Mountain Time (US & Canada),4547933,casual,0,true,"Jefferson County, US-CO, US",39.7371033333,-105.1062861667,5,,,,5,,,false,,"",field bindweed,Convolvulus arvensis,field bindweed,Plantae,53021,Convolvulaceae,Convolvulus
302925024,2025-07-31 11:47:53,2025-07-31,Mountain Time (US & Canada),4547933,casual,0,true,"Jefferson County, US-CO, US",39.7371166667,-105.1062695,4,,,,4,,,false,,"","",Helianthus,sunflowers,Plantae,56955,Asteraceae,Helianthus
302925072,2025-07-31 11:49:01,2025-07-31,Mountain Time (US & Canada),4547933,casual,0,true,"Jefferson County, US-CO, US",39.7370833333,-105.1062611667,5,,,,5,,,false,,"","",Echinacea purpurea,purple coneflower,Plantae,48627,Asteraceae,Echinacea
302925088,2025-07-31 11:48:37,2025-07-31,Mountain Time (US & Canada),4547933,casual,0,true,"Jefferson County, US-CO, US",39.737055,-105.1063,7,,,,7,,,false,,"",doubtful knight's-spur,Delphinium ajacis,doubtful knight's-spur,Plantae,401314,Ranunculaceae,Delphinium
302925102,2025-07-31 11:48:26,2025-07-31,Mountain Time (US & Canada),4547933,casual,0,true,"Jefferson County, US-CO, US",39.7370716667,-105.1062778333,14,,,,14,,,false,,"",pot marigold,Calendula officinalis,pot marigold,Plantae,75931,Asteraceae,Calendula
302925128,2025-07-31 11:52:58,2025-07-31,Mountain Time (US & Canada),4547933,casual,0,true,"Jefferson County, US-CO, US",39.7371166667,-105.1063916667,6,,,,6,,,false,,"","",Papaver,Poppies,Plantae,52504,Papaveraceae,Papaver
302925146,2025-07-31 11:52:41,2025-07-31,Mountain Time (US & Canada),4547933,casual,0,true,"Jefferson County, US-CO, US",39.737155,-105.1063305,14,,,,14,,,false,,"",garden cosmos,Cosmos bipinnatus,garden cosmos,Plantae,68562,Asteraceae,Cosmos
302925181,2025-07-31 11:52:10,2025-07-31,Mountain Time (US & Canada),4547933,casual,0,true,"Jefferson County, US-CO, US",39.7371333333,-105.1063528333,8,,,,8,,,false,,"",field bindweed,Convolvulus arvensis,field bindweed,Plantae,53021,Convolvulaceae,Convolvulus
302925219,2025-07-31 11:51:48,2025-07-31,Mountain Time (US & Canada),4547933,casual,0,true,"Jefferson County, US-CO, US",39.7371466667,-105.1064221667,14,,,,14,,open,false,,"","",Lavandula angustifolia,Common Lavender,Plantae,133395,Lamiaceae,Lavandula
302925236,2025-07-31 11:51:07,2025-07-31,Mountain Time (US & Canada),4547933,casual,0,true,"Jefferson County, US-CO, US",39.737095,-105.1064138333,4,,,,4,,,false,,"","",Zinnia,Zinnias,Plantae,132450,Asteraceae,Zinnia
302925285,2025-07-31 11:49:18,2025-07-31,Mountain Time (US & Canada),4547933,casual,0,true,"Jefferson County, US-CO, US",39.7370833333,-105.1062695,5,,,,5,,,false,,"","",Apiaceae,carrot family,Plantae,48699,Apiaceae,
302925304,2025-07-31 11:51:02,2025-07-31,Mountain Time (US & Canada),4547933,casual,0,true,"Jefferson County, US-CO, US",39.7370916667,-105.1064083333,4,,,,4,,,false,,"","",Cynoglossum amabile,Chinese forget-me-not,Plantae,161415,Boraginaceae,Cynoglossum
302925331,2025-07-31 11:49:49,2025-07-31,Mountain Time (US & Canada),4547933,casual,0,true,"Jefferson County, US-CO, US",39.73713,-105.1062555,14,,,,14,,,false,,"","",Helianthus,sunflowers,Plantae,56955,Asteraceae,Helianthus
302925354,2025-07-31 11:53:08,2025-07-31,Mountain Time (US & Canada),4547933,casual,0,true,"Jefferson County, US-CO, US",39.7371216667,-105.1063778333,4,,,,4,,,false,,"","",Tagetes,Marigolds,Plantae,72389,Asteraceae,Tagetes
302925562,2025-07-31 11:53:34,2025-07-31,Mountain Time (US & Canada),4547933,casual,0,true,"Independence St, Lakewood, CO, US",39.73708,-105.1063695,8,,,,8,,open,false,,"","",Helianthus annuus,Common Sunflower,Plantae,57983,Asteraceae,Helianthus
302925578,2025-07-31 11:53:43,2025-07-31,Mountain Time (US & Canada),4547933,casual,0,true,"Jefferson County, US-CO, US",39.7370716667,-105.1063695,8,,,,8,,,false,,"",California poppy,Eschscholzia californica,California poppy,Plantae,48225,Papaveraceae,Eschscholzia
302925595,2025-07-31 11:54:25,2025-07-31,Mountain Time (US & Canada),4547933,casual,0,true,"Jefferson County, US-CO, US",39.737055,-105.1064083333,9,,,,9,,,false,,"","",Brassicoideae,,Plantae,1473853,Brassicaceae,
302925614,2025-07-31 11:54:01,2025-07-31,Mountain Time (US & Canada),4547933,casual,0,true,"Jefferson County, US-CO, US",39.7370616667,-105.1063611667,9,,,,9,,,false,,"","",Apioideae,,Plantae,790553,Apiaceae,
302925650,2025-07-31 11:53:53,2025-07-31,Mountain Time (US & Canada),4547933,casual,0,true,"Jefferson County, US-CO, US",39.7370633333,-105.1063611667,9,,,,9,,,false,,"","",Delphinium ajacis,doubtful knight's-spur,Plantae,401314,Ranunculaceae,Delphinium
302925673,2025-07-31 11:54:42,2025-07-31,Mountain Time (US & Canada),4547933,casual,0,true,"Jefferson County, US-CO, US",39.7370416667,-105.1063695,9,,,,9,,,false,,"","",Daucus carota,wild carrot,Plantae,76610,Apiaceae,Daucus
302925706,2025-07-31 11:54:48,2025-07-31,Mountain Time (US & Canada),4547933,casual,0,true,"Jefferson County, US-CO, US",39.7370383333,-105.1063611667,9,,,,9,,open,false,,"","",Helianthus annuus,Common Sunflower,Plantae,57983,Asteraceae,Helianthus
302925728,2025-07-31 11:54:53,2025-07-31,Mountain Time (US & Canada),4547933,casual,0,true,"Jefferson County, US-CO, US",39.73703,-105.1063695,10,,,,10,,,false,,"","",Cirsium arvense,creeping thistle,Plantae,60132,Asteraceae,Cirsium
302925759,2025-07-31 11:55:33,2025-07-31,Mountain Time (US & Canada),4547933,casual,0,true,"Jefferson County, US-CO, US",39.73702,-105.1063528333,6,,,,6,,,false,,"","",Echinacea,coneflowers,Plantae,48628,Asteraceae,Echinacea
302925779,2025-07-31 11:55:25,2025-07-31,Mountain Time (US & Canada),4547933,casual,0,true,"Jefferson County, US-CO, US",39.7370383333,-105.1063471667,7,,,,7,,,false,,"","",Delphinium ajacis,doubtful knight's-spur,Plantae,401314,Ranunculaceae,Delphinium
302925796,2025-07-31 11:55:14,2025-07-31,Mountain Time (US & Canada),4547933,casual,0,true,"Jefferson County, US-CO, US",39.7370383333,-105.1063221667,8,,,,8,,,false,,"","",Allium tuberosum,Garlic Chives,Plantae,122343,Amaryllidaceae,Allium
302925813,2025-07-31 11:56:13,2025-07-31,Mountain Time (US & Canada),4547933,casual,0,true,"Jefferson County, US-CO, US",39.7370133333,-105.1063916667,7,,,,7,,,false,,"","",Erigeron canadensis,horseweed,Plantae,76907,Asteraceae,Erigeron
302925833,2025-07-31 11:56:35,2025-07-31,Mountain Time (US & Canada),4547933,casual,0,true,"Jefferson County, US-CO, US",39.736995,-105.1063833333,9,,,,9,,,false,,"","",Cynoglossum amabile,Chinese forget-me-not,Plantae,161415,Boraginaceae,Cynoglossum
302925858,2025-07-31 11:56:23,2025-07-31,Mountain Time (US & Canada),4547933,casual,0,true,"Jefferson County, US-CO, US",39.7369883333,-105.1063611667,8,,,,8,,,false,,"",California poppy,Eschscholzia californica,California poppy,Plantae,48225,Papaveraceae,Eschscholzia
302925877,2025-07-31 11:57:08,2025-07-31,Mountain Time (US & Canada),4547933,casual,0,true,"Jefferson County, US-CO, US",39.73697,-105.1063528333,11,,,,11,,,false,,"","",Tagetes,Marigolds,Plantae,72389,Asteraceae,Tagetes
302925899,2025-07-31 11:57:00,2025-07-31,Mountain Time (US & Canada),4547933,casual,0,true,"Jefferson County, US-CO, US",39.7369633333,-105.1063611667,11,,,,11,,,false,,"","",Cucurbita,gourds,Plantae,55425,Cucurbitaceae,Cucurbita
302925922,2025-07-31 11:56:50,2025-07-31,Mountain Time (US & Canada),4547933,casual,0,true,"Jefferson County, US-CO, US",39.73698,-105.1063778333,10,,,,10,,,false,,"","",Allium sativum,Garlic,Plantae,75363,Amaryllidaceae,Allium
302925949,2025-07-31 11:58:14,2025-07-31,Mountain Time (US & Canada),4547933,casual,0,true,"Jefferson County, US-CO, US",39.73702,-105.1063528333,14,,,,14,,,false,,"",woolly hedgenettle,Stachys byzantina,woolly hedgenettle,Plantae,127480,Lamiaceae,Stachys
302926005,2025-07-31 11:57:24,2025-07-31,Mountain Time (US & Canada),4547933,casual,0,true,"Jefferson County, US-CO, US",39.7369916667,-105.1063471667,12,,,,12,,open,false,,"","",Helianthus annuus,Common Sunflower,Plantae,57983,Asteraceae,Helianthus
302926023,2025-07-31 11:57:18,2025-07-31,Mountain Time (US & Canada),4547933,casual,0,true,"Jefferson County, US-CO, US",39.7369883333,-105.1063528333,11,,,,11,,,false,,"","",Zinnia elegans,Elegant Zinnia,Plantae,181901,Asteraceae,Zinnia
302927266,2025-07-31 11:58:35,2025-07-31,Mountain Time (US & Canada),4547933,casual,0,true,"Independence St, Lakewood, CO, US",39.73695,-105.1063166667,5,,,,5,,,false,,"","",Cucurbita,gourds,Plantae,55425,Cucurbitaceae,Cucurbita
302927307,2025-07-31 11:58:43,2025-07-31,Mountain Time (US & Canada),4547933,casual,0,true,"Jefferson County, US-CO, US",39.7369383333,-105.1063,4,,,,4,,,false,,"","",Tagetes erecta,Mexican Marigold,Plantae,79312,Asteraceae,Tagetes
302927347,2025-07-31 11:59:50,2025-07-31,Mountain Time (US & Canada),4547933,casual,0,true,"Jefferson County, US-CO, US",39.7369466667,-105.1063528333,10,,,,10,,,false,,"","",Delphinium ajacis,doubtful knight's-spur,Plantae,401314,Ranunculaceae,Delphinium
302927391,2025-07-31 12:00:05,2025-07-31,Mountain Time (US & Canada),4547933,casual,0,true,"Jefferson County, US-CO, US",39.7369533333,-105.1063221667,11,,,,11,,,false,,"","",Tagetes patula,French marigold,Plantae,777243,Asteraceae,Tagetes
302984462,2025-07-31 15:10:47,2025-07-31,Mountain Time (US & Canada),4527251,casual,0,true,"Quitman St, Denver, CO, US",39.7653360755,-105.0394578562,2,,,,2,,open,false,,,chili pepper,Capsicum annuum,chili pepper,Plantae,48514,Solanaceae,Capsicum
302984494,2025-07-31 15:48:36,2025-07-31,Mountain Time (US & Canada),4527251,casual,0,true,"W 33rd Ave, Denver, CO, US",39.7628270975,-105.009398237,3,,,,3,,,false,,,,Tagetes,Marigolds,Plantae,72389,Asteraceae,Tagetes
302984514,2025-07-31 15:48:46,2025-07-31,Mountain Time (US & Canada),4527251,needs_id,0,false,"Shoshone St, Denver, CO, US",39.7628326714,-105.00939589,7,,,,7,,,false,,,,Achillea filipendulina,Fern-leaf Yarrow,Plantae,157924,Asteraceae,Achillea
302984531,2025-07-31 15:48:59,2025-07-31,Mountain Time (US & Canada),4527251,casual,0,true,"W 33rd Ave, Denver, CO, US",39.7628345574,-105.0094018412,3,,,,3,,,false,,,,Tropaeolum majus,garden nasturtium,Plantae,54329,Tropaeolaceae,Tropaeolum
302984595,2025-07-31 15:49:09,2025-07-31,Mountain Time (US & Canada),4527251,research,0,false,"Colorado, US",39.7882115763,-105.099952304,4,,,,28060,,obscured,true,,,Chives,Allium schoenoprasum,Chives,Plantae,59254,Amaryllidaceae,Allium
302984638,2025-07-31 15:49:26,2025-07-31,Mountain Time (US & Canada),4527251,casual,0,true,"Shoshone St, Denver, CO, US",39.7628444061,-105.0095595048,21,,,,21,,,false,,,,Tagetes,Marigolds,Plantae,72389,Asteraceae,Tagetes
302984680,2025-07-31 15:49:37,2025-07-31,Mountain Time (US & Canada),4527251,needs_id,0,false,"W 33rd Ave, Denver, CO, US",39.7628624691,-105.009513069,21,,,,21,,,false,,,,Coriandrum sativum,coriander,Plantae,67759,Apiaceae,Coriandrum
302984717,2025-07-31 15:49:48,2025-07-31,Mountain Time (US & Canada),4527251,casual,0,true,"Shoshone St, Denver, CO, US",39.7628732399,-105.0095604268,21,,,,21,,,false,,,,Tagetes erecta,Mexican Marigold,Plantae,79312,Asteraceae,Tagetes
302984741,2025-08-01 10:03:13,2025-08-01,Mountain Time (US & Canada),4527251,casual,0,true,"Market St, Denver, CO, US",39.7507973481,-104.9978917279,22,,,,22,,,false,,,,Solanum lycopersicum,tomato,Plantae,51737,Solanaceae,Solanum
302984759,2025-08-01 10:26:07,2025-08-01,Mountain Time (US & Canada),4527251,needs_id,0,false,"Market St, Denver, CO, US",39.7506288328,-104.997983031,58,,,,58,,,false,,,,Helianthus,sunflowers,Plantae,56955,Asteraceae,Helianthus
303039743,2025-07-31 13:58:09,2025-07-31,Mountain Time (US & Canada),4547933,casual,0,true,"W Wells Pl, Denver, CO, US",39.7351533333,-105.0456861667,6,,,,6,,open,false,,"","",Helianthus annuus,Common Sunflower,Plantae,57983,Asteraceae,Helianthus
303785294,2025-07-30 12:59:04,2025-07-30,Mountain Time (US & Canada),9595148,needs_id,0,false,"Grape St, Denver, CO, US",39.7316669952,-104.9249013607,3,,,,3,,,false,,,,Helianthus,sunflowers,Plantae,56955,Asteraceae,Helianthus
303785338,2025-07-30 12:59:27,2025-07-30,Mountain Time (US & Canada),9595148,research,0,false,"Grape St, Denver, CO, US",39.7316663247,-104.9249002711,4,,,,4,,,false,,,Correhuela de Eurasia,Convolvulus arvensis,field bindweed,Plantae,53021,Convolvulaceae,Convolvulus
303785391,2025-07-30 12:59:45,2025-07-30,Mountain Time (US & Canada),9595148,needs_id,0,false,"Grape St, Denver, CO, US",39.73166666,-104.9248971698,3,,,,3,,,false,,,,Cucurbita,gourds,Plantae,55425,Cucurbitaceae,Cucurbita
303785437,2025-07-30 13:00:11,2025-07-30,Mountain Time (US & Canada),9595148,casual,0,true,"Grape St, Denver, CO, US",39.7315616356,-104.9249384123,4,,,,4,,open,false,,,,Helianthus annuus,Common Sunflower,Plantae,57983,Asteraceae,Helianthus
303785484,2025-07-30 13:00:37,2025-07-30,Mountain Time (US & Canada),9595148,casual,0,true,"Grape St, Denver, CO, US",39.731650978,-104.9249342867,4,,,,4,,,false,,,,Anethum graveolens,Dill,Plantae,75445,Apiaceae,Anethum
303785575,2025-07-30 13:00:53,2025-07-30,Mountain Time (US & Canada),9595148,casual,0,true,"Grape St, Denver, CO, US",39.7316479073,-104.9249533115,3,,,,3,,open,false,,,,Lavandula angustifolia,Common Lavender,Plantae,133395,Lamiaceae,Lavandula
303785642,2025-07-30 13:01:05,2025-07-30,Mountain Time (US & Canada),9595148,casual,0,true,"Grape St, Denver, CO, US",39.7316373569,-104.9249653547,4,,,,4,,,false,,,,Amaranthus,amaranths,Plantae,52326,Amaranthaceae,Amaranthus
303785686,2025-07-30 14:29:31,2025-07-30,Mountain Time (US & Canada),9595148,casual,0,true,"Leetsdale Dr, Denver, CO, US",39.704779191,-104.9148823881,9,,,,9,,,false,,,,Cucurbitaceae,gourd family,Plantae,48620,Cucurbitaceae,
303785748,2025-07-30 14:29:44,2025-07-30,Mountain Time (US & Canada),9595148,research,0,false,"Leetsdale Dr, Denver, CO, US",39.7048117128,-104.9149316737,4,,,,4,,,false,,,Campanilla morada,Ipomoea purpurea,common morning-glory,Plantae,52344,Convolvulaceae,Ipomoea
303785812,2025-07-30 14:30:07,2025-07-30,Mountain Time (US & Canada),9595148,casual,0,true,"Leetsdale Dr, Denver, CO, US",39.7048565732,-104.9149317034,4,,,,4,,,false,,,,Tagetes patula,French marigold,Plantae,777243,Asteraceae,Tagetes
303785855,2025-07-30 14:30:19,2025-07-30,Mountain Time (US & Canada),9595148,casual,0,true,"Leetsdale Dr, Denver, CO, US",39.7048677104,-104.9149749104,8,,,,8,,open,false,,,,Phaseolus vulgaris,Common Bean,Plantae,122850,Fabaceae,Phaseolus
303785910,2025-07-30 14:30:41,2025-07-30,Mountain Time (US & Canada),9595148,casual,0,true,"Leetsdale Dr, Denver, CO, US",39.7048416646,-104.9150039747,8,,,,8,,,false,,,,Cucurbita,gourds,Plantae,55425,Cucurbitaceae,Cucurbita
303785959,2025-07-30 14:31:00,2025-07-30,Mountain Time (US & Canada),9595148,casual,0,true,"Leetsdale Dr, Denver, CO, US",39.7048498504,-104.9150004053,5,,,,5,,,false,,,,Cucurbita,gourds,Plantae,55425,Cucurbitaceae,Cucurbita
303786000,2025-07-30 14:31:11,2025-07-30,Mountain Time (US & Canada),9595148,casual,0,true,"Colorado, US",39.61115089,-104.8632715308,3,,,,28060,,obscured,true,,,,Allium schoenoprasum,Chives,Plantae,59254,Amaryllidaceae,Allium
303786047,2025-07-30 14:31:23,2025-07-30,Mountain Time (US & Canada),9595148,casual,0,true,"Leetsdale Dr, Denver, CO, US",39.7049047938,-104.9149424025,4,,,,4,,,false,,,,Tagetes erecta,Mexican Marigold,Plantae,79312,Asteraceae,Tagetes
303786097,2025-07-30 14:31:40,2025-07-30,Mountain Time (US & Canada),9595148,casual,0,true,"Leetsdale Dr, Denver, CO, US",39.7049015668,-104.9149439951,3,,,,3,,,false,,,,Cucumis sativus,Cucumber,Plantae,54919,Cucurbitaceae,Cucumis
303786157,2025-07-30 14:31:50,2025-07-30,Mountain Time (US & Canada),9595148,casual,0,true,"S Monaco St Pkwy, Denver, CO, US",39.7048519459,-104.914955143,4,,,,4,,,false,,,Tomate,Solanum lycopersicum,tomato,Plantae,51737,Solanaceae,Solanum
303786210,2025-07-30 14:32:04,2025-07-30,Mountain Time (US & Canada),9595148,casual,0,true,"Leetsdale Dr, Denver, CO, US",39.7048386187,-104.9149226212,3,,,,3,,,false,,,,Origanum,,Plantae,61397,Lamiaceae,Origanum
303786267,2025-07-30 14:32:15,2025-07-30,Mountain Time (US & Canada),9595148,casual,0,true,"Leetsdale Dr, Denver, CO, US",39.704827345,-104.9148724974,4,,,,4,,,false,,,,Asteroideae,,Plantae,632790,Asteraceae,
303786367,2025-07-30 14:34:42,2025-07-30,Mountain Time (US & Canada),9595148,research,0,false,"Leetsdale Dr, Denver, CO, US",39.704765525,-104.9148308515,4,,,,4,,,false,,,Hierba carnicera,Erigeron canadensis,horseweed,Plantae,76907,Asteraceae,Erigeron
303786434,2025-07-30 14:34:58,2025-07-30,Mountain Time (US & Canada),9595148,casual,0,true,"Colorado, US",39.678379969,-104.82761958,7,,,,28060,,obscured,true,,,,Allium schoenoprasum,Chives,Plantae,59254,Amaryllidaceae,Allium
303786490,2025-07-30 14:35:45,2025-07-30,Mountain Time (US & Canada),9595148,casual,0,true,"Leetsdale Dr, Denver, CO, US",39.7048202377,-104.9150439912,7,,,,7,,,false,,,,Solanum melongena,eggplant,Plantae,63190,Solanaceae,Solanum
303786555,2025-07-30 14:35:56,2025-07-30,Mountain Time (US & Canada),9595148,casual,0,true,"Leetsdale Dr, Denver, CO, US",39.7047930001,-104.9150440191,3,,,,3,,,false,,,,Capsicum,peppers,Plantae,48517,Solanaceae,Capsicum
303786627,2025-07-30 14:36:42,2025-07-30,Mountain Time (US & Canada),9595148,research,0,false,"Leetsdale Dr, Denver, CO, US",39.7048308249,-104.9149191974,7,,,,7,,,false,,,Melón,Cucumis melo,Muskmelon,Plantae,76538,Cucurbitaceae,Cucumis
303786685,2025-07-30 14:36:51,2025-07-30,Mountain Time (US & Canada),9595148,casual,0,true,"Leetsdale Dr, Denver, CO, US",39.7048524548,-104.9149479444,3,,,,3,,,false,,,,Solanum lycopersicum,tomato,Plantae,51737,Solanaceae,Solanum
303786748,2025-07-30 14:37:03,2025-07-30,Mountain Time (US & Canada),9595148,casual,0,true,"Leetsdale Dr, Denver, CO, US",39.70479829,-104.914954957,5,,,,5,,,false,,,,Tagetes,Marigolds,Plantae,72389,Asteraceae,Tagetes
303786785,2025-07-30 14:37:14,2025-07-30,Mountain Time (US & Canada),9595148,research,0,false,"Leetsdale Dr, Denver, CO, US",39.7047967191,-104.914907443,3,,,,3,,,false,,,Mirasol amarillo,Cosmos sulphureus,Yellow Cosmos,Plantae,48651,Asteraceae,Cosmos
303786831,2025-07-30 14:38:00,2025-07-30,Mountain Time (US & Canada),9595148,casual,0,true,"Leetsdale Dr, Denver, CO, US",39.7048210745,-104.9148915752,3,,,,3,,,false,,,,Zinnia elegans,Elegant Zinnia,Plantae,181901,Asteraceae,Zinnia
303786889,2025-07-30 14:38:26,2025-07-30,Mountain Time (US & Canada),9595148,casual,0,true,"Leetsdale Dr, Denver, CO, US",39.7048348628,-104.9148985203,3,,,,3,,,false,,,,Cucurbita,gourds,Plantae,55425,Cucurbitaceae,Cucurbita
303786938,2025-07-30 14:38:54,2025-07-30,Mountain Time (US & Canada),9595148,casual,0,true,"Leetsdale Dr, Denver, CO, US",39.7047247505,-104.9149424863,11,,,,11,,,false,,,,Phaseolinae,,Plantae,533399,Fabaceae,
303786981,2025-07-30 14:39:10,2025-07-30,Mountain Time (US & Canada),9595148,casual,0,true,"Leetsdale Dr, Denver, CO, US",39.7047387064,-104.9149315898,5,,,,5,,,false,,,,Cucurbita,gourds,Plantae,55425,Cucurbitaceae,Cucurbita
303787041,2025-07-30 14:39:29,2025-07-30,Mountain Time (US & Canada),9595148,casual,0,true,"Leetsdale Dr, Denver, CO, US",39.7047417611,-104.9149448098,5,,,,5,,,false,,,,Cucumis sativus,Cucumber,Plantae,54919,Cucurbitaceae,Cucumis
303787086,2025-07-30 14:39:52,2025-07-30,Mountain Time (US & Canada),9595148,casual,0,true,"Leetsdale Dr, Denver, CO, US",39.7048022349,-104.9149346716,4,,,,4,,,false,,,,Solanum lycopersicum,tomato,Plantae,51737,Solanaceae,Solanum
303787162,2025-07-30 14:40:01,2025-07-30,Mountain Time (US & Canada),9595148,casual,0,true,"Leetsdale Dr, Denver, CO, US",39.7048311578,-104.9148995563,3,,,,3,,,false,,,,Coriandrum sativum,coriander,Plantae,67759,Apiaceae,Coriandrum
303787203,2025-07-30 14:40:26,2025-07-30,Mountain Time (US & Canada),9595148,casual,0,true,"Leetsdale Dr, Denver, CO, US",39.7048230702,-104.9149014988,4,,,,4,,,false,,,Leguminosas,Fabaceae,Legumes,Plantae,47122,Fabaceae,
303787257,2025-07-30 14:40:37,2025-07-30,Mountain Time (US & Canada),9595148,casual,0,true,"Leetsdale Dr, Denver, CO, US",39.704801403,-104.9147946295,7,,,,7,,,false,,,,Calendula,marigolds,Plantae,59261,Asteraceae,Calendula
303787293,2025-07-30 14:40:53,2025-07-30,Mountain Time (US & Canada),9595148,research,0,false,"Leetsdale Dr, Denver, CO, US",39.7048042948,-104.9148429931,4,,,,4,,,false,,,Melón,Cucumis melo,Muskmelon,Plantae,76538,Cucurbitaceae,Cucumis
303787352,2025-07-30 14:41:07,2025-07-30,Mountain Time (US & Canada),9595148,casual,0,true,"Leetsdale Dr, Denver, CO, US",39.7047358554,-104.9149924807,9,,,,9,,,false,,,,Cucumis sativus,Cucumber,Plantae,54919,Cucurbitaceae,Cucumis
303787430,2025-07-30 14:41:24,2025-07-30,Mountain Time (US & Canada),9595148,casual,0,true,"Leetsdale Dr, Denver, CO, US",39.7048002003,-104.9149488597,6,,,,6,,,false,,,,Tagetes patula,French marigold,Plantae,777243,Asteraceae,Tagetes
303787488,2025-07-30 14:41:33,2025-07-30,Mountain Time (US & Canada),9595148,casual,0,true,"Leetsdale Dr, Denver, CO, US",39.7047679763,-104.915045182,5,,,,5,,,false,,,,Anethum graveolens,Dill,Plantae,75445,Apiaceae,Anethum
303787587,2025-07-30 14:41:52,2025-07-30,Mountain Time (US & Canada),9595148,casual,0,true,"Leetsdale Dr, Denver, CO, US",39.7047840063,-104.9150135095,3,,,,3,,,false,,,,Delphinium ajacis,doubtful knight's-spur,Plantae,401314,Ranunculaceae,Delphinium
303787634,2025-07-30 14:42:16,2025-07-30,Mountain Time (US & Canada),9595148,casual,0,true,"Leetsdale Dr, Denver, CO, US",39.7047757899,-104.9149687256,8,,,,8,,,false,,,,Zinnia elegans,Elegant Zinnia,Plantae,181901,Asteraceae,Zinnia
303787736,2025-07-30 14:42:47,2025-07-30,Mountain Time (US & Canada),9595148,casual,0,true,"Leetsdale Dr, Denver, CO, US",39.704885924,-104.9149984885,7,,,,7,,,false,,,,Pelargonium,geraniums and storksbills,Plantae,72281,Geraniaceae,Pelargonium
303787781,2025-07-30 14:42:59,2025-07-30,Mountain Time (US & Canada),9595148,casual,0,true,"Leetsdale Dr, Denver, CO, US",39.7048799415,-104.9150004891,4,,,,4,,,false,,,,Cucumis sativus,Cucumber,Plantae,54919,Cucurbitaceae,Cucumis
303787873,2025-07-30 14:43:08,2025-07-30,Mountain Time (US & Canada),9595148,casual,0,true,"Leetsdale Dr, Denver, CO, US",39.7048688773,-104.9149899279,3,,,,3,,,false,,,,Eruca vesicaria,rocketsalad,Plantae,77058,Brassicaceae,Eruca
303787958,2025-07-30 14:43:20,2025-07-30,Mountain Time (US & Canada),9595148,casual,0,true,"Leetsdale Dr, Denver, CO, US",39.704821771,-104.9149402232,3,,,,3,,,false,,,,Aquilegia,columbines,Plantae,48245,Ranunculaceae,Aquilegia
303788042,2025-07-30 14:43:33,2025-07-30,Mountain Time (US & Canada),9595148,casual,0,true,"Leetsdale Dr, Denver, CO, US",39.7048044624,-104.9149422349,4,,,,4,,,false,,,,Ocimum basilicum,Sweet basil,Plantae,61398,Lamiaceae,Ocimum
303788102,2025-07-30 14:43:55,2025-07-30,Mountain Time (US & Canada),9595148,casual,0,true,"Leetsdale Dr, Denver, CO, US",39.7048402951,-104.914880544,6,,,,6,,,false,,,,Tagetes,Marigolds,Plantae,72389,Asteraceae,Tagetes
303788144,2025-07-30 14:44:09,2025-07-30,Mountain Time (US & Canada),9595148,casual,0,true,"Leetsdale Dr, Denver, CO, US",39.7048199672,-104.9149482178,3,,,,3,,,false,,,,Diplotaxis,Wall-Rockets,Plantae,72097,Brassicaceae,Diplotaxis
303788191,2025-07-30 14:44:28,2025-07-30,Mountain Time (US & Canada),9595148,casual,0,true,"Leetsdale Dr, Denver, CO, US",39.7046875643,-104.9149443188,9,,,,9,,,false,,,,Solanum lycopersicum,tomato,Plantae,51737,Solanaceae,Solanum
303788232,2025-07-30 14:44:37,2025-07-30,Mountain Time (US & Canada),9595148,research,0,false,"Leetsdale Dr, Denver, CO, US",39.7048208785,-104.9149507585,3,,,,3,,,false,,,Mirasol amarillo,Cosmos sulphureus,Yellow Cosmos,Plantae,48651,Asteraceae,Cosmos
303788268,2025-07-30 14:44:46,2025-07-30,Mountain Time (US & Canada),9595148,casual,0,true,"Leetsdale Dr, Denver, CO, US",39.7048219664,-104.9149495383,3,,,,3,,,false,,,,Tagetes,Marigolds,Plantae,72389,Asteraceae,Tagetes
303788314,2025-07-30 14:45:04,2025-07-30,Mountain Time (US & Canada),9595148,casual,0,true,"Leetsdale Dr, Denver, CO, US",39.7048278898,-104.9149039296,4,,,,4,,,false,,,,Zinnia elegans,Elegant Zinnia,Plantae,181901,Asteraceae,Zinnia
303788366,2025-07-30 14:45:15,2025-07-30,Mountain Time (US & Canada),9595148,casual,0,true,"Leetsdale Dr, Denver, CO, US",39.7047595773,-104.9148569071,4,,,,4,,,false,,,,Calendula officinalis,pot marigold,Plantae,75931,Asteraceae,Calendula
303788409,2025-07-30 14:45:29,2025-07-30,Mountain Time (US & Canada),9595148,research,0,false,"Leetsdale Dr, Denver, CO, US",39.7047442384,-104.9148756825,3,,,,3,,,false,,,Melón,Cucumis melo,Muskmelon,Plantae,76538,Cucurbitaceae,Cucumis
303788476,2025-07-30 14:45:44,2025-07-30,Mountain Time (US & Canada),9595148,casual,0,true,"Leetsdale Dr, Denver, CO, US",39.7047655285,-104.9149993156,4,,,,4,,,false,,,,Antirrhinum,Snapdragons,Plantae,48970,Plantaginaceae,Antirrhinum
303788512,2025-07-30 14:45:55,2025-07-30,Mountain Time (US & Canada),9595148,casual,0,true,"Leetsdale Dr, Denver, CO, US",39.7047514888,-104.9149932806,3,,,,3,,,false,,,,Tagetes,Marigolds,Plantae,72389,Asteraceae,Tagetes
303788558,2025-07-30 14:46:05,2025-07-30,Mountain Time (US & Canada),9595148,casual,0,true,"Leetsdale Dr, Denver, CO, US",39.7047700413,-104.9149914085,4,,,,4,,,false,,,Tomate,Solanum lycopersicum,tomato,Plantae,51737,Solanaceae,Solanum
303788608,2025-07-30 14:46:16,2025-07-30,Mountain Time (US & Canada),9595148,casual,0,true,"Leetsdale Dr, Denver, CO, US",39.704778183,-104.9149488636,3,,,,3,,,false,,,,Coriandrum sativum,coriander,Plantae,67759,Apiaceae,Coriandrum
304006032,2025-08-05 10:13:36,2025-08-05,Mountain Time (US & Canada),4547933,casual,0,true,"S Pecos St, Denver, CO, US",39.6854762353,-105.006318514,46,,,,46,,,false,,"","",Cosmos bipinnatus,garden cosmos,Plantae,68562,Asteraceae,Cosmos
304006086,2025-08-05 10:13:57,2025-08-05,Mountain Time (US & Canada),4547933,casual,0,true,"Ruby Hill Loop Trail, Denver, CO, US",39.6855169636,-105.0059788134,23,,,,23,,,false,,"","",Ipomopsis rubra,standing cypress,Plantae,62659,Polemoniaceae,Ipomopsis
304006253,2025-08-05 10:14:36,2025-08-05,Mountain Time (US & Canada),4547933,casual,0,true,"Ruby Hill Loop Trail, Denver, CO, US",39.6855045199,-105.0058850801,14,,,,14,,,false,,"","",Chamaebatiaria millefolium,fernbush,Plantae,76236,Rosaceae,Chamaebatiaria
304006331,2025-08-05 10:15:11,2025-08-05,Mountain Time (US & Canada),4547933,casual,0,true,"Ruby Hill Loop Trail, Denver, CO, US",39.6854724648,-105.0059296786,7,,,,7,,,false,,"","",Convolvulus,bindweeds,Plantae,53022,Convolvulaceae,Convolvulus
304006388,2025-08-05 10:15:26,2025-08-05,Mountain Time (US & Canada),4547933,casual,0,true,"Ruby Hill Loop Trail, Denver, CO, US",39.6853754388,-105.0060449957,43,,,,43,,,false,,"","",Delphinium,larkspurs,Plantae,48493,Ranunculaceae,Delphinium
304006436,2025-08-05 10:15:43,2025-08-05,Mountain Time (US & Canada),4547933,casual,0,true,"Ruby Hill Loop Trail, Denver, CO, US",39.685524436,-105.0058937674,6,,,,6,,,false,,"","",Gaillardia,Blanketflowers,Plantae,51769,Asteraceae,Gaillardia
304006516,2025-08-05 10:16:03,2025-08-05,Mountain Time (US & Canada),4547933,casual,0,true,"Ruby Hill Loop Trail, Denver, CO, US",39.6855508684,-105.0058964235,8,,,,8,,,false,,"","",Gaillardia aristata,great blanketflower,Plantae,77183,Asteraceae,Gaillardia
304006579,2025-08-05 10:16:29,2025-08-05,Mountain Time (US & Canada),4547933,casual,0,true,"Ruby Hill Loop Trail, Denver, CO, US",39.6854180172,-105.0060529164,44,,,,44,,,false,,"","",Cucurbita,gourds,Plantae,55425,Cucurbitaceae,Cucurbita
304006628,2025-08-05 10:16:49,2025-08-05,Mountain Time (US & Canada),4547933,casual,0,true,"Ruby Hill Loop Trail, Denver, CO, US",39.6855295739,-105.0059811201,18,,,,18,,open,false,,"","",Physalis philadelphica,Large-flowered Tomatillo,Plantae,51734,Solanaceae,Physalis
304006704,2025-08-05 10:17:05,2025-08-05,Mountain Time (US & Canada),4547933,casual,0,true,"Ruby Hill Loop Trail, Denver, CO, US",39.6855067867,-105.0058889939,20,,,,20,,,false,,"","",Cucumis,Melons & Cucumbers,Plantae,54916,Cucurbitaceae,Cucumis
304006857,2025-08-05 10:17:43,2025-08-05,Mountain Time (US & Canada),4547933,casual,0,true,"Ruby Hill Loop Trail, Denver, CO, US",39.685504828,-105.0058486781,57,,,,57,,,false,,"","",Delphinium ajacis,doubtful knight's-spur,Plantae,401314,Ranunculaceae,Delphinium
304007142,2025-08-05 10:19:27,2025-08-05,Mountain Time (US & Canada),4547933,casual,0,true,"Ruby Hill Loop Trail, Denver, CO, US",39.6854550541,-105.0058094057,6,,,,6,,,false,,"","",Monarda,beebalms and bergamots,Plantae,52736,Lamiaceae,Monarda
304007310,2025-08-05 10:20:03,2025-08-05,Mountain Time (US & Canada),4547933,casual,0,true,"Ruby Hill Loop Trail, Denver, CO, US",39.6854367696,-105.0058672249,14,,,,14,,,false,,"","",Helianthus,sunflowers,Plantae,56955,Asteraceae,Helianthus
304007379,2025-08-05 10:20:32,2025-08-05,Mountain Time (US & Canada),4547933,casual,0,true,"Ruby Hill Loop Trail, Denver, CO, US",39.6854495718,-105.0058553461,5,,,,5,,,false,,"","",Alcea rosea,Hollyhock,Plantae,62205,Malvaceae,Alcea
304007474,2025-08-05 10:20:49,2025-08-05,Mountain Time (US & Canada),4547933,casual,0,true,"Ruby Hill Loop Trail, Denver, CO, US",39.6853094616,-105.0061106615,36,,,,36,,,false,,"","",Ipomoea,morning-glories,Plantae,52346,Convolvulaceae,Ipomoea
304007624,2025-08-05 10:21:11,2025-08-05,Mountain Time (US & Canada),4547933,casual,0,true,"Ruby Hill Loop Trail, Denver, CO, US",39.6854325681,-105.0058994506,14,,,,14,,,false,,"",California poppy,Eschscholzia californica,California poppy,Plantae,48225,Papaveraceae,Eschscholzia
304007675,2025-08-05 10:21:42,2025-08-05,Mountain Time (US & Canada),4547933,casual,0,true,"Ruby Hill Loop Trail, Denver, CO, US",39.6854571885,-105.0059286061,9,,,,9,,,false,,"",magnolia family,Magnoliaceae,magnolia family,Plantae,53581,Magnoliaceae,
304007772,2025-08-05 10:22:07,2025-08-05,Mountain Time (US & Canada),4547933,casual,0,true,"Ruby Hill Loop Trail, Denver, CO, US",39.6854548938,-105.0059373509,15,,,,15,,,false,,"","",Ocimum,Basils,Plantae,61399,Lamiaceae,Ocimum
304007843,2025-08-05 10:22:31,2025-08-05,Mountain Time (US & Canada),4547933,casual,0,true,"Ruby Hill Loop Trail, Denver, CO, US",39.6854182429,-105.005915566,5,,,,5,,,false,,"","",Alcea rosea,Hollyhock,Plantae,62205,Malvaceae,Alcea
304007918,2025-08-05 10:22:52,2025-08-05,Mountain Time (US & Canada),4547933,casual,0,true,"Ruby Hill Loop Trail, Denver, CO, US",39.6854088315,-105.0060941574,37,,,,37,,,false,,"","",Tagetes patula,French marigold,Plantae,777243,Asteraceae,Tagetes
304008000,2025-08-05 10:23:16,2025-08-05,Mountain Time (US & Canada),4547933,casual,0,true,"Ruby Hill Loop Trail, Denver, CO, US",39.6854471698,-105.00589055,6,,,,6,,open,false,,"",Large-flowered Tomatillo,Physalis philadelphica,Large-flowered Tomatillo,Plantae,51734,Solanaceae,Physalis
304008118,2025-08-05 10:23:43,2025-08-05,Mountain Time (US & Canada),4547933,casual,0,true,"Ruby Hill Loop Trail, Denver, CO, US",39.6853852421,-105.0061054605,31,,,,31,,,false,,"","",Cucumis sativus,Cucumber,Plantae,54919,Cucurbitaceae,Cucumis
304008309,2025-08-05 10:24:21,2025-08-05,Mountain Time (US & Canada),4547933,casual,0,true,"Ruby Hill Loop Trail, Denver, CO, US",39.6854953386,-105.0059331376,13,,,,13,,open,false,,"","",Helianthus annuus,Common Sunflower,Plantae,57983,Asteraceae,Helianthus
304008417,2025-08-05 10:25:32,2025-08-05,Mountain Time (US & Canada),4547933,casual,0,true,"Ruby Hill Loop Trail, Denver, CO, US",39.6854547865,-105.0062960304,32,,,,32,,,false,,"","",Coriandrum sativum,coriander,Plantae,67759,Apiaceae,Coriandrum
304008508,2025-08-05 10:25:53,2025-08-05,Mountain Time (US & Canada),4547933,casual,0,true,"W Mexico Ave, Denver, CO, US",39.6854787908,-105.0064769267,34,,,,34,,open,false,,"","",Helianthus annuus,Common Sunflower,Plantae,57983,Asteraceae,Helianthus
304008611,2025-08-05 10:26:20,2025-08-05,Mountain Time (US & Canada),4547933,casual,0,true,"W Mexico Ave, Denver, CO, US",39.6856084599,-105.006169901,25,,,,25,,,false,,"","",Tagetes erecta,Mexican Marigold,Plantae,79312,Asteraceae,Tagetes
304009252,2025-08-05 10:29:02,2025-08-05,Mountain Time (US & Canada),4547933,casual,0,true,"Ruby Hill Loop Trail, Denver, CO, US",39.685507286,-105.005988454,7,,,,7,,open,false,,"","",Helianthus annuus,Common Sunflower,Plantae,57983,Asteraceae,Helianthus
304010365,2025-08-05 10:32:30,2025-08-05,Mountain Time (US & Canada),4547933,casual,0,true,"S Pecos St, Denver, CO, US",39.6853355125,-105.0064867955,51,,,,51,,open,false,,"","",Helianthus annuus,Common Sunflower,Plantae,57983,Asteraceae,Helianthus
304010726,2025-08-05 10:35:36,2025-08-05,Mountain Time (US & Canada),4547933,casual,0,true,"S Pecos St, Denver, CO, US",39.6855177358,-105.0060537305,14,,,,14,,,false,,"","",Helianthus,sunflowers,Plantae,56955,Asteraceae,Helianthus
304010864,2025-08-05 10:36:15,2025-08-05,Mountain Time (US & Canada),4547933,casual,0,true,"Ruby Hill Loop Trail, Denver, CO, US",39.6854375303,-105.00612795,14,,,,14,,,false,,"","",Tagetes erecta,Mexican Marigold,Plantae,79312,Asteraceae,Tagetes
304011003,2025-08-05 10:36:56,2025-08-05,Mountain Time (US & Canada),4547933,casual,0,true,"Ruby Hill Loop Trail, Denver, CO, US",39.6853296197,-105.0064912611,32,,,,32,,,false,,"","",Lantana,Lantanas,Plantae,50334,Verbenaceae,Lantana
304011200,2025-08-05 10:37:54,2025-08-05,Mountain Time (US & Canada),4547933,casual,0,true,"Ruby Hill Loop Trail, Denver, CO, US",39.6855764248,-105.0060751423,8,,,,8,,open,false,,"","",Helianthus annuus,Common Sunflower,Plantae,57983,Asteraceae,Helianthus
304011352,2025-08-05 10:38:27,2025-08-05,Mountain Time (US & Canada),4547933,casual,0,true,"W Mexico Ave, Denver, CO, US",39.6854042328,-105.0063230481,39,,,,39,,,false,,"",common morning-glory,Ipomoea purpurea,common morning-glory,Plantae,52344,Convolvulaceae,Ipomoea
304011429,2025-08-05 10:38:51,2025-08-05,Mountain Time (US & Canada),4547933,casual,0,true,"S Pecos St, Denver, CO, US",39.6853368906,-105.0061755545,23,,,,23,,,false,,"","",Solanum lycopersicum,tomato,Plantae,51737,Solanaceae,Solanum
304011557,2025-08-05 10:39:17,2025-08-05,Mountain Time (US & Canada),4547933,casual,0,true,"Ruby Hill Loop Trail, Denver, CO, US",39.6854956223,-105.0061054463,5,,,,5,,open,false,,"","",Helianthus annuus,Common Sunflower,Plantae,57983,Asteraceae,Helianthus
304026987,2025-08-05 11:43:17,2025-08-05,Mountain Time (US & Canada),4547933,casual,0,true,"S Patton Ct, Denver, CO, US",39.6753416144,-105.0385197185,31,,,,31,,open,false,,"","",Helianthus annuus,Common Sunflower,Plantae,57983,Asteraceae,Helianthus
304027077,2025-08-05 11:43:40,2025-08-05,Mountain Time (US & Canada),4547933,casual,0,true,"S Patton Ct, Denver, CO, US",39.6752697322,-105.0386629463,39,,,,39,,,false,,"","",Solidago,goldenrods,Plantae,48678,Asteraceae,Solidago
304027218,2025-08-05 11:44:05,2025-08-05,Mountain Time (US & Canada),4547933,casual,0,true,"S Patton Ct, Denver, CO, US",39.6753797027,-105.0385093357,39,,,,39,,,false,,"",upright prairie coneflower,Ratibida columnifera,upright prairie coneflower,Plantae,78836,Asteraceae,Ratibida
304027395,2025-08-05 11:44:48,2025-08-05,Mountain Time (US & Canada),4547933,casual,0,true,"S Patton Ct, Denver, CO, US",39.6754060163,-105.0385856573,26,,,,26,,open,false,,"",puncture vine,Tribulus terrestris,puncture vine,Plantae,64238,Zygophyllaceae,Tribulus
304027453,2025-08-05 11:45:07,2025-08-05,Mountain Time (US & Canada),4547933,casual,0,true,"S Patton Ct, Denver, CO, US",39.6753728492,-105.0386038427,26,,,,26,,,false,,"","",Tagetes,Marigolds,Plantae,72389,Asteraceae,Tagetes
304027543,2025-08-05 11:45:36,2025-08-05,Mountain Time (US & Canada),4547933,casual,0,true,"S Patton Ct, Denver, CO, US",39.6756396455,-105.0385358448,33,,,,33,,,false,,"","",Erigeron,fleabanes and horseweeds,Plantae,50879,Asteraceae,Erigeron
304027699,2025-08-05 11:46:03,2025-08-05,Mountain Time (US & Canada),4547933,casual,0,true,"S Patton Ct, Denver, CO, US",39.675802495,-105.0385976342,41,,,,41,,,false,,"","",Anethum graveolens,Dill,Plantae,75445,Apiaceae,Anethum
304027778,2025-08-05 11:46:23,2025-08-05,Mountain Time (US & Canada),4547933,casual,0,true,"S Quitman Way, Denver, CO, US",39.6756725785,-105.0384637421,39,,,,39,,,false,,"",field bindweed,Convolvulus arvensis,field bindweed,Plantae,53021,Convolvulaceae,Convolvulus
304027869,2025-08-05 11:46:41,2025-08-05,Mountain Time (US & Canada),4547933,casual,0,true,"S Patton Ct, Denver, CO, US",39.6754544808,-105.0384952094,19,,,,19,,,false,,"","",Cucurbita,gourds,Plantae,55425,Cucurbitaceae,Cucurbita
304028266,2025-08-05 11:47:02,2025-08-05,Mountain Time (US & Canada),4547933,casual,0,true,"S Patton Ct, Denver, CO, US",39.6756236204,-105.0388436774,13,,,,13,,,false,,"","",Brassicoideae,,Plantae,1473853,Brassicaceae,
304028750,2025-08-05 11:48:36,2025-08-05,Mountain Time (US & Canada),4547933,casual,0,true,"S Patton Ct, Denver, CO, US",39.6756265424,-105.0386291686,28,,,,28,,,false,,"","",Tropaeolum majus,garden nasturtium,Plantae,54329,Tropaeolaceae,Tropaeolum
304029414,2025-08-05 10:18:28,2025-08-05,Mountain Time (US & Canada),4547933,casual,0,true,"Denver, CO, US",39.6854424198,-105.0063059515,38,,,,38,,,false,,"","",Mentha,mints,Plantae,54570,Lamiaceae,Mentha
304029484,2025-08-05 10:26:52,2025-08-05,Mountain Time (US & Canada),4547933,casual,0,true,"Ruby Hill Loop Trail, Denver, CO, US",39.6854643221,-105.0061663049,36,,,,36,,,false,,"","",Zinnia elegans,Elegant Zinnia,Plantae,181901,Asteraceae,Zinnia
304029756,2025-08-05 10:40:07,2025-08-05,Mountain Time (US & Canada),4547933,casual,0,true,"Ruby Hill Loop Trail, Denver, CO, US",39.6854777063,-105.0060797583,4,,,,4,,,false,,"","",Alcea,hollyhocks,Plantae,62206,Malvaceae,Alcea
304029777,2025-08-05 11:53:51,2025-08-05,Mountain Time (US & Canada),4547933,casual,0,true,"S Patton Ct, Denver, CO, US",39.6756050425,-105.0388222667,14,,,,14,,,false,,"",tomato,Solanum lycopersicum,tomato,Plantae,51737,Solanaceae,Solanum
304029962,2025-08-05 11:55:01,2025-08-05,Mountain Time (US & Canada),4547933,casual,0,true,"S Patton Ct, Denver, CO, US",39.6755946127,-105.0388072617,14,,,,14,,,false,,"","",Cucumis sativus,Cucumber,Plantae,54919,Cucurbitaceae,Cucumis
304030386,2025-08-05 11:55:56,2025-08-05,Mountain Time (US & Canada),4547933,casual,0,true,"S Patton Ct, Denver, CO, US",39.6756213357,-105.0388455505,7,,,,7,,,false,,"","",Fragaria,strawberries,Plantae,50299,Rosaceae,Fragaria
304030579,2025-08-05 11:57:44,2025-08-05,Mountain Time (US & Canada),4547933,casual,0,true,"S Patton Ct, Denver, CO, US",39.6756318336,-105.038812754,9,,,,9,,,false,,"","",Dahlia,Dahlias,Plantae,58465,Asteraceae,Dahlia
304031568,2025-08-05 12:02:21,2025-08-05,Mountain Time (US & Canada),4547933,casual,0,true,"S Patton Ct, Denver, CO, US",39.6756164774,-105.0387694049,14,,,,14,,,false,,"","",Asteroideae,,Plantae,632790,Asteraceae,
304055046,2025-08-05 11:47:58,2025-08-05,Mountain Time (US & Canada),4547933,casual,0,true,"S Patton Ct, Denver, CO, US",39.6756693366,-105.0386133614,26,,,,26,,,false,,"","",Tropaeolum majus,garden nasturtium,Plantae,54329,Tropaeolaceae,Tropaeolum
304055087,2025-08-05 11:49:16,2025-08-05,Mountain Time (US & Canada),4547933,casual,0,true,"S Patton Ct, Denver, CO, US",39.6755960457,-105.0388222336,13,,,,13,,open,false,,"","",Achillea millefolium,common yarrow,Plantae,52821,Asteraceae,Achillea
304055126,2025-08-05 11:49:52,2025-08-05,Mountain Time (US & Canada),4547933,casual,0,true,"S Quitman Way, Denver, CO, US",39.6756149697,-105.0388123954,5,,,,5,,,false,,"",pot marigold,Calendula officinalis,pot marigold,Plantae,75931,Asteraceae,Calendula
304055160,2025-08-05 11:58:49,2025-08-05,Mountain Time (US & Canada),4547933,casual,0,true,"S Patton Ct, Denver, CO, US",39.6756489692,-105.0388013887,4,,,,4,,,false,,"","",Solanum,nightshades,Plantae,50641,Solanaceae,Solanum
304055265,2025-08-05 13:47:19,2025-08-05,Mountain Time (US & Canada),4547933,casual,0,true,"W Floyd Ave, Lakewood, CO, US",39.6575392761,-105.0990658232,30,,,,30,,,false,,"",Borage,Borago officinalis,Borage,Plantae,52287,Boraginaceae,Borago
304055376,2025-08-05 13:47:47,2025-08-05,Mountain Time (US & Canada),4547933,casual,0,true,"W Floyd Ave, Lakewood, CO, US",39.6573762293,-105.0988298029,12,,,,12,,,false,,"","",Tagetes patula,French marigold,Plantae,777243,Asteraceae,Tagetes
304055446,2025-08-05 13:48:19,2025-08-05,Mountain Time (US & Canada),4547933,casual,0,true,"S Field St, Lakewood, CO, US",39.657339696,-105.098734371,7,,,,7,,,false,,"","",Hydrangea,hydrangeas,Plantae,83157,Hydrangeaceae,Hydrangea
304055574,2025-08-05 13:48:53,2025-08-05,Mountain Time (US & Canada),4547933,casual,0,true,"W Floyd Ave, Lakewood, CO, US",39.6576248243,-105.0990003649,23,,,,23,,,false,,"","",Lavandula,Lavenders,Plantae,61905,Lamiaceae,Lavandula
304055647,2025-08-05 13:49:18,2025-08-05,Mountain Time (US & Canada),4547933,casual,0,true,"W Floyd Ave, Lakewood, CO, US",39.6574232784,-105.0988238463,22,,,,22,,open,false,,"","",Helianthus annuus,Common Sunflower,Plantae,57983,Asteraceae,Helianthus
304055717,2025-08-05 13:49:41,2025-08-05,Mountain Time (US & Canada),4547933,casual,0,true,"S Field St, Lakewood, CO, US",39.6573905909,-105.0987301382,11,,,,11,,,false,,"",garden cosmos,Cosmos bipinnatus,garden cosmos,Plantae,68562,Asteraceae,Cosmos
304055773,2025-08-05 13:50:03,2025-08-05,Mountain Time (US & Canada),4547933,casual,0,true,"S Field St, Lakewood, CO, US",39.6573374688,-105.0987631234,14,,,,14,,,false,,"",Welsh Onion,Allium fistulosum,Welsh Onion,Plantae,126225,Amaryllidaceae,Allium
304055975,2025-08-05 13:51:02,2025-08-05,Mountain Time (US & Canada),4547933,casual,0,true,"W Floyd Ave, Lakewood, CO, US",39.6575358201,-105.0990457594,22,,,,22,,open,false,,"","",Helianthus annuus,Common Sunflower,Plantae,57983,Asteraceae,Helianthus
304056039,2025-08-05 13:51:18,2025-08-05,Mountain Time (US & Canada),4547933,casual,0,true,"W Floyd Ave, Lakewood, CO, US",39.6572982859,-105.0986927714,13,,,,13,,,false,,"","",Tagetes,Marigolds,Plantae,72389,Asteraceae,Tagetes
304056187,2025-08-05 13:52:08,2025-08-05,Mountain Time (US & Canada),4547933,casual,0,true,"S Field St, Lakewood, CO, US",39.6574591016,-105.098661801,19,,,,19,,,false,,"","",Origanum vulgare,Oregano,Plantae,61396,Lamiaceae,Origanum
304056240,2025-08-05 13:52:37,2025-08-05,Mountain Time (US & Canada),4547933,casual,0,true,"S Field St, Lakewood, CO, US",39.6574662661,-105.0987528326,20,,,,20,,,false,,"",tomato,Solanum lycopersicum,tomato,Plantae,51737,Solanaceae,Solanum
304056301,2025-08-05 13:52:57,2025-08-05,Mountain Time (US & Canada),4547933,casual,0,true,"W Floyd Ave, Lakewood, CO, US",39.6574903379,-105.0991073237,22,,,,22,,,false,,"","",Cucurbita,gourds,Plantae,55425,Cucurbitaceae,Cucurbita
304056401,2025-08-05 13:53:20,2025-08-05,Mountain Time (US & Canada),4547933,casual,0,true,"W Floyd Ave, Lakewood, CO, US",39.6572671516,-105.0986558574,13,,,,13,,,false,,"","",Tagetes,Marigolds,Plantae,72389,Asteraceae,Tagetes
304056488,2025-08-05 13:53:57,2025-08-05,Mountain Time (US & Canada),4547933,casual,0,true,"W Floyd Ave, Lakewood, CO, US",39.6573519851,-105.0989867706,25,,,,25,,,false,,"",garden cosmos,Cosmos bipinnatus,garden cosmos,Plantae,68562,Asteraceae,Cosmos
304056628,2025-08-05 13:54:14,2025-08-05,Mountain Time (US & Canada),4547933,casual,0,true,"S Field St, Lakewood, CO, US",39.6573790099,-105.0990822516,33,,,,33,,,false,,"","",Helianthus,sunflowers,Plantae,56955,Asteraceae,Helianthus
304056769,2025-08-05 13:55:10,2025-08-05,Mountain Time (US & Canada),4547933,casual,0,true,"W Floyd Ave, Lakewood, CO, US",39.6574737232,-105.0993063782,23,,,,23,,,false,,"",tomato,Solanum lycopersicum,tomato,Plantae,51737,Solanaceae,Solanum
304056840,2025-08-05 13:55:32,2025-08-05,Mountain Time (US & Canada),4547933,casual,0,true,"S Field St, Lakewood, CO, US",39.6573721916,-105.0989833365,22,,,,22,,,false,,"","",Amaranthus,amaranths,Plantae,52326,Amaranthaceae,Amaranthus
304056905,2025-08-05 13:56:01,2025-08-05,Mountain Time (US & Canada),4547933,casual,0,true,"W Floyd Ave, Lakewood, CO, US",39.6572167292,-105.098693948,16,,,,16,,,false,,"",field bindweed,Convolvulus arvensis,field bindweed,Plantae,53021,Convolvulaceae,Convolvulus
304056959,2025-08-05 13:56:29,2025-08-05,Mountain Time (US & Canada),4547933,casual,0,true,"S Field St, Lakewood, CO, US",39.6572547732,-105.0988278541,26,,,,26,,,false,,"","",Tagetes,Marigolds,Plantae,72389,Asteraceae,Tagetes
304057015,2025-08-05 13:56:53,2025-08-05,Mountain Time (US & Canada),4547933,casual,0,true,"S Field St, Lakewood, CO, US",39.6574394136,-105.0989620551,26,,,,26,,,false,,"","",Tagetes erecta,Mexican Marigold,Plantae,79312,Asteraceae,Tagetes
304057067,2025-08-05 13:57:14,2025-08-05,Mountain Time (US & Canada),4547933,casual,0,true,"W Floyd Ave, Lakewood, CO, US",39.6574399171,-105.0988727417,34,,,,34,,,false,,"","",Dahlia pinnata,Garden Dahlia,Plantae,161582,Asteraceae,Dahlia
304057261,2025-08-05 13:57:48,2025-08-05,Mountain Time (US & Canada),4547933,casual,0,true,"W Floyd Ave, Lakewood, CO, US",39.6575683449,-105.099148188,27,,,,27,,,false,,"","",Solanum lycopersicum,tomato,Plantae,51737,Solanaceae,Solanum
304057345,2025-08-05 13:58:39,2025-08-05,Mountain Time (US & Canada),4547933,casual,0,true,"S Field St, Lakewood, CO, US",39.6571320804,-105.0985464608,12,,,,12,,,false,,"",garden cosmos,Cosmos bipinnatus,garden cosmos,Plantae,68562,Asteraceae,Cosmos
304057426,2025-08-05 13:59:06,2025-08-05,Mountain Time (US & Canada),4547933,casual,0,true,"S Field St, Lakewood, CO, US",39.6571148911,-105.098539717,7,,,,7,,,false,,"","",Centaurea cyanus,Cornflower,Plantae,933404,Asteraceae,Centaurea
304057652,2025-08-05 13:59:26,2025-08-05,Mountain Time (US & Canada),4547933,casual,0,true,"S Field St, Lakewood, CO, US",39.6571203037,-105.0985469725,14,,,,14,,,false,,"","",Asteroideae,,Plantae,632790,Asteraceae,
304057779,2025-08-05 14:00:07,2025-08-05,Mountain Time (US & Canada),4547933,casual,0,true,"S Field St, Lakewood, CO, US",39.6571175176,-105.0985544228,6,,,,6,,,false,,"","",Hyssopus officinalis,Hyssop,Plantae,164026,Lamiaceae,Hyssopus
304057895,2025-08-05 14:00:37,2025-08-05,Mountain Time (US & Canada),4547933,casual,0,true,"W Floyd Ave, Lakewood, CO, US",39.6573304061,-105.0992131192,30,,,,30,,,false,,"","",Penstemon,beardtongues,Plantae,48367,Plantaginaceae,Penstemon
304058093,2025-08-05 14:01:14,2025-08-05,Mountain Time (US & Canada),4547933,casual,0,true,"S Field St, Lakewood, CO, US",39.6570623431,-105.0984644139,14,,,,14,,,false,,"","",Melissa officinalis,lemon balm,Plantae,59901,Lamiaceae,Melissa
304058381,2025-08-05 14:02:24,2025-08-05,Mountain Time (US & Canada),4547933,casual,0,true,"S Field St, Lakewood, CO, US",39.657168916,-105.0987446051,16,,,,16,,,false,,"","",Leucanthemum,Oxeye Daisies,Plantae,56058,Asteraceae,Leucanthemum
304263739,2025-08-06 10:31:17,2025-08-06,Mountain Time (US & Canada),4547933,casual,0,true,"E Eastman Ave, Englewood, CO, US",39.6582987523,-104.971909704,27,,,,27,,,false,,"","",Echinacea purpurea,purple coneflower,Plantae,48627,Asteraceae,Echinacea
304263894,2025-08-06 10:31:44,2025-08-06,Mountain Time (US & Canada),4547933,casual,0,true,"E Eastman Ave, Englewood, CO, US",39.6584684213,-104.9719162126,7,,,,7,,,false,,"",Fern-leaf Yarrow,Achillea filipendulina,Fern-leaf Yarrow,Plantae,157924,Asteraceae,Achillea
304264173,2025-08-06 10:32:26,2025-08-06,Mountain Time (US & Canada),4547933,casual,0,true,"E Eastman Ave, Englewood, CO, US",39.6585235668,-104.971903804,6,,,,6,,,false,,"","",Erigeron canadensis,horseweed,Plantae,76907,Asteraceae,Erigeron
304264536,2025-08-06 10:33:54,2025-08-06,Mountain Time (US & Canada),4547933,casual,0,true,"E Eastman Ave, Englewood, CO, US",39.6585292376,-104.9718238884,14,,,,14,,,false,,"","",Fragaria,strawberries,Plantae,50299,Rosaceae,Fragaria
304264633,2025-08-06 10:34:26,2025-08-06,Mountain Time (US & Canada),4547933,casual,0,true,"E Eastman Ave, Englewood, CO, US",39.6585631529,-104.9717032069,23,,,,23,,,false,,"","",Achillea filipendulina,Fern-leaf Yarrow,Plantae,157924,Asteraceae,Achillea
304264749,2025-08-06 10:35:05,2025-08-06,Mountain Time (US & Canada),4547933,casual,0,true,"S Lafayette St, Englewood, CO, US",39.6587046196,-104.9715572396,33,,,,33,,,false,,"","",Convolvulus arvensis,field bindweed,Plantae,53021,Convolvulaceae,Convolvulus
304264825,2025-08-06 10:35:25,2025-08-06,Mountain Time (US & Canada),4547933,casual,0,true,"S Lafayette St, Englewood, CO, US",39.6587733656,-104.9715004004,35,,,,35,,,false,,"","",Echinacea,coneflowers,Plantae,48628,Asteraceae,Echinacea
304265040,2025-08-06 10:36:10,2025-08-06,Mountain Time (US & Canada),4547933,casual,0,true,"S Lafayette St, Englewood, CO, US",39.6586796483,-104.9715079609,37,,,,37,,,false,,"",common morning-glory,Ipomoea purpurea,common morning-glory,Plantae,52344,Convolvulaceae,Ipomoea
304265194,2025-08-06 10:36:57,2025-08-06,Mountain Time (US & Canada),4547933,casual,0,true,"E Eastman Ave, Englewood, CO, US",39.6585657298,-104.9719015698,13,,,,13,,,false,,"","",Echinacea purpurea,purple coneflower,Plantae,48627,Asteraceae,Echinacea
304265390,2025-08-06 10:37:35,2025-08-06,Mountain Time (US & Canada),4547933,casual,0,true,"S Lafayette St, Englewood, CO, US",39.6582767536,-104.9717532444,19,,,,19,,,false,,"","",Convolvulus arvensis,field bindweed,Plantae,53021,Convolvulaceae,Convolvulus
304265533,2025-08-06 10:37:56,2025-08-06,Mountain Time (US & Canada),4547933,casual,0,true,"E Eastman Ave, Englewood, CO, US",39.6584540404,-104.9718938704,8,,,,8,,,false,,"",tomato,Solanum lycopersicum,tomato,Plantae,51737,Solanaceae,Solanum
304265667,2025-08-06 10:38:31,2025-08-06,Mountain Time (US & Canada),4547933,casual,0,true,"E Eastman Ave, Englewood, CO, US",39.658382946,-104.9719482628,14,,,,14,,,false,,"","",Cucurbita,gourds,Plantae,55425,Cucurbitaceae,Cucurbita
304265769,2025-08-06 10:39:03,2025-08-06,Mountain Time (US & Canada),4547933,casual,0,true,"E Eastman Ave, Englewood, CO, US",39.6583226558,-104.9719656527,30,,,,30,,open,false,,"","",Phaseolus vulgaris,Common Bean,Plantae,122850,Fabaceae,Phaseolus
304265891,2025-08-06 10:39:33,2025-08-06,Mountain Time (US & Canada),4547933,casual,0,true,"E Eastman Ave, Englewood, CO, US",39.658264169,-104.9718371827,41,,,,41,,,false,,"",coriander,Coriandrum sativum,coriander,Plantae,67759,Apiaceae,Coriandrum
304266123,2025-08-06 10:40:44,2025-08-06,Mountain Time (US & Canada),4547933,casual,0,true,"E Eastman Ave, Englewood, CO, US",39.6585493646,-104.9718209654,21,,,,21,,,false,,"","",Brassica,cabbages and mustards,Plantae,53113,Brassicaceae,Brassica
304266317,2025-08-06 10:41:29,2025-08-06,Mountain Time (US & Canada),4547933,casual,0,true,"E Eastman Ave, Englewood, CO, US",39.6583835537,-104.9716567223,30,,,,30,,,false,,"","",Brassiceae,,Plantae,574731,Brassicaceae,
304266446,2025-08-06 10:42:11,2025-08-06,Mountain Time (US & Canada),4547933,casual,0,true,"E Eastman Ave, Englewood, CO, US",39.6584821737,-104.9711817885,39,,,,39,,open,false,,"","",Helianthus annuus,Common Sunflower,Plantae,57983,Asteraceae,Helianthus
304266754,2025-08-06 10:42:55,2025-08-06,Mountain Time (US & Canada),4547933,casual,0,true,"E Eastman Ave, Englewood, CO, US",39.6583578587,-104.9718511429,14,,,,14,,,false,,"","",Solanum lycopersicum,tomato,Plantae,51737,Solanaceae,Solanum
304266908,2025-08-06 10:43:40,2025-08-06,Mountain Time (US & Canada),4547933,casual,0,true,"E Eastman Ave, Englewood, CO, US",39.6583970529,-104.9719126016,14,,,,14,,open,false,,"","",Cucurbita pepo,American pumpkin,Plantae,76541,Cucurbitaceae,Cucurbita
304267040,2025-08-06 10:44:21,2025-08-06,Mountain Time (US & Canada),4547933,casual,0,true,"E Eastman Ave, Englewood, CO, US",39.6581420951,-104.9719249133,30,,,,30,,,false,,"","",Tagetes erecta,Mexican Marigold,Plantae,79312,Asteraceae,Tagetes
304267171,2025-08-06 10:44:58,2025-08-06,Mountain Time (US & Canada),4547933,casual,0,true,"E Eastman Ave, Englewood, CO, US",39.6583407255,-104.9719724402,17,,,,17,,,false,,"","",Anethum graveolens,Dill,Plantae,75445,Apiaceae,Anethum
304267321,2025-08-06 10:45:39,2025-08-06,Mountain Time (US & Canada),4547933,casual,0,true,"E Eastman Ave, Englewood, CO, US",39.6583705286,-104.9718986191,14,,,,14,,,false,,"","",Eruca vesicaria,rocketsalad,Plantae,77058,Brassicaceae,Eruca
304267532,2025-08-06 10:46:41,2025-08-06,Mountain Time (US & Canada),4547933,casual,0,true,"E Eastman Ave, Englewood, CO, US",39.6582583038,-104.9717031512,48,,,,48,,,false,,"","",Cucumis sativus,Cucumber,Plantae,54919,Cucurbitaceae,Cucumis
304267723,2025-08-06 10:47:26,2025-08-06,Mountain Time (US & Canada),4547933,casual,0,true,"S Marion St, Englewood, CO, US",39.6582547612,-104.9720521918,17,,,,17,,open,false,,"","",Helianthus annuus,Common Sunflower,Plantae,57983,Asteraceae,Helianthus
304267853,2025-08-06 10:48:00,2025-08-06,Mountain Time (US & Canada),4547933,casual,0,true,"E Eastman Ave, Englewood, CO, US",39.6582460019,-104.9719893586,32,,,,32,,,false,,"",tomato,Solanum lycopersicum,tomato,Plantae,51737,Solanaceae,Solanum
304268136,2025-08-06 10:49:00,2025-08-06,Mountain Time (US & Canada),4547933,casual,0,true,"S Marion St, Englewood, CO, US",39.6579139432,-104.9720652606,34,,,,34,,,false,,"","",Cucurbita,gourds,Plantae,55425,Cucurbitaceae,Cucurbita
304268441,2025-08-06 10:50:39,2025-08-06,Mountain Time (US & Canada),4547933,casual,0,true,"E Eastman Ave, Englewood, CO, US",39.6582405811,-104.9719781209,49,,,,49,,,false,,"","",Cucumis,Melons & Cucumbers,Plantae,54916,Cucurbitaceae,Cucumis
304268761,2025-08-06 10:51:49,2025-08-06,Mountain Time (US & Canada),4547933,casual,0,true,"S Lafayette St, Englewood, CO, US",39.6579214577,-104.9720165204,42,,,,42,,,false,,"","",Benincaseae,,Plantae,1335676,Cucurbitaceae,
304269015,2025-08-06 10:53:08,2025-08-06,Mountain Time (US & Canada),4547933,casual,0,true,"E Eastman Ave, Englewood, CO, US",39.6584650171,-104.9719688803,14,,,,14,,,false,,"","",Solanaceae,nightshade family,Plantae,48516,Solanaceae,
304269197,2025-08-06 10:53:45,2025-08-06,Mountain Time (US & Canada),4547933,casual,0,true,"E Eastman Ave, Englewood, CO, US",39.6584207915,-104.971978645,14,,,,14,,,false,,"","",Cucumis melo,Muskmelon,Plantae,76538,Cucurbitaceae,Cucumis
304269370,2025-08-06 10:54:57,2025-08-06,Mountain Time (US & Canada),4547933,casual,0,true,"E Eastman Ave, Englewood, CO, US",39.6586721709,-104.9717799207,73,,,,73,,,false,,"","",Solanum lycopersicum,tomato,Plantae,51737,Solanaceae,Solanum
304269567,2025-08-06 10:55:30,2025-08-06,Mountain Time (US & Canada),4547933,casual,0,true,"E Eastman Ave, Englewood, CO, US",39.6583993257,-104.971888564,34,,,,34,,,false,,"","",Lobelia erinus,Garden Lobelia,Plantae,77797,Campanulaceae,Lobelia
304269732,2025-08-06 10:56:20,2025-08-06,Mountain Time (US & Canada),4547933,casual,1,true,"E Eastman Ave, Englewood, CO, US",39.6584404987,-104.9719970888,14,,,,14,,,false,,"",petunias,Petunia,petunias,Plantae,55406,Solanaceae,Petunia
304269945,2025-08-06 10:57:08,2025-08-06,Mountain Time (US & Canada),4547933,casual,0,true,"E Eastman Ave, Englewood, CO, US",39.6583585207,-104.9720312599,60,,,,60,,,false,,"","",Cucumis,Melons & Cucumbers,Plantae,54916,Cucurbitaceae,Cucumis
304270374,2025-08-06 10:58:37,2025-08-06,Mountain Time (US & Canada),4547933,casual,0,true,"S Marion St, Englewood, CO, US",39.6583975412,-104.9720968515,7,,,,7,,open,false,,"","",Capsicum annuum,chili pepper,Plantae,48514,Solanaceae,Capsicum
304270576,2025-08-06 10:59:49,2025-08-06,Mountain Time (US & Canada),4547933,casual,0,true,"E Eastman Ave, Englewood, CO, US",39.6580461026,-104.9721741221,55,,,,55,,,false,,"","",Helianthus,sunflowers,Plantae,56955,Asteraceae,Helianthus
304270683,2025-08-06 11:00:40,2025-08-06,Mountain Time (US & Canada),4547933,casual,0,true,"S Marion St, Englewood, CO, US",39.6579801386,-104.9719968403,47,,,,47,,open,false,,"",Maize,Zea mays,Maize,Plantae,48448,Poaceae,Zea
304275209,2025-08-06 11:23:33,2025-08-06,Mountain Time (US & Canada),4547933,casual,0,true,"S Vincennes Ct, Denver, CO, US",39.643894807,-104.8921136675,31,,,,31,,,false,,"","",Syringa,Lilacs,Plantae,47732,Oleaceae,Syringa
304275394,2025-08-06 11:24:15,2025-08-06,Mountain Time (US & Canada),4547933,casual,0,true,"S Vincennes Ct, Denver, CO, US",39.643822446,-104.8920211943,31,,,,31,,open,false,,"","",Phaseolus vulgaris,Common Bean,Plantae,122850,Fabaceae,Phaseolus
304275544,2025-08-06 11:24:55,2025-08-06,Mountain Time (US & Canada),4547933,casual,0,true,"S Vincennes Ct, Denver, CO, US",39.6437002016,-104.8922293908,25,,,,25,,,false,,"","",Tropaeolum majus,garden nasturtium,Plantae,54329,Tropaeolaceae,Tropaeolum
304275643,2025-08-06 11:25:35,2025-08-06,Mountain Time (US & Canada),4547933,casual,0,true,"S Vincennes Ct, Denver, CO, US",39.6438315697,-104.8919800975,38,,,,38,,,false,,"","",Tagetes,Marigolds,Plantae,72389,Asteraceae,Tagetes
304275751,2025-08-06 11:26:06,2025-08-06,Mountain Time (US & Canada),4547933,casual,0,true,"S Vincennes Ct, Denver, CO, US",39.6436866021,-104.8923183017,26,,,,26,,,false,,"","",Centaurea cyanus,Cornflower,Plantae,933404,Asteraceae,Centaurea
304275934,2025-08-06 11:26:47,2025-08-06,Mountain Time (US & Canada),4547933,casual,0,true,"S Vincennes Ct, Denver, CO, US",39.6436658422,-104.892315237,12,,,,12,,,false,,"","",Cucurbita,gourds,Plantae,55425,Cucurbitaceae,Cucurbita
304276083,2025-08-06 11:27:25,2025-08-06,Mountain Time (US & Canada),4547933,casual,0,true,"S Vincennes Ct, Denver, CO, US",39.6436401004,-104.8923280788,25,,,,25,,,false,,"","",Anethum graveolens,Dill,Plantae,75445,Apiaceae,Anethum
304276248,2025-08-06 11:28:01,2025-08-06,Mountain Time (US & Canada),4547933,casual,0,true,"S Vincennes Ct, Denver, CO, US",39.6437354968,-104.8921404819,25,,,,25,,,false,,"",Scarlet Flax,Linum grandiflorum,Scarlet Flax,Plantae,77781,Linaceae,Linum
304276397,2025-08-06 11:28:47,2025-08-06,Mountain Time (US & Canada),4547933,casual,0,true,"S Vincennes Ct, Denver, CO, US",39.6437332202,-104.8922060925,24,,,,24,,,false,,"","",Zinnia elegans,Elegant Zinnia,Plantae,181901,Asteraceae,Zinnia
304276581,2025-08-06 11:29:18,2025-08-06,Mountain Time (US & Canada),4547933,casual,0,true,"S Vincennes Ct, Denver, CO, US",39.6436731864,-104.8922400663,13,,,,13,,,false,,"",Snapdragon,Antirrhinum majus,Snapdragon,Plantae,48969,Plantaginaceae,Antirrhinum
304276872,2025-08-06 11:30:25,2025-08-06,Mountain Time (US & Canada),4547933,casual,0,true,"S Vincennes Ct, Denver, CO, US",39.6436112699,-104.8923343992,13,,,,13,,,false,,"","",Cucumis,Melons & Cucumbers,Plantae,54916,Cucurbitaceae,Cucumis
304276960,2025-08-06 11:31:12,2025-08-06,Mountain Time (US & Canada),4547933,casual,0,true,"S Vincennes Ct, Denver, CO, US",39.64371217,-104.8922791825,25,,,,25,,,false,,"","",Apioideae,,Plantae,790553,Apiaceae,
304277106,2025-08-06 11:31:53,2025-08-06,Mountain Time (US & Canada),4547933,casual,0,true,"S Vincennes Ct, Denver, CO, US",39.6438190767,-104.8918504277,34,,,,34,,,false,,"","",Gazania linearis,Wedding Treasureflower,Plantae,56951,Asteraceae,Gazania
304277186,2025-08-06 11:32:25,2025-08-06,Mountain Time (US & Canada),4547933,casual,0,true,"S Vincennes Ct, Denver, CO, US",39.6438534482,-104.8919049255,35,,,,35,,,false,,"","",Anethum graveolens,Dill,Plantae,75445,Apiaceae,Anethum
304277349,2025-08-06 11:32:57,2025-08-06,Mountain Time (US & Canada),4547933,casual,0,true,"S Vincennes Ct, Denver, CO, US",39.6437822718,-104.8921759134,27,,,,27,,,false,,"","",Raphanus raphanistrum,Wild radish,Plantae,55411,Brassicaceae,Raphanus
304277585,2025-08-06 11:33:50,2025-08-06,Mountain Time (US & Canada),4547933,casual,0,true,"S Vincennes Ct, Denver, CO, US",39.6436742665,-104.8924172304,4,,,,4,,open,false,,"","",Phaseolus vulgaris,Common Bean,Plantae,122850,Fabaceae,Phaseolus
304277736,2025-08-06 11:34:43,2025-08-06,Mountain Time (US & Canada),4547933,casual,0,true,"S Vincennes Ct, Denver, CO, US",39.6438300895,-104.8921547681,28,,,,28,,,false,,"","",Tagetes,Marigolds,Plantae,72389,Asteraceae,Tagetes
304277970,2025-08-06 11:35:54,2025-08-06,Mountain Time (US & Canada),4547933,casual,0,true,"S Vincennes Ct, Denver, CO, US",39.6436805857,-104.8924076709,4,,,,4,,,false,,"","",Solanum lycopersicum,tomato,Plantae,51737,Solanaceae,Solanum
304278189,2025-08-06 11:36:50,2025-08-06,Mountain Time (US & Canada),4547933,casual,0,true,"S Vincennes Ct, Denver, CO, US",39.6438061025,-104.892124849,43,,,,43,,open,false,,"","",Helianthus annuus,Common Sunflower,Plantae,57983,Asteraceae,Helianthus
304278385,2025-08-06 11:37:29,2025-08-06,Mountain Time (US & Canada),4547933,casual,0,true,"S Vincennes Ct, Denver, CO, US",39.6437229791,-104.892401049,14,,,,14,,,false,,"","",Achillea filipendulina,Fern-leaf Yarrow,Plantae,157924,Asteraceae,Achillea
304278529,2025-08-06 11:38:22,2025-08-06,Mountain Time (US & Canada),4547933,casual,0,true,"S Vincennes Ct, Denver, CO, US",39.6437581687,-104.8922886223,14,,,,14,,,false,,"","",Stachys byzantina,woolly hedgenettle,Plantae,127480,Lamiaceae,Stachys
304278725,2025-08-06 11:39:27,2025-08-06,Mountain Time (US & Canada),4547933,casual,0,true,"S Vincennes Ct, Denver, CO, US",39.643815686,-104.8920968261,34,,,,34,,open,false,,"","",Lavandula angustifolia,Common Lavender,Plantae,133395,Lamiaceae,Lavandula
304278943,2025-08-06 11:39:56,2025-08-06,Mountain Time (US & Canada),4547933,casual,0,true,"S Vincennes Ct, Denver, CO, US",39.6438109511,-104.8920204104,32,,,,32,,,false,,"","",Gaillardia,Blanketflowers,Plantae,51769,Asteraceae,Gaillardia
304279084,2025-08-06 11:40:28,2025-08-06,Mountain Time (US & Canada),4547933,casual,0,true,"S Vincennes Ct, Denver, CO, US",39.6437909368,-104.8921518913,34,,,,34,,,false,,"",Joe-Pye weeds,Eutrochium,Joe-Pye weeds,Plantae,85380,Asteraceae,Eutrochium
304279272,2025-08-06 11:41:13,2025-08-06,Mountain Time (US & Canada),4547933,casual,0,true,"S Vincennes Ct, Denver, CO, US",39.6437703759,-104.8919276135,30,,,,30,,,false,,"","",Hemerocallis,daylilies,Plantae,82826,Asphodelaceae,Hemerocallis
304279491,2025-08-06 11:42:09,2025-08-06,Mountain Time (US & Canada),4547933,casual,0,true,"S Vincennes Ct, Denver, CO, US",39.6439047422,-104.8922356736,27,,,,27,,,false,,"",Muenchhusia,Muenchhusia,,Plantae,1657110,Malvaceae,Hibiscus
304279747,2025-08-06 11:43:08,2025-08-06,Mountain Time (US & Canada),4547933,casual,0,true,"S Vincennes Ct, Denver, CO, US",39.6437735898,-104.892005482,32,,,,32,,,false,,"","",Liatris,blazing-stars,Plantae,48690,Asteraceae,Liatris
304279905,2025-08-06 11:44:03,2025-08-06,Mountain Time (US & Canada),4547933,casual,0,true,"S Vincennes Ct, Denver, CO, US",39.6438282085,-104.8923211105,25,,,,25,,,false,,"","",Tagetes,Marigolds,Plantae,72389,Asteraceae,Tagetes
304280428,2025-08-06 11:45:12,2025-08-06,Mountain Time (US & Canada),4547933,casual,0,true,"S Vincennes Ct, Denver, CO, US",39.6437108275,-104.8923700438,13,,,,13,,,false,,"","",Zinnia elegans,Elegant Zinnia,Plantae,181901,Asteraceae,Zinnia
304285079,2025-07-30 14:46:24,2025-07-30,Mountain Time (US & Canada),9595148,casual,0,true,"Leetsdale Dr, Denver, CO, US",39.7048831266,-104.9149444141,7,,,,7,,,false,,,,Cucumis sativus,Cucumber,Plantae,54919,Cucurbitaceae,Cucumis
304285147,2025-07-30 14:46:39,2025-07-30,Mountain Time (US & Canada),9595148,casual,0,true,"Leetsdale Dr, Denver, CO, US",39.7048661113,-104.9149354455,3,,,,3,,,false,,,,Calendula officinalis,pot marigold,Plantae,75931,Asteraceae,Calendula
304285215,2025-07-30 14:46:55,2025-07-30,Mountain Time (US & Canada),9595148,research,0,false,"Leetsdale Dr, Denver, CO, US",39.7047688732,-104.9149333369,8,,,,8,,,false,,,borraja,Borago officinalis,Borage,Plantae,52287,Boraginaceae,Borago
304285317,2025-07-30 14:47:07,2025-07-30,Mountain Time (US & Canada),9595148,casual,0,true,"Leetsdale Dr, Denver, CO, US",39.7047588306,-104.914907852,3,,,,3,,,false,,,cilantro,Coriandrum sativum,coriander,Plantae,67759,Apiaceae,Coriandrum
304285392,2025-07-30 14:47:21,2025-07-30,Mountain Time (US & Canada),9595148,casual,0,true,"Leetsdale Dr, Denver, CO, US",39.7046810623,-104.9150187095,4,,,,4,,,false,,,,Cucumis,Melons & Cucumbers,Plantae,54916,Cucurbitaceae,Cucumis
304291379,2025-08-06 12:35:01,2025-08-06,Mountain Time (US & Canada),4547933,casual,0,true,"Vaughn St, Aurora, CO, US",39.723911925,-104.831091951,12,,,,12,,,false,,"",field bindweed,Convolvulus arvensis,field bindweed,Plantae,53021,Convolvulaceae,Convolvulus
304291746,2025-08-06 12:35:27,2025-08-06,Mountain Time (US & Canada),4547933,casual,0,true,"Vaughn St, Aurora, CO, US",39.7239460799,-104.8310514452,5,,,,5,,,false,,"","",Chenopodium,Goosefoots,Plantae,48439,Amaranthaceae,Chenopodium
304291848,2025-08-06 12:37:09,2025-08-06,Mountain Time (US & Canada),4547933,casual,0,true,"E Fifth Ave, Aurora, CO, US",39.7237217511,-104.8310686521,14,,,,14,,,false,,"","",Amaranthus cruentus,Red amaranth,Plantae,52328,Amaranthaceae,Amaranthus
304291951,2025-08-06 12:37:44,2025-08-06,Mountain Time (US & Canada),4547933,casual,0,true,"Vaughn St, Aurora, CO, US",39.7235678685,-104.8311589296,23,,,,23,,open,false,,"",cowpen daisy,Verbesina encelioides,cowpen daisy,Plantae,79495,Asteraceae,Verbesina
304292114,2025-08-06 12:38:34,2025-08-06,Mountain Time (US & Canada),4547933,casual,0,true,"Vaughn St, Aurora, CO, US",39.723802746,-104.8310813772,30,,,,30,,open,false,,"","",Helianthus annuus,Common Sunflower,Plantae,57983,Asteraceae,Helianthus
304292179,2025-08-06 12:38:59,2025-08-06,Mountain Time (US & Canada),4547933,casual,0,true,"Vaughn St, Aurora, CO, US",39.7235878394,-104.8309566008,25,,,,25,,,false,,"",field bindweed,Convolvulus arvensis,field bindweed,Plantae,53021,Convolvulaceae,Convolvulus
304292881,2025-08-06 12:42:33,2025-08-06,Mountain Time (US & Canada),4547933,casual,0,true,"E Fifth Ave, Aurora, CO, US",39.7234995251,-104.8309113974,27,,,,27,,,false,,"","",Cucurbita,gourds,Plantae,55425,Cucurbitaceae,Cucurbita
304293000,2025-08-06 12:43:13,2025-08-06,Mountain Time (US & Canada),4547933,casual,0,true,"Vaughn St, Aurora, CO, US",39.7234980902,-104.8306963467,25,,,,25,,,false,,"","",Solanum lycopersicum,tomato,Plantae,51737,Solanaceae,Solanum
304293320,2025-08-06 12:44:17,2025-08-06,Mountain Time (US & Canada),4547933,casual,0,true,"E Fifth Ave, Aurora, CO, US",39.7235106598,-104.8307924262,15,,,,15,,,false,,"","",Zinnia elegans,Elegant Zinnia,Plantae,181901,Asteraceae,Zinnia
304293635,2025-08-06 12:45:17,2025-08-06,Mountain Time (US & Canada),4547933,casual,0,true,"E Fifth Ave, Aurora, CO, US",39.723512894,-104.8310013645,24,,,,24,,,false,,"","",Tagetes erecta,Mexican Marigold,Plantae,79312,Asteraceae,Tagetes
304293816,2025-08-06 12:46:01,2025-08-06,Mountain Time (US & Canada),4547933,casual,0,true,"E Fifth Ave, Aurora, CO, US",39.7234421016,-104.8310163161,24,,,,24,,,false,,"","",Cucurbita,gourds,Plantae,55425,Cucurbitaceae,Cucurbita
304293951,2025-08-06 12:46:44,2025-08-06,Mountain Time (US & Canada),4547933,casual,0,true,"E Fifth Ave, Aurora, CO, US",39.7233525657,-104.830876926,22,,,,22,,,false,,"","",Cucumis sativus,Cucumber,Plantae,54919,Cucurbitaceae,Cucumis
304294183,2025-08-06 12:47:39,2025-08-06,Mountain Time (US & Canada),4547933,casual,0,true,"E Fifth Ave, Aurora, CO, US",39.7234643267,-104.830709472,21,,,,21,,open,false,,"","",Helianthus annuus,Common Sunflower,Plantae,57983,Asteraceae,Helianthus
304294333,2025-08-06 12:48:17,2025-08-06,Mountain Time (US & Canada),4547933,casual,0,true,"E Fifth Ave, Aurora, CO, US",39.7236583121,-104.8307563555,24,,,,24,,,false,,"","",Convolvulus arvensis,field bindweed,Plantae,53021,Convolvulaceae,Convolvulus
304294402,2025-08-06 12:48:59,2025-08-06,Mountain Time (US & Canada),4547933,casual,0,true,"E Fifth Ave, Aurora, CO, US",39.7235580803,-104.830680989,22,,,,22,,,false,,"","",Cirsium arvense,creeping thistle,Plantae,60132,Asteraceae,Cirsium
304294548,2025-08-06 12:49:36,2025-08-06,Mountain Time (US & Canada),4547933,casual,0,true,"E Fifth Ave, Aurora, CO, US",39.7234904641,-104.8309326431,25,,,,25,,,false,,"","",Solanum,nightshades,Plantae,50641,Solanaceae,Solanum
304294686,2025-08-06 12:50:05,2025-08-06,Mountain Time (US & Canada),4547933,casual,0,true,"E Fifth Ave, Aurora, CO, US",39.7235267885,-104.8307680523,24,,,,24,,,false,,"","",Cleomaceae,Spider Flower Family,Plantae,71409,Cleomaceae,
304294829,2025-08-06 12:50:35,2025-08-06,Mountain Time (US & Canada),4547933,casual,0,true,"Vaughn St, Aurora, CO, US",39.7235006565,-104.8305485469,17,,,,17,,,false,,"",field bindweed,Convolvulus arvensis,field bindweed,Plantae,53021,Convolvulaceae,Convolvulus
304294978,2025-08-06 12:51:09,2025-08-06,Mountain Time (US & Canada),4547933,casual,0,true,"E Fifth Ave, Aurora, CO, US",39.7237165494,-104.8309123738,12,,,,12,,open,false,,"","",Phaseolus vulgaris,Common Bean,Plantae,122850,Fabaceae,Phaseolus
304295260,2025-08-06 12:51:51,2025-08-06,Mountain Time (US & Canada),4547933,casual,0,true,"Vaughn St, Aurora, CO, US",39.7238291873,-104.8308796749,5,,,,5,,,false,,"",tomato,Solanum lycopersicum,tomato,Plantae,51737,Solanaceae,Solanum
304295523,2025-08-06 12:52:58,2025-08-06,Mountain Time (US & Canada),4547933,casual,0,true,"Vaughn St, Aurora, CO, US",39.7237416387,-104.8308671178,12,,,,12,,open,false,,"","",Capsicum annuum,chili pepper,Plantae,48514,Solanaceae,Capsicum
304295848,2025-08-06 12:54:11,2025-08-06,Mountain Time (US & Canada),4547933,casual,0,true,"E Fifth Ave, Aurora, CO, US",39.723834889,-104.8309017436,9,,,,9,,,false,,"","",Cucumis sativus,Cucumber,Plantae,54919,Cucurbitaceae,Cucumis
304320206,2025-08-06 14:45:02,2025-08-06,Mountain Time (US & Canada),4547933,casual,0,true,"E 23rd Ave, Denver, CO, US",39.7509101586,-104.89707935,4,,,,4,,,false,,"","",Nepeta racemosa,Eastern Cat-mint,Plantae,165681,Lamiaceae,Nepeta
304320523,2025-08-06 14:46:32,2025-08-06,Mountain Time (US & Canada),4547933,casual,0,true,"E 23rd Ave, Denver, CO, US",39.7509728157,-104.897151295,30,,,,30,,,false,,"","",Nepeta racemosa,Eastern Cat-mint,Plantae,165681,Lamiaceae,Nepeta
304320579,2025-08-06 14:46:57,2025-08-06,Mountain Time (US & Canada),4547933,casual,0,true,"E 23rd Ave, Denver, CO, US",39.7510673381,-104.8970042341,24,,,,24,,,false,,"","",Delphinium ajacis,doubtful knight's-spur,Plantae,401314,Ranunculaceae,Delphinium
304520970,2025-07-30 14:47:58,2025-07-30,Mountain Time (US & Canada),9595148,casual,0,true,"Leetsdale Dr, Denver, CO, US",39.7047786881,-104.9150103797,4,,,,4,,,false,,,,Eruca vesicaria,rocketsalad,Plantae,77058,Brassicaceae,Eruca
304520995,2025-07-30 14:48:23,2025-07-30,Mountain Time (US & Canada),9595148,casual,0,true,"Leetsdale Dr, Denver, CO, US",39.7048167555,-104.9149892575,4,,,,4,,,false,,,,Dahlia pinnata,Garden Dahlia,Plantae,161582,Asteraceae,Dahlia
304521043,2025-07-30 15:30:21,2025-07-30,Mountain Time (US & Canada),9595148,casual,0,true,"E Mexico Ave, Denver, CO, US",39.6861000175,-104.9204951655,3,,,,3,,,false,,,,Cosmos bipinnatus,garden cosmos,Plantae,68562,Asteraceae,Cosmos
304521072,2025-07-30 15:30:32,2025-07-30,Mountain Time (US & Canada),9595148,casual,0,true,"E Mexico Ave, Denver, CO, US",39.6860664408,-104.9204964969,3,,,,3,,,false,,,,Eruca vesicaria,rocketsalad,Plantae,77058,Brassicaceae,Eruca
304521096,2025-07-30 15:30:44,2025-07-30,Mountain Time (US & Canada),9595148,casual,0,true,"E Mexico Ave, Denver, CO, US",39.6860756908,-104.920519807,6,,,,6,,,false,,,"Cebollas, Ajos y Parientes",Allium,onions,Plantae,47357,Amaryllidaceae,Allium
304521121,2025-07-30 15:30:58,2025-07-30,Mountain Time (US & Canada),9595148,casual,0,true,"E Mexico Ave, Denver, CO, US",39.6860308813,-104.9205021131,3,,,,3,,,false,,,,Tagetes erecta,Mexican Marigold,Plantae,79312,Asteraceae,Tagetes
304521153,2025-07-30 15:31:10,2025-07-30,Mountain Time (US & Canada),9595148,casual,0,true,"E Mexico Ave, Denver, CO, US",39.6859293804,-104.9203921483,6,,,,6,,,false,,,,Solanum melongena,eggplant,Plantae,63190,Solanaceae,Solanum
304521224,2025-07-30 15:31:44,2025-07-30,Mountain Time (US & Canada),9595148,casual,0,true,"E Mexico Ave, Denver, CO, US",39.6860134928,-104.9204184675,3,,,,3,,,false,,,,Tagetes erecta,Mexican Marigold,Plantae,79312,Asteraceae,Tagetes
304521242,2025-07-30 15:31:54,2025-07-30,Mountain Time (US & Canada),9595148,casual,0,true,"E Mexico Ave, Denver, CO, US",39.6859997465,-104.9204243348,3,,,,3,,,false,,,,Solanum,nightshades,Plantae,50641,Solanaceae,Solanum
304521265,2025-07-30 15:32:11,2025-07-30,Mountain Time (US & Canada),9595148,casual,0,true,"E Mexico Ave, Denver, CO, US",39.6860222388,-104.9204712779,8,,,,8,,,false,,,,Coreopsis tinctoria,plains coreopsis,Plantae,76445,Asteraceae,Coreopsis
304521296,2025-07-30 15:32:25,2025-07-30,Mountain Time (US & Canada),9595148,research,0,false,"E Mexico Ave, Denver, CO, US",39.6860182664,-104.9204764677,3,,,,3,,,false,,,cilantro,Coriandrum sativum,coriander,Plantae,67759,Apiaceae,Coriandrum
304521328,2025-07-30 15:32:42,2025-07-30,Mountain Time (US & Canada),9595148,casual,0,true,"E Mexico Ave, Denver, CO, US",39.6860194425,-104.9204557333,5,,,,5,,,false,,,,Apioideae,,Plantae,790553,Apiaceae,
304521351,2025-07-30 15:33:02,2025-07-30,Mountain Time (US & Canada),9595148,casual,0,true,"E Mexico Ave, Denver, CO, US",39.6859311244,-104.920410813,3,,,,3,,,false,,,,Cucurbita,gourds,Plantae,55425,Cucurbitaceae,Cucurbita
304521370,2025-07-30 15:33:12,2025-07-30,Mountain Time (US & Canada),9595148,casual,0,true,"E Mexico Ave, Denver, CO, US",39.6859557183,-104.9204362373,3,,,,3,,,false,,,,Cucurbitaceae,gourd family,Plantae,48620,Cucurbitaceae,
304521389,2025-07-30 15:33:22,2025-07-30,Mountain Time (US & Canada),9595148,casual,0,true,"E Mexico Ave, Denver, CO, US",39.6859572401,-104.9204390664,3,,,,3,,,false,,,,Zinnia elegans,Elegant Zinnia,Plantae,181901,Asteraceae,Zinnia
304521412,2025-07-30 15:33:33,2025-07-30,Mountain Time (US & Canada),9595148,casual,0,true,"E Mexico Ave, Denver, CO, US",39.6859497819,-104.9204463399,3,,,,3,,,false,,,,Cucurbita,gourds,Plantae,55425,Cucurbitaceae,Cucurbita
304521444,2025-07-30 15:33:49,2025-07-30,Mountain Time (US & Canada),9595148,casual,0,true,"E Mexico Ave, Denver, CO, US",39.6859479044,-104.9204541744,4,,,,4,,,false,,,,Salvia nemorosa,Purple Wood Sage,Plantae,168387,Lamiaceae,Salvia
304521476,2025-07-30 15:34:03,2025-07-30,Mountain Time (US & Canada),9595148,casual,0,true,"E Mexico Ave, Denver, CO, US",39.6858578675,-104.9204338129,3,,,,3,,,false,,,,Anthemideae,"Chamomiles, yarrows, and allies",Plantae,373844,Asteraceae,
304521517,2025-07-30 15:34:14,2025-07-30,Mountain Time (US & Canada),9595148,casual,0,true,"E Mexico Ave, Denver, CO, US",39.685911117,-104.9204445855,3,,,,3,,,false,,,,Capsicum,peppers,Plantae,48517,Solanaceae,Capsicum
304521537,2025-07-30 15:34:24,2025-07-30,Mountain Time (US & Canada),9595148,casual,0,true,"E Mexico Ave, Denver, CO, US",39.6859138884,-104.920439674,3,,,,3,,,false,,,Tomillos,Thymus,Thymes,Plantae,81754,Lamiaceae,Thymus
304521561,2025-07-30 15:34:52,2025-07-30,Mountain Time (US & Canada),9595148,casual,0,true,"E Mexico Ave, Denver, CO, US",39.6859090342,-104.9204308612,6,,,,6,,,false,,,,Achillea filipendulina,Fern-leaf Yarrow,Plantae,157924,Asteraceae,Achillea
304521587,2025-07-30 15:35:03,2025-07-30,Mountain Time (US & Canada),9595148,research,0,false,"E Mexico Ave, Denver, CO, US",39.6859205347,-104.9204507901,3,,,,3,,,false,,,Correhuela de Eurasia,Convolvulus arvensis,field bindweed,Plantae,53021,Convolvulaceae,Convolvulus
304521637,2025-07-30 15:35:16,2025-07-30,Mountain Time (US & Canada),9595148,casual,0,true,"E Mexico Ave, Denver, CO, US",39.6859236647,-104.9204584346,3,,,,3,,,false,,,,Tagetes,Marigolds,Plantae,72389,Asteraceae,Tagetes
304521662,2025-07-30 15:35:27,2025-07-30,Mountain Time (US & Canada),9595148,casual,0,true,"E Mexico Ave, Denver, CO, US",39.6859147133,-104.9205066947,3,,,,3,,,false,,,,Solanum lycopersicum,tomato,Plantae,51737,Solanaceae,Solanum
304521690,2025-07-30 15:35:42,2025-07-30,Mountain Time (US & Canada),9595148,casual,0,true,"E Mexico Ave, Denver, CO, US",39.6859072219,-104.9204774281,3,,,,3,,,false,,,,Origanum,,Plantae,61397,Lamiaceae,Origanum
304521715,2025-07-30 15:35:56,2025-07-30,Mountain Time (US & Canada),9595148,casual,0,true,"E Mexico Ave, Denver, CO, US",39.6859108301,-104.9204902548,3,,,,3,,,false,,,,Citrullus lanatus,Watermelon,Plantae,70054,Cucurbitaceae,Citrullus
304521740,2025-07-30 15:36:07,2025-07-30,Mountain Time (US & Canada),9595148,casual,0,true,"E Mexico Ave, Denver, CO, US",39.6859036056,-104.9204763794,3,,,,3,,,false,,,,Cucumis,Melons & Cucumbers,Plantae,54916,Cucurbitaceae,Cucumis
304521768,2025-07-30 15:36:17,2025-07-30,Mountain Time (US & Canada),9595148,casual,0,true,"E Mexico Ave, Denver, CO, US",39.6858858849,-104.9204634756,4,,,,4,,,false,,,,Tropaeolum majus,garden nasturtium,Plantae,54329,Tropaeolaceae,Tropaeolum
304521824,2025-07-30 15:36:27,2025-07-30,Mountain Time (US & Canada),9595148,research,0,false,"E Mexico Ave, Denver, CO, US",39.6858850401,-104.9204637297,4,,,,4,,,false,,,borraja,Borago officinalis,Borage,Plantae,52287,Boraginaceae,Borago
304521862,2025-07-30 15:36:43,2025-07-30,Mountain Time (US & Canada),9595148,casual,0,true,"E Mexico Ave, Denver, CO, US",39.6858784603,-104.9204780628,3,,,,3,,,false,,,,Leucanthemum maximum,max chrysanthemum,Plantae,77719,Asteraceae,Leucanthemum
304521891,2025-07-30 15:37:30,2025-07-30,Mountain Time (US & Canada),9595148,casual,0,true,"E Mexico Ave, Denver, CO, US",39.6858452416,-104.9204478248,4,,,,4,,,false,,,"Cebollas, Ajos y Parientes",Allium,onions,Plantae,47357,Amaryllidaceae,Allium
304521916,2025-07-30 15:37:51,2025-07-30,Mountain Time (US & Canada),9595148,casual,0,true,"E Mexico Ave, Denver, CO, US",39.685746832,-104.9203717167,6,,,,6,,,false,,,,Salvia yangii,Swanleaf Clouding Sage,Plantae,941713,Lamiaceae,Salvia
304521934,2025-07-30 15:38:11,2025-07-30,Mountain Time (US & Canada),9595148,research,0,false,"S Ivy St, Denver, CO, US",39.6857529185,-104.9205339178,7,,,,7,,,false,,,Zanahoria,Daucus carota,wild carrot,Plantae,76610,Apiaceae,Daucus
304521947,2025-07-30 15:38:33,2025-07-30,Mountain Time (US & Canada),9595148,casual,0,true,"E Mexico Ave, Denver, CO, US",39.6857829299,-104.9204712756,3,,,,3,,,false,,,,Allium,onions,Plantae,47357,Amaryllidaceae,Allium
304521966,2025-07-30 15:38:44,2025-07-30,Mountain Time (US & Canada),9595148,casual,0,true,"E Mexico Ave, Denver, CO, US",39.6857799874,-104.9204699673,3,,,,3,,,false,,,,Tagetes patula,French marigold,Plantae,777243,Asteraceae,Tagetes
304521992,2025-07-30 15:39:01,2025-07-30,Mountain Time (US & Canada),9595148,casual,0,true,"E Mexico Ave, Denver, CO, US",39.685738548,-104.9204541336,3,,,,3,,,false,,,,Cucurbita,gourds,Plantae,55425,Cucurbitaceae,Cucurbita
304522023,2025-07-30 15:39:14,2025-07-30,Mountain Time (US & Canada),9595148,casual,0,true,"E Mexico Ave, Denver, CO, US",39.6857395962,-104.9204529739,3,,,,3,,,false,,,,Solanum lycopersicum,tomato,Plantae,51737,Solanaceae,Solanum
304522046,2025-07-30 15:40:11,2025-07-30,Mountain Time (US & Canada),9595148,casual,0,true,"E Mexico Ave, Denver, CO, US",39.6857724161,-104.9204493949,3,,,,3,,open,false,,,,Helianthus annuus,Common Sunflower,Plantae,57983,Asteraceae,Helianthus
304522065,2025-07-30 15:40:26,2025-07-30,Mountain Time (US & Canada),9595148,casual,0,true,"E Mexico Ave, Denver, CO, US",39.6858311714,-104.9204503139,3,,,,3,,,false,,,,Verbena pulchella,moss verbena,Plantae,79492,Verbenaceae,Verbena
304522089,2025-07-30 15:40:36,2025-07-30,Mountain Time (US & Canada),9595148,casual,0,true,"E Mexico Ave, Denver, CO, US",39.6858743932,-104.920424754,3,,,,3,,,false,,,,Tagetes,Marigolds,Plantae,72389,Asteraceae,Tagetes
304522112,2025-07-30 15:40:48,2025-07-30,Mountain Time (US & Canada),9595148,research,0,false,"E Mexico Ave, Denver, CO, US",39.685882316,-104.9204050564,3,,,,3,,,false,,,Mirasol amarillo,Cosmos sulphureus,Yellow Cosmos,Plantae,48651,Asteraceae,Cosmos
304527588,2025-07-30 15:31:22,2025-07-30,Mountain Time (US & Canada),9595148,casual,0,true,"E Mexico Ave, Denver, CO, US",39.6860299632,-104.9204258435,3,,,,3,,,false,,,,Cucurbita,gourds,Plantae,55425,Cucurbitaceae,Cucurbita
304527626,2025-07-30 15:40:58,2025-07-30,Mountain Time (US & Canada),9595148,casual,0,true,"E Mexico Ave, Denver, CO, US",39.6858829866,-104.9204083254,4,,,,4,,,false,,,,Salvia,Sages,Plantae,50644,Lamiaceae,Salvia
304527685,2025-07-30 15:41:21,2025-07-30,Mountain Time (US & Canada),9595148,casual,0,true,"E Mexico Ave, Denver, CO, US",39.6859755647,-104.9203898852,7,,,,7,,,false,,,,Gomphrena globosa,Globe amaranth,Plantae,128268,Amaranthaceae,Gomphrena
304527751,2025-07-30 15:41:45,2025-07-30,Mountain Time (US & Canada),9595148,casual,1,true,"E Mexico Ave, Denver, CO, US",39.6859001043,-104.9204409455,4,,,,4,,,false,,,Petunias,Petunia,petunias,Plantae,55406,Solanaceae,Petunia
304527772,2025-07-30 15:41:53,2025-07-30,Mountain Time (US & Canada),9595148,casual,0,true,"E Mexico Ave, Denver, CO, US",39.6859246446,-104.9204845169,3,,,,3,,,false,,,,Tagetes,Marigolds,Plantae,72389,Asteraceae,Tagetes
304527805,2025-07-30 15:42:12,2025-07-30,Mountain Time (US & Canada),9595148,casual,0,true,"E Mexico Ave, Denver, CO, US",39.6859186516,-104.9204328005,3,,,,3,,,false,,,,Tagetes,Marigolds,Plantae,72389,Asteraceae,Tagetes
304527833,2025-07-30 15:42:24,2025-07-30,Mountain Time (US & Canada),9595148,casual,0,true,"S Ivy St, Denver, CO, US",39.6859580884,-104.9204214011,6,,,,6,,,false,,,,Solanoideae,nightshades and allies,Plantae,634936,Solanaceae,
304527858,2025-07-30 15:42:35,2025-07-30,Mountain Time (US & Canada),9595148,casual,0,true,"E Mexico Ave, Denver, CO, US",39.6859630756,-104.9204068166,3,,,,3,,,false,,,,Cucurbita,gourds,Plantae,55425,Cucurbitaceae,Cucurbita
304527876,2025-07-30 15:42:53,2025-07-30,Mountain Time (US & Canada),9595148,casual,0,true,"E Mexico Ave, Denver, CO, US",39.6859510914,-104.9204116647,3,,,,3,,,false,,,Tomate,Solanum lycopersicum,tomato,Plantae,51737,Solanaceae,Solanum
304527902,2025-07-30 15:43:06,2025-07-30,Mountain Time (US & Canada),9595148,casual,0,true,"E Mexico Ave, Denver, CO, US",39.6859489986,-104.9204167917,3,,,,3,,,false,,,,Cucurbita,gourds,Plantae,55425,Cucurbitaceae,Cucurbita
304527928,2025-07-30 15:43:18,2025-07-30,Mountain Time (US & Canada),9595148,casual,0,true,"E Mexico Ave, Denver, CO, US",39.6859643389,-104.9204535258,3,,,,3,,,false,,,,Cucumis sativus,Cucumber,Plantae,54919,Cucurbitaceae,Cucumis
304527959,2025-07-30 15:43:28,2025-07-30,Mountain Time (US & Canada),9595148,casual,0,true,"E Mexico Ave, Denver, CO, US",39.6859946735,-104.9204419371,3,,,,3,,,false,,,,Echinacea purpurea,purple coneflower,Plantae,48627,Asteraceae,Echinacea
304527983,2025-07-30 15:43:47,2025-07-30,Mountain Time (US & Canada),9595148,casual,0,true,"E Mexico Ave, Denver, CO, US",39.685999244,-104.9204296654,4,,,,4,,,false,,,,Phaseolus,beans,Plantae,72293,Fabaceae,Phaseolus
304528028,2025-07-30 15:44:05,2025-07-30,Mountain Time (US & Canada),9595148,casual,0,true,"E Mexico Ave, Denver, CO, US",39.6860442125,-104.9204467983,5,,,,5,,open,false,,,,Lavandula angustifolia,Common Lavender,Plantae,133395,Lamiaceae,Lavandula
304528068,2025-07-30 15:44:17,2025-07-30,Mountain Time (US & Canada),9595148,casual,0,true,"E Mexico Ave, Denver, CO, US",39.6860183543,-104.920424251,3,,,,3,,,false,,,,Zinnia elegans,Elegant Zinnia,Plantae,181901,Asteraceae,Zinnia
304528090,2025-07-30 15:44:34,2025-07-30,Mountain Time (US & Canada),9595148,needs_id,0,false,"E Mexico Ave, Denver, CO, US",39.6861561109,-104.9203114306,6,,,,6,,,false,,,,Lactuca,wild lettuces,Plantae,53106,Asteraceae,Lactuca
304528121,2025-07-30 15:44:48,2025-07-30,Mountain Time (US & Canada),9595148,casual,0,true,"E Mexico Ave, Denver, CO, US",39.6861289954,-104.9203697686,3,,,,3,,,false,,,"Calabazas, ayotes y zapallos",Cucurbita,gourds,Plantae,55425,Cucurbitaceae,Cucurbita
304528139,2025-07-30 15:45:01,2025-07-30,Mountain Time (US & Canada),9595148,casual,0,true,"E Mexico Ave, Denver, CO, US",39.6860457399,-104.9204175252,4,,,,4,,,false,,,Pepino cohombro,Cucumis sativus,Cucumber,Plantae,54919,Cucurbitaceae,Cucumis
304528157,2025-07-30 15:45:10,2025-07-30,Mountain Time (US & Canada),9595148,casual,0,true,"E Mexico Ave, Denver, CO, US",39.6860280788,-104.9204177128,3,,,,3,,,false,,,,Tagetes erecta,Mexican Marigold,Plantae,79312,Asteraceae,Tagetes
304528193,2025-07-30 15:45:29,2025-07-30,Mountain Time (US & Canada),9595148,casual,0,true,"E Mexico Ave, Denver, CO, US",39.6860509599,-104.9204488938,4,,,,4,,,false,,,,Cucurbita,gourds,Plantae,55425,Cucurbitaceae,Cucurbita
304528250,2025-07-30 15:45:49,2025-07-30,Mountain Time (US & Canada),9595148,casual,0,true,"E Mexico Ave, Denver, CO, US",39.6861535544,-104.9204512407,7,,,,7,,,false,,,,Solanum lycopersicum,tomato,Plantae,51737,Solanaceae,Solanum
304528272,2025-07-30 15:46:17,2025-07-30,Mountain Time (US & Canada),9595148,casual,0,true,"S Holly St, Denver, CO, US",39.6860130318,-104.9203200639,6,,,,6,,,false,,,,Ocimum basilicum,Sweet basil,Plantae,61398,Lamiaceae,Ocimum
304528292,2025-07-30 15:46:43,2025-07-30,Mountain Time (US & Canada),9595148,casual,0,true,"E Mexico Ave, Denver, CO, US",39.6860662739,-104.9203761371,3,,,,3,,open,false,,,,Helianthus annuus,Common Sunflower,Plantae,57983,Asteraceae,Helianthus
304528333,2025-07-30 15:48:34,2025-07-30,Mountain Time (US & Canada),9595148,casual,0,true,"S Holly St, Denver, CO, US",39.6858027082,-104.920372953,3,,,,3,,,false,,,,Cucumis sativus,Cucumber,Plantae,54919,Cucurbitaceae,Cucumis
304528422,2025-07-30 15:48:48,2025-07-30,Mountain Time (US & Canada),9595148,casual,0,true,"E Mexico Ave, Denver, CO, US",39.6857891616,-104.9203631312,3,,,,3,,,false,,,,Cucurbita,gourds,Plantae,55425,Cucurbitaceae,Cucurbita
304528480,2025-07-30 15:49:01,2025-07-30,Mountain Time (US & Canada),9595148,casual,0,true,"E Mexico Ave, Denver, CO, US",39.6857305516,-104.9204254356,5,,,,5,,,false,,,Tomate,Solanum lycopersicum,tomato,Plantae,51737,Solanaceae,Solanum
304528509,2025-07-30 15:49:13,2025-07-30,Mountain Time (US & Canada),9595148,casual,0,true,"E Mexico Ave, Denver, CO, US",39.6857548273,-104.9204099179,3,,,,3,,,false,,,,Solanum melongena,eggplant,Plantae,63190,Solanaceae,Solanum
304528533,2025-07-30 15:49:33,2025-07-30,Mountain Time (US & Canada),9595148,casual,0,true,"S Holly St, Denver, CO, US",39.685780434,-104.9203786534,3,,,,3,,,false,,,,Eruca vesicaria,rocketsalad,Plantae,77058,Brassicaceae,Eruca
304528561,2025-07-30 15:49:52,2025-07-30,Mountain Time (US & Canada),9595148,casual,0,true,"E Mexico Ave, Denver, CO, US",39.6858878748,-104.9203711152,9,,,,9,,,false,,,,Solanum lycopersicum,tomato,Plantae,51737,Solanaceae,Solanum
304528592,2025-07-30 15:50:10,2025-07-30,Mountain Time (US & Canada),9595148,casual,0,true,"E Mexico Ave, Denver, CO, US",39.6859538281,-104.9204685458,6,,,,6,,,false,,,,Cucurbita,gourds,Plantae,55425,Cucurbitaceae,Cucurbita
304528613,2025-07-30 15:50:25,2025-07-30,Mountain Time (US & Canada),9595148,casual,0,true,"E Mexico Ave, Denver, CO, US",39.6858972632,-104.9203950998,3,,,,3,,,false,,,,Cucurbita,gourds,Plantae,55425,Cucurbitaceae,Cucurbita
304528633,2025-07-30 15:50:44,2025-07-30,Mountain Time (US & Canada),9595148,research,0,false,"S Holly St, Denver, CO, US",39.6858805835,-104.9203779615,3,,,,3,,,false,,,Correhuela de Eurasia,Convolvulus arvensis,field bindweed,Plantae,53021,Convolvulaceae,Convolvulus
304528713,2025-07-30 15:51:02,2025-07-30,Mountain Time (US & Canada),9595148,casual,0,true,"E Mexico Ave, Denver, CO, US",39.6859460531,-104.9203288496,8,,,,8,,,false,,,,Achillea filipendulina,Fern-leaf Yarrow,Plantae,157924,Asteraceae,Achillea
304528791,2025-07-30 15:51:12,2025-07-30,Mountain Time (US & Canada),9595148,casual,0,true,"E Mexico Ave, Denver, CO, US",39.6859563715,-104.9203703999,3,,,,3,,,false,,,,Echinacea,coneflowers,Plantae,48628,Asteraceae,Echinacea
304528851,2025-07-30 15:51:26,2025-07-30,Mountain Time (US & Canada),9595148,casual,0,true,"E Mexico Ave, Denver, CO, US",39.6859531224,-104.9203730263,3,,,,3,,,false,,,,Phlox paniculata,fall phlox,Plantae,117437,Polemoniaceae,Phlox
304528872,2025-07-30 15:51:41,2025-07-30,Mountain Time (US & Canada),9595148,casual,0,true,"E Mexico Ave, Denver, CO, US",39.6859512587,-104.9203669052,3,,,,3,,,false,,,Calaminta,Clinopodium nepeta,Lesser Calamint,Plantae,493202,Lamiaceae,Clinopodium
304528903,2025-07-30 15:51:51,2025-07-30,Mountain Time (US & Canada),9595148,casual,0,true,"E Mexico Ave, Denver, CO, US",39.6859494131,-104.9203557708,3,,,,3,,open,false,,,,Lavandula angustifolia,Common Lavender,Plantae,133395,Lamiaceae,Lavandula
304528943,2025-07-30 15:52:02,2025-07-30,Mountain Time (US & Canada),9595148,casual,0,true,"E Mexico Ave, Denver, CO, US",39.6859572502,-104.9203467184,3,,,,3,,,false,,,,Coreopsis,Tickseed,Plantae,57952,Asteraceae,Coreopsis
304528962,2025-07-30 15:52:16,2025-07-30,Mountain Time (US & Canada),9595148,casual,0,true,"E Mexico Ave, Denver, CO, US",39.6859455575,-104.9203638175,3,,,,3,,,false,,,Glandularia,Glandularia,mock vervains,Plantae,81794,Verbenaceae,Glandularia
304528989,2025-07-30 15:53:37,2025-07-30,Mountain Time (US & Canada),9595148,casual,0,true,"E Mexico Ave, Denver, CO, US",39.6859278804,-104.9203847292,3,,,,3,,open,false,,,Milenrama eurasiática,Achillea millefolium,common yarrow,Plantae,52821,Asteraceae,Achillea
304529019,2025-08-05 10:32:53,2025-08-05,Mountain Time (US & Canada),9595148,casual,0,true,"S Pecos St, Denver, CO, US",39.6855222494,-105.0060292122,9,,,,9,,,false,,,,Zinnia elegans,Elegant Zinnia,Plantae,181901,Asteraceae,Zinnia
304529046,2025-08-05 10:33:09,2025-08-05,Mountain Time (US & Canada),9595148,casual,0,true,"Ruby Hill Loop Trail, Denver, CO, US",39.6854496344,-105.0059576214,3,,,,3,,,false,,,,Antirrhinum,Snapdragons,Plantae,48970,Plantaginaceae,Antirrhinum
304529072,2025-08-05 10:33:47,2025-08-05,Mountain Time (US & Canada),9595148,casual,0,true,"Ruby Hill Loop Trail, Denver, CO, US",39.6854629543,-105.0059844831,4,,,,4,,open,false,,,Calabaza,Cucurbita pepo,American pumpkin,Plantae,76541,Cucurbitaceae,Cucurbita
304529103,2025-08-05 10:34:37,2025-08-05,Mountain Time (US & Canada),9595148,casual,0,true,"Ruby Hill Loop Trail, Denver, CO, US",39.6854701687,-105.006122092,5,,,,5,,,false,,,,Ipomoea,morning-glories,Plantae,52346,Convolvulaceae,Ipomoea
304529136,2025-08-05 10:34:47,2025-08-05,Mountain Time (US & Canada),9595148,casual,0,true,"Ruby Hill Loop Trail, Denver, CO, US",39.6854870436,-105.006028797,3,,,,3,,,false,,,,Delphinium ajacis,doubtful knight's-spur,Plantae,401314,Ranunculaceae,Delphinium
304529183,2025-08-05 10:34:57,2025-08-05,Mountain Time (US & Canada),9595148,casual,0,true,"Ruby Hill Loop Trail, Denver, CO, US",39.6854813777,-105.0059951307,4,,,,4,,open,false,,,,Helianthus annuus,Common Sunflower,Plantae,57983,Asteraceae,Helianthus
304529203,2025-08-05 10:35:39,2025-08-05,Mountain Time (US & Canada),9595148,needs_id,0,false,"S Pecos St, Denver, CO, US",39.6853667636,-105.0058853777,4,,,,4,,,false,,,,Asteroideae,,Plantae,632790,Asteraceae,
304529236,2025-08-05 10:36:06,2025-08-05,Mountain Time (US & Canada),9595148,casual,0,true,"S Pecos St, Denver, CO, US",39.6853877485,-105.0059426358,4,,,,4,,,false,,,"Calabazas, pepinos, sandías y parientes",Cucurbitaceae,gourd family,Plantae,48620,Cucurbitaceae,
304529260,2025-08-05 10:36:14,2025-08-05,Mountain Time (US & Canada),9595148,casual,0,true,"Ruby Hill Loop Trail, Denver, CO, US",39.685434507,-105.0059583028,3,,,,3,,open,false,,,,Capsicum annuum,chili pepper,Plantae,48514,Solanaceae,Capsicum
304529280,2025-08-05 10:36:28,2025-08-05,Mountain Time (US & Canada),9595148,casual,0,true,"Ruby Hill Loop Trail, Denver, CO, US",39.6854372789,-105.0059445576,4,,,,4,,,false,,,,Solanum lycopersicum,tomato,Plantae,51737,Solanaceae,Solanum
304529317,2025-08-05 10:36:39,2025-08-05,Mountain Time (US & Canada),9595148,casual,0,true,"Ruby Hill Loop Trail, Denver, CO, US",39.6854372789,-105.0059445576,4,,,,4,,open,false,,,,Mentha spicata,spearmint,Plantae,62652,Lamiaceae,Mentha
304529338,2025-08-05 10:36:48,2025-08-05,Mountain Time (US & Canada),9595148,casual,0,true,"S Pecos St, Denver, CO, US",39.685436273,-105.0059426297,3,,,,3,,,false,,,,Alcea rosea,Hollyhock,Plantae,62205,Malvaceae,Alcea
304529357,2025-08-05 10:37:42,2025-08-05,Mountain Time (US & Canada),9595148,casual,0,true,"S Pecos St, Denver, CO, US",39.6854406716,-105.0059316721,4,,,,4,,open,false,,,,Helianthus annuus,Common Sunflower,Plantae,57983,Asteraceae,Helianthus
304529378,2025-08-05 10:38:15,2025-08-05,Mountain Time (US & Canada),9595148,casual,0,true,"W Mexico Ave, Denver, CO, US",39.6854205676,-105.0060444628,3,,,,3,,,false,,,,Asteroideae,,Plantae,632790,Asteraceae,
304529399,2025-08-05 10:38:24,2025-08-05,Mountain Time (US & Canada),9595148,casual,0,true,"Ruby Hill Loop Trail, Denver, CO, US",39.6854574893,-105.0060180789,3,,,,3,,,false,,,,Nepeta cataria,Catnip,Plantae,48622,Lamiaceae,Nepeta
304529432,2025-08-05 10:38:33,2025-08-05,Mountain Time (US & Canada),9595148,casual,0,true,"W Mexico Ave, Denver, CO, US",39.6854738691,-105.0060206957,3,,,,3,,,false,,,,Anethum graveolens,Dill,Plantae,75445,Apiaceae,Anethum
304529457,2025-08-05 10:38:41,2025-08-05,Mountain Time (US & Canada),9595148,research,0,false,"Ruby Hill Loop Trail, Denver, CO, US",39.6854775527,-105.0060098608,3,,,,3,,open,false,,,Verdolaga euroasiática,Portulaca oleracea,Common Purslane,Plantae,58991,Portulacaceae,Portulaca
304529507,2025-08-05 10:38:52,2025-08-05,Mountain Time (US & Canada),9595148,casual,0,true,"Ruby Hill Loop Trail, Denver, CO, US",39.685486587,-105.0060390433,4,,,,4,,,false,,,Tomate,Solanum lycopersicum,tomato,Plantae,51737,Solanaceae,Solanum
304529535,2025-08-05 10:39:18,2025-08-05,Mountain Time (US & Canada),9595148,research,0,false,"W Mexico Ave, Denver, CO, US",39.6854718506,-105.0060404431,3,,,,3,,,false,,,espuela de galán,Delphinium ajacis,doubtful knight's-spur,Plantae,401314,Ranunculaceae,Delphinium
304529554,2025-08-05 10:39:39,2025-08-05,Mountain Time (US & Canada),9595148,casual,0,true,"Ruby Hill Loop Trail, Denver, CO, US",39.6854691961,-105.0060086235,3,,,,3,,,false,,,,Cucurbita,gourds,Plantae,55425,Cucurbitaceae,Cucurbita
304529592,2025-08-05 10:39:57,2025-08-05,Mountain Time (US & Canada),9595148,casual,0,true,"W Mexico Ave, Denver, CO, US",39.6853735711,-105.0060502851,3,,,,3,,open,false,,,,Helianthus annuus,Common Sunflower,Plantae,57983,Asteraceae,Helianthus
304529642,2025-08-05 10:40:10,2025-08-05,Mountain Time (US & Canada),9595148,casual,0,true,"Ruby Hill Loop Trail, Denver, CO, US",39.685394944,-105.0060522615,3,,,,3,,,false,,,,Asteroideae,,Plantae,632790,Asteraceae,
304529701,2025-08-05 10:40:20,2025-08-05,Mountain Time (US & Canada),9595148,casual,0,true,"Ruby Hill Loop Trail, Denver, CO, US",39.685394944,-105.0060522615,3,,,,3,,,false,,,,Centaurea cyanus,Cornflower,Plantae,933404,Asteraceae,Centaurea
304529734,2025-08-05 10:40:29,2025-08-05,Mountain Time (US & Canada),9595148,casual,0,true,"W Mexico Ave, Denver, CO, US",39.6854464825,-105.0058843633,5,,,,5,,,false,,,,Delphinium ajacis,doubtful knight's-spur,Plantae,401314,Ranunculaceae,Delphinium
304529778,2025-08-05 10:40:45,2025-08-05,Mountain Time (US & Canada),9595148,casual,0,true,"Ruby Hill Loop Trail, Denver, CO, US",39.6854016615,-105.0059975976,3,,,,3,,,false,,,,Nepeta cataria,Catnip,Plantae,48622,Lamiaceae,Nepeta
304529818,2025-08-05 10:41:04,2025-08-05,Mountain Time (US & Canada),9595148,casual,0,true,"Denver, CO, US",39.6854163581,-105.0062155755,3,,,,3,,,false,,,Campanilla morada,Ipomoea purpurea,common morning-glory,Plantae,52344,Convolvulaceae,Ipomoea
304529904,2025-08-05 10:41:30,2025-08-05,Mountain Time (US & Canada),9595148,casual,0,true,"Denver, CO, US",39.6853906249,-105.006109468,3,,,,3,,,false,,,,Alcea,hollyhocks,Plantae,62206,Malvaceae,Alcea
304529951,2025-08-05 10:42:13,2025-08-05,Mountain Time (US & Canada),9595148,casual,0,true,"Ruby Hill Loop Trail, Denver, CO, US",39.6854513185,-105.0060634968,3,,,,3,,,false,,,,Allium,onions,Plantae,47357,Amaryllidaceae,Allium
304529976,2025-08-05 10:42:22,2025-08-05,Mountain Time (US & Canada),9595148,casual,0,true,"Ruby Hill Loop Trail, Denver, CO, US",39.6854513185,-105.0060634968,3,,,,3,,,false,,,,Zinnia elegans,Elegant Zinnia,Plantae,181901,Asteraceae,Zinnia
304530014,2025-08-05 10:42:42,2025-08-05,Mountain Time (US & Canada),9595148,research,0,false,"S Pecos St, Denver, CO, US",39.6853220695,-105.0060382945,3,,,,3,,,false,,,Campanilla morada,Ipomoea purpurea,common morning-glory,Plantae,52344,Convolvulaceae,Ipomoea
304530051,2025-08-05 10:42:52,2025-08-05,Mountain Time (US & Canada),9595148,research,0,false,"Ruby Hill Loop Trail, Denver, CO, US",39.6853691364,-105.0060703917,3,,,,3,,,false,,,Correhuela de Eurasia,Convolvulus arvensis,field bindweed,Plantae,53021,Convolvulaceae,Convolvulus
304530080,2025-08-05 10:43:21,2025-08-05,Mountain Time (US & Canada),9595148,casual,0,true,"Ruby Hill Loop Trail, Denver, CO, US",39.6853793985,-105.0059754784,5,,,,5,,,false,,,,Sonchus,sow thistles,Plantae,53270,Asteraceae,Sonchus
304530106,2025-08-05 10:44:05,2025-08-05,Mountain Time (US & Canada),9595148,research,0,false,"Ruby Hill Loop Trail, Denver, CO, US",39.6853548385,-105.0060382588,3,,,,3,,open,false,,,Verdolaga euroasiática,Portulaca oleracea,Common Purslane,Plantae,58991,Portulacaceae,Portulaca
304530122,2025-08-05 10:44:14,2025-08-05,Mountain Time (US & Canada),9595148,casual,0,true,"Ruby Hill Loop Trail, Denver, CO, US",39.685340647,-105.0060224324,4,,,,4,,,false,,,Tomate,Solanum lycopersicum,tomato,Plantae,51737,Solanaceae,Solanum
304530146,2025-08-05 10:44:23,2025-08-05,Mountain Time (US & Canada),9595148,casual,0,true,"Ruby Hill Loop Trail, Denver, CO, US",39.6853369018,-105.0060212561,3,,,,3,,,false,,,,Cucumis sativus,Cucumber,Plantae,54919,Cucurbitaceae,Cucumis
304530177,2025-08-05 10:44:36,2025-08-05,Mountain Time (US & Canada),9595148,research,0,false,"Ruby Hill Loop Trail, Denver, CO, US",39.6853369018,-105.0060212561,3,,,,3,,,false,,,Gordolobo común,Verbascum thapsus,great mullein,Plantae,59029,Scrophulariaceae,Verbascum
304530205,2025-08-05 10:44:47,2025-08-05,Mountain Time (US & Canada),9595148,casual,0,true,"W Mexico Ave, Denver, CO, US",39.6853375347,-105.0060273782,3,,,,3,,,false,,,,Cucurbita,gourds,Plantae,55425,Cucurbitaceae,Cucurbita
304530234,2025-08-05 10:45:23,2025-08-05,Mountain Time (US & Canada),9595148,casual,0,true,"Ruby Hill Loop Trail, Denver, CO, US",39.6853439664,-105.0060471465,6,,,,6,,,false,,,,Cosmos bipinnatus,garden cosmos,Plantae,68562,Asteraceae,Cosmos
304530280,2025-08-05 10:45:37,2025-08-05,Mountain Time (US & Canada),9595148,research,0,false,"Ruby Hill Loop Trail, Denver, CO, US",39.6853583213,-105.0060826075,3,,,,3,,,false,,,Campanilla morada,Ipomoea purpurea,common morning-glory,Plantae,52344,Convolvulaceae,Ipomoea
304530307,2025-08-05 10:46:37,2025-08-05,Mountain Time (US & Canada),9595148,casual,0,true,"Colorado, US",39.7728888721,-105.0250245224,3,,,,28060,,obscured,true,,,,Allium schoenoprasum,Chives,Plantae,59254,Amaryllidaceae,Allium
304530330,2025-08-05 10:46:47,2025-08-05,Mountain Time (US & Canada),9595148,casual,0,true,"Ruby Hill Loop Trail, Denver, CO, US",39.6853461749,-105.0060276299,3,,,,3,,,false,,,"apio, zanahoria y parientes",Apiaceae,carrot family,Plantae,48699,Apiaceae,
304530354,2025-08-05 10:47:04,2025-08-05,Mountain Time (US & Canada),9595148,casual,0,true,"Colorado, US",39.6443619206,-105.0586213309,4,,,,28060,,obscured,true,,,,Allium schoenoprasum,Chives,Plantae,59254,Amaryllidaceae,Allium
304530371,2025-08-05 10:47:20,2025-08-05,Mountain Time (US & Canada),9595148,casual,0,true,"Ruby Hill Loop Trail, Denver, CO, US",39.6853155295,-105.0059872217,3,,,,3,,,false,,,Miramelindo asiática,Alcea rosea,Hollyhock,Plantae,62205,Malvaceae,Alcea
304530453,2025-08-05 10:47:52,2025-08-05,Mountain Time (US & Canada),9595148,casual,0,true,"Ruby Hill Loop Trail, Denver, CO, US",39.6853333852,-105.0059649256,3,,,,3,,open,false,,,,Helianthus annuus,Common Sunflower,Plantae,57983,Asteraceae,Helianthus
304530534,2025-08-05 10:48:40,2025-08-05,Mountain Time (US & Canada),9595148,casual,0,true,"S Pecos St, Denver, CO, US",39.6854120844,-105.0059654872,5,,,,5,,,false,,,,Achillea filipendulina,Fern-leaf Yarrow,Plantae,157924,Asteraceae,Achillea
304530593,2025-08-05 10:49:48,2025-08-05,Mountain Time (US & Canada),9595148,casual,0,true,"Ruby Hill Loop Trail, Denver, CO, US",39.6854085796,-105.0059021342,3,,,,3,,,false,,,,Helianthus,sunflowers,Plantae,56955,Asteraceae,Helianthus
304530638,2025-08-05 10:51:16,2025-08-05,Mountain Time (US & Canada),9595148,casual,0,true,"Ruby Hill Loop Trail, Denver, CO, US",39.6854161925,-105.0059745167,3,,,,3,,,false,,,,Salvia nemorosa,Purple Wood Sage,Plantae,168387,Lamiaceae,Salvia
304530659,2025-08-05 10:51:31,2025-08-05,Mountain Time (US & Canada),9595148,casual,0,true,"Ruby Hill Loop Trail, Denver, CO, US",39.6854253771,-105.0060057803,3,,,,3,,,false,,,,Helianthus,sunflowers,Plantae,56955,Asteraceae,Helianthus
304530681,2025-08-05 10:51:53,2025-08-05,Mountain Time (US & Canada),9595148,casual,0,true,"Ruby Hill Loop Trail, Denver, CO, US",39.6854387935,-105.005946082,3,,,,3,,open,false,,,,Artemisia dracunculus,Tarragon,Plantae,57912,Asteraceae,Artemisia
304530706,2025-08-05 10:52:11,2025-08-05,Mountain Time (US & Canada),9595148,casual,0,true,"Ruby Hill Loop Trail, Denver, CO, US",39.6854282805,-105.0059646505,3,,,,3,,,false,,,Alcea,Alcea,hollyhocks,Plantae,62206,Malvaceae,Alcea
304530735,2025-08-05 10:52:29,2025-08-05,Mountain Time (US & Canada),9595148,casual,0,true,"Ruby Hill Loop Trail, Denver, CO, US",39.6856003994,-105.0060579024,16,,,,16,,,false,,,,Echinacea purpurea,purple coneflower,Plantae,48627,Asteraceae,Echinacea
304530771,2025-08-05 10:52:49,2025-08-05,Mountain Time (US & Canada),9595148,casual,0,true,"Ruby Hill Loop Trail, Denver, CO, US",39.685389949,-105.0059957946,4,,,,4,,,false,,,,Menthinae,"balms, mints, and thymes",Plantae,919178,Lamiaceae,
304530793,2025-08-05 10:55:43,2025-08-05,Mountain Time (US & Canada),9595148,casual,0,true,"S Pecos St, Denver, CO, US",39.6852078726,-105.0060718949,5,,,,5,,open,false,,,,Helianthus annuus,Common Sunflower,Plantae,57983,Asteraceae,Helianthus
304530839,2025-08-05 10:56:09,2025-08-05,Mountain Time (US & Canada),9595148,casual,0,true,"S Pecos St, Denver, CO, US",39.6852874111,-105.00599,3,,,,3,,,false,,,,Stachys byzantina,woolly hedgenettle,Plantae,127480,Lamiaceae,Stachys
304530860,2025-08-05 10:56:30,2025-08-05,Mountain Time (US & Canada),9595148,casual,0,true,"W Mexico Ave, Denver, CO, US",39.6852242226,-105.0060591358,4,,,,4,,,false,,,,Asteroideae,,Plantae,632790,Asteraceae,
304530901,2025-08-05 10:56:43,2025-08-05,Mountain Time (US & Canada),9595148,casual,0,true,"Ruby Hill Loop Trail, Denver, CO, US",39.6852811659,-105.0060114452,3,,,,3,,,false,,,Alcea,Alcea,hollyhocks,Plantae,62206,Malvaceae,Alcea
304530935,2025-08-05 10:57:01,2025-08-05,Mountain Time (US & Canada),9595148,casual,0,true,"S Quivas St, Denver, CO, US",39.6853677041,-105.0060048556,4,,,,4,,,false,,,,Origanum vulgare,Oregano,Plantae,61396,Lamiaceae,Origanum
304530979,2025-08-05 10:57:36,2025-08-05,Mountain Time (US & Canada),9595148,casual,0,true,"Ruby Hill Loop Trail, Denver, CO, US",39.6851928886,-105.0059535851,3,,,,3,,,false,,,,Helianthus,sunflowers,Plantae,56955,Asteraceae,Helianthus
304531040,2025-08-05 10:58:00,2025-08-05,Mountain Time (US & Canada),9595148,casual,0,true,"Ruby Hill Loop Trail, Denver, CO, US",39.6852764769,-105.0059386492,3,,,,3,,,false,,,Tomate,Solanum lycopersicum,tomato,Plantae,51737,Solanaceae,Solanum
304531079,2025-08-05 10:58:16,2025-08-05,Mountain Time (US & Canada),9595148,casual,0,true,"Ruby Hill Loop Trail, Denver, CO, US",39.6853022839,-105.0060470224,6,,,,6,,open,false,,,habichuela,Phaseolus vulgaris,Common Bean,Plantae,122850,Fabaceae,Phaseolus
304531101,2025-08-05 10:58:29,2025-08-05,Mountain Time (US & Canada),9595148,casual,0,true,"Ruby Hill Loop Trail, Denver, CO, US",39.6853158124,-105.0059853797,3,,,,3,,,false,,,,Stachys byzantina,woolly hedgenettle,Plantae,127480,Lamiaceae,Stachys
304531128,2025-08-05 10:58:41,2025-08-05,Mountain Time (US & Canada),9595148,casual,0,true,"Ruby Hill Loop Trail, Denver, CO, US",39.6853158124,-105.0059853797,3,,,,3,,,false,,,,Solanum lycopersicum,tomato,Plantae,51737,Solanaceae,Solanum
304531215,2025-08-05 10:59:24,2025-08-05,Mountain Time (US & Canada),9595148,casual,0,true,"Ruby Hill Loop Trail, Denver, CO, US",39.6853242011,-105.0059168988,3,,,,3,,,false,,,Amapolas,Eschscholzia,Desert Poppies,Plantae,48226,Papaveraceae,Eschscholzia
304531254,2025-08-05 10:59:43,2025-08-05,Mountain Time (US & Canada),9595148,research,0,false,"Ruby Hill Loop Trail, Denver, CO, US",39.6853162997,-105.005920533,3,,,,3,,,false,,,Pincel,Centaurea cyanus,Cornflower,Plantae,933404,Asteraceae,Centaurea
304531290,2025-08-05 11:00:12,2025-08-05,Mountain Time (US & Canada),9595148,casual,0,true,"W Mexico Ave, Denver, CO, US",39.6853202015,-105.0059134026,5,,,,5,,open,false,,,,Helianthus annuus,Common Sunflower,Plantae,57983,Asteraceae,Helianthus
304531313,2025-08-05 11:00:46,2025-08-05,Mountain Time (US & Canada),9595148,casual,1,true,"Ruby Hill Loop Trail, Denver, CO, US",39.6853178786,-105.0059098565,4,,,,4,,open,false,,,"tomate, toloaches, chiles y parientes",Solanoideae,nightshades and allies,Plantae,634936,Solanaceae,
304531345,2025-08-05 11:01:14,2025-08-05,Mountain Time (US & Canada),9595148,casual,0,true,"Ruby Hill Loop Trail, Denver, CO, US",39.6853189921,-105.0059067104,5,,,,5,,,false,,,,Tagetes erecta,Mexican Marigold,Plantae,79312,Asteraceae,Tagetes
304531392,2025-08-05 11:01:28,2025-08-05,Mountain Time (US & Canada),9595148,casual,0,true,"S Pecos St, Denver, CO, US",39.6853539224,-105.0058553122,3,,,,3,,open,false,,,,Phaseolus vulgaris,Common Bean,Plantae,122850,Fabaceae,Phaseolus
304531427,2025-08-05 11:01:40,2025-08-05,Mountain Time (US & Canada),9595148,casual,0,true,"Ruby Hill Loop Trail, Denver, CO, US",39.6853687625,-105.0058506636,3,,,,3,,,false,,,,Solanum melongena,eggplant,Plantae,63190,Solanaceae,Solanum
304531445,2025-08-05 11:01:56,2025-08-05,Mountain Time (US & Canada),9595148,casual,0,true,"Ruby Hill Loop Trail, Denver, CO, US",39.6852815218,-105.0059232676,5,,,,5,,,false,,,,Phaseolus,beans,Plantae,72293,Fabaceae,Phaseolus
304531465,2025-08-05 11:48:20,2025-08-05,Mountain Time (US & Canada),9595148,casual,0,true,"S Quitman Way, Denver, CO, US",39.6757604256,-105.0388177622,4,,,,4,,open,false,,,,Helianthus annuus,Common Sunflower,Plantae,57983,Asteraceae,Helianthus
304531492,2025-08-05 11:48:31,2025-08-05,Mountain Time (US & Canada),9595148,casual,0,true,"S Quitman Way, Denver, CO, US",39.6757783144,-105.038832482,3,,,,3,,open,false,,,,Helianthus annuus,Common Sunflower,Plantae,57983,Asteraceae,Helianthus
304531525,2025-08-05 11:48:42,2025-08-05,Mountain Time (US & Canada),9595148,casual,0,true,"S Quitman Way, Denver, CO, US",39.6757829556,-105.0388298665,3,,,,3,,open,false,,,,Helianthus annuus,Common Sunflower,Plantae,57983,Asteraceae,Helianthus
304531544,2025-08-05 11:48:50,2025-08-05,Mountain Time (US & Canada),9595148,casual,0,true,"S Patton Ct, Denver, CO, US",39.67577193,-105.0387508409,4,,,,4,,,false,,,,Oenothera villosa,hairy evening primrose,Plantae,78251,Onagraceae,Oenothera
304531570,2025-08-05 11:49:00,2025-08-05,Mountain Time (US & Canada),9595148,casual,0,true,"S Quitman Way, Denver, CO, US",39.6757944285,-105.0387544912,3,,,,3,,,false,,,,Heterotheca hirsutissima,Harsh False Goldenaster,Plantae,1349541,Asteraceae,Heterotheca
304531748,2025-08-05 11:49:40,2025-08-05,Mountain Time (US & Canada),9595148,casual,0,true,"S Quitman Way, Denver, CO, US",39.6758149378,-105.038806731,3,,,,3,,,false,,,,Solidago,goldenrods,Plantae,48678,Asteraceae,Solidago
304531765,2025-08-05 11:49:54,2025-08-05,Mountain Time (US & Canada),9595148,casual,0,true,"S Quitman Way, Denver, CO, US",39.6757537335,-105.038823173,3,,,,3,,,false,,,,Oenothera,"evening primroses, sundrops, and beeblossoms",Plantae,48626,Onagraceae,Oenothera
304531789,2025-08-05 11:50:07,2025-08-05,Mountain Time (US & Canada),9595148,casual,0,true,"S Quitman Way, Denver, CO, US",39.6757717393,-105.038807956,3,,,,3,,,false,,,,Helianthus,sunflowers,Plantae,56955,Asteraceae,Helianthus
304531815,2025-08-05 11:50:17,2025-08-05,Mountain Time (US & Canada),9595148,casual,0,true,"S Quitman Way, Denver, CO, US",39.6757717393,-105.038807956,3,,,,3,,,false,,,,Echinacea purpurea,purple coneflower,Plantae,48627,Asteraceae,Echinacea
304531850,2025-08-06 15:06:00,2025-08-06,Mountain Time (US & Canada),4547933,casual,0,true,"E 23rd Ave, Denver, CO, US",39.7508966667,-104.8968883333,8,,,,8,,,false,,"","",Cosmos bipinnatus,garden cosmos,Plantae,68562,Asteraceae,Cosmos
304531869,2025-08-06 15:05:52,2025-08-06,Mountain Time (US & Canada),4547933,casual,0,true,"E 23rd Ave, Denver, CO, US",39.7508916667,-104.8968666667,7,,,,7,,,false,,"","",Cosmos bipinnatus,garden cosmos,Plantae,68562,Asteraceae,Cosmos
304531885,2025-08-05 11:50:56,2025-08-05,Mountain Time (US & Canada),9595148,casual,0,true,"S Quitman Way, Denver, CO, US",39.6757848246,-105.0388030032,5,,,,5,,,false,,,,Oenothera,"evening primroses, sundrops, and beeblossoms",Plantae,48626,Onagraceae,Oenothera
304531892,2025-08-06 15:05:40,2025-08-06,Mountain Time (US & Canada),4547933,casual,0,true,"E 23rd Ave, Denver, CO, US",39.7508916667,-104.8968666667,7,,,,7,,,false,,"","",Cucumis sativus,Cucumber,Plantae,54919,Cucurbitaceae,Cucumis
304531906,2025-08-05 11:51:06,2025-08-05,Mountain Time (US & Canada),9595148,casual,0,true,"S Quitman Way, Denver, CO, US",39.6757871105,-105.03879593,3,,,,3,,,false,,,,Gaillardia,Blanketflowers,Plantae,51769,Asteraceae,Gaillardia
304531922,2025-08-06 15:05:29,2025-08-06,Mountain Time (US & Canada),4547933,casual,0,true,"E 23rd Ave, Denver, CO, US",39.7508716667,-104.8968583333,5,,,,5,,,false,,"","",Solanum lycopersicum,tomato,Plantae,51737,Solanaceae,Solanum
304531933,2025-08-05 11:51:37,2025-08-05,Mountain Time (US & Canada),9595148,casual,0,true,"S Quitman Way, Denver, CO, US",39.6756570228,-105.0388999377,7,,,,7,,,false,,,,Centaurea cyanus,Cornflower,Plantae,933404,Asteraceae,Centaurea
304531947,2025-08-05 11:51:54,2025-08-05,Mountain Time (US & Canada),9595148,casual,0,true,"S Patton Ct, Denver, CO, US",39.6757600461,-105.0388058668,5,,,,5,,,false,,,,Cosmos bipinnatus,garden cosmos,Plantae,68562,Asteraceae,Cosmos
304531952,2025-08-06 15:05:20,2025-08-06,Mountain Time (US & Canada),4547933,casual,0,true,"E 23rd Ave, Denver, CO, US",39.7508783333,-104.89685,4,,,,4,,,false,,"","",Tagetes,Marigolds,Plantae,72389,Asteraceae,Tagetes
304531965,2025-08-05 11:52:09,2025-08-05,Mountain Time (US & Canada),9595148,research,0,false,"S Quitman Way, Denver, CO, US",39.6758071788,-105.0388138524,3,,,,3,,,false,,,borraja,Borago officinalis,Borage,Plantae,52287,Boraginaceae,Borago
304531972,2025-08-06 15:05:06,2025-08-06,Mountain Time (US & Canada),4547933,casual,0,true,"E 23rd Ave, Denver, CO, US",39.750855,-104.89688,4,,,,4,,,false,,"","",Calendula,marigolds,Plantae,59261,Asteraceae,Calendula
304531989,2025-08-05 11:52:20,2025-08-05,Mountain Time (US & Canada),9595148,casual,0,true,"W Warren Ave, Denver, CO, US",39.6758016944,-105.0387989358,6,,,,6,,,false,,,,Solanum,nightshades,Plantae,50641,Solanaceae,Solanum
304532009,2025-08-05 11:52:31,2025-08-05,Mountain Time (US & Canada),9595148,casual,0,true,"S Quitman Way, Denver, CO, US",39.6758143511,-105.0388170407,3,,,,3,,,false,,,,Tagetes,Marigolds,Plantae,72389,Asteraceae,Tagetes
304532011,2025-08-06 15:04:57,2025-08-06,Mountain Time (US & Canada),4547933,casual,0,true,"E 23rd Ave, Denver, CO, US",39.750855,-104.8968716667,4,,,,4,,open,false,,"","",Capsicum annuum,chili pepper,Plantae,48514,Solanaceae,Capsicum
304532029,2025-08-05 11:52:44,2025-08-05,Mountain Time (US & Canada),9595148,casual,0,true,"S Patton Ct, Denver, CO, US",39.6757908818,-105.0388354809,6,,,,6,,,false,,,,Achillea,yarrows,Plantae,52818,Asteraceae,Achillea
304532052,2025-08-05 11:53:00,2025-08-05,Mountain Time (US & Canada),9595148,casual,0,true,"S Quitman Way, Denver, CO, US",39.6757666581,-105.038830787,3,,,,3,,,false,,,,Calendula officinalis,pot marigold,Plantae,75931,Asteraceae,Calendula
304532054,2025-08-06 15:04:54,2025-08-06,Mountain Time (US & Canada),4547933,casual,0,true,"E 23rd Ave, Denver, CO, US",39.750855,-104.8968716667,4,,,,4,,,false,,"","",Zinnia elegans,Elegant Zinnia,Plantae,181901,Asteraceae,Zinnia
304532080,2025-08-05 11:53:12,2025-08-05,Mountain Time (US & Canada),9595148,casual,0,true,"S Patton Ct, Denver, CO, US",39.6756805759,-105.0387440343,9,,,,9,,,false,,,,Calendula,marigolds,Plantae,59261,Asteraceae,Calendula
304532109,2025-08-05 11:53:26,2025-08-05,Mountain Time (US & Canada),9595148,casual,0,true,"S Quitman Way, Denver, CO, US",39.675730113,-105.0387756341,3,,,,3,,,false,,,,Tropaeolum majus,garden nasturtium,Plantae,54329,Tropaeolaceae,Tropaeolum
304532138,2025-08-06 15:04:41,2025-08-06,Mountain Time (US & Canada),4547933,casual,0,true,"E 23rd Ave, Denver, CO, US",39.7508366667,-104.8968716667,5,,,,5,,,false,,"","",Anethum graveolens,Dill,Plantae,75445,Apiaceae,Anethum
304532141,2025-08-05 11:53:41,2025-08-05,Mountain Time (US & Canada),9595148,casual,0,true,"S Quitman Way, Denver, CO, US",39.675730113,-105.0387756341,3,,,,3,,,false,,,,Hibiscus,hibiscuses,Plantae,48891,Malvaceae,Hibiscus
304532189,2025-08-05 11:53:57,2025-08-05,Mountain Time (US & Canada),9595148,casual,0,true,"S Patton Ct, Denver, CO, US",39.6757913899,-105.0387317181,5,,,,5,,,false,,,,Cucumis sativus,Cucumber,Plantae,54919,Cucurbitaceae,Cucumis
304532197,2025-08-06 15:04:22,2025-08-06,Mountain Time (US & Canada),4547933,casual,0,true,"E 23rd Ave, Denver, CO, US",39.750825,-104.8968966667,7,,,,7,,,false,,"","",Tagetes,Marigolds,Plantae,72389,Asteraceae,Tagetes
304532241,2025-08-05 11:54:15,2025-08-05,Mountain Time (US & Canada),9595148,casual,0,true,"Denver, CO, US",39.675684485,-105.0389088047,3,,,,3,,open,false,,,,Lavandula angustifolia,Common Lavender,Plantae,133395,Lamiaceae,Lavandula
304532247,2025-08-06 15:04:12,2025-08-06,Mountain Time (US & Canada),4547933,casual,0,true,"E 23rd Ave, Denver, CO, US",39.7507966667,-104.8968966667,9,,,,9,,,false,,"","",Zinnia elegans,Elegant Zinnia,Plantae,181901,Asteraceae,Zinnia
304532280,2025-08-05 11:54:29,2025-08-05,Mountain Time (US & Canada),9595148,casual,0,true,"S Quitman Way, Denver, CO, US",39.675732053,-105.0388386682,4,,,,4,,open,false,,,,Salvia officinalis,garden sage,Plantae,51738,Lamiaceae,Salvia
304532297,2025-08-06 15:03:55,2025-08-06,Mountain Time (US & Canada),4547933,casual,0,true,"E 23rd Ave, Denver, CO, US",39.7507833333,-104.89692,10,,,,10,,,false,,"",tomato,Solanum lycopersicum,tomato,Plantae,51737,Solanaceae,Solanum
304532311,2025-08-05 11:54:50,2025-08-05,Mountain Time (US & Canada),9595148,needs_id,0,false,"S Quitman Way, Denver, CO, US",39.6757448288,-105.038776693,4,,,,4,,,false,,,,Convolvulus,bindweeds,Plantae,53022,Convolvulaceae,Convolvulus
304532351,2025-08-06 15:03:39,2025-08-06,Mountain Time (US & Canada),4547933,casual,0,true,"E 23rd Ave, Denver, CO, US",39.75077,-104.8969116667,11,,,,11,,,false,,"","",Tagetes patula,French marigold,Plantae,777243,Asteraceae,Tagetes
304532372,2025-08-05 11:55:10,2025-08-05,Mountain Time (US & Canada),9595148,casual,0,true,"S Quitman Way, Denver, CO, US",39.6757627413,-105.0387560819,3,,,,3,,,false,,,,Helianthus,sunflowers,Plantae,56955,Asteraceae,Helianthus
304532419,2025-08-05 11:55:26,2025-08-05,Mountain Time (US & Canada),9595148,research,0,false,"S Quitman Way, Denver, CO, US",39.6757924811,-105.0387525669,3,,,,3,,,false,,,Correhuela de Eurasia,Convolvulus arvensis,field bindweed,Plantae,53021,Convolvulaceae,Convolvulus
304532432,2025-08-06 15:03:30,2025-08-06,Mountain Time (US & Canada),4547933,casual,0,true,"E 23rd Ave, Denver, CO, US",39.75077,-104.89692,10,,,,10,,,false,,"","",Cucurbita,gourds,Plantae,55425,Cucurbitaceae,Cucurbita
304532473,2025-08-05 11:55:50,2025-08-05,Mountain Time (US & Canada),9595148,casual,0,true,"S Patton Ct, Denver, CO, US",39.6756885781,-105.0387641629,4,,,,4,,open,false,,,,Capsicum annuum,chili pepper,Plantae,48514,Solanaceae,Capsicum
304532502,2025-08-06 15:03:09,2025-08-06,Mountain Time (US & Canada),4547933,casual,0,true,"E 23rd Ave, Denver, CO, US",39.7507666667,-104.8968666667,8,,,,8,,,false,,"","",Anethum graveolens,Dill,Plantae,75445,Apiaceae,Anethum
304532504,2025-08-05 11:56:11,2025-08-05,Mountain Time (US & Canada),9595148,casual,0,true,"S Quitman Way, Denver, CO, US",39.6757249313,-105.0387509288,5,,,,5,,open,false,,,Tomate de cáscara,Physalis philadelphica,Large-flowered Tomatillo,Plantae,51734,Solanaceae,Physalis
304532531,2025-08-05 12:01:52,2025-08-05,Mountain Time (US & Canada),9595148,casual,0,true,"S Quitman Way, Denver, CO, US",39.6756442918,-105.0388455122,9,,,,9,,,false,,,Tomate,Solanum lycopersicum,tomato,Plantae,51737,Solanaceae,Solanum
304532547,2025-08-06 15:02:56,2025-08-06,Mountain Time (US & Canada),4547933,casual,0,true,"E 23rd Ave, Denver, CO, US",39.7507533333,-104.8969033333,9,,,,9,,,false,,"","",Cosmos,Cosmoses,Plantae,68563,Asteraceae,Cosmos
304532560,2025-08-05 12:02:03,2025-08-05,Mountain Time (US & Canada),9595148,casual,0,true,"S Quitman Way, Denver, CO, US",39.6757066539,-105.0388070857,3,,,,3,,,false,,,,Cucumis,Melons & Cucumbers,Plantae,54916,Cucurbitaceae,Cucumis
304532617,2025-08-05 12:02:15,2025-08-05,Mountain Time (US & Canada),9595148,casual,0,true,"S Quitman Way, Denver, CO, US",39.675721288,-105.0387890863,4,,,,4,,open,false,,,Tomate de cáscara,Physalis philadelphica,Large-flowered Tomatillo,Plantae,51734,Solanaceae,Physalis
304532634,2025-08-06 15:02:41,2025-08-06,Mountain Time (US & Canada),4547933,casual,0,true,"E 23rd Ave, Denver, CO, US",39.750745,-104.89692,8,,,,8,,,false,,"","",Mirabilis jalapa,Marvel of Peru,Plantae,50616,Nyctaginaceae,Mirabilis
304532647,2025-08-05 12:02:25,2025-08-05,Mountain Time (US & Canada),9595148,casual,0,true,"S Quitman Way, Denver, CO, US",39.6757243945,-105.0387890511,5,,,,5,,,false,,,,Solanum lycopersicum,tomato,Plantae,51737,Solanaceae,Solanum
304532679,2025-08-05 12:02:36,2025-08-05,Mountain Time (US & Canada),9595148,casual,0,true,"S Quitman Way, Denver, CO, US",39.6757125948,-105.0387721137,3,,,,3,,,false,,,,Cucurbita,gourds,Plantae,55425,Cucurbitaceae,Cucurbita
304532688,2025-08-06 15:02:36,2025-08-06,Mountain Time (US & Canada),4547933,casual,0,true,"E 23rd Ave, Denver, CO, US",39.7507383333,-104.8969116667,8,,,,8,,,false,,"","",Zinnia elegans,Elegant Zinnia,Plantae,181901,Asteraceae,Zinnia
304532783,2025-08-06 15:02:21,2025-08-06,Mountain Time (US & Canada),4547933,casual,0,true,"E 23rd Ave, Denver, CO, US",39.7507083333,-104.8969416667,7,,,,7,,,false,,"","",Tagetes,Marigolds,Plantae,72389,Asteraceae,Tagetes
304532873,2025-08-06 15:02:09,2025-08-06,Mountain Time (US & Canada),4547933,casual,0,true,"E 23rd Ave, Denver, CO, US",39.750705,-104.8969416667,4,,,,4,,,false,,"","",Cucumis,Melons & Cucumbers,Plantae,54916,Cucurbitaceae,Cucumis
304535610,2025-08-05 11:49:16,2025-08-05,Mountain Time (US & Canada),9595148,casual,0,true,"S Quitman Way, Denver, CO, US",39.6757899179,-105.0387634804,4,,,,4,,,false,,,,Mentha,mints,Plantae,54570,Lamiaceae,Mentha
304535643,2025-08-05 11:49:25,2025-08-05,Mountain Time (US & Canada),9595148,casual,0,true,"S Patton Ct, Denver, CO, US",39.675822272,-105.0387811662,4,,,,4,,,false,,,,Solidago,goldenrods,Plantae,48678,Asteraceae,Solidago
304535672,2025-08-05 12:02:49,2025-08-05,Mountain Time (US & Canada),9595148,casual,0,true,"S Quitman Way, Denver, CO, US",39.6757537102,-105.0387777601,4,,,,4,,,false,,,,Salvia,Sages,Plantae,50644,Lamiaceae,Salvia
304535731,2025-08-05 12:02:57,2025-08-05,Mountain Time (US & Canada),9595148,research,0,false,"S Quitman Way, Denver, CO, US",39.6758105373,-105.0388971717,6,,,,6,,,false,,,Mirasol amarillo,Cosmos sulphureus,Yellow Cosmos,Plantae,48651,Asteraceae,Cosmos
304535762,2025-08-05 12:03:05,2025-08-05,Mountain Time (US & Canada),9595148,casual,0,true,"S Quitman Way, Denver, CO, US",39.6758139739,-105.0388643985,4,,,,4,,,false,,,,Cichorieae,"Lettuce, Chicory, Dandelion and Salsify Tribe",Plantae,359450,Asteraceae,
304535793,2025-08-05 12:03:15,2025-08-05,Mountain Time (US & Canada),9595148,casual,0,true,"S Quitman Way, Denver, CO, US",39.6757523669,-105.038818298,4,,,,4,,,false,,,,Zinnia elegans,Elegant Zinnia,Plantae,181901,Asteraceae,Zinnia
304535833,2025-08-05 12:03:25,2025-08-05,Mountain Time (US & Canada),9595148,casual,0,true,"S Patton Ct, Denver, CO, US",39.6757005249,-105.0388074015,3,,,,3,,,false,,,Mal de ojo,Zinnia elegans,Elegant Zinnia,Plantae,181901,Asteraceae,Zinnia
304535855,2025-08-05 12:03:36,2025-08-05,Mountain Time (US & Canada),9595148,casual,0,true,"S Quitman Way, Denver, CO, US",39.6756901732,-105.0388133527,3,,,,3,,open,false,,,,Phaseolus vulgaris,Common Bean,Plantae,122850,Fabaceae,Phaseolus
304535881,2025-08-05 12:03:54,2025-08-05,Mountain Time (US & Canada),9595148,research,0,false,"S Quitman Way, Denver, CO, US",39.6756620519,-105.0387933199,6,,,,6,,,false,,,Correhuela de Eurasia,Convolvulus arvensis,field bindweed,Plantae,53021,Convolvulaceae,Convolvulus
304535900,2025-08-05 12:27:02,2025-08-05,Mountain Time (US & Canada),9595148,casual,0,true,"Denver, CO, US",39.660169239,-105.0462297608,20,,,,20,,open,false,,,,Cucurbita pepo,American pumpkin,Plantae,76541,Cucurbitaceae,Cucurbita
304535940,2025-08-05 12:27:13,2025-08-05,Mountain Time (US & Canada),9595148,casual,0,true,"S Vrain St, Denver, CO, US",39.6597559188,-105.046156576,3,,,,3,,,false,,,,Allium,onions,Plantae,47357,Amaryllidaceae,Allium
304535993,2025-08-05 12:27:41,2025-08-05,Mountain Time (US & Canada),9595148,casual,0,true,"S Vrain St, Denver, CO, US",39.6598113282,-105.0461917744,5,,,,5,,,false,,,,Cucumis sativus,Cucumber,Plantae,54919,Cucurbitaceae,Cucumis
304536013,2025-08-05 12:28:06,2025-08-05,Mountain Time (US & Canada),9595148,casual,0,true,"S Vrain St, Denver, CO, US",39.6597909183,-105.0460577478,5,,,,5,,,false,,,,Cucurbita,gourds,Plantae,55425,Cucurbitaceae,Cucurbita
304536276,2025-08-05 12:28:31,2025-08-05,Mountain Time (US & Canada),9595148,casual,0,true,"S Vrain St, Denver, CO, US",39.6597893536,-105.0461550771,6,,,,6,,,false,,,,Cucurbita,gourds,Plantae,55425,Cucurbitaceae,Cucurbita
304536346,2025-08-05 12:29:12,2025-08-05,Mountain Time (US & Canada),9595148,casual,0,true,"S Vrain St, Denver, CO, US",39.6597536941,-105.0461494442,8,,,,8,,,false,,,Tomate,Solanum lycopersicum,tomato,Plantae,51737,Solanaceae,Solanum
304536366,2025-08-05 12:29:23,2025-08-05,Mountain Time (US & Canada),9595148,casual,0,true,"S Vrain St, Denver, CO, US",39.6597037803,-105.046065334,3,,,,3,,,false,,,,Cucurbita,gourds,Plantae,55425,Cucurbitaceae,Cucurbita
304536386,2025-08-05 12:30:14,2025-08-05,Mountain Time (US & Canada),9595148,casual,0,true,"S Utica St, Denver, CO, US",39.6596368261,-105.0460302389,8,,,,8,,,false,,,Berenjena,Solanum melongena,eggplant,Plantae,63190,Solanaceae,Solanum
304536410,2025-08-05 12:30:24,2025-08-05,Mountain Time (US & Canada),9595148,casual,0,true,"S Vrain St, Denver, CO, US",39.6596863133,-105.0460998751,5,,,,5,,,false,,,,Ceratostigma plumbaginoides,blue leadwort,Plantae,160358,Plumbaginaceae,Ceratostigma
304536454,2025-08-05 12:30:32,2025-08-05,Mountain Time (US & Canada),9595148,research,0,false,"S Vrain St, Denver, CO, US",39.6597154161,-105.0461052448,9,,,,9,,,false,,,Valeriana roja,Centranthus ruber,Red Valerian,Plantae,57283,Caprifoliaceae,Centranthus
304536492,2025-08-05 12:30:55,2025-08-05,Mountain Time (US & Canada),9595148,casual,0,true,"S Utica St, Denver, CO, US",39.6597436443,-105.0460862462,6,,,,6,,,false,,,,Solanum lycopersicum,tomato,Plantae,51737,Solanaceae,Solanum
304536528,2025-08-05 12:31:07,2025-08-05,Mountain Time (US & Canada),9595148,research,0,false,"S Vrain St, Denver, CO, US",39.6597161936,-105.0461398066,3,,,,3,,,false,,,espuela de galán,Delphinium ajacis,doubtful knight's-spur,Plantae,401314,Ranunculaceae,Delphinium
304536556,2025-08-05 12:31:16,2025-08-05,Mountain Time (US & Canada),9595148,research,0,false,"S Vrain St, Denver, CO, US",39.6597131342,-105.0461476018,8,,,,8,,,false,,,Valeriana roja,Centranthus ruber,Red Valerian,Plantae,57283,Caprifoliaceae,Centranthus
304536607,2025-08-05 12:31:25,2025-08-05,Mountain Time (US & Canada),9595148,casual,0,true,"S Vrain St, Denver, CO, US",39.6597285988,-105.0461167564,6,,,,6,,,false,,,,Ceratostigma plumbaginoides,blue leadwort,Plantae,160358,Plumbaginaceae,Ceratostigma
304536636,2025-08-05 12:31:46,2025-08-05,Mountain Time (US & Canada),9595148,casual,0,true,"S Vrain St, Denver, CO, US",39.6596492222,-105.0462003239,7,,,,7,,,false,,,,Dahlia pinnata,Garden Dahlia,Plantae,161582,Asteraceae,Dahlia
304536665,2025-08-05 12:31:53,2025-08-05,Mountain Time (US & Canada),9595148,casual,0,true,"S Vrain St, Denver, CO, US",39.6596774692,-105.0461566542,3,,,,3,,,false,,,,Antirrhinum majus,Snapdragon,Plantae,48969,Plantaginaceae,Antirrhinum
304536688,2025-08-05 12:32:03,2025-08-05,Mountain Time (US & Canada),9595148,casual,0,true,"S Vrain St, Denver, CO, US",39.6596767567,-105.0461489429,3,,,,3,,,false,,,,Tagetes,Marigolds,Plantae,72389,Asteraceae,Tagetes
304536727,2025-08-05 12:32:15,2025-08-05,Mountain Time (US & Canada),9595148,casual,0,true,"S Vrain St, Denver, CO, US",39.6596692549,-105.0461534691,3,,,,3,,,false,,,,Ocimum basilicum,Sweet basil,Plantae,61398,Lamiaceae,Ocimum
304536778,2025-08-05 12:32:35,2025-08-05,Mountain Time (US & Canada),9595148,casual,0,true,"S Vrain St, Denver, CO, US",39.6596620046,-105.0461945404,3,,,,3,,,false,,,,Cucumis sativus,Cucumber,Plantae,54919,Cucurbitaceae,Cucumis
304536805,2025-08-05 12:32:47,2025-08-05,Mountain Time (US & Canada),9595148,casual,0,true,"S Vrain St, Denver, CO, US",39.659681744,-105.0461553131,4,,,,4,,,false,,,,Cucumis,Melons & Cucumbers,Plantae,54916,Cucurbitaceae,Cucumis
304536838,2025-08-05 12:32:57,2025-08-05,Mountain Time (US & Canada),9595148,casual,0,true,"S Vrain St, Denver, CO, US",39.6596830013,-105.0461809618,4,,,,4,,,false,,,,Symphoricarpos,snowberries,Plantae,48528,Caprifoliaceae,Symphoricarpos
304536858,2025-08-05 13:52:18,2025-08-05,Mountain Time (US & Canada),9595148,casual,0,true,"S Field St, Lakewood, CO, US",39.6570812585,-105.0982919243,5,,,,5,,,false,,,,Cichorieae,"Lettuce, Chicory, Dandelion and Salsify Tribe",Plantae,359450,Asteraceae,
304536885,2025-08-05 13:52:28,2025-08-05,Mountain Time (US & Canada),9595148,casual,0,true,"S Field St, Lakewood, CO, US",39.6571116481,-105.0981483017,5,,,,5,,,false,,,,Nepeta racemosa,Eastern Cat-mint,Plantae,165681,Lamiaceae,Nepeta
304536912,2025-08-05 13:52:39,2025-08-05,Mountain Time (US & Canada),9595148,casual,0,true,"S Field St, Lakewood, CO, US",39.6570498009,-105.0982341064,5,,,,5,,,false,,,,Cucurbitaceae,gourd family,Plantae,48620,Cucurbitaceae,
304536936,2025-08-05 13:52:50,2025-08-05,Mountain Time (US & Canada),9595148,casual,0,true,"S Field St, Lakewood, CO, US",39.6570639918,-105.0982790162,3,,,,3,,,false,,,,Solanoideae,nightshades and allies,Plantae,634936,Solanaceae,
304536965,2025-08-05 13:52:59,2025-08-05,Mountain Time (US & Canada),9595148,casual,0,true,"S Field St, Lakewood, CO, US",39.6570904367,-105.0983030723,3,,,,3,,,false,,,,Allium tuberosum,Garlic Chives,Plantae,122343,Amaryllidaceae,Allium
304537005,2025-08-05 13:53:07,2025-08-05,Mountain Time (US & Canada),9595148,research,0,false,"S Field St, Lakewood, CO, US",39.6570904367,-105.0983030723,3,,,,3,,,false,,,borraja,Borago officinalis,Borage,Plantae,52287,Boraginaceae,Borago
304537031,2025-08-05 13:53:14,2025-08-05,Mountain Time (US & Canada),9595148,casual,0,true,"S Field St, Lakewood, CO, US",39.6571435583,-105.0983940467,3,,,,3,,,false,,,Rudbeckia hirta,Rudbeckia hirta,black-eyed Susan,Plantae,62741,Asteraceae,Rudbeckia
304537078,2025-08-05 13:53:22,2025-08-05,Mountain Time (US & Canada),9595148,research,0,false,"S Field St, Lakewood, CO, US",39.6571436511,-105.0984094924,4,,,,4,,,false,,,Girasol morado,Cosmos bipinnatus,garden cosmos,Plantae,68562,Asteraceae,Cosmos
304544894,2025-08-06 15:02:03,2025-08-06,Mountain Time (US & Canada),4547933,casual,0,true,"E 23rd Ave, Denver, CO, US",39.7507083333,-104.8969416667,4,,,,4,,,false,,"","",Tagetes erecta,Mexican Marigold,Plantae,79312,Asteraceae,Tagetes
304544941,2025-08-06 15:02:00,2025-08-06,Mountain Time (US & Canada),4547933,casual,0,true,"E 23rd Ave, Denver, CO, US",39.7507083333,-104.89695,4,,,,4,,,false,,"","",Anethum graveolens,Dill,Plantae,75445,Apiaceae,Anethum
304544976,2025-08-06 15:01:47,2025-08-06,Mountain Time (US & Canada),4547933,casual,0,true,"E 23rd Ave, Denver, CO, US",39.7506666667,-104.8969633333,4,,,,4,,,false,,"",coriander,Coriandrum sativum,coriander,Plantae,67759,Apiaceae,Coriandrum
304765730,2025-08-06 15:01:36,2025-08-06,Mountain Time (US & Canada),4547933,casual,0,true,"E 23rd Ave, Denver, CO, US",39.7506616667,-104.8969583333,5,,,,5,,,false,,"","",Poaceae,Grasses,Plantae,47434,Poaceae,
304765770,2025-08-06 15:01:16,2025-08-06,Mountain Time (US & Canada),4547933,casual,0,true,"E 23rd Ave, Denver, CO, US",39.7506416667,-104.89698,6,,,,6,,,false,,"","",Solanum lycopersicum,tomato,Plantae,51737,Solanaceae,Solanum
304765839,2025-08-06 15:01:05,2025-08-06,Mountain Time (US & Canada),4547933,casual,0,true,"E 23rd Ave, Denver, CO, US",39.750625,-104.896995,7,,,,7,,,false,,"","",Capsicum,peppers,Plantae,48517,Solanaceae,Capsicum
304765864,2025-08-06 15:00:59,2025-08-06,Mountain Time (US & Canada),4547933,casual,0,true,"E 23rd Ave, Denver, CO, US",39.750645,-104.8970033333,7,,,,7,,,false,,"","",Tagetes,Marigolds,Plantae,72389,Asteraceae,Tagetes
304765906,2025-08-06 15:00:36,2025-08-06,Mountain Time (US & Canada),4547933,casual,0,true,"E 23rd Ave, Denver, CO, US",39.7506033333,-104.8969633333,6,,,,6,,,false,,"",common morning-glory,Ipomoea purpurea,common morning-glory,Plantae,52344,Convolvulaceae,Ipomoea
304765931,2025-08-06 15:00:21,2025-08-06,Mountain Time (US & Canada),4547933,casual,0,true,"E 23rd Ave, Denver, CO, US",39.7506416667,-104.896995,8,,,,8,,,false,,"","",Anethum graveolens,Dill,Plantae,75445,Apiaceae,Anethum
304765972,2025-08-06 15:00:16,2025-08-06,Mountain Time (US & Canada),4547933,casual,0,true,"E 23rd Ave, Denver, CO, US",39.7506366667,-104.8970416667,10,,,,10,,open,false,,"","",Lavandula angustifolia,Common Lavender,Plantae,133395,Lamiaceae,Lavandula
304766007,2025-08-06 15:00:07,2025-08-06,Mountain Time (US & Canada),4547933,casual,0,true,"E 23rd Ave, Denver, CO, US",39.7506366667,-104.8971116667,14,,,,14,,,false,,"","",Origanum,,Plantae,61397,Lamiaceae,Origanum
304766031,2025-08-06 15:00:03,2025-08-06,Mountain Time (US & Canada),4547933,casual,0,true,"E 23rd Ave, Denver, CO, US",39.7508366667,-104.897125,31,,,,31,,,false,,"","",Zinnia,Zinnias,Plantae,132450,Asteraceae,Zinnia
304766050,2025-08-06 14:59:06,2025-08-06,Mountain Time (US & Canada),4547933,casual,0,true,"Denver County, US-CO, US",39.750605,-104.89702,4,,,,4,,,false,,"","",Phaseolus,beans,Plantae,72293,Fabaceae,Phaseolus
304766055,2025-08-06 14:58:49,2025-08-06,Mountain Time (US & Canada),4547933,casual,0,true,"Denver County, US-CO, US",39.7506,-104.89702,4,,,,4,,,false,,"","",Cucurbita,gourds,Plantae,55425,Cucurbitaceae,Cucurbita
304766077,2025-08-06 14:58:33,2025-08-06,Mountain Time (US & Canada),4547933,casual,0,true,"Denver County, US-CO, US",39.7506133333,-104.8970416667,5,,,,5,,,false,,"","",Phaseolus,beans,Plantae,72293,Fabaceae,Phaseolus
304766093,2025-08-06 14:58:18,2025-08-06,Mountain Time (US & Canada),4547933,casual,0,true,"Denver County, US-CO, US",39.750595,-104.8970333333,6,,,,6,,,false,,"","",Cucumis,Melons & Cucumbers,Plantae,54916,Cucurbitaceae,Cucumis
304766126,2025-08-06 14:58:05,2025-08-06,Mountain Time (US & Canada),4547933,casual,0,true,"Denver County, US-CO, US",39.75057,-104.897055,9,,,,9,,,false,,"","",Anethum,,Plantae,71969,Apiaceae,Anethum
304766142,2025-08-06 14:57:57,2025-08-06,Mountain Time (US & Canada),4547933,casual,0,true,"Denver County, US-CO, US",39.7505716667,-104.8970633333,9,,,,9,,,false,,"",peppers,Capsicum,peppers,Plantae,48517,Solanaceae,Capsicum
304766165,2025-08-06 14:57:53,2025-08-06,Mountain Time (US & Canada),4547933,casual,0,true,"Denver County, US-CO, US",39.750575,-104.8970633333,9,,,,9,,,false,,"","",Nepeta,catmints,Plantae,48624,Lamiaceae,Nepeta
304766179,2025-08-06 14:57:44,2025-08-06,Mountain Time (US & Canada),4547933,casual,0,true,"Denver County, US-CO, US",39.750575,-104.8970633333,9,,,,9,,,false,,"","",Solanoideae,nightshades and allies,Plantae,634936,Solanaceae,
304766195,2025-08-06 14:57:29,2025-08-06,Mountain Time (US & Canada),4547933,casual,0,true,"Denver County, US-CO, US",39.7505716667,-104.8970716667,8,,,,8,,,false,,"","",Calendula,marigolds,Plantae,59261,Asteraceae,Calendula
304766206,2025-08-06 14:57:22,2025-08-06,Mountain Time (US & Canada),4547933,casual,0,true,"Denver County, US-CO, US",39.750575,-104.89708,7,,,,7,,,false,,"","",Phaseolus,beans,Plantae,72293,Fabaceae,Phaseolus
304766236,2025-08-06 14:56:38,2025-08-06,Mountain Time (US & Canada),4547933,casual,0,true,"Denver County, US-CO, US",39.7505716667,-104.89705,4,,,,4,,,false,,"","",Zinnia,Zinnias,Plantae,132450,Asteraceae,Zinnia
305007569,2025-08-06 14:56:25,2025-08-06,Mountain Time (US & Canada),4547933,casual,0,true,"E 23rd Ave, Denver, CO, US",39.7506,-104.8970633333,4,,,,4,,,false,,"","",Tagetes erecta,Mexican Marigold,Plantae,79312,Asteraceae,Tagetes
305007588,2025-08-06 14:56:19,2025-08-06,Mountain Time (US & Canada),4547933,casual,0,true,"E 23rd Ave, Denver, CO, US",39.7506,-104.8970716667,4,,,,4,,,false,,"","",Allium tuberosum,Garlic Chives,Plantae,122343,Amaryllidaceae,Allium
305007739,2025-08-06 14:55:32,2025-08-06,Mountain Time (US & Canada),4547933,casual,0,true,"E 23rd Ave, Denver, CO, US",39.75063,-104.8971416667,10,,,,10,,,false,,"",creeping thistle,Cirsium arvense,creeping thistle,Plantae,60132,Asteraceae,Cirsium
305007857,2025-08-06 14:55:15,2025-08-06,Mountain Time (US & Canada),4547933,casual,0,true,"E 23rd Ave, Denver, CO, US",39.75063,-104.8971416667,5,,,,5,,,false,,"",field bindweed,Convolvulus arvensis,field bindweed,Plantae,53021,Convolvulaceae,Convolvulus
305008016,2025-08-06 14:54:57,2025-08-06,Mountain Time (US & Canada),4547933,casual,0,true,"E 23rd Ave, Denver, CO, US",39.7506,-104.897125,4,,,,4,,,false,,"","",Nepeta racemosa,Eastern Cat-mint,Plantae,165681,Lamiaceae,Nepeta
305008124,2025-08-06 14:54:54,2025-08-06,Mountain Time (US & Canada),4547933,casual,0,true,"E 23rd Ave, Denver, CO, US",39.750605,-104.897125,4,,,,4,,,false,,"","",Achillea,yarrows,Plantae,52818,Asteraceae,Achillea
305008234,2025-08-06 14:54:41,2025-08-06,Mountain Time (US & Canada),4547933,casual,0,true,"E 23rd Ave, Denver, CO, US",39.7506,-104.8971116667,5,,,,5,,,false,,"","",Anethum graveolens,Dill,Plantae,75445,Apiaceae,Anethum
305008466,2025-08-06 14:54:31,2025-08-06,Mountain Time (US & Canada),4547933,casual,0,true,"E 23rd Ave, Denver, CO, US",39.750595,-104.8971116667,5,,,,5,,open,false,,"","",Helianthus annuus,Common Sunflower,Plantae,57983,Asteraceae,Helianthus
305008620,2025-08-06 14:54:20,2025-08-06,Mountain Time (US & Canada),4547933,casual,0,true,"E 23rd Ave, Denver, CO, US",39.7505616667,-104.897095,6,,,,6,,,false,,"",field bindweed,Convolvulus arvensis,field bindweed,Plantae,53021,Convolvulaceae,Convolvulus
305008624,2025-08-06 14:53:28,2025-08-06,Mountain Time (US & Canada),4547933,casual,0,true,"E 23rd Ave, Denver, CO, US",39.750625,-104.8969633333,6,,,,6,,,false,,"",Yellow Sweetclover,Melilotus officinalis,Yellow Sweetclover,Plantae,57066,Fabaceae,Melilotus
305008892,2025-08-06 14:53:09,2025-08-06,Mountain Time (US & Canada),4547933,casual,0,true,"E 23rd Ave, Denver, CO, US",39.750645,-104.8969583333,3,,,,3,,,false,,"","",Nepeta racemosa,Eastern Cat-mint,Plantae,165681,Lamiaceae,Nepeta
305008899,2025-08-06 14:52:24,2025-08-06,Mountain Time (US & Canada),4547933,casual,0,true,"E 23rd Ave, Denver, CO, US",39.7507633333,-104.8968666667,6,,,,6,,,false,,"","",Anethum graveolens,Dill,Plantae,75445,Apiaceae,Anethum
305009025,2025-08-06 14:51:05,2025-08-06,Mountain Time (US & Canada),4547933,casual,0,true,"E 23rd Ave, Denver, CO, US",39.7508466667,-104.89685,5,,,,5,,,false,,"","",Helianthus,sunflowers,Plantae,56955,Asteraceae,Helianthus
305009201,2025-08-06 14:50:57,2025-08-06,Mountain Time (US & Canada),4547933,casual,0,true,"E 23rd Ave, Denver, CO, US",39.7508583333,-104.8968416667,5,,,,5,,,false,,"","",Nepeta racemosa,Eastern Cat-mint,Plantae,165681,Lamiaceae,Nepeta
305009351,2025-08-06 14:50:42,2025-08-06,Mountain Time (US & Canada),4547933,casual,0,true,"E 23rd Ave, Denver, CO, US",39.7509033333,-104.8968716667,5,,,,5,,,false,,"","",Cosmos bipinnatus,garden cosmos,Plantae,68562,Asteraceae,Cosmos
305009421,2025-08-06 14:50:32,2025-08-06,Mountain Time (US & Canada),4547933,casual,0,true,"E 23rd Ave, Denver, CO, US",39.7509083333,-104.8968883333,5,,,,5,,,false,,"","",Achillea filipendulina,Fern-leaf Yarrow,Plantae,157924,Asteraceae,Achillea
305009529,2025-08-06 14:50:22,2025-08-06,Mountain Time (US & Canada),4547933,casual,0,true,"E 23rd Ave, Denver, CO, US",39.7509,-104.8969033333,6,,,,6,,,false,,"","",Anethum graveolens,Dill,Plantae,75445,Apiaceae,Anethum
305009625,2025-08-06 14:50:15,2025-08-06,Mountain Time (US & Canada),4547933,casual,0,true,"E 23rd Ave, Denver, CO, US",39.7509116667,-104.8968966667,6,,,,6,,,false,,"","",Cucumis sativus,Cucumber,Plantae,54919,Cucurbitaceae,Cucumis
305009845,2025-08-06 14:50:07,2025-08-06,Mountain Time (US & Canada),4547933,casual,0,true,"E 23rd Ave, Denver, CO, US",39.7509216667,-104.89692,8,,,,8,,open,false,,"","",Phaseolus vulgaris,Common Bean,Plantae,122850,Fabaceae,Phaseolus
305009944,2025-08-06 14:49:40,2025-08-06,Mountain Time (US & Canada),4547933,casual,0,true,"E 23rd Ave, Denver, CO, US",39.7508966667,-104.8969716667,9,,,,9,,,false,,"","",Nepeta racemosa,Eastern Cat-mint,Plantae,165681,Lamiaceae,Nepeta
305010939,2025-08-06 14:49:34,2025-08-06,Mountain Time (US & Canada),4547933,casual,0,true,"E 23rd Ave, Denver, CO, US",39.7509,-104.8969716667,9,,,,9,,,false,,"","",Helianthus,sunflowers,Plantae,56955,Asteraceae,Helianthus
305011015,2025-08-06 14:49:16,2025-08-06,Mountain Time (US & Canada),4547933,casual,0,true,"E 23rd Ave, Denver, CO, US",39.7508716667,-104.8970333333,9,,,,9,,,false,,"","",Cynoglossum amabile,Chinese forget-me-not,Plantae,161415,Boraginaceae,Cynoglossum
305011059,2025-08-06 14:49:00,2025-08-06,Mountain Time (US & Canada),4547933,casual,0,true,"E 23rd Ave, Denver, CO, US",39.7508916667,-104.8970333333,9,,,,9,,,false,,"","",Anethum graveolens,Dill,Plantae,75445,Apiaceae,Anethum
305011132,2025-08-06 14:48:51,2025-08-06,Mountain Time (US & Canada),4547933,casual,0,true,"E 23rd Ave, Denver, CO, US",39.7508966667,-104.8970333333,8,,,,8,,,false,,"","",Zinnia elegans,Elegant Zinnia,Plantae,181901,Asteraceae,Zinnia
305011441,2025-08-06 14:48:38,2025-08-06,Mountain Time (US & Canada),4547933,casual,0,true,"E 23rd Ave, Denver, CO, US",39.75088,-104.89705,8,,,,8,,,false,,"",Yellow Cosmos,Cosmos sulphureus,Yellow Cosmos,Plantae,48651,Asteraceae,Cosmos
305011547,2025-08-06 14:48:31,2025-08-06,Mountain Time (US & Canada),4547933,casual,0,true,"E 23rd Ave, Denver, CO, US",39.75087,-104.89705,9,,,,9,,,false,,"",Cornflower,Centaurea cyanus,Cornflower,Plantae,933404,Asteraceae,Centaurea
305011862,2025-08-06 14:48:23,2025-08-06,Mountain Time (US & Canada),4547933,casual,0,true,"E 23rd Ave, Denver, CO, US",39.75087,-104.8970333333,9,,,,9,,,false,,"","",Gypsophila elegans,showy baby's-breath,Plantae,77314,Caryophyllaceae,Gypsophila
305012053,2025-08-06 14:48:19,2025-08-06,Mountain Time (US & Canada),4547933,casual,0,true,"E 23rd Ave, Denver, CO, US",39.7508666667,-104.8970333333,9,,,,9,,,false,,"",Sages,Salvia,Sages,Plantae,50644,Lamiaceae,Salvia
305012099,2025-08-06 14:48:04,2025-08-06,Mountain Time (US & Canada),4547933,casual,0,true,"E 23rd Ave, Denver, CO, US",39.7508616667,-104.897025,10,,,,10,,,false,,"",Scarlet Flax,Linum grandiflorum,Scarlet Flax,Plantae,77781,Linaceae,Linum
305012332,2025-08-06 14:47:57,2025-08-06,Mountain Time (US & Canada),4547933,casual,0,true,"E 23rd Ave, Denver, CO, US",39.7508966667,-104.89705,4,,,,4,,,false,,"","",Asteraceae,"Sunflowers, Daisies, Asters, and Allies",Plantae,47604,Asteraceae,
305012384,2025-08-06 14:47:54,2025-08-06,Mountain Time (US & Canada),4547933,casual,0,true,"E 23rd Ave, Denver, CO, US",39.7508916667,-104.89705,13,,,,13,,,false,,"","",Cosmos bipinnatus,garden cosmos,Plantae,68562,Asteraceae,Cosmos
305012675,2025-08-06 14:47:48,2025-08-06,Mountain Time (US & Canada),4547933,casual,0,true,"E 23rd Ave, Denver, CO, US",39.7509083333,-104.8970716667,8,,,,8,,,false,,"","",Delphinium ajacis,doubtful knight's-spur,Plantae,401314,Ranunculaceae,Delphinium
305012796,2025-08-06 12:03:55,2025-08-06,Mountain Time (US & Canada),4547933,casual,0,true,"S Vincennes Ct, Denver, CO, US",39.6434783333,-104.89277,7,,,,7,,,false,,"","",Cosmos,Cosmoses,Plantae,68563,Asteraceae,Cosmos
305012964,2025-08-06 12:03:47,2025-08-06,Mountain Time (US & Canada),4547933,casual,0,true,"S Vincennes Ct, Denver, CO, US",39.6434866667,-104.8927833333,5,,,,5,,,false,,"","",Penstemon strictus,Rocky Mountain beardtongue,Plantae,166444,Plantaginaceae,Penstemon
305013131,2025-08-06 12:03:34,2025-08-06,Mountain Time (US & Canada),4547933,casual,0,true,"S Vincennes Ct, Denver, CO, US",39.6434866667,-104.8927833333,5,,,,5,,,false,,"",Yellow Sweetclover,Melilotus officinalis,Yellow Sweetclover,Plantae,57066,Fabaceae,Melilotus
305013340,2025-08-06 12:03:22,2025-08-06,Mountain Time (US & Canada),4547933,casual,0,true,"S Vincennes Ct, Denver, CO, US",39.6434666667,-104.8928,5,,,,5,,,false,,"","",Oenothera macrocarpa,bigfruit evening primrose,Plantae,119117,Onagraceae,Oenothera
305013580,2025-08-06 12:03:13,2025-08-06,Mountain Time (US & Canada),4547933,casual,0,true,"S Vincennes Ct, Denver, CO, US",39.6434833333,-104.8928133333,5,,,,5,,,false,,"",upright prairie coneflower,Ratibida columnifera,upright prairie coneflower,Plantae,78836,Asteraceae,Ratibida
305019394,2025-08-06 12:03:01,2025-08-06,Mountain Time (US & Canada),4547933,casual,0,true,"Denver County, US-CO, US",39.6435133333,-104.8927833333,6,,,,6,,,false,,"","",Lilium,true lilies,Plantae,48928,Liliaceae,Lilium
305019749,2025-08-06 12:02:50,2025-08-06,Mountain Time (US & Canada),4547933,casual,0,true,"S Vincennes Ct, Denver, CO, US",39.6435083333,-104.8928083333,6,,,,6,,,false,,"","",Petunia integrifolia,violetflower petunia,Plantae,181815,Solanaceae,Petunia
305020212,2025-08-06 12:02:42,2025-08-06,Mountain Time (US & Canada),4547933,casual,0,true,"S Vincennes Ct, Denver, CO, US",39.643495,-104.89283,7,,,,7,,,false,,"","",Agastache,Hyssops,Plantae,52635,Lamiaceae,Agastache
305020266,2025-08-06 12:02:17,2025-08-06,Mountain Time (US & Canada),4547933,casual,0,true,"S Vincennes Ct, Denver, CO, US",39.64352,-104.8929283333,7,,,,7,,,false,,"","",Salvia nemorosa,Purple Wood Sage,Plantae,168387,Lamiaceae,Salvia
305020549,2025-08-06 12:02:21,2025-08-06,Mountain Time (US & Canada),4547933,casual,0,true,"S Vincennes Ct, Denver, CO, US",39.643525,-104.8929216667,7,,,,7,,open,false,,"","",Monarda fistulosa,wild bergamot,Plantae,85320,Lamiaceae,Monarda
305020677,2025-08-06 12:02:02,2025-08-06,Mountain Time (US & Canada),4547933,casual,0,true,"S Vincennes Ct, Denver, CO, US",39.643505,-104.8929216667,6,,,,6,,,false,,"","",Hemerocallis fulva,orange day-lily,Plantae,126583,Asphodelaceae,Hemerocallis
305020740,2025-08-06 12:01:51,2025-08-06,Mountain Time (US & Canada),4547933,casual,0,true,"S Vincennes Ct, Denver, CO, US",39.6434833333,-104.892875,4,,,,4,,,false,,"","",Tagetes erecta,Mexican Marigold,Plantae,79312,Asteraceae,Tagetes
305022022,2025-08-06 12:01:44,2025-08-06,Mountain Time (US & Canada),4547933,casual,0,true,"S Vincennes Ct, Denver, CO, US",39.6434583333,-104.8928533333,4,,,,4,,,false,,"","",Heliomeris,,Plantae,72166,Asteraceae,Heliomeris
305022121,2025-08-06 12:01:29,2025-08-06,Mountain Time (US & Canada),4547933,casual,0,true,"S Vincennes Ct, Denver, CO, US",39.643405,-104.8928083333,4,,,,4,,,false,,"","",Helianthus,sunflowers,Plantae,56955,Asteraceae,Helianthus
305022190,2025-08-06 12:01:22,2025-08-06,Mountain Time (US & Canada),4547933,casual,0,true,"S Vincennes Ct, Denver, CO, US",39.6434166667,-104.8928083333,5,,,,5,,open,false,,"","",Mentha spicata,spearmint,Plantae,62652,Lamiaceae,Mentha
305022279,2025-08-06 11:59:52,2025-08-06,Mountain Time (US & Canada),4547933,casual,0,true,"S Vincennes Ct, Denver, CO, US",39.6433616667,-104.8927533333,8,,,,8,,,false,,"","",Solanum,nightshades,Plantae,50641,Solanaceae,Solanum
305022318,2025-08-06 12:00:04,2025-08-06,Mountain Time (US & Canada),4547933,casual,0,true,"S Vincennes Ct, Denver, CO, US",39.6433866667,-104.8927616667,9,,,,9,,,false,,"",field bindweed,Convolvulus arvensis,field bindweed,Plantae,53021,Convolvulaceae,Convolvulus
305022372,2025-08-06 12:01:11,2025-08-06,Mountain Time (US & Canada),4547933,casual,0,true,"S Vincennes Ct, Denver, CO, US",39.6434116667,-104.8927916667,5,,,,5,,,false,,"","",Anethum graveolens,Dill,Plantae,75445,Apiaceae,Anethum
305022510,2025-08-06 11:59:47,2025-08-06,Mountain Time (US & Canada),4547933,casual,0,true,"S Vincennes Ct, Denver, CO, US",39.6433666667,-104.8927533333,7,,,,7,,,false,,"","",Anethum graveolens,Dill,Plantae,75445,Apiaceae,Anethum
305022722,2025-08-06 11:59:39,2025-08-06,Mountain Time (US & Canada),4547933,casual,0,true,"S Vincennes Ct, Denver, CO, US",39.643355,-104.89277,7,,,,7,,,false,,"","",Cucumis sativus,Cucumber,Plantae,54919,Cucurbitaceae,Cucumis
305022815,2025-08-06 11:59:32,2025-08-06,Mountain Time (US & Canada),4547933,casual,0,true,"S Vincennes Ct, Denver, CO, US",39.64335,-104.89277,5,,,,5,,,false,,"",field bindweed,Convolvulus arvensis,field bindweed,Plantae,53021,Convolvulaceae,Convolvulus
305022929,2025-08-06 11:59:25,2025-08-06,Mountain Time (US & Canada),4547933,casual,0,true,"S Vincennes Ct, Denver, CO, US",39.6433333333,-104.8927616667,4,,,,4,,,false,,"","",Cucurbita,gourds,Plantae,55425,Cucurbitaceae,Cucurbita
305022968,2025-08-06 11:59:12,2025-08-06,Mountain Time (US & Canada),4547933,casual,0,true,"S Vincennes Ct, Denver, CO, US",39.64333,-104.8927466667,5,,,,5,,,false,,"","",Solanum lycopersicum,tomato,Plantae,51737,Solanaceae,Solanum
305023032,2025-08-06 11:59:06,2025-08-06,Mountain Time (US & Canada),4547933,casual,0,true,"S Vincennes Ct, Denver, CO, US",39.64333,-104.8927466667,5,,,,5,,,false,,"",coriander,Coriandrum sativum,coriander,Plantae,67759,Apiaceae,Coriandrum
305023111,2025-08-06 11:58:34,2025-08-06,Mountain Time (US & Canada),4547933,casual,0,true,"S Vincennes Ct, Denver, CO, US",39.64327,-104.8926916667,5,,,,5,,,false,,"","",Rudbeckia hirta,black-eyed Susan,Plantae,62741,Asteraceae,Rudbeckia
305023153,2025-08-06 11:58:25,2025-08-06,Mountain Time (US & Canada),4547933,casual,0,true,"S Vincennes Ct, Denver, CO, US",39.643275,-104.8926866667,4,,,,4,,,false,,"","",Zinnia elegans,Elegant Zinnia,Plantae,181901,Asteraceae,Zinnia
305810881,2025-08-06 11:58:19,2025-08-06,Mountain Time (US & Canada),4547933,casual,0,true,"S Vincennes Ct, Denver, CO, US",39.64327,-104.8926783333,4,,,,4,,,false,,"","",Citrullus,Watermelons,Plantae,70055,Cucurbitaceae,Citrullus
305810929,2025-08-06 11:58:10,2025-08-06,Mountain Time (US & Canada),4547933,casual,0,true,"S Vincennes Ct, Denver, CO, US",39.643275,-104.8926866667,4,,,,4,,,false,,"","",Satureja,Savories,Plantae,58461,Lamiaceae,Satureja
305811143,2025-08-06 11:58:00,2025-08-06,Mountain Time (US & Canada),4547933,casual,0,true,"S Vincennes Ct, Denver, CO, US",39.6433033333,-104.8926616667,5,,,,5,,,false,,"","",Brassica,cabbages and mustards,Plantae,53113,Brassicaceae,Brassica
305811177,2025-08-06 11:57:40,2025-08-06,Mountain Time (US & Canada),4547933,casual,0,true,"S Vincennes Ct, Denver, CO, US",39.643355,-104.8926916667,5,,,,5,,,false,,"","",Solanum lycopersicum,tomato,Plantae,51737,Solanaceae,Solanum
305811209,2025-08-06 11:57:26,2025-08-06,Mountain Time (US & Canada),4547933,casual,0,true,"S Vincennes Ct, Denver, CO, US",39.6433666667,-104.8926916667,7,,,,7,,,false,,"","",Tagetes,Marigolds,Plantae,72389,Asteraceae,Tagetes
305811237,2025-08-06 11:57:18,2025-08-06,Mountain Time (US & Canada),4547933,casual,0,true,"S Vincennes Ct, Denver, CO, US",39.64338,-104.8927,8,,,,8,,open,false,,"",wild asparagus,Asparagus officinalis,wild asparagus,Plantae,60265,Asparagaceae,Asparagus
305811263,2025-08-06 11:57:09,2025-08-06,Mountain Time (US & Canada),4547933,casual,0,true,"S Vincennes Ct, Denver, CO, US",39.6433666667,-104.8927083333,8,,,,8,,,false,,"",Borage,Borago officinalis,Borage,Plantae,52287,Boraginaceae,Borago
305811473,2025-08-06 11:57:05,2025-08-06,Mountain Time (US & Canada),4547933,casual,0,true,"S Vincennes Ct, Denver, CO, US",39.6433716667,-104.8927083333,8,,,,8,,,false,,"","",Solanum lycopersicum,tomato,Plantae,51737,Solanaceae,Solanum
305811532,2025-08-06 11:56:56,2025-08-06,Mountain Time (US & Canada),4547933,casual,0,true,"S Vincennes Ct, Denver, CO, US",39.643375,-104.8927216667,8,,,,8,,open,false,,"","",Lavandula angustifolia,Common Lavender,Plantae,133395,Lamiaceae,Lavandula
305811624,2025-08-06 11:56:48,2025-08-06,Mountain Time (US & Canada),4547933,casual,1,true,"S Vincennes Ct, Denver, CO, US",39.643375,-104.89273,9,,,,9,,,false,,"",Asteroideae,Asteroideae,,Plantae,632790,Asteraceae,
305811662,2025-08-06 11:56:46,2025-08-06,Mountain Time (US & Canada),4547933,casual,0,true,"S Vincennes Ct, Denver, CO, US",39.643375,-104.8927383333,9,,,,9,,,false,,"","",Phaseolus,beans,Plantae,72293,Fabaceae,Phaseolus
305811714,2025-08-06 11:56:34,2025-08-06,Mountain Time (US & Canada),4547933,casual,0,true,"S Vincennes Ct, Denver, CO, US",39.6433866667,-104.8927383333,8,,,,8,,,false,,"",Sweet pea,Lathyrus odoratus,Sweet pea,Plantae,77641,Fabaceae,Lathyrus
305811814,2025-08-06 11:56:15,2025-08-06,Mountain Time (US & Canada),4547933,casual,0,true,"S Vincennes Ct, Denver, CO, US",39.643425,-104.8927216667,4,,,,4,,,false,,"",coriander,Coriandrum sativum,coriander,Plantae,67759,Apiaceae,Coriandrum
305811845,2025-08-06 11:55:57,2025-08-06,Mountain Time (US & Canada),4547933,casual,0,true,"S Vincennes Ct, Denver, CO, US",39.6434283333,-104.8927383333,4,,,,4,,,false,,"","",Tagetes,Marigolds,Plantae,72389,Asteraceae,Tagetes
305811910,2025-08-06 11:55:53,2025-08-06,Mountain Time (US & Canada),4547933,casual,0,true,"S Vincennes Ct, Denver, CO, US",39.6434283333,-104.89273,6,,,,6,,,false,,"","",Citrullus lanatus,Watermelon,Plantae,70054,Cucurbitaceae,Citrullus
305811961,2025-08-06 11:55:49,2025-08-06,Mountain Time (US & Canada),4547933,casual,0,true,"S Vincennes Ct, Denver, CO, US",39.6434216667,-104.8927216667,14,,,,14,,,false,,"","",Solanum melongena,eggplant,Plantae,63190,Solanaceae,Solanum
305811997,2025-08-06 11:55:45,2025-08-06,Mountain Time (US & Canada),4547933,casual,0,true,"S Vincennes Ct, Denver, CO, US",39.6433633333,-104.892625,20,,,,20,,open,false,,"","",Phaseolus coccineus,Runner bean,Plantae,122860,Fabaceae,Phaseolus
305812376,2025-08-06 11:55:18,2025-08-06,Mountain Time (US & Canada),4547933,casual,0,true,"S Vincennes Ct, Denver, CO, US",39.6434283333,-104.8926916667,5,,,,5,,,false,,"",Origanum,Origanum,,Plantae,61397,Lamiaceae,Origanum
305812573,2025-08-06 11:55:04,2025-08-06,Mountain Time (US & Canada),4547933,casual,0,true,"S Vincennes Ct, Denver, CO, US",39.6434383333,-104.89273,5,,,,5,,,false,,"","",Helianthus,sunflowers,Plantae,56955,Asteraceae,Helianthus
305812672,2025-08-06 11:54:51,2025-08-06,Mountain Time (US & Canada),4547933,casual,0,true,"S Vincennes Ct, Denver, CO, US",39.6434533333,-104.8927216667,7,,,,7,,,false,,"","",Hemerocallis,daylilies,Plantae,82826,Asphodelaceae,Hemerocallis
305814570,2025-08-06 11:54:44,2025-08-06,Mountain Time (US & Canada),4547933,casual,0,true,"Colorado, US",39.6769076331,-104.994330657,8,"S Vincennes Ct, Denver, CO, US",39.643455,-104.8927216667,28060,,obscured,true,,"","",Allium schoenoprasum,Chives,Plantae,59254,Amaryllidaceae,Allium
305814610,2025-08-06 11:54:29,2025-08-06,Mountain Time (US & Canada),4547933,casual,0,true,"S Vincennes Ct, Denver, CO, US",39.643475,-104.8927383333,9,,,,9,,open,false,,"","",Helianthus annuus,Common Sunflower,Plantae,57983,Asteraceae,Helianthus
305814670,2025-08-06 11:54:15,2025-08-06,Mountain Time (US & Canada),4547933,casual,0,true,"S Vincennes Ct, Denver, CO, US",39.6435166667,-104.8927216667,8,,,,8,,,false,,"","",Coreopsis,Tickseed,Plantae,57952,Asteraceae,Coreopsis
305814687,2025-08-06 11:54:02,2025-08-06,Mountain Time (US & Canada),4547933,casual,0,true,"S Vincennes Ct, Denver, CO, US",39.6435166667,-104.89273,7,,,,7,,,false,,"","",Gaillardia,Blanketflowers,Plantae,51769,Asteraceae,Gaillardia
305814757,2025-08-06 11:53:58,2025-08-06,Mountain Time (US & Canada),4547933,casual,0,true,"S Vincennes Ct, Denver, CO, US",39.64352,-104.8927216667,6,,,,6,,,false,,"","",Rudbeckia hirta,black-eyed Susan,Plantae,62741,Asteraceae,Rudbeckia
305814786,2025-08-06 11:53:54,2025-08-06,Mountain Time (US & Canada),4547933,casual,0,true,"S Vincennes Ct, Denver, CO, US",39.6435166667,-104.8927166667,4,,,,4,,,false,,"","",Zinnia elegans,Elegant Zinnia,Plantae,181901,Asteraceae,Zinnia
305814845,2025-08-06 11:53:38,2025-08-06,Mountain Time (US & Canada),4547933,casual,0,true,"S Vincennes Ct, Denver, CO, US",39.64353,-104.8927216667,4,,,,4,,,false,,"","",Antirrhinum,Snapdragons,Plantae,48970,Plantaginaceae,Antirrhinum
305815057,2025-08-06 11:53:46,2025-08-06,Mountain Time (US & Canada),4547933,casual,0,true,"S Vincennes Ct, Denver, CO, US",39.6435283333,-104.8927216667,4,,,,4,,,false,,"","",Antirrhinum majus,Snapdragon,Plantae,48969,Plantaginaceae,Antirrhinum
305815085,2025-08-06 11:53:42,2025-08-06,Mountain Time (US & Canada),4547933,casual,0,true,"S Vincennes Ct, Denver, CO, US",39.6435366667,-104.8927216667,4,,,,4,,,false,,"","",Petunia integrifolia,violetflower petunia,Plantae,181815,Solanaceae,Petunia
305815137,2025-08-06 11:53:07,2025-08-06,Mountain Time (US & Canada),4547933,casual,0,true,"S Vincennes Ct, Denver, CO, US",39.6435383333,-104.8928966667,5,,,,5,,,false,,"","",Clematis viticella,Italian Clematis,Plantae,160698,Ranunculaceae,Clematis
305815178,2025-08-06 11:53:03,2025-08-06,Mountain Time (US & Canada),4547933,casual,0,true,"S Vincennes Ct, Denver, CO, US",39.6435383333,-104.8928833333,5,,,,5,,,false,,"","",Echinacea purpurea,purple coneflower,Plantae,48627,Asteraceae,Echinacea
305815238,2025-08-06 11:52:58,2025-08-06,Mountain Time (US & Canada),4547933,casual,0,true,"S Vincennes Ct, Denver, CO, US",39.64355,-104.8928666667,6,,,,6,,,false,,"","",Hemerocallis lilioasphodelus,yellow daylily,Plantae,163663,Asphodelaceae,Hemerocallis
305815267,2025-08-06 11:52:48,2025-08-06,Mountain Time (US & Canada),4547933,casual,0,true,"S Vincennes Ct, Denver, CO, US",39.643555,-104.8928133333,6,,,,6,,,false,,"","",Coreopsis,Tickseed,Plantae,57952,Asteraceae,Coreopsis
305815310,2025-08-06 11:52:31,2025-08-06,Mountain Time (US & Canada),4547933,casual,0,true,"S Vincennes Ct, Denver, CO, US",39.64357,-104.8927383333,8,,,,8,,,false,,"",Rubber Rabbitbrush,Ericameria nauseosa,Rubber Rabbitbrush,Plantae,57934,Asteraceae,Ericameria
305815347,2025-08-06 11:51:59,2025-08-06,Mountain Time (US & Canada),4547933,casual,0,true,"S Vincennes Ct, Denver, CO, US",39.6435466667,-104.8926866667,8,,,,8,,,false,,"","",Cucumis sativus,Cucumber,Plantae,54919,Cucurbitaceae,Cucumis
305815436,2025-08-06 11:51:48,2025-08-06,Mountain Time (US & Canada),4547933,casual,0,true,"S Vincennes Ct, Denver, CO, US",39.64355,-104.8926866667,7,,,,7,,,false,,"","",Calendula officinalis,pot marigold,Plantae,75931,Asteraceae,Calendula
305815488,2025-08-06 11:51:30,2025-08-06,Mountain Time (US & Canada),4547933,casual,0,true,"S Vincennes Ct, Denver, CO, US",39.6435616667,-104.8926866667,7,,,,7,,,false,,"","",Anethum graveolens,Dill,Plantae,75445,Apiaceae,Anethum
305815521,2025-08-06 11:51:20,2025-08-06,Mountain Time (US & Canada),4547933,casual,0,true,"S Vincennes Ct, Denver, CO, US",39.6435866667,-104.8926616667,6,,,,6,,,false,,"",field bindweed,Convolvulus arvensis,field bindweed,Plantae,53021,Convolvulaceae,Convolvulus
305815575,2025-08-06 11:51:16,2025-08-06,Mountain Time (US & Canada),4547933,casual,0,true,"S Vincennes Ct, Denver, CO, US",39.6435866667,-104.8926616667,6,,,,6,,,false,,"","",Tagetes,Marigolds,Plantae,72389,Asteraceae,Tagetes
305815628,2025-08-06 11:51:01,2025-08-06,Mountain Time (US & Canada),4547933,casual,0,true,"S Vincennes Ct, Denver, CO, US",39.6435866667,-104.8926916667,4,,,,4,,open,false,,"",wild bergamot,Monarda fistulosa,wild bergamot,Plantae,85320,Lamiaceae,Monarda
309998756,2025-08-06 11:50:47,2025-08-06,Mountain Time (US & Canada),4547933,casual,0,true,"S Vincennes Ct, Denver, CO, US",39.6435916667,-104.892655,4,,,,4,,open,false,,"","",Helianthus annuus,Common Sunflower,Plantae,57983,Asteraceae,Helianthus
309998821,2025-08-06 11:50:40,2025-08-06,Mountain Time (US & Canada),4547933,casual,0,true,"S Vincennes Ct, Denver, CO, US",39.643605,-104.89267,4,,,,4,,,false,,"","",Ipomoea,morning-glories,Plantae,52346,Convolvulaceae,Ipomoea
309998941,2025-08-06 11:50:25,2025-08-06,Mountain Time (US & Canada),4547933,casual,0,true,"S Vincennes Ct, Denver, CO, US",39.643605,-104.892655,5,,,,5,,,false,,"",common morning-glory,Ipomoea purpurea,common morning-glory,Plantae,52344,Convolvulaceae,Ipomoea
309999071,2025-08-06 11:49:59,2025-08-06,Mountain Time (US & Canada),4547933,casual,0,true,"S Vincennes Ct, Denver, CO, US",39.6436416667,-104.89263,4,,,,4,,,false,,"",geraniums and storksbills,Pelargonium,geraniums and storksbills,Plantae,72281,Geraniaceae,Pelargonium
309999098,2025-08-06 11:49:55,2025-08-06,Mountain Time (US & Canada),4547933,casual,0,true,"S Vincennes Ct, Denver, CO, US",39.64365,-104.892625,4,,,,4,,,false,,"","",Pelargonium,geraniums and storksbills,Plantae,72281,Geraniaceae,Pelargonium
309999194,2025-08-06 11:49:38,2025-08-06,Mountain Time (US & Canada),4547933,casual,0,true,"S Vincennes Ct, Denver, CO, US",39.6436466667,-104.8926,5,,,,5,,,false,,"","",Cucurbita,gourds,Plantae,55425,Cucurbitaceae,Cucurbita
309999341,2025-08-06 11:49:29,2025-08-06,Mountain Time (US & Canada),4547933,casual,0,true,"S Vincennes Ct, Denver, CO, US",39.64363,-104.89257,5,,,,5,,open,false,,"","",Physalis philadelphica,Large-flowered Tomatillo,Plantae,51734,Solanaceae,Physalis
310000236,2025-08-06 11:49:14,2025-08-06,Mountain Time (US & Canada),4547933,casual,0,true,"S Vincennes Ct, Denver, CO, US",39.64368,-104.8925866667,7,,,,7,,open,false,,"","",Helianthus annuus,Common Sunflower,Plantae,57983,Asteraceae,Helianthus
310000308,2025-08-06 11:49:11,2025-08-06,Mountain Time (US & Canada),4547933,casual,0,true,"S Vincennes Ct, Denver, CO, US",39.6436783333,-104.892595,8,,,,8,,,false,,"","",Centranthus,Valerian,Plantae,57286,Caprifoliaceae,Centranthus
310000364,2025-08-06 11:49:01,2025-08-06,Mountain Time (US & Canada),4547933,casual,0,true,"S Vincennes Ct, Denver, CO, US",39.6436616667,-104.8925783333,8,,,,8,,,false,,"","",Anethum graveolens,Dill,Plantae,75445,Apiaceae,Anethum
310000400,2025-08-06 11:48:50,2025-08-06,Mountain Time (US & Canada),4547933,casual,0,true,"S Vincennes Ct, Denver, CO, US",39.6436416667,-104.8925783333,8,,,,8,,,false,,"","",Raphanus,Radishes,Plantae,55412,Brassicaceae,Raphanus
310000445,2025-08-06 11:48:40,2025-08-06,Mountain Time (US & Canada),4547933,casual,0,true,"S Vincennes Ct, Denver, CO, US",39.6436216667,-104.89257,8,,,,8,,,false,,"","",Cucumis melo,Muskmelon,Plantae,76538,Cucurbitaceae,Cucumis
310000507,2025-08-06 11:48:28,2025-08-06,Mountain Time (US & Canada),4547933,casual,0,true,"S Vincennes Ct, Denver, CO, US",39.6436466667,-104.8925383333,8,,,,8,,,false,,"",tomato,Solanum lycopersicum,tomato,Plantae,51737,Solanaceae,Solanum
310000985,2025-08-06 11:48:21,2025-08-06,Mountain Time (US & Canada),4547933,casual,0,true,"S Vincennes Ct, Denver, CO, US",39.6436583333,-104.8925466667,7,,,,7,,,false,,"","",Anethum graveolens,Dill,Plantae,75445,Apiaceae,Anethum
310001127,2025-08-06 11:48:15,2025-08-06,Mountain Time (US & Canada),4547933,casual,0,true,"S Vincennes Ct, Denver, CO, US",39.6436583333,-104.892525,7,,,,7,,open,false,,"","",Phaseolus vulgaris,Common Bean,Plantae,122850,Fabaceae,Phaseolus
310001260,2025-08-06 11:48:04,2025-08-06,Mountain Time (US & Canada),4547933,casual,0,true,"S Vincennes Ct, Denver, CO, US",39.6436916667,-104.8925033333,7,,,,7,,,false,,"","",Solanum lycopersicum,tomato,Plantae,51737,Solanaceae,Solanum
310005135,2025-08-06 11:47:39,2025-08-06,Mountain Time (US & Canada),4547933,casual,0,true,"S Vincennes Ct, Denver, CO, US",39.6436366667,-104.8924783333,5,,,,5,,open,false,,"","",Helianthus annuus,Common Sunflower,Plantae,57983,Asteraceae,Helianthus
313416930,2025-08-06 11:49:46,2025-08-06,Mountain Time (US & Canada),4547933,casual,0,true,"S Vincennes Ct, Denver, CO, US",39.6436366667,-104.8926166667,5,,,,5,,,false,,"","",Solanum lycopersicum,tomato,Plantae,51737,Solanaceae,Solanum
320705140,2025-08-05 12:28:15,2025-08-05,Mountain Time (US & Canada),9595148,casual,0,true,"S Vrain St, Denver, CO, US",39.6597482963,-105.0461538044,3,,,,3,,open,false,,,,Capsicum annuum,chili pepper,Plantae,48514,Solanaceae,Capsicum
334509711,2025-08-06 11:47:30,2025-08-06,Mountain Time (US & Canada),4547933,casual,0,true,"S Vincennes Ct, Denver, CO, US",39.6436583333,-104.8924716667,10,,,,10,,,false,,"",onions,Allium,onions,Plantae,47357,Amaryllidaceae,Allium
334509735,2025-08-06 11:46:46,2025-08-06,Mountain Time (US & Canada),4547933,casual,0,true,"S Vincennes Ct, Denver, CO, US",39.6436716667,-104.892425,3,,,,3,,,false,,"","",Solanum lycopersicum,tomato,Plantae,51737,Solanaceae,Solanum
334510092,2025-08-05 15:00:57,2025-08-05,Mountain Time (US & Canada),4547933,casual,0,true,"W Woodard Dr, Lakewood, CO, US",39.6792633333,-105.0939028333,4,,,,4,,,false,,"","",Tagetes,Marigolds,Plantae,72389,Asteraceae,Tagetes
334510161,2025-08-05 15:00:51,2025-08-05,Mountain Time (US & Canada),4547933,casual,0,true,"W Woodard Dr, Lakewood, CO, US",39.679245,-105.0939028333,4,,,,4,,,false,,"",Cucumber,Cucumis sativus,Cucumber,Plantae,54919,Cucurbitaceae,Cucumis
334510172,2025-08-05 15:00:37,2025-08-05,Mountain Time (US & Canada),4547933,casual,0,true,"Jefferson County, US-CO, US",39.6792416667,-105.0939638333,5,,,,5,,open,false,,"",American pumpkin,Cucurbita pepo,American pumpkin,Plantae,76541,Cucurbitaceae,Cucurbita
334510178,2025-08-05 14:59:43,2025-08-05,Mountain Time (US & Canada),4547933,casual,0,true,"Jefferson County, US-CO, US",39.679275,-105.0937278333,8,,,,8,,,false,,"",showy baby's-breath,Gypsophila elegans,showy baby's-breath,Plantae,77314,Caryophyllaceae,Gypsophila
334510193,2025-08-05 14:59:32,2025-08-05,Mountain Time (US & Canada),4547933,casual,0,true,"Jefferson County, US-CO, US",39.6792916667,-105.0936805,8,,,,8,,,false,,"",California poppy,Eschscholzia californica,California poppy,Plantae,48225,Papaveraceae,Eschscholzia
334510204,2025-08-05 14:59:25,2025-08-05,Mountain Time (US & Canada),4547933,casual,0,true,"Jefferson County, US-CO, US",39.6792633333,-105.0936805,8,,,,8,,,false,,"",pot marigold,Calendula officinalis,pot marigold,Plantae,75931,Asteraceae,Calendula
334510214,2025-08-05 14:59:16,2025-08-05,Mountain Time (US & Canada),4547933,casual,0,true,"Jefferson County, US-CO, US",39.6792533333,-105.0936971667,7,,,,7,,,false,,"",bellflower family,Campanulaceae,bellflower family,Plantae,48040,Campanulaceae,
334510221,2025-08-05 14:59:05,2025-08-05,Mountain Time (US & Canada),4547933,casual,0,true,"Jefferson County, US-CO, US",39.6792416667,-105.0936666667,7,,,,7,,,false,,"",Hollyhock,Alcea rosea,Hollyhock,Plantae,62205,Malvaceae,Alcea
334510235,2025-08-05 14:58:51,2025-08-05,Mountain Time (US & Canada),4547933,casual,0,true,"Jefferson County, US-CO, US",39.67925,-105.0936583333,6,,,,6,,,false,,"",Cornflower,Centaurea cyanus,Cornflower,Plantae,933404,Asteraceae,Centaurea
334510241,2025-08-05 14:58:42,2025-08-05,Mountain Time (US & Canada),4547933,casual,0,true,"Jefferson County, US-CO, US",39.6792616667,-105.0936445,5,,,,5,,,false,,"",clasping coneflower,Rudbeckia amplexicaulis,clasping coneflower,Plantae,200073,Asteraceae,Rudbeckia
334510251,2025-08-05 14:58:38,2025-08-05,Mountain Time (US & Canada),4547933,casual,0,true,"Jefferson County, US-CO, US",39.6792616667,-105.0936445,4,,,,4,,,false,,"",California poppy,Eschscholzia californica,California poppy,Plantae,48225,Papaveraceae,Eschscholzia
334510273,2025-08-05 14:58:34,2025-08-05,Mountain Time (US & Canada),4547933,casual,0,true,"Jefferson County, US-CO, US",39.6792616667,-105.0936278333,4,,,,4,,,false,,"",garden cosmos,Cosmos bipinnatus,garden cosmos,Plantae,68562,Asteraceae,Cosmos
334510280,2025-08-05 14:58:25,2025-08-05,Mountain Time (US & Canada),4547933,casual,0,true,"Jefferson County, US-CO, US",39.6792616667,-105.0936138333,3,,,,3,,,false,,"",Eruca,Eruca,,Plantae,72123,Brassicaceae,Eruca
334510290,2025-08-05 14:58:18,2025-08-05,Mountain Time (US & Canada),4547933,casual,0,true,"Jefferson County, US-CO, US",39.6792616667,-105.0936138333,3,,,,3,,,false,,"",Blanketflowers,Gaillardia,Blanketflowers,Plantae,51769,Asteraceae,Gaillardia
334510299,2025-08-05 14:58:12,2025-08-05,Mountain Time (US & Canada),4547933,casual,0,true,"Jefferson County, US-CO, US",39.6792616667,-105.0936278333,3,,,,3,,,false,,"",Borage,Borago officinalis,Borage,Plantae,52287,Boraginaceae,Borago
334510307,2025-08-05 14:57:59,2025-08-05,Mountain Time (US & Canada),4547933,casual,0,true,"Jefferson County, US-CO, US",39.6792716667,-105.0936138333,3,,,,3,,,false,,"",pot marigold,Calendula officinalis,pot marigold,Plantae,75931,Asteraceae,Calendula
334510310,2025-08-05 14:57:47,2025-08-05,Mountain Time (US & Canada),4547933,casual,0,true,"Jefferson County, US-CO, US",39.679255,-105.0935971667,3,,,,3,,,false,,"",pot marigold,Calendula officinalis,pot marigold,Plantae,75931,Asteraceae,Calendula
334510312,2025-08-05 14:56:51,2025-08-05,Mountain Time (US & Canada),4547933,casual,0,true,"Jefferson County, US-CO, US",39.67925,-105.0935971667,5,,,,5,,,false,,"",garden cosmos,Cosmos bipinnatus,garden cosmos,Plantae,68562,Asteraceae,Cosmos
334510317,2025-08-05 14:56:43,2025-08-05,Mountain Time (US & Canada),4547933,casual,0,true,"Jefferson County, US-CO, US",39.6792716667,-105.0935888333,6,,,,6,,,false,,"",Rocky Mountain Beeplant,Cleomella serrulata,Rocky Mountain Beeplant,Plantae,1415100,Cleomaceae,Cleomella
334510330,2025-08-05 14:56:29,2025-08-05,Mountain Time (US & Canada),4547933,casual,0,true,"Jefferson County, US-CO, US",39.6792616667,-105.093575,5,,,,5,,,false,,"",Oregano,Origanum vulgare,Oregano,Plantae,61396,Lamiaceae,Origanum
334510340,2025-08-05 14:56:21,2025-08-05,Mountain Time (US & Canada),4547933,casual,0,true,"Jefferson County, US-CO, US",39.6792533333,-105.0935888333,4,,,,4,,open,false,,"",Common Sunflower,Helianthus annuus,Common Sunflower,Plantae,57983,Asteraceae,Helianthus
334510361,2025-08-05 14:55:57,2025-08-05,Mountain Time (US & Canada),4547933,casual,0,true,"Colorado, US",39.6940529747,-105.1023827513,4,"Jefferson County, US-CO, US",39.6792533333,-105.0935583333,28060,,obscured,true,,"",Chives,Allium schoenoprasum,Chives,Plantae,59254,Amaryllidaceae,Allium
334510378,2025-08-05 14:55:44,2025-08-05,Mountain Time (US & Canada),4547933,casual,0,true,"Jefferson County, US-CO, US",39.6792633333,-105.0935445,5,,,,5,,,false,,"",Mexican Marigold,Tagetes erecta,Mexican Marigold,Plantae,79312,Asteraceae,Tagetes
334510418,2025-08-05 14:55:32,2025-08-05,Mountain Time (US & Canada),4547933,casual,0,true,"Jefferson County, US-CO, US",39.6792533333,-105.0935138333,6,,,,6,,,false,,"",coriander,Coriandrum sativum,coriander,Plantae,67759,Apiaceae,Coriandrum
334510441,2025-08-05 14:55:12,2025-08-05,Mountain Time (US & Canada),4547933,casual,0,true,"Jefferson County, US-CO, US",39.6792416667,-105.0934833333,6,,,,6,,,false,,"",Long-leaved Speedwell,Veronica longifolia,Long-leaved Speedwell,Plantae,170192,Plantaginaceae,Veronica
334510468,2025-08-05 14:55:02,2025-08-05,Mountain Time (US & Canada),4547933,casual,0,true,"Jefferson County, US-CO, US",39.679255,-105.093475,5,,,,5,,,false,,"",Dill,Anethum graveolens,Dill,Plantae,75445,Apiaceae,Anethum
334510482,2025-08-05 14:54:59,2025-08-05,Mountain Time (US & Canada),4547933,casual,0,true,"Jefferson County, US-CO, US",39.679255,-105.0934666667,4,,,,4,,,false,,"",Sweet basil,Ocimum basilicum,Sweet basil,Plantae,61398,Lamiaceae,Ocimum
334510493,2025-08-05 14:54:41,2025-08-05,Mountain Time (US & Canada),4547933,casual,0,true,"Jefferson County, US-CO, US",39.6792633333,-105.0934916667,4,,,,4,,,false,,"",Red amaranth,Amaranthus cruentus,Red amaranth,Plantae,52328,Amaranthaceae,Amaranthus
334510506,2025-08-05 14:54:15,2025-08-05,Mountain Time (US & Canada),4547933,casual,0,true,"Jefferson County, US-CO, US",39.6792833333,-105.0934445,3,,,,3,,,false,,"",garden cosmos,Cosmos bipinnatus,garden cosmos,Plantae,68562,Asteraceae,Cosmos
334510528,2025-08-05 14:53:54,2025-08-05,Mountain Time (US & Canada),4547933,casual,0,true,"Jefferson County, US-CO, US",39.679245,-105.0934445,4,,,,4,,,false,,"",tomato,Solanum lycopersicum,tomato,Plantae,51737,Solanaceae,Solanum
334510540,2025-08-05 14:51:46,2025-08-05,Mountain Time (US & Canada),4547933,casual,0,true,"Jefferson County, US-CO, US",39.67923,-105.0935971667,4,,,,4,,,false,,"",Cucumber,Cucumis sativus,Cucumber,Plantae,54919,Cucurbitaceae,Cucumis
334510552,2025-08-05 14:51:28,2025-08-05,Mountain Time (US & Canada),4547933,casual,0,true,"Jefferson County, US-CO, US",39.67923,-105.0936583333,4,,,,4,,open,false,,"",Balkan toadflax,Linaria dalmatica,Balkan toadflax,Plantae,77776,Plantaginaceae,Linaria
334510562,2025-08-05 14:51:25,2025-08-05,Mountain Time (US & Canada),4547933,casual,0,true,"Jefferson County, US-CO, US",39.67923,-105.0936583333,4,,,,4,,,false,,"",field bindweed,Convolvulus arvensis,field bindweed,Plantae,53021,Convolvulaceae,Convolvulus
334510578,2025-08-05 14:51:21,2025-08-05,Mountain Time (US & Canada),4547933,casual,0,true,"Jefferson County, US-CO, US",39.6792216667,-105.0936666667,4,,,,4,,,false,,"",Snapdragon,Antirrhinum majus,Snapdragon,Plantae,48969,Plantaginaceae,Antirrhinum
334510583,2025-08-05 14:51:03,2025-08-05,Mountain Time (US & Canada),4547933,casual,0,true,"Jefferson County, US-CO, US",39.67923,-105.0936805,5,,,,5,,open,false,,"",Common Sunflower,Helianthus annuus,Common Sunflower,Plantae,57983,Asteraceae,Helianthus
334510601,2025-08-05 14:50:42,2025-08-05,Mountain Time (US & Canada),4547933,casual,0,true,"Jefferson County, US-CO, US",39.679225,-105.0937195,5,,,,5,,,false,,"",upright prairie coneflower,Ratibida columnifera,upright prairie coneflower,Plantae,78836,Asteraceae,Ratibida
334510609,2025-08-05 14:50:29,2025-08-05,Mountain Time (US & Canada),4547933,casual,0,true,"Jefferson County, US-CO, US",39.6792133333,-105.0937055,3,,,,3,,,false,,"",tomato,Solanum lycopersicum,tomato,Plantae,51737,Solanaceae,Solanum
334510627,2025-08-05 14:50:15,2025-08-05,Mountain Time (US & Canada),4547933,casual,0,true,"Jefferson County, US-CO, US",39.679195,-105.0937111667,4,,,,4,,,false,,"",Mexican Marigold,Tagetes erecta,Mexican Marigold,Plantae,79312,Asteraceae,Tagetes
334510646,2025-08-05 14:50:06,2025-08-05,Mountain Time (US & Canada),4547933,casual,0,true,"Jefferson County, US-CO, US",39.6792133333,-105.0937416667,4,,,,4,,open,false,,"",Common Sunflower,Helianthus annuus,Common Sunflower,Plantae,57983,Asteraceae,Helianthus
334510667,2025-08-05 14:50:00,2025-08-05,Mountain Time (US & Canada),4547933,casual,0,true,"Jefferson County, US-CO, US",39.6792116667,-105.09375,4,,,,4,,,false,,"",Oregano,Origanum vulgare,Oregano,Plantae,61396,Lamiaceae,Origanum
334510673,2025-08-05 14:49:47,2025-08-05,Mountain Time (US & Canada),4547933,casual,0,true,"Jefferson County, US-CO, US",39.6791916667,-105.0937945,5,,,,5,,,false,,"",Garlic Chives,Allium tuberosum,Garlic Chives,Plantae,122343,Amaryllidaceae,Allium
334510679,2025-08-05 14:49:39,2025-08-05,Mountain Time (US & Canada),4547933,casual,0,true,"Jefferson County, US-CO, US",39.6792,-105.0937721667,5,,,,5,,,false,,"",Threadleaf Giant Hyssop,Agastache rupestris,Threadleaf Giant Hyssop,Plantae,158083,Lamiaceae,Agastache
334510711,2025-08-05 14:49:34,2025-08-05,Mountain Time (US & Canada),4547933,casual,0,true,"Jefferson County, US-CO, US",39.6791916667,-105.0937638333,5,,,,5,,,false,,"",Syrian oregano,Origanum syriacum,Syrian oregano,Plantae,340456,Lamiaceae,Origanum
334510722,2025-08-05 14:49:22,2025-08-05,Mountain Time (US & Canada),4547933,casual,0,true,"Jefferson County, US-CO, US",39.6791833333,-105.0937638333,7,,,,7,,,false,,"",Cornflower,Centaurea cyanus,Cornflower,Plantae,933404,Asteraceae,Centaurea
334510751,2025-08-05 14:49:07,2025-08-05,Mountain Time (US & Canada),4547933,casual,0,true,"Jefferson County, US-CO, US",39.6791633333,-105.0937945,10,,,,10,,,false,,"",purple coneflower,Echinacea purpurea,purple coneflower,Plantae,48627,Asteraceae,Echinacea
334510765,2025-08-05 14:48:58,2025-08-05,Mountain Time (US & Canada),4547933,casual,0,true,"Jefferson County, US-CO, US",39.6791583333,-105.0938195,9,,,,9,,open,false,,"",common yarrow,Achillea millefolium,common yarrow,Plantae,52821,Asteraceae,Achillea
334510774,2025-08-05 14:48:41,2025-08-05,Mountain Time (US & Canada),4547933,casual,0,true,"Jefferson County, US-CO, US",39.67917,-105.0938111667,5,,,,5,,,false,,"",daylilies,Hemerocallis,daylilies,Plantae,82826,Asphodelaceae,Hemerocallis
334510783,2025-08-05 14:48:26,2025-08-05,Mountain Time (US & Canada),4547933,casual,0,true,"Jefferson County, US-CO, US",39.679175,-105.0937721667,3,,,,3,,,false,,"",orange day-lily,Hemerocallis fulva,orange day-lily,Plantae,126583,Asphodelaceae,Hemerocallis
334510791,2025-08-05 14:48:34,2025-08-05,Mountain Time (US & Canada),4547933,casual,0,true,"Jefferson County, US-CO, US",39.6791633333,-105.0938195,3,,,,3,,,false,,"",Purple Wood Sage,Salvia nemorosa,Purple Wood Sage,Plantae,168387,Lamiaceae,Salvia
334510809,2025-08-05 14:48:07,2025-08-05,Mountain Time (US & Canada),4547933,casual,0,true,"Jefferson County, US-CO, US",39.67918,-105.0938195,3,,,,3,,,false,,"",California poppy,Eschscholzia californica,California poppy,Plantae,48225,Papaveraceae,Eschscholzia
334510815,2025-08-05 14:47:46,2025-08-05,Mountain Time (US & Canada),4547933,casual,0,true,"Jefferson County, US-CO, US",39.67922,-105.09385,4,,,,4,,,false,,"","",Solidago,goldenrods,Plantae,48678,Asteraceae,Solidago
334510832,2025-08-05 14:47:37,2025-08-05,Mountain Time (US & Canada),4547933,casual,0,true,"Jefferson County, US-CO, US",39.6792133333,-105.0938805,4,,,,4,,,false,,"",California poppy,Eschscholzia californica,California poppy,Plantae,48225,Papaveraceae,Eschscholzia
334510843,2025-08-05 14:47:23,2025-08-05,Mountain Time (US & Canada),4547933,casual,0,true,"Jefferson County, US-CO, US",39.6791883333,-105.0938416667,4,,,,4,,,false,,"","",Salvia,Sages,Plantae,50644,Lamiaceae,Salvia
334510864,2025-08-05 14:47:10,2025-08-05,Mountain Time (US & Canada),4547933,casual,0,true,"Jefferson County, US-CO, US",39.6792,-105.0938638333,4,,,,4,,,false,,"",purple coneflower,Echinacea purpurea,purple coneflower,Plantae,48627,Asteraceae,Echinacea
334510872,2025-08-05 14:47:08,2025-08-05,Mountain Time (US & Canada),4547933,casual,0,true,"Jefferson County, US-CO, US",39.6792,-105.0938638333,4,,,,4,,,false,,"",Rocky Mountain Beeplant,Cleomella serrulata,Rocky Mountain Beeplant,Plantae,1415100,Cleomaceae,Cleomella
334510888,2025-08-05 14:46:54,2025-08-05,Mountain Time (US & Canada),4547933,casual,0,true,"Jefferson County, US-CO, US",39.6791916667,-105.0939028333,4,,,,4,,,false,,"",tomato,Solanum lycopersicum,tomato,Plantae,51737,Solanaceae,Solanum
334510899,2025-08-05 14:46:32,2025-08-05,Mountain Time (US & Canada),4547933,casual,0,true,"Jefferson County, US-CO, US",39.679175,-105.0939471667,5,,,,5,,,false,,"",tomato,Solanum lycopersicum,tomato,Plantae,51737,Solanaceae,Solanum
334510908,2025-08-05 14:46:09,2025-08-05,Mountain Time (US & Canada),4547933,casual,0,true,"Jefferson County, US-CO, US",39.679205,-105.0939638333,9,,,,9,,,false,,"",Cucumber,Cucumis sativus,Cucumber,Plantae,54919,Cucurbitaceae,Cucumis
334510917,2025-08-05 14:45:49,2025-08-05,Mountain Time (US & Canada),4547933,casual,0,true,"Jefferson County, US-CO, US",39.6791716667,-105.0939861667,7,,,,7,,,false,,"",Rocky Mountain Beeplant,Cleomella serrulata,Rocky Mountain Beeplant,Plantae,1415100,Cleomaceae,Cleomella
334510948,2025-08-05 14:45:26,2025-08-05,Mountain Time (US & Canada),4547933,casual,0,true,"Jefferson County, US-CO, US",39.679225,-105.0939945,4,,,,4,,,false,,"","",Echinacea,coneflowers,Plantae,48628,Asteraceae,Echinacea
334510976,2025-08-05 14:45:14,2025-08-05,Mountain Time (US & Canada),4547933,casual,0,true,"Jefferson County, US-CO, US",39.6791916667,-105.0940388333,4,,,,4,,,false,,"",Tahoka daisy,Machaeranthera tanacetifolia,Tahoka daisy,Plantae,77920,Asteraceae,Machaeranthera
334510992,2025-08-05 14:45:06,2025-08-05,Mountain Time (US & Canada),4547933,casual,0,true,"Jefferson County, US-CO, US",39.6792,-105.0940471667,4,,,,4,,,false,,"",Rocky Mountain Beeplant,Cleomella serrulata,Rocky Mountain Beeplant,Plantae,1415100,Cleomaceae,Cleomella
334511821,2025-08-05 14:28:33,2025-08-05,Mountain Time (US & Canada),4547933,casual,0,true,"S Field St, Lakewood, CO, US",39.6571166667,-105.0983278333,4,,,,4,,open,false,,"",Common Sunflower,Helianthus annuus,Common Sunflower,Plantae,57983,Asteraceae,Helianthus
334511833,2025-08-05 14:28:19,2025-08-05,Mountain Time (US & Canada),4547933,casual,0,true,"Jefferson County, US-CO, US",39.6571533333,-105.0983721667,3,,,,3,,open,false,,"",Red Clover,Trifolium pratense,Red Clover,Plantae,51875,Fabaceae,Trifolium
334511844,2025-08-05 14:27:55,2025-08-05,Mountain Time (US & Canada),4547933,casual,0,true,"Jefferson County, US-CO, US",39.65718,-105.0983971667,14,,,,14,,,false,,"",tomato,Solanum lycopersicum,tomato,Plantae,51737,Solanaceae,Solanum
334511851,2025-08-05 14:27:48,2025-08-05,Mountain Time (US & Canada),4547933,casual,0,true,"Jefferson County, US-CO, US",39.65712,-105.0984278333,16,,,,16,,,false,,"",Borage,Borago officinalis,Borage,Plantae,52287,Boraginaceae,Borago
334511858,2025-08-05 14:27:08,2025-08-05,Mountain Time (US & Canada),4547933,casual,0,true,"Jefferson County, US-CO, US",39.6573033333,-105.0983278333,5,,,,5,,,false,,"",lemon balm,Melissa officinalis,lemon balm,Plantae,59901,Lamiaceae,Melissa
334511871,2025-08-05 14:26:48,2025-08-05,Mountain Time (US & Canada),4547933,casual,0,true,"Jefferson County, US-CO, US",39.65732,-105.0982971667,7,,,,7,,,false,,"",common motherwort,Leonurus cardiaca,common motherwort,Plantae,56171,Lamiaceae,Leonurus
334511888,2025-08-05 14:26:31,2025-08-05,Mountain Time (US & Canada),4547933,casual,0,true,"Jefferson County, US-CO, US",39.6572916667,-105.0982971667,11,,,,11,,,false,,"",Zinnia marylandica,Zinnia marylandica,,Plantae,781086,Asteraceae,Zinnia
334511901,2025-08-05 14:26:14,2025-08-05,Mountain Time (US & Canada),4547933,casual,0,true,"Jefferson County, US-CO, US",39.6573116667,-105.0982805,10,,,,10,,,false,,"",fall phlox,Phlox paniculata,fall phlox,Plantae,117437,Polemoniaceae,Phlox
334511921,2025-08-05 14:26:10,2025-08-05,Mountain Time (US & Canada),4547933,casual,0,true,"Jefferson County, US-CO, US",39.6573033333,-105.0982805,10,,,,10,,,false,,"",catmints,Nepeta,catmints,Plantae,48624,Lamiaceae,Nepeta
334511943,2025-08-05 14:26:01,2025-08-05,Mountain Time (US & Canada),4547933,casual,0,true,"Jefferson County, US-CO, US",39.6572883333,-105.098275,10,,,,10,,,false,,"",garden cosmos,Cosmos bipinnatus,garden cosmos,Plantae,68562,Asteraceae,Cosmos
334511970,2025-08-05 14:25:57,2025-08-05,Mountain Time (US & Canada),4547933,casual,0,true,"Jefferson County, US-CO, US",39.6572883333,-105.098275,9,,,,9,,,false,,"",Muenchhusia,Muenchhusia,,Plantae,1657110,Malvaceae,Hibiscus
334512022,2025-08-05 14:25:49,2025-08-05,Mountain Time (US & Canada),4547933,casual,0,true,"Jefferson County, US-CO, US",39.65727,-105.0982666667,7,,,,7,,,false,,"",garden cosmos,Cosmos bipinnatus,garden cosmos,Plantae,68562,Asteraceae,Cosmos
334512045,2025-08-05 14:25:42,2025-08-05,Mountain Time (US & Canada),4547933,casual,0,true,"Jefferson County, US-CO, US",39.65727,-105.0982805,5,,,,5,,,false,,"",pot marigold,Calendula officinalis,pot marigold,Plantae,75931,Asteraceae,Calendula
334512079,2025-08-05 14:25:25,2025-08-05,Mountain Time (US & Canada),4547933,casual,0,true,"Jefferson County, US-CO, US",39.6572633333,-105.0983278333,4,,,,4,,open,false,,"",chili pepper,Capsicum annuum,chili pepper,Plantae,48514,Solanaceae,Capsicum
334512122,2025-08-05 14:24:50,2025-08-05,Mountain Time (US & Canada),4547933,casual,0,true,"Jefferson County, US-CO, US",39.6572416667,-105.0982971667,5,,,,5,,,false,,"",French marigold,Tagetes patula,French marigold,Plantae,777243,Asteraceae,Tagetes
334512150,2025-08-05 14:24:45,2025-08-05,Mountain Time (US & Canada),4547933,casual,0,true,"Jefferson County, US-CO, US",39.657245,-105.0982971667,5,,,,5,,,false,,"",four o'clocks,Mirabilis,four o'clocks,Plantae,50615,Nyctaginaceae,Mirabilis
334512155,2025-08-05 14:24:36,2025-08-05,Mountain Time (US & Canada),4547933,casual,0,true,"Jefferson County, US-CO, US",39.6572383333,-105.0983195,4,,,,4,,,false,,"",Watermelon,Citrullus lanatus,Watermelon,Plantae,70054,Cucurbitaceae,Citrullus
334512167,2025-08-05 14:24:11,2025-08-05,Mountain Time (US & Canada),4547933,casual,0,true,"Jefferson County, US-CO, US",39.6571533333,-105.0983055,4,,,,4,,,false,,"",Catnip,Nepeta cataria,Catnip,Plantae,48622,Lamiaceae,Nepeta
334512182,2025-08-05 14:23:55,2025-08-05,Mountain Time (US & Canada),4547933,casual,0,true,"Jefferson County, US-CO, US",39.6571533333,-105.0983278333,5,,,,5,,,false,,"",field bindweed,Convolvulus arvensis,field bindweed,Plantae,53021,Convolvulaceae,Convolvulus
334512192,2025-08-05 14:23:42,2025-08-05,Mountain Time (US & Canada),4547933,casual,0,true,"Jefferson County, US-CO, US",39.6571283333,-105.0982971667,6,,,,6,,,false,,"",nightshades,Solanum,nightshades,Plantae,50641,Solanaceae,Solanum
334512201,2025-08-05 14:23:40,2025-08-05,Mountain Time (US & Canada),4547933,casual,0,true,"Jefferson County, US-CO, US",39.65712,-105.0982971667,7,,,,7,,,false,,"",Oregano,Origanum vulgare,Oregano,Plantae,61396,Lamiaceae,Origanum
334512207,2025-08-05 14:24:15,2025-08-05,Mountain Time (US & Canada),4547933,casual,0,true,"Jefferson County, US-CO, US",39.6571533333,-105.0983111667,4,,,,4,,,false,,"",Large Thyme,Thymus pulegioides,Large Thyme,Plantae,169753,Lamiaceae,Thymus
334512221,2025-08-05 14:23:31,2025-08-05,Mountain Time (US & Canada),4547933,casual,0,true,"Jefferson County, US-CO, US",39.6571366667,-105.0983111667,8,,,,8,,,false,,"",garden cosmos,Cosmos bipinnatus,garden cosmos,Plantae,68562,Asteraceae,Cosmos
334512244,2025-08-05 14:23:15,2025-08-05,Mountain Time (US & Canada),4547933,casual,0,true,"Jefferson County, US-CO, US",39.6570916667,-105.0983416667,10,,,,10,,,false,,"",Cornflower,Centaurea cyanus,Cornflower,Plantae,933404,Asteraceae,Centaurea
334512251,2025-08-05 14:23:01,2025-08-05,Mountain Time (US & Canada),4547933,casual,0,true,"Jefferson County, US-CO, US",39.657105,-105.0983055,6,,,,6,,,false,,"","",Helianthus,sunflowers,Plantae,56955,Asteraceae,Helianthus
334512269,2025-08-05 14:22:51,2025-08-05,Mountain Time (US & Canada),4547933,casual,0,true,"Jefferson County, US-CO, US",39.6571083333,-105.098275,10,,,,10,,,false,,"",Oxeye Daisies,Leucanthemum,Oxeye Daisies,Plantae,56058,Asteraceae,Leucanthemum
334512280,2025-08-05 14:22:45,2025-08-05,Mountain Time (US & Canada),4547933,casual,0,true,"Jefferson County, US-CO, US",39.6570866667,-105.0982888333,12,,,,12,,,false,,"",Yellow Cosmos,Cosmos sulphureus,Yellow Cosmos,Plantae,48651,Asteraceae,Cosmos
334512285,2025-08-05 14:22:34,2025-08-05,Mountain Time (US & Canada),4547933,casual,0,true,"Jefferson County, US-CO, US",39.6570166667,-105.0982278333,35,,,,35,,,false,,"",Cornflower,Centaurea cyanus,Cornflower,Plantae,933404,Asteraceae,Centaurea
334512304,2025-08-05 14:16:29,2025-08-05,Mountain Time (US & Canada),4547933,casual,0,true,"Jefferson County, US-CO, US",39.6571083333,-105.0984195,10,,,,10,,,false,,"",rocketsalad,Eruca vesicaria,rocketsalad,Plantae,77058,Brassicaceae,Eruca
334512328,2025-08-05 14:16:08,2025-08-05,Mountain Time (US & Canada),4547933,casual,0,true,"Jefferson County, US-CO, US",39.6570883333,-105.0984333333,9,,,,9,,,false,,"",petunias,Petunia,petunias,Plantae,55406,Solanaceae,Petunia
334512348,2025-08-05 14:15:56,2025-08-05,Mountain Time (US & Canada),4547933,casual,0,true,"Jefferson County, US-CO, US",39.6571083333,-105.0984583333,8,,,,8,,,false,,"",garden cosmos,Cosmos bipinnatus,garden cosmos,Plantae,68562,Asteraceae,Cosmos
334512355,2025-08-05 14:15:49,2025-08-05,Mountain Time (US & Canada),4547933,casual,0,true,"Jefferson County, US-CO, US",39.6571166667,-105.0984583333,5,,,,5,,,false,,"",Mexican Marigold,Tagetes erecta,Mexican Marigold,Plantae,79312,Asteraceae,Tagetes
334512358,2025-08-05 14:15:44,2025-08-05,Mountain Time (US & Canada),4547933,casual,0,true,"Jefferson County, US-CO, US",39.65712,-105.0984416667,5,,,,5,,,false,,"",tomato,Solanum lycopersicum,tomato,Plantae,51737,Solanaceae,Solanum
334512365,2025-08-05 14:16:20,2025-08-05,Mountain Time (US & Canada),4547933,casual,0,true,"Jefferson County, US-CO, US",39.6570966667,-105.0984333333,9,,,,9,,open,false,,"",chili pepper,Capsicum annuum,chili pepper,Plantae,48514,Solanaceae,Capsicum
334512379,2025-08-05 14:15:35,2025-08-05,Mountain Time (US & Canada),4547933,casual,0,true,"Jefferson County, US-CO, US",39.6571283333,-105.09845,5,,,,5,,,false,,"",great blanketflower,Gaillardia aristata,great blanketflower,Plantae,77183,Asteraceae,Gaillardia
334512382,2025-08-05 14:15:32,2025-08-05,Mountain Time (US & Canada),4547933,casual,0,true,"Jefferson County, US-CO, US",39.65712,-105.09845,5,,,,5,,,false,,"",Elegant Zinnia,Zinnia elegans,Elegant Zinnia,Plantae,181901,Asteraceae,Zinnia
334512395,2025-08-05 14:15:21,2025-08-05,Mountain Time (US & Canada),4547933,casual,0,true,"Jefferson County, US-CO, US",39.6571083333,-105.0984028333,6,,,,6,,open,false,,"",Common Lavender,Lavandula angustifolia,Common Lavender,Plantae,133395,Lamiaceae,Lavandula
334512404,2025-08-05 14:15:05,2025-08-05,Mountain Time (US & Canada),4547933,casual,0,true,"Jefferson County, US-CO, US",39.6571283333,-105.0984333333,7,,,,7,,,false,,"",Snapdragon,Antirrhinum majus,Snapdragon,Plantae,48969,Plantaginaceae,Antirrhinum
334512412,2025-08-05 14:14:50,2025-08-05,Mountain Time (US & Canada),4547933,casual,0,true,"Jefferson County, US-CO, US",39.6571466667,-105.0984028333,12,,,,12,,,false,,"",skullcaps,Scutellaria,skullcaps,Plantae,53914,Lamiaceae,Scutellaria
334512424,2025-08-05 14:14:34,2025-08-05,Mountain Time (US & Canada),4547933,casual,0,true,"Jefferson County, US-CO, US",39.6571666667,-105.0983805,10,,,,10,,open,false,,"",Large-flowered Tomatillo,Physalis philadelphica,Large-flowered Tomatillo,Plantae,51734,Solanaceae,Physalis
334512434,2025-08-05 14:14:21,2025-08-05,Mountain Time (US & Canada),4547933,casual,0,true,"Jefferson County, US-CO, US",39.6571666667,-105.0984028333,11,,,,11,,,false,,"",figworts,Scrophularia,figworts,Plantae,50809,Scrophulariaceae,Scrophularia
334512444,2025-08-05 14:14:12,2025-08-05,Mountain Time (US & Canada),4547933,casual,0,true,"Jefferson County, US-CO, US",39.65715,-105.0983971667,11,,,,11,,,false,,"",New Mexico Giant Hyssop,Agastache pallidiflora,New Mexico Giant Hyssop,Plantae,158081,Lamiaceae,Agastache
334512452,2025-08-05 14:14:05,2025-08-05,Mountain Time (US & Canada),4547933,casual,0,true,"Jefferson County, US-CO, US",39.6571583333,-105.0984111667,9,,,,9,,,false,,"",Gomphrena pulchella,Gomphrena pulchella,,Plantae,543870,Amaranthaceae,Gomphrena
334512457,2025-08-05 14:13:57,2025-08-05,Mountain Time (US & Canada),4547933,casual,0,true,"Jefferson County, US-CO, US",39.6571666667,-105.0984111667,8,,,,8,,,false,,"","",Antirrhineae,Toadflaxes and Allies,Plantae,556743,Plantaginaceae,
334512471,2025-08-05 14:13:51,2025-08-05,Mountain Time (US & Canada),4547933,casual,0,true,"Jefferson County, US-CO, US",39.6571783333,-105.0984028333,7,,,,7,,,false,,"",pink trailing iceplant,Delosperma cooperi,pink trailing iceplant,Plantae,144018,Aizoaceae,Delosperma
334512479,2025-08-05 14:13:36,2025-08-05,Mountain Time (US & Canada),4547933,casual,0,true,"Jefferson County, US-CO, US",39.65717,-105.0984333333,5,,,,5,,,false,,"",yarrows,Achillea,yarrows,Plantae,52818,Asteraceae,Achillea
334512486,2025-08-05 14:13:29,2025-08-05,Mountain Time (US & Canada),4547933,casual,0,true,"Jefferson County, US-CO, US",39.65717,-105.0984195,5,,,,5,,,false,,"",New Mexico Giant Hyssop,Agastache pallidiflora,New Mexico Giant Hyssop,Plantae,158081,Lamiaceae,Agastache
334512513,2025-08-05 14:13:22,2025-08-05,Mountain Time (US & Canada),4547933,casual,0,true,"Jefferson County, US-CO, US",39.65718,-105.0984028333,5,,,,5,,,false,,"",Oregano,Origanum vulgare,Oregano,Plantae,61396,Lamiaceae,Origanum
334512530,2025-08-05 14:13:10,2025-08-05,Mountain Time (US & Canada),4547933,casual,0,true,"Jefferson County, US-CO, US",39.6572133333,-105.0984195,6,,,,6,,open,false,,"",Common Bean,Phaseolus vulgaris,Common Bean,Plantae,122850,Fabaceae,Phaseolus
334512545,2025-08-05 14:12:46,2025-08-05,Mountain Time (US & Canada),4547933,casual,0,true,"Jefferson County, US-CO, US",39.6572,-105.0984333333,9,,,,9,,,false,,"",Cornflower,Centaurea cyanus,Cornflower,Plantae,933404,Asteraceae,Centaurea
334512577,2025-08-05 14:12:37,2025-08-05,Mountain Time (US & Canada),4547933,casual,0,true,"Jefferson County, US-CO, US",39.6572,-105.0984583333,10,,,,10,,,false,,"",Watermelon,Citrullus lanatus,Watermelon,Plantae,70054,Cucurbitaceae,Citrullus
334512585,2025-08-05 14:12:23,2025-08-05,Mountain Time (US & Canada),4547933,casual,0,true,"Jefferson County, US-CO, US",39.6572283333,-105.09845,9,,,,9,,,false,,"",French marigold,Tagetes patula,French marigold,Plantae,777243,Asteraceae,Tagetes
334512603,2025-08-05 14:12:02,2025-08-05,Mountain Time (US & Canada),4547933,casual,0,true,"Jefferson County, US-CO, US",39.657295,-105.0984416667,10,,,,10,,,false,,"",Snapdragon,Antirrhinum majus,Snapdragon,Plantae,48969,Plantaginaceae,Antirrhinum
334512611,2025-08-05 14:11:55,2025-08-05,Mountain Time (US & Canada),4547933,casual,0,true,"Jefferson County, US-CO, US",39.6572716667,-105.0984333333,10,,,,10,,,false,,"",blue-and-white daisybush,Dimorphotheca ecklonis,blue-and-white daisybush,Plantae,76660,Asteraceae,Dimorphotheca
334512623,2025-08-05 14:11:50,2025-08-05,Mountain Time (US & Canada),4547933,casual,0,true,"Jefferson County, US-CO, US",39.6572633333,-105.09845,10,,,,10,,,false,,"",Snapdragon,Antirrhinum majus,Snapdragon,Plantae,48969,Plantaginaceae,Antirrhinum
334512629,2025-08-05 14:11:47,2025-08-05,Mountain Time (US & Canada),4547933,casual,0,true,"Jefferson County, US-CO, US",39.65727,-105.0984416667,9,,,,9,,,false,,"",Elegant Zinnia,Zinnia elegans,Elegant Zinnia,Plantae,181901,Asteraceae,Zinnia
334512638,2025-08-05 14:11:23,2025-08-05,Mountain Time (US & Canada),4547933,casual,0,true,"Jefferson County, US-CO, US",39.6572416667,-105.0984416667,10,,,,10,,,false,,"",Zinnias,Zinnia,Zinnias,Plantae,132450,Asteraceae,Zinnia
334512647,2025-08-05 14:11:13,2025-08-05,Mountain Time (US & Canada),4547933,casual,0,true,"Jefferson County, US-CO, US",39.6572416667,-105.0983888333,10,,,,10,,open,false,,"",Common Sunflower,Helianthus annuus,Common Sunflower,Plantae,57983,Asteraceae,Helianthus
334512653,2025-08-05 14:11:05,2025-08-05,Mountain Time (US & Canada),4547933,casual,0,true,"Jefferson County, US-CO, US",39.6572633333,-105.0983971667,9,,,,9,,open,false,,"",Common Sunflower,Helianthus annuus,Common Sunflower,Plantae,57983,Asteraceae,Helianthus
334512664,2025-08-05 14:10:56,2025-08-05,Mountain Time (US & Canada),4547933,casual,0,true,"Jefferson County, US-CO, US",39.65727,-105.0983971667,7,,,,7,,,false,,"",Borage,Borago officinalis,Borage,Plantae,52287,Boraginaceae,Borago
334512675,2025-08-05 14:10:50,2025-08-05,Mountain Time (US & Canada),4547933,casual,0,true,"Jefferson County, US-CO, US",39.6572633333,-105.0984028333,6,,,,6,,,false,,"",Lavenders,Lavandula,Lavenders,Plantae,61905,Lamiaceae,Lavandula
334512702,2025-08-05 14:10:40,2025-08-05,Mountain Time (US & Canada),4547933,casual,0,true,"Jefferson County, US-CO, US",39.6573116667,-105.0984333333,8,,,,8,,,false,,"",Cucumber,Cucumis sativus,Cucumber,Plantae,54919,Cucurbitaceae,Cucumis
334512712,2025-08-05 14:10:29,2025-08-05,Mountain Time (US & Canada),4547933,casual,0,true,"Jefferson County, US-CO, US",39.65732,-105.0984278333,9,,,,9,,open,false,,"",chili pepper,Capsicum annuum,chili pepper,Plantae,48514,Solanaceae,Capsicum
334512723,2025-08-05 14:10:19,2025-08-05,Mountain Time (US & Canada),4547933,casual,0,true,"Jefferson County, US-CO, US",39.6573366667,-105.0984416667,14,,,,14,,,false,,"",French marigold,Tagetes patula,French marigold,Plantae,777243,Asteraceae,Tagetes
334512728,2025-08-05 14:10:02,2025-08-05,Mountain Time (US & Canada),4547933,casual,0,true,"Jefferson County, US-CO, US",39.6573416667,-105.0984333333,5,,,,5,,open,false,,"",American pumpkin,Cucurbita pepo,American pumpkin,Plantae,76541,Cucurbitaceae,Cucurbita
334512736,2025-08-05 14:09:54,2025-08-05,Mountain Time (US & Canada),4547933,casual,0,true,"Jefferson County, US-CO, US",39.657345,-105.0984195,5,,,,5,,,false,,"",tomato,Solanum lycopersicum,tomato,Plantae,51737,Solanaceae,Solanum
334512766,2025-08-05 14:09:37,2025-08-05,Mountain Time (US & Canada),4547933,casual,0,true,"Jefferson County, US-CO, US",39.6573533333,-105.0984583333,5,,,,5,,open,false,,"",chili pepper,Capsicum annuum,chili pepper,Plantae,48514,Solanaceae,Capsicum
334512768,2025-08-05 14:09:28,2025-08-05,Mountain Time (US & Canada),4547933,casual,0,true,"Jefferson County, US-CO, US",39.657345,-105.0984583333,4,,,,4,,,false,,"",nightshades,Solanum,nightshades,Plantae,50641,Solanaceae,Solanum
334512778,2025-08-05 14:09:03,2025-08-05,Mountain Time (US & Canada),4547933,casual,0,true,"Jefferson County, US-CO, US",39.657395,-105.0985333333,12,,,,12,,,false,,"","",Eruca,,Plantae,72123,Brassicaceae,Eruca
334512784,2025-08-05 14:09:17,2025-08-05,Mountain Time (US & Canada),4547933,casual,0,true,"Jefferson County, US-CO, US",39.65735,-105.0984333333,9,,,,9,,,false,,"",Mexican Marigold,Tagetes erecta,Mexican Marigold,Plantae,79312,Asteraceae,Tagetes
334512789,2025-08-05 14:08:54,2025-08-05,Mountain Time (US & Canada),4547933,casual,0,true,"Jefferson County, US-CO, US",39.6573866667,-105.0985721667,19,,,,19,,,false,,"",tomato,Solanum lycopersicum,tomato,Plantae,51737,Solanaceae,Solanum
334512799,2025-08-05 14:07:51,2025-08-05,Mountain Time (US & Canada),4547933,casual,0,true,"Jefferson County, US-CO, US",39.6573333333,-105.0985333333,6,,,,6,,,false,,"",Borage,Borago officinalis,Borage,Plantae,52287,Boraginaceae,Borago
334512805,2025-08-05 14:07:27,2025-08-05,Mountain Time (US & Canada),4547933,casual,0,true,"Jefferson County, US-CO, US",39.6573133333,-105.0985721667,6,,,,6,,,false,,"",Elegant Zinnia,Zinnia elegans,Elegant Zinnia,Plantae,181901,Asteraceae,Zinnia
334512815,2025-08-05 14:05:54,2025-08-05,Mountain Time (US & Canada),4547933,casual,0,true,"Jefferson County, US-CO, US",39.657325,-105.0985945,5,,,,5,,,false,,"",stiff-leaved goldenrod,Solidago rigida,stiff-leaved goldenrod,Plantae,125721,Asteraceae,Solidago
334512826,2025-08-05 14:05:49,2025-08-05,Mountain Time (US & Canada),4547933,casual,0,true,"Jefferson County, US-CO, US",39.6573216667,-105.0986028333,5,,,,5,,,false,,"",Mexican Marigold,Tagetes erecta,Mexican Marigold,Plantae,79312,Asteraceae,Tagetes
334512835,2025-08-05 14:05:40,2025-08-05,Mountain Time (US & Canada),4547933,casual,0,true,"Jefferson County, US-CO, US",39.657305,-105.0985805,4,,,,4,,open,false,,"",common yarrow,Achillea millefolium,common yarrow,Plantae,52821,Asteraceae,Achillea
334512855,2025-08-05 14:05:33,2025-08-05,Mountain Time (US & Canada),4547933,casual,0,true,"Jefferson County, US-CO, US",39.6573033333,-105.0985805,4,,,,4,,,false,,"",garden cosmos,Cosmos bipinnatus,garden cosmos,Plantae,68562,Asteraceae,Cosmos
334512858,2025-08-05 14:05:25,2025-08-05,Mountain Time (US & Canada),4547933,casual,0,true,"Jefferson County, US-CO, US",39.6572633333,-105.0985861667,4,,,,4,,,false,,"",tomato,Solanum lycopersicum,tomato,Plantae,51737,Solanaceae,Solanum
334512863,2025-08-05 14:05:15,2025-08-05,Mountain Time (US & Canada),4547933,casual,0,true,"Jefferson County, US-CO, US",39.6572333333,-105.0985638333,4,,,,4,,,false,,"",Cucumber,Cucumis sativus,Cucumber,Plantae,54919,Cucurbitaceae,Cucumis
334512873,2025-08-05 14:04:55,2025-08-05,Mountain Time (US & Canada),4547933,casual,0,true,"Jefferson County, US-CO, US",39.6572283333,-105.0985721667,4,,,,4,,,false,,"","",Solanum lycopersicum,tomato,Plantae,51737,Solanaceae,Solanum
334512897,2025-08-05 14:04:39,2025-08-05,Mountain Time (US & Canada),4547933,casual,0,true,"Jefferson County, US-CO, US",39.6571966667,-105.0985805,5,,,,5,,,false,,"",gourds,Cucurbita,gourds,Plantae,55425,Cucurbitaceae,Cucurbita
334512920,2025-08-05 14:04:25,2025-08-05,Mountain Time (US & Canada),4547933,casual,0,true,"Jefferson County, US-CO, US",39.6574666667,-105.0990138333,33,,,,33,,,false,,"","",Zinnia,Zinnias,Plantae,132450,Asteraceae,Zinnia
334512926,2025-08-05 14:04:11,2025-08-05,Mountain Time (US & Canada),4547933,casual,0,true,"S Field St, Lakewood, CO, US",39.6572372328,-105.0984022338,74,,,,74,,,false,,"",groundcherries,Physalis,groundcherries,Plantae,51733,Solanaceae,Physalis
334512941,2025-08-05 14:04:05,2025-08-05,Mountain Time (US & Canada),4547933,casual,0,true,"S Field St, Lakewood, CO, US",39.6572939681,-105.0981769561,44,,,,44,,,false,,"","",Tagetes,Marigolds,Plantae,72389,Asteraceae,Tagetes
334515897,2025-08-05 12:32:29,2025-08-05,Mountain Time (US & Canada),4547933,casual,0,true,"S Vrain St, Denver, CO, US",39.659695,-105.0462888333,4,,,,4,,,false,,"",Elegant Zinnia,Zinnia elegans,Elegant Zinnia,Plantae,181901,Asteraceae,Zinnia
334515910,2025-08-05 12:32:24,2025-08-05,Mountain Time (US & Canada),4547933,casual,0,true,"Denver County, US-CO, US",39.6596916667,-105.0462888333,4,,,,4,,,false,,"",Dahlias,Dahlia,Dahlias,Plantae,58465,Asteraceae,Dahlia
334515914,2025-08-05 12:32:19,2025-08-05,Mountain Time (US & Canada),4547933,casual,0,true,"Denver County, US-CO, US",39.6597116667,-105.0463028333,5,,,,5,,open,false,,"",Common Sunflower,Helianthus annuus,Common Sunflower,Plantae,57983,Asteraceae,Helianthus
334515922,2025-08-05 12:31:57,2025-08-05,Mountain Time (US & Canada),4547933,casual,0,true,"Denver County, US-CO, US",39.6598366667,-105.0462638333,27,,,,27,,,false,,"",Cucumber,Cucumis sativus,Cucumber,Plantae,54919,Cucurbitaceae,Cucumis
334515941,2025-08-05 12:31:20,2025-08-05,Mountain Time (US & Canada),4547933,casual,0,true,"Denver County, US-CO, US",39.659675,-105.0463471667,12,,,,12,,,false,,"",dwarf mallow,Malva neglecta,dwarf mallow,Plantae,77952,Malvaceae,Malva
334515965,2025-08-05 12:31:00,2025-08-05,Mountain Time (US & Canada),4547933,casual,0,true,"Denver County, US-CO, US",39.659645,-105.0463166667,6,,,,6,,,false,,"",Cucumber,Cucumis sativus,Cucumber,Plantae,54919,Cucurbitaceae,Cucumis
334515978,2025-08-05 12:30:54,2025-08-05,Mountain Time (US & Canada),4547933,casual,0,true,"Denver County, US-CO, US",39.6596633333,-105.0463166667,5,,,,5,,,false,,"",French marigold,Tagetes patula,French marigold,Plantae,777243,Asteraceae,Tagetes
334515993,2025-08-05 12:30:48,2025-08-05,Mountain Time (US & Canada),4547933,casual,0,true,"Denver County, US-CO, US",39.659675,-105.046325,4,,,,4,,,false,,"",Common Buckwheat,Fagopyrum esculentum,Common Buckwheat,Plantae,145601,Polygonaceae,Fagopyrum
334516007,2025-08-05 12:30:40,2025-08-05,Mountain Time (US & Canada),4547933,casual,0,true,"Denver County, US-CO, US",39.6596716667,-105.046325,5,,,,5,,,false,,"",Oregano,Origanum vulgare,Oregano,Plantae,61396,Lamiaceae,Origanum
334516027,2025-08-05 12:30:31,2025-08-05,Mountain Time (US & Canada),4547933,casual,0,true,"Denver County, US-CO, US",39.6596716667,-105.046325,5,,,,5,,,false,,"",Dill,Anethum graveolens,Dill,Plantae,75445,Apiaceae,Anethum
334516041,2025-08-05 12:30:26,2025-08-05,Mountain Time (US & Canada),4547933,casual,0,true,"Denver County, US-CO, US",39.6596666667,-105.046325,5,,,,5,,,false,,"",firewheel,Gaillardia pulchella,firewheel,Plantae,51768,Asteraceae,Gaillardia
334516062,2025-08-05 12:30:12,2025-08-05,Mountain Time (US & Canada),4547933,casual,0,true,"Denver County, US-CO, US",39.6596716667,-105.0463028333,5,,,,5,,,false,,"",Mexican Marigold,Tagetes erecta,Mexican Marigold,Plantae,79312,Asteraceae,Tagetes
334516097,2025-08-05 12:29:59,2025-08-05,Mountain Time (US & Canada),4547933,casual,0,true,"Denver County, US-CO, US",39.65965,-105.0463166667,5,,,,5,,,false,,"",tomato,Solanum lycopersicum,tomato,Plantae,51737,Solanaceae,Solanum
334516107,2025-08-05 12:29:51,2025-08-05,Mountain Time (US & Canada),4547933,casual,0,true,"Denver County, US-CO, US",39.65963,-105.0463028333,5,,,,5,,,false,,"",Western Snowberry,Symphoricarpos occidentalis,Western Snowberry,Plantae,169448,Caprifoliaceae,Symphoricarpos
334516118,2025-08-05 12:29:41,2025-08-05,Mountain Time (US & Canada),4547933,casual,0,true,"Denver County, US-CO, US",39.6596333333,-105.046325,6,,,,6,,,false,,"",sunflowers,Helianthus,sunflowers,Plantae,56955,Asteraceae,Helianthus
334516136,2025-08-05 12:29:29,2025-08-05,Mountain Time (US & Canada),4547933,casual,0,true,"Denver County, US-CO, US",39.6596416667,-105.0463638333,6,,,,6,,,false,,"",Sempervivoideae,Sempervivoideae,,Plantae,889256,Crassulaceae,
334516149,2025-08-05 12:29:23,2025-08-05,Mountain Time (US & Canada),4547933,casual,0,true,"Denver County, US-CO, US",39.6596366667,-105.0463471667,6,,,,6,,,false,,"","",Rudbeckia,black-eyed Susans and coneflowers,Plantae,62742,Asteraceae,Rudbeckia
334516162,2025-08-05 12:29:09,2025-08-05,Mountain Time (US & Canada),4547933,casual,0,true,"Denver County, US-CO, US",39.6596333333,-105.0463721667,7,,,,7,,,false,,"",Red Valerian,Centranthus ruber,Red Valerian,Plantae,57283,Caprifoliaceae,Centranthus
334516177,2025-08-05 12:29:04,2025-08-05,Mountain Time (US & Canada),4547933,casual,0,true,"Denver County, US-CO, US",39.6596216667,-105.0463721667,6,,,,6,,,false,,"",blue leadwort,Ceratostigma plumbaginoides,blue leadwort,Plantae,160358,Plumbaginaceae,Ceratostigma
334516186,2025-08-05 12:29:00,2025-08-05,Mountain Time (US & Canada),4547933,casual,0,true,"Denver County, US-CO, US",39.65962,-105.0463721667,5,,,,5,,,false,,"",Mongolian Bluebeard,Caryopteris mongholica,Mongolian Bluebeard,Plantae,869007,Lamiaceae,Caryopteris
334516192,2025-08-05 12:28:56,2025-08-05,Mountain Time (US & Canada),4547933,casual,0,true,"Denver County, US-CO, US",39.6596116667,-105.0463638333,5,,,,5,,,false,,"",coneflowers,Echinacea,coneflowers,Plantae,48628,Asteraceae,Echinacea
334516199,2025-08-05 12:28:42,2025-08-05,Mountain Time (US & Canada),4547933,casual,0,true,"Denver County, US-CO, US",39.65963,-105.0463861667,6,,,,6,,,false,,"","",Tagetes,Marigolds,Plantae,72389,Asteraceae,Tagetes
334516205,2025-08-05 12:28:36,2025-08-05,Mountain Time (US & Canada),4547933,casual,0,true,"Denver County, US-CO, US",39.6596216667,-105.0463861667,7,,,,7,,,false,,"",black-eyed Susan,Rudbeckia hirta,black-eyed Susan,Plantae,62741,Asteraceae,Rudbeckia
334516212,2025-08-05 12:28:16,2025-08-05,Mountain Time (US & Canada),4547933,casual,0,true,"Denver County, US-CO, US",39.6596366667,-105.0463721667,7,,,,7,,,false,,"",Common Buckwheat,Fagopyrum esculentum,Common Buckwheat,Plantae,145601,Polygonaceae,Fagopyrum
334516236,2025-08-05 12:28:02,2025-08-05,Mountain Time (US & Canada),4547933,casual,0,true,"Denver County, US-CO, US",39.6596533333,-105.0463471667,9,,,,9,,,false,,"",catmints,Nepeta,catmints,Plantae,48624,Lamiaceae,Nepeta
334516247,2025-08-05 12:27:57,2025-08-05,Mountain Time (US & Canada),4547933,casual,0,true,"Denver County, US-CO, US",39.6596633333,-105.0463721667,12,,,,12,,,false,,"",black-eyed Susan,Rudbeckia hirta,black-eyed Susan,Plantae,62741,Asteraceae,Rudbeckia
334516255,2025-08-05 12:27:49,2025-08-05,Mountain Time (US & Canada),4547933,casual,0,true,"Denver County, US-CO, US",39.659695,-105.0463861667,13,,,,13,,,false,,"",Mentheae,Mentheae,,Plantae,918917,Lamiaceae,
334516266,2025-08-05 12:27:39,2025-08-05,Mountain Time (US & Canada),4547933,casual,0,true,"Denver County, US-CO, US",39.6597133333,-105.0463721667,15,,,,15,,,false,,"","Chamomiles, yarrows, and allies",Anthemideae,"Chamomiles, yarrows, and allies",Plantae,373844,Asteraceae,
334516275,2025-08-05 12:27:34,2025-08-05,Mountain Time (US & Canada),4547933,casual,0,true,"Denver County, US-CO, US",39.659695,-105.0463778333,17,,,,17,,,false,,"",Buckwheats,Fagopyrum,Buckwheats,Plantae,145602,Polygonaceae,Fagopyrum
334516284,2025-08-05 12:27:30,2025-08-05,Mountain Time (US & Canada),4547933,casual,0,true,"Denver County, US-CO, US",39.6597116667,-105.0463555,4,,,,4,,,false,,"",French marigold,Tagetes patula,French marigold,Plantae,777243,Asteraceae,Tagetes
334516301,2025-08-05 12:27:22,2025-08-05,Mountain Time (US & Canada),4547933,casual,0,true,"Denver County, US-CO, US",39.659705,-105.0464028333,4,,,,4,,,false,,"","",Rudbeckia,black-eyed Susans and coneflowers,Plantae,62742,Asteraceae,Rudbeckia
334516314,2025-08-05 12:27:05,2025-08-05,Mountain Time (US & Canada),4547933,casual,0,true,"Denver County, US-CO, US",39.659755,-105.0463778333,14,,,,14,,,false,,"","",Helianthus,sunflowers,Plantae,56955,Asteraceae,Helianthus
334516323,2025-08-05 12:26:01,2025-08-05,Mountain Time (US & Canada),4547933,casual,0,true,"Denver County, US-CO, US",39.659725,-105.0464166667,12,,,,12,,,false,,"",nightshades,Solanum,nightshades,Plantae,50641,Solanaceae,Solanum
334516330,2025-08-05 12:25:53,2025-08-05,Mountain Time (US & Canada),4547933,casual,0,true,"Denver County, US-CO, US",39.6597416667,-105.0464333333,11,,,,11,,,false,,"","",Anethum,,Plantae,71969,Apiaceae,Anethum
334516339,2025-08-05 12:25:36,2025-08-05,Mountain Time (US & Canada),4547933,casual,0,true,"Denver County, US-CO, US",39.6598033333,-105.0464471667,10,,,,10,,,false,,"",tomato,Solanum lycopersicum,tomato,Plantae,51737,Solanaceae,Solanum
334516361,2025-08-05 12:25:33,2025-08-05,Mountain Time (US & Canada),4547933,casual,0,true,"Denver County, US-CO, US",39.6598033333,-105.0464471667,9,,,,9,,,false,,"","",Cucumis,Melons & Cucumbers,Plantae,54916,Cucurbitaceae,Cucumis
334516369,2025-08-05 12:25:27,2025-08-05,Mountain Time (US & Canada),4547933,casual,0,true,"Denver County, US-CO, US",39.6597883333,-105.0464471667,9,,,,9,,,false,,"",groundcherries,Physalis,groundcherries,Plantae,51733,Solanaceae,Physalis
334516384,2025-08-05 12:25:11,2025-08-05,Mountain Time (US & Canada),4547933,casual,0,true,"Denver County, US-CO, US",39.6597866667,-105.0464166667,10,,,,10,,,false,,"","",Tagetes,Marigolds,Plantae,72389,Asteraceae,Tagetes
334516406,2025-08-05 12:25:04,2025-08-05,Mountain Time (US & Canada),4547933,casual,0,true,"Denver County, US-CO, US",39.6598033333,-105.046425,10,,,,10,,,false,,"",Mint Family,Lamiaceae,Mint Family,Plantae,48623,Lamiaceae,
334516410,2025-08-05 12:24:55,2025-08-05,Mountain Time (US & Canada),4547933,casual,0,true,"Denver County, US-CO, US",39.6598383333,-105.0464388333,12,,,,12,,,false,,"",Asteroideae,Asteroideae,,Plantae,632790,Asteraceae,
334516456,2025-08-05 12:24:34,2025-08-05,Mountain Time (US & Canada),4547933,casual,0,true,"Denver County, US-CO, US",39.6598283333,-105.0464333333,8,,,,8,,,false,,"",Zinnias,Zinnia,Zinnias,Plantae,132450,Asteraceae,Zinnia
334516466,2025-08-05 12:24:30,2025-08-05,Mountain Time (US & Canada),4547933,casual,0,true,"Denver County, US-CO, US",39.6598333333,-105.0464333333,6,,,,6,,,false,,"",Zinnias,Zinnia,Zinnias,Plantae,132450,Asteraceae,Zinnia
334516475,2025-08-05 12:24:26,2025-08-05,Mountain Time (US & Canada),4547933,casual,0,true,"Denver County, US-CO, US",39.6598333333,-105.0464333333,6,,,,6,,,false,,"",Zinnias,Zinnia,Zinnias,Plantae,132450,Asteraceae,Zinnia
334516483,2025-08-05 12:24:17,2025-08-05,Mountain Time (US & Canada),4547933,casual,0,true,"Denver County, US-CO, US",39.6598083333,-105.0464083333,6,,,,6,,,false,,"",Mealy Blue Sage,Salvia farinacea,Mealy Blue Sage,Plantae,148006,Lamiaceae,Salvia
334516488,2025-08-05 12:24:03,2025-08-05,Mountain Time (US & Canada),4547933,casual,0,true,"Denver County, US-CO, US",39.6597866667,-105.0464638333,7,,,,7,,,false,,"","",Solanum lycopersicum,tomato,Plantae,51737,Solanaceae,Solanum
334516505,2025-08-05 12:23:48,2025-08-05,Mountain Time (US & Canada),4547933,casual,0,true,"Denver County, US-CO, US",39.65982,-105.0464388333,6,,,,6,,,false,,"","",Cucurbitaceae,gourd family,Plantae,48620,Cucurbitaceae,
334516558,2025-08-05 12:23:33,2025-08-05,Mountain Time (US & Canada),4547933,casual,0,true,"Denver County, US-CO, US",39.6598283333,-105.0464166667,5,,,,5,,,false,,"",Eustoma,Eustoma,,Plantae,72131,Gentianaceae,Eustoma
334517559,2025-08-05 12:23:23,2025-08-05,Mountain Time (US & Canada),4547933,casual,0,true,"Denver County, US-CO, US",39.659825,-105.0464388333,14,,,,14,,,false,,"","",Anethum,,Plantae,71969,Apiaceae,Anethum
334517574,2025-08-05 12:23:19,2025-08-05,Mountain Time (US & Canada),4547933,casual,0,true,"Denver County, US-CO, US",39.6598283333,-105.0464778333,14,,,,14,,,false,,"","",Dahlia,Dahlias,Plantae,58465,Asteraceae,Dahlia
334517587,2025-08-05 12:22:56,2025-08-05,Mountain Time (US & Canada),4547933,casual,0,true,"Denver County, US-CO, US",39.6598333333,-105.0464945,6,,,,6,,,false,,"",Zinnias,Zinnia,Zinnias,Plantae,132450,Asteraceae,Zinnia
334517596,2025-08-05 12:22:40,2025-08-05,Mountain Time (US & Canada),4547933,casual,0,true,"Denver County, US-CO, US",39.659805,-105.0465,8,,,,8,,,false,,"",Dahlias,Dahlia,Dahlias,Plantae,58465,Asteraceae,Dahlia
334517605,2025-08-05 12:22:07,2025-08-05,Mountain Time (US & Canada),4547933,casual,0,true,"Denver County, US-CO, US",39.6597466667,-105.0464388333,13,,,,13,,,false,,"",Mint Family,Lamiaceae,Mint Family,Plantae,48623,Lamiaceae,
334517615,2025-08-05 12:22:01,2025-08-05,Mountain Time (US & Canada),4547933,casual,0,true,"Denver County, US-CO, US",39.659725,-105.0464166667,14,,,,14,,,false,,"","",Helianthus,sunflowers,Plantae,56955,Asteraceae,Helianthus
334517632,2025-08-05 12:21:56,2025-08-05,Mountain Time (US & Canada),4547933,casual,0,true,"Denver County, US-CO, US",39.6597283333,-105.046425,14,,,,14,,,false,,"","",Tagetes,Marigolds,Plantae,72389,Asteraceae,Tagetes
334517645,2025-08-05 12:21:45,2025-08-05,Mountain Time (US & Canada),4547933,casual,0,true,"Denver County, US-CO, US",39.659725,-105.0463945,15,,,,15,,,false,,"","",Ipomoea,morning-glories,Plantae,52346,Convolvulaceae,Ipomoea
334517657,2025-08-05 12:21:39,2025-08-05,Mountain Time (US & Canada),4547933,casual,0,true,"Denver County, US-CO, US",39.6597166667,-105.0464028333,15,,,,15,,,false,,"",Sages,Salvia,Sages,Plantae,50644,Lamiaceae,Salvia
334517671,2025-08-05 12:21:23,2025-08-05,Mountain Time (US & Canada),4547933,casual,0,true,"Denver County, US-CO, US",39.6597033333,-105.0464388333,7,,,,7,,,false,,"","",Cucumis,Melons & Cucumbers,Plantae,54916,Cucurbitaceae,Cucumis
334517677,2025-08-05 12:21:15,2025-08-05,Mountain Time (US & Canada),4547933,casual,0,true,"Denver County, US-CO, US",39.6596966667,-105.0464333333,6,,,,6,,,false,,"","",Borago,Borages,Plantae,52288,Boraginaceae,Borago
334517689,2025-08-05 12:20:47,2025-08-05,Mountain Time (US & Canada),4547933,casual,0,true,"Denver County, US-CO, US",39.6596666667,-105.0464333333,9,,,,9,,,false,,"","",Tagetes,Marigolds,Plantae,72389,Asteraceae,Tagetes
334517701,2025-08-05 12:20:43,2025-08-05,Mountain Time (US & Canada),4547933,casual,0,true,"Denver County, US-CO, US",39.6596633333,-105.0464166667,10,,,,10,,,false,,"","",Capsicum,peppers,Plantae,48517,Solanaceae,Capsicum
334517709,2025-08-05 12:20:33,2025-08-05,Mountain Time (US & Canada),4547933,casual,0,true,"Denver County, US-CO, US",39.6596533333,-105.046425,13,,,,13,,,false,,"","",Salvia,Sages,Plantae,50644,Lamiaceae,Salvia
334517721,2025-08-05 12:20:19,2025-08-05,Mountain Time (US & Canada),4547933,casual,0,true,"Denver County, US-CO, US",39.65965,-105.0464028333,17,,,,17,,,false,,"","",Tagetes,Marigolds,Plantae,72389,Asteraceae,Tagetes
334517961,2025-08-05 12:19:59,2025-08-05,Mountain Time (US & Canada),4547933,casual,0,true,"Denver County, US-CO, US",39.6596333333,-105.0463471667,12,,,,12,,,false,,"",black-eyed Susan,Rudbeckia hirta,black-eyed Susan,Plantae,62741,Asteraceae,Rudbeckia
334517970,2025-08-05 12:19:49,2025-08-05,Mountain Time (US & Canada),4547933,casual,0,true,"Denver County, US-CO, US",39.659595,-105.0463471667,9,,,,9,,,false,,"",Red Valerian,Centranthus ruber,Red Valerian,Plantae,57283,Caprifoliaceae,Centranthus
334517992,2025-08-05 12:19:41,2025-08-05,Mountain Time (US & Canada),4547933,casual,0,true,"Denver County, US-CO, US",39.6596116667,-105.0464028333,6,,,,6,,,false,,"",Eastern Cat-mint,Nepeta racemosa,Eastern Cat-mint,Plantae,165681,Lamiaceae,Nepeta
334518008,2025-08-05 12:19:36,2025-08-05,Mountain Time (US & Canada),4547933,casual,0,true,"Denver County, US-CO, US",39.65962,-105.0464166667,6,,,,6,,,false,,"","",Achillea filipendulina,Fern-leaf Yarrow,Plantae,157924,Asteraceae,Achillea
334518022,2025-08-05 12:19:20,2025-08-05,Mountain Time (US & Canada),4547933,casual,0,true,"Denver County, US-CO, US",39.65963,-105.0463945,6,,,,6,,,false,,"",Rocky Mountain Beeplant,Cleomella serrulata,Rocky Mountain Beeplant,Plantae,1415100,Cleomaceae,Cleomella
334518041,2025-08-05 12:19:14,2025-08-05,Mountain Time (US & Canada),4547933,casual,0,true,"Denver County, US-CO, US",39.6596533333,-105.0464028333,5,,,,5,,,false,,"","",Rudbeckia,black-eyed Susans and coneflowers,Plantae,62742,Asteraceae,Rudbeckia
334518058,2025-08-05 12:19:08,2025-08-05,Mountain Time (US & Canada),4547933,casual,0,true,"Denver County, US-CO, US",39.6596866667,-105.0464166667,14,,,,14,,,false,,"","",Zinnia,Zinnias,Plantae,132450,Asteraceae,Zinnia
334518106,2025-08-05 12:19:00,2025-08-05,Mountain Time (US & Canada),4547933,casual,0,true,"Denver County, US-CO, US",39.6598583333,-105.0464945,19,,,,19,,,false,,"","",Helianthus,sunflowers,Plantae,56955,Asteraceae,Helianthus
334518496,2025-08-05 12:20:07,2025-08-05,Mountain Time (US & Canada),4547933,casual,0,true,"Denver County, US-CO, US",39.6596416667,-105.0463416667,16,,,,16,,,false,,"",coriander,Coriandrum sativum,coriander,Plantae,67759,Apiaceae,Coriandrum
334623619,2025-08-05 12:06:16,2025-08-05,Mountain Time (US & Canada),4547933,casual,0,true,"S Quitman Way, Denver, CO, US",39.6756383333,-105.0387721667,4,,,,4,,,false,,"","",Salvia,Sages,Plantae,50644,Lamiaceae,Salvia
334623632,2025-08-05 12:06:08,2025-08-05,Mountain Time (US & Canada),4547933,casual,0,true,"Denver County, US-CO, US",39.6756666667,-105.0387721667,5,,,,5,,,false,,"",common morning-glory,Ipomoea purpurea,common morning-glory,Plantae,52344,Convolvulaceae,Ipomoea
334623643,2025-08-05 12:06:03,2025-08-05,Mountain Time (US & Canada),4547933,casual,0,true,"Denver County, US-CO, US",39.6756533333,-105.0387805,5,,,,5,,,false,,"",gourd family,Cucurbitaceae,gourd family,Plantae,48620,Cucurbitaceae,
334623655,2025-08-05 12:05:52,2025-08-05,Mountain Time (US & Canada),4547933,casual,0,true,"Denver County, US-CO, US",39.6756383333,-105.0387888333,6,,,,6,,,false,,"","Sunflowers, Daisies, Asters, and Allies",Asteraceae,"Sunflowers, Daisies, Asters, and Allies",Plantae,47604,Asteraceae,
334623660,2025-08-05 12:05:45,2025-08-05,Mountain Time (US & Canada),4547933,casual,0,true,"Denver County, US-CO, US",39.6756333333,-105.0388195,6,,,,6,,,false,,"","",Solanum lycopersicum,tomato,Plantae,51737,Solanaceae,Solanum
334623671,2025-08-05 12:05:40,2025-08-05,Mountain Time (US & Canada),4547933,casual,0,true,"Denver County, US-CO, US",39.6756216667,-105.0388195,7,,,,7,,,false,,"",Marigolds,Tagetes,Marigolds,Plantae,72389,Asteraceae,Tagetes
334623677,2025-08-05 12:05:32,2025-08-05,Mountain Time (US & Canada),4547933,casual,0,true,"Denver County, US-CO, US",39.6756466667,-105.0388028333,7,,,,7,,,false,,"",field bindweed,Convolvulus arvensis,field bindweed,Plantae,53021,Convolvulaceae,Convolvulus
334623689,2025-08-05 12:05:26,2025-08-05,Mountain Time (US & Canada),4547933,casual,0,true,"Denver County, US-CO, US",39.6756216667,-105.0388028333,8,,,,8,,,false,,"",Zinnias,Zinnia,Zinnias,Plantae,132450,Asteraceae,Zinnia
334623702,2025-08-05 12:05:13,2025-08-05,Mountain Time (US & Canada),4547933,casual,0,true,"Denver County, US-CO, US",39.6756133333,-105.038825,13,,,,13,,,false,,"","",Solanum lycopersicum,tomato,Plantae,51737,Solanaceae,Solanum
334623709,2025-08-05 12:05:10,2025-08-05,Mountain Time (US & Canada),4547933,casual,0,true,"Denver County, US-CO, US",39.6756133333,-105.038825,16,,,,16,,,false,,"","",Asteraceae,"Sunflowers, Daisies, Asters, and Allies",Plantae,47604,Asteraceae,
334623714,2025-08-05 12:04:56,2025-08-05,Mountain Time (US & Canada),4547933,casual,0,true,"Denver County, US-CO, US",39.6755783333,-105.0388111667,7,,,,7,,,false,,"",Elegant Zinnia,Zinnia elegans,Elegant Zinnia,Plantae,181901,Asteraceae,Zinnia
334623721,2025-08-05 12:04:51,2025-08-05,Mountain Time (US & Canada),4547933,casual,0,true,"Denver County, US-CO, US",39.6755716667,-105.0388195,5,,,,5,,,false,,"",Muskmelon,Cucumis melo,Muskmelon,Plantae,76538,Cucurbitaceae,Cucumis
334623731,2025-08-05 12:04:45,2025-08-05,Mountain Time (US & Canada),4547933,casual,0,true,"Denver County, US-CO, US",39.6755666667,-105.038825,7,,,,7,,open,false,,"",American pumpkin,Cucurbita pepo,American pumpkin,Plantae,76541,Cucurbitaceae,Cucurbita
334623744,2025-08-05 12:04:39,2025-08-05,Mountain Time (US & Canada),4547933,casual,0,true,"Denver County, US-CO, US",39.6755666667,-105.0389166667,14,,,,14,,,false,,"",field bindweed,Convolvulus arvensis,field bindweed,Plantae,53021,Convolvulaceae,Convolvulus
334623752,2025-08-05 12:04:36,2025-08-05,Mountain Time (US & Canada),4547933,casual,0,true,"Denver County, US-CO, US",39.675555,-105.0389111667,14,,,,14,,,false,,"",amaranths,Amaranthus,amaranths,Plantae,52326,Amaranthaceae,Amaranthus
334624524,2025-08-05 11:02:53,2025-08-05,Mountain Time (US & Canada),4547933,casual,0,true,"Ruby Hill Loop Trail, Denver, CO, US",39.685275,-105.00598055,9,,,,9,,,false,,"",common hibiscus,Hibiscus syriacus,common hibiscus,Plantae,126585,Malvaceae,Hibiscus
334624541,2025-08-05 11:02:43,2025-08-05,Mountain Time (US & Canada),4547933,casual,0,true,"Denver County, US-CO, US",39.68527,-105.0059583333,6,,,,6,,,false,,"",Oregano,Origanum vulgare,Oregano,Plantae,61396,Lamiaceae,Origanum
334624552,2025-08-05 11:02:37,2025-08-05,Mountain Time (US & Canada),4547933,casual,0,true,"Denver County, US-CO, US",39.6852616667,-105.0059666667,5,,,,5,,,false,,"",Hollyhock,Alcea rosea,Hollyhock,Plantae,62205,Malvaceae,Alcea
334624560,2025-08-05 11:01:58,2025-08-05,Mountain Time (US & Canada),4547933,casual,0,true,"Denver County, US-CO, US",39.6853,-105.0059277833,4,,,,4,,,false,,"",Petite Marigold,Tagetes tenuifolia,Petite Marigold,Plantae,289732,Asteraceae,Tagetes
334624572,2025-08-05 11:01:51,2025-08-05,Mountain Time (US & Canada),4547933,casual,0,true,"Denver County, US-CO, US",39.6853,-105.00591945,4,,,,4,,,false,,"",gourds,Cucurbita,gourds,Plantae,55425,Cucurbitaceae,Cucurbita
334624585,2025-08-05 11:01:47,2025-08-05,Mountain Time (US & Canada),4547933,casual,0,true,"Denver County, US-CO, US",39.685295,-105.00591945,4,,,,4,,,false,,"",Eastern Cat-mint,Nepeta racemosa,Eastern Cat-mint,Plantae,165681,Lamiaceae,Nepeta
334624598,2025-08-05 11:01:43,2025-08-05,Mountain Time (US & Canada),4547933,casual,0,true,"Denver County, US-CO, US",39.6853,-105.00591945,4,,,,4,,,false,,"",Watermelon,Citrullus lanatus,Watermelon,Plantae,70054,Cucurbitaceae,Citrullus
334624607,2025-08-05 11:01:35,2025-08-05,Mountain Time (US & Canada),4547933,casual,0,true,"Denver County, US-CO, US",39.685295,-105.00590555,4,,,,4,,,false,,"",Petite Marigold,Tagetes tenuifolia,Petite Marigold,Plantae,289732,Asteraceae,Tagetes
334624615,2025-08-05 11:01:15,2025-08-05,Mountain Time (US & Canada),4547933,casual,0,true,"Denver County, US-CO, US",39.6853,-105.0058833333,4,,,,4,,,false,,"",Cucumber,Cucumis sativus,Cucumber,Plantae,54919,Cucurbitaceae,Cucumis
334624623,2025-08-05 11:01:11,2025-08-05,Mountain Time (US & Canada),4547933,casual,0,true,"Denver County, US-CO, US",39.6853033333,-105.0058833333,5,,,,5,,,false,,"",Dill,Anethum graveolens,Dill,Plantae,75445,Apiaceae,Anethum
334624634,2025-08-05 11:01:06,2025-08-05,Mountain Time (US & Canada),4547933,casual,0,true,"Denver County, US-CO, US",39.6853033333,-105.0058888833,5,,,,5,,,false,,"",Mexican Marigold,Tagetes erecta,Mexican Marigold,Plantae,79312,Asteraceae,Tagetes
334624651,2025-08-05 11:00:28,2025-08-05,Mountain Time (US & Canada),4547933,casual,0,true,"Denver County, US-CO, US",39.6853166667,-105.0058666667,5,,,,5,,open,false,,"",chili pepper,Capsicum annuum,chili pepper,Plantae,48514,Solanaceae,Capsicum
334624663,2025-08-05 11:00:09,2025-08-05,Mountain Time (US & Canada),4547933,casual,0,true,"Denver County, US-CO, US",39.6853416667,-105.0058666667,5,,,,5,,,false,,"",tomato,Solanum lycopersicum,tomato,Plantae,51737,Solanaceae,Solanum
334624687,2025-08-05 10:59:22,2025-08-05,Mountain Time (US & Canada),4547933,casual,0,true,"Denver County, US-CO, US",39.6853333333,-105.0058666667,4,,,,4,,open,false,,"",Common Sunflower,Helianthus annuus,Common Sunflower,Plantae,57983,Asteraceae,Helianthus
334624692,2025-08-05 10:59:07,2025-08-05,Mountain Time (US & Canada),4547933,casual,0,true,"Denver County, US-CO, US",39.685325,-105.00584445,4,,,,4,,,false,,"",Muskmelon,Cucumis melo,Muskmelon,Plantae,76538,Cucurbitaceae,Cucumis
334624707,2025-08-05 10:58:55,2025-08-05,Mountain Time (US & Canada),4547933,casual,0,true,"Denver County, US-CO, US",39.68533,-105.0058583333,4,,,,4,,,false,,"",Elegant Zinnia,Zinnia elegans,Elegant Zinnia,Plantae,181901,Asteraceae,Zinnia
334624717,2025-08-05 10:58:49,2025-08-05,Mountain Time (US & Canada),4547933,casual,0,true,"Denver County, US-CO, US",39.6853333333,-105.0058527833,4,,,,4,,,false,,"",Fern-leaf Yarrow,Achillea filipendulina,Fern-leaf Yarrow,Plantae,157924,Asteraceae,Achillea
334624728,2025-08-05 10:58:44,2025-08-05,Mountain Time (US & Canada),4547933,casual,0,true,"Denver County, US-CO, US",39.6853466667,-105.0058583333,4,,,,4,,,false,,"",Mexican Marigold,Tagetes erecta,Mexican Marigold,Plantae,79312,Asteraceae,Tagetes
334624743,2025-08-05 10:58:39,2025-08-05,Mountain Time (US & Canada),4547933,casual,0,true,"Denver County, US-CO, US",39.685355,-105.0058583333,4,,,,4,,,false,,"",field bindweed,Convolvulus arvensis,field bindweed,Plantae,53021,Convolvulaceae,Convolvulus
334624753,2025-08-05 10:58:34,2025-08-05,Mountain Time (US & Canada),4547933,casual,0,true,"Denver County, US-CO, US",39.6853633333,-105.00584445,4,,,,4,,open,false,,"",spearmint,Mentha spicata,spearmint,Plantae,62652,Lamiaceae,Mentha
334624762,2025-08-05 10:58:23,2025-08-05,Mountain Time (US & Canada),4547933,casual,0,true,"Denver County, US-CO, US",39.685375,-105.00584445,4,,,,4,,open,false,,"",Common Sunflower,Helianthus annuus,Common Sunflower,Plantae,57983,Asteraceae,Helianthus
334624772,2025-08-05 10:58:18,2025-08-05,Mountain Time (US & Canada),4547933,casual,0,true,"Denver County, US-CO, US",39.6853783333,-105.0058527833,4,,,,4,,open,false,,"",American pumpkin,Cucurbita pepo,American pumpkin,Plantae,76541,Cucurbitaceae,Cucurbita
334624794,2025-08-05 10:57:44,2025-08-05,Mountain Time (US & Canada),4547933,casual,0,true,"Denver County, US-CO, US",39.6852866667,-105.0060361167,5,,,,5,,,false,,"",nightshades,Solanum,nightshades,Plantae,50641,Solanaceae,Solanum
334624805,2025-08-05 10:57:39,2025-08-05,Mountain Time (US & Canada),4547933,casual,0,true,"Denver County, US-CO, US",39.685275,-105.0060361167,5,,,,5,,open,false,,"",Common Sunflower,Helianthus annuus,Common Sunflower,Plantae,57983,Asteraceae,Helianthus
334624818,2025-08-05 10:57:33,2025-08-05,Mountain Time (US & Canada),4547933,casual,0,true,"Denver County, US-CO, US",39.6852866667,-105.0060416667,5,,,,5,,,false,,"",common morning-glory,Ipomoea purpurea,common morning-glory,Plantae,52344,Convolvulaceae,Ipomoea
334624827,2025-08-05 10:57:24,2025-08-05,Mountain Time (US & Canada),4547933,casual,0,true,"Denver County, US-CO, US",39.6852716667,-105.0060722167,6,,,,6,,,false,,"",French marigold,Tagetes patula,French marigold,Plantae,777243,Asteraceae,Tagetes
334624833,2025-08-05 10:55:52,2025-08-05,Mountain Time (US & Canada),4547933,casual,0,true,"Denver County, US-CO, US",39.6852716667,-105.0060888833,6,,,,6,,,false,,"",garden nasturtium,Tropaeolum majus,garden nasturtium,Plantae,54329,Tropaeolaceae,Tropaeolum
334624841,2025-08-05 10:55:42,2025-08-05,Mountain Time (US & Canada),4547933,casual,0,true,"Denver County, US-CO, US",39.68528,-105.0060888833,6,,,,6,,open,false,,"",Common Sunflower,Helianthus annuus,Common Sunflower,Plantae,57983,Asteraceae,Helianthus
334624851,2025-08-05 10:55:31,2025-08-05,Mountain Time (US & Canada),4547933,casual,0,true,"Denver County, US-CO, US",39.6852916667,-105.0061027833,8,,,,8,,,false,,"",larkspurs,Delphinium,larkspurs,Plantae,48493,Ranunculaceae,Delphinium
334624878,2025-08-05 10:54:59,2025-08-05,Mountain Time (US & Canada),4547933,casual,0,true,"Denver County, US-CO, US",39.6853133333,-105.0060972167,11,,,,11,,,false,,"",Coriandrum,Coriandrum,,Plantae,67758,Apiaceae,Coriandrum
334624891,2025-08-05 10:54:50,2025-08-05,Mountain Time (US & Canada),4547933,casual,0,true,"Denver County, US-CO, US",39.685325,-105.0060972167,12,,,,12,,open,false,,"",Common Lavender,Lavandula angustifolia,Common Lavender,Plantae,133395,Lamiaceae,Lavandula
334624897,2025-08-05 10:54:28,2025-08-05,Mountain Time (US & Canada),4547933,casual,0,true,"Denver County, US-CO, US",39.6853166667,-105.00608055,9,,,,9,,,false,,"",Wild radish,Raphanus raphanistrum,Wild radish,Plantae,55411,Brassicaceae,Raphanus
334624904,2025-08-05 10:53:48,2025-08-05,Mountain Time (US & Canada),4547933,casual,0,true,"Denver County, US-CO, US",39.6853116667,-105.00608055,11,,,,11,,open,false,,"",Common Sunflower,Helianthus annuus,Common Sunflower,Plantae,57983,Asteraceae,Helianthus
334624912,2025-08-05 10:53:33,2025-08-05,Mountain Time (US & Canada),4547933,casual,0,true,"Denver County, US-CO, US",39.685305,-105.00608055,11,,,,11,,,false,,"",common morning-glory,Ipomoea purpurea,common morning-glory,Plantae,52344,Convolvulaceae,Ipomoea
334624924,2025-08-05 10:53:18,2025-08-05,Mountain Time (US & Canada),4547933,casual,0,true,"Denver County, US-CO, US",39.6852833333,-105.0061277833,11,,,,11,,open,false,,"",American pumpkin,Cucurbita pepo,American pumpkin,Plantae,76541,Cucurbitaceae,Cucurbita
334624931,2025-08-05 10:53:15,2025-08-05,Mountain Time (US & Canada),4547933,casual,0,true,"Denver County, US-CO, US",39.6852866667,-105.0061277833,11,,,,11,,open,false,,"",Common Sunflower,Helianthus annuus,Common Sunflower,Plantae,57983,Asteraceae,Helianthus
334624946,2025-08-05 10:53:11,2025-08-05,Mountain Time (US & Canada),4547933,casual,0,true,"Denver County, US-CO, US",39.6852833333,-105.00611945,11,,,,11,,,false,,"",Cucumber,Cucumis sativus,Cucumber,Plantae,54919,Cucurbitaceae,Cucumis
334624955,2025-08-05 10:53:02,2025-08-05,Mountain Time (US & Canada),4547933,casual,0,true,"Denver County, US-CO, US",39.6853133333,-105.00611945,12,,,,12,,open,false,,"",spearmint,Mentha spicata,spearmint,Plantae,62652,Lamiaceae,Mentha
334624961,2025-08-05 10:52:23,2025-08-05,Mountain Time (US & Canada),4547933,casual,0,true,"Denver County, US-CO, US",39.6853033333,-105.0061416667,11,,,,11,,,false,,"",common morning-glory,Ipomoea purpurea,common morning-glory,Plantae,52344,Convolvulaceae,Ipomoea
334624970,2025-08-05 10:52:19,2025-08-05,Mountain Time (US & Canada),4547933,casual,0,true,"Denver County, US-CO, US",39.685295,-105.0061333333,11,,,,11,,,false,,"",Dill,Anethum graveolens,Dill,Plantae,75445,Apiaceae,Anethum
334624982,2025-08-05 10:51:30,2025-08-05,Mountain Time (US & Canada),4547933,casual,0,true,"Denver County, US-CO, US",39.685345,-105.00611945,7,,,,7,,open,false,,"",spearmint,Mentha spicata,spearmint,Plantae,62652,Lamiaceae,Mentha
334624996,2025-08-05 10:51:21,2025-08-05,Mountain Time (US & Canada),4547933,casual,0,true,"Denver County, US-CO, US",39.6853416667,-105.0060972167,4,,,,4,,,false,,"",tomato,Solanum lycopersicum,tomato,Plantae,51737,Solanaceae,Solanum
334625008,2025-08-05 10:50:43,2025-08-05,Mountain Time (US & Canada),4547933,casual,0,true,"Denver County, US-CO, US",39.6853366667,-105.0061111167,3,,,,3,,open,false,,"",American pumpkin,Cucurbita pepo,American pumpkin,Plantae,76541,Cucurbitaceae,Cucurbita
334625017,2025-08-05 10:50:36,2025-08-05,Mountain Time (US & Canada),4547933,casual,0,true,"Denver County, US-CO, US",39.6853416667,-105.0060972167,7,,,,7,,,false,,"",Borage,Borago officinalis,Borage,Plantae,52287,Boraginaceae,Borago
334625024,2025-08-05 10:50:26,2025-08-05,Mountain Time (US & Canada),4547933,casual,0,true,"Denver County, US-CO, US",39.6853366667,-105.0061111167,4,,,,4,,,false,,"",Mexican Marigold,Tagetes erecta,Mexican Marigold,Plantae,79312,Asteraceae,Tagetes
334625034,2025-08-05 10:50:19,2025-08-05,Mountain Time (US & Canada),4547933,casual,0,true,"Denver County, US-CO, US",39.685375,-105.00608055,14,,,,14,,open,false,,"",Common Sunflower,Helianthus annuus,Common Sunflower,Plantae,57983,Asteraceae,Helianthus
334625047,2025-08-05 10:50:12,2025-08-05,Mountain Time (US & Canada),4547933,casual,0,true,"Denver County, US-CO, US",39.6853916667,-105.0061111167,14,,,,14,,,false,,"",French marigold,Tagetes patula,French marigold,Plantae,777243,Asteraceae,Tagetes
334625059,2025-08-05 10:47:42,2025-08-05,Mountain Time (US & Canada),4547933,casual,0,true,"Denver County, US-CO, US",39.6853633333,-105.0061277833,4,,,,4,,,false,,"","Sunflowers, Daisies, Asters, and Allies",Asteraceae,"Sunflowers, Daisies, Asters, and Allies",Plantae,47604,Asteraceae,
334625079,2025-08-05 10:47:32,2025-08-05,Mountain Time (US & Canada),4547933,casual,0,true,"Denver County, US-CO, US",39.6853666667,-105.00611945,4,,,,4,,,false,,"",field bindweed,Convolvulus arvensis,field bindweed,Plantae,53021,Convolvulaceae,Convolvulus
334625091,2025-08-05 10:47:25,2025-08-05,Mountain Time (US & Canada),4547933,casual,0,true,"Denver County, US-CO, US",39.6853616667,-105.0061111167,5,,,,5,,,false,,"",Flaxes,Linum,Flaxes,Plantae,51309,Linaceae,Linum
334625099,2025-08-05 10:47:05,2025-08-05,Mountain Time (US & Canada),4547933,casual,0,true,"Denver County, US-CO, US",39.6853616667,-105.0061277833,6,,,,6,,open,false,,"",Common Sunflower,Helianthus annuus,Common Sunflower,Plantae,57983,Asteraceae,Helianthus
334625111,2025-08-05 10:46:55,2025-08-05,Mountain Time (US & Canada),4547933,casual,0,true,"Denver County, US-CO, US",39.6853533333,-105.0061333333,8,,,,8,,,false,,"","",Echinacea purpurea,purple coneflower,Plantae,48627,Asteraceae,Echinacea
334625126,2025-08-05 10:46:47,2025-08-05,Mountain Time (US & Canada),4547933,casual,0,true,"Denver County, US-CO, US",39.6853416667,-105.00615,10,,,,10,,open,false,,"","",Helianthus annuus,Common Sunflower,Plantae,57983,Asteraceae,Helianthus
334625142,2025-08-05 10:46:39,2025-08-05,Mountain Time (US & Canada),4547933,casual,0,true,"Denver County, US-CO, US",39.6853366667,-105.00615,10,,,,10,,,false,,"","",Cucurbitaceae,gourd family,Plantae,48620,Cucurbitaceae,
334625161,2025-08-05 10:46:31,2025-08-05,Mountain Time (US & Canada),4547933,casual,0,true,"Denver County, US-CO, US",39.6853533333,-105.00615,10,,,,10,,,false,,"",tomato,Solanum lycopersicum,tomato,Plantae,51737,Solanaceae,Solanum
334625169,2025-08-05 10:46:15,2025-08-05,Mountain Time (US & Canada),4547933,casual,0,true,"Denver County, US-CO, US",39.685355,-105.0061638833,8,,,,8,,,false,,"",Tickseed,Coreopsis,Tickseed,Plantae,57952,Asteraceae,Coreopsis
334625178,2025-08-05 10:45:59,2025-08-05,Mountain Time (US & Canada),4547933,casual,0,true,"Denver County, US-CO, US",39.685375,-105.00615,4,,,,4,,,false,,"",Wild radish,Raphanus raphanistrum,Wild radish,Plantae,55411,Brassicaceae,Raphanus
334625188,2025-08-05 10:45:44,2025-08-05,Mountain Time (US & Canada),4547933,casual,0,true,"Denver County, US-CO, US",39.6853716667,-105.00615555,4,,,,4,,,false,,"",fennel,Foeniculum vulgare,fennel,Plantae,53052,Apiaceae,Foeniculum
334625199,2025-08-05 10:45:32,2025-08-05,Mountain Time (US & Canada),4547933,casual,0,true,"Denver County, US-CO, US",39.6853833333,-105.00615555,4,,,,4,,,false,,"",Elegant Zinnia,Zinnia elegans,Elegant Zinnia,Plantae,181901,Asteraceae,Zinnia
334625205,2025-08-05 10:45:55,2025-08-05,Mountain Time (US & Canada),4547933,casual,0,true,"Denver County, US-CO, US",39.6853666667,-105.00615,4,,,,4,,,false,,"",Borage,Borago officinalis,Borage,Plantae,52287,Boraginaceae,Borago
334625219,2025-08-05 10:45:27,2025-08-05,Mountain Time (US & Canada),4547933,casual,0,true,"Denver County, US-CO, US",39.6853833333,-105.00615555,4,,,,4,,,false,,"",garden cosmos,Cosmos bipinnatus,garden cosmos,Plantae,68562,Asteraceae,Cosmos
334625236,2025-08-05 10:45:18,2025-08-05,Mountain Time (US & Canada),4547933,casual,0,true,"Denver County, US-CO, US",39.6853866667,-105.0061416667,4,,,,4,,open,false,,"",Common Sunflower,Helianthus annuus,Common Sunflower,Plantae,57983,Asteraceae,Helianthus
334625270,2025-08-05 10:44:59,2025-08-05,Mountain Time (US & Canada),4547933,casual,0,true,"Denver County, US-CO, US",39.685375,-105.00611945,5,,,,5,,,false,,"",eggplant,Solanum melongena,eggplant,Plantae,63190,Solanaceae,Solanum
334625282,2025-08-05 10:44:47,2025-08-05,Mountain Time (US & Canada),4547933,casual,0,true,"Denver County, US-CO, US",39.6853916667,-105.00611945,5,,,,5,,,false,,"",tomato,Solanum lycopersicum,tomato,Plantae,51737,Solanaceae,Solanum
334625288,2025-08-05 10:44:23,2025-08-05,Mountain Time (US & Canada),4547933,casual,0,true,"Denver County, US-CO, US",39.685445,-105.00608055,8,,,,8,,,false,,"",strawberries,Fragaria,strawberries,Plantae,50299,Rosaceae,Fragaria
334625296,2025-08-05 10:44:19,2025-08-05,Mountain Time (US & Canada),4547933,casual,0,true,"Denver County, US-CO, US",39.685455,-105.00608055,9,,,,9,,,false,,"",coriander,Coriandrum sativum,coriander,Plantae,67759,Apiaceae,Coriandrum
334625307,2025-08-05 10:44:10,2025-08-05,Mountain Time (US & Canada),4547933,casual,0,true,"Denver County, US-CO, US",39.685445,-105.0060888833,7,,,,7,,,false,,"",larkspurs,Delphinium,larkspurs,Plantae,48493,Ranunculaceae,Delphinium
334625322,2025-08-05 10:43:54,2025-08-05,Mountain Time (US & Canada),4547933,casual,0,true,"Denver County, US-CO, US",39.6854783333,-105.0060972167,7,,,,7,,,false,,"",Cucumber,Cucumis sativus,Cucumber,Plantae,54919,Cucurbitaceae,Cucumis
334625341,2025-08-05 10:43:43,2025-08-05,Mountain Time (US & Canada),4547933,casual,0,true,"Denver County, US-CO, US",39.6854783333,-105.0060888833,5,,,,5,,,false,,"","",Calendula,marigolds,Plantae,59261,Asteraceae,Calendula
334625372,2025-08-05 10:43:16,2025-08-05,Mountain Time (US & Canada),4547933,casual,0,true,"Denver County, US-CO, US",39.6854533333,-105.0061333333,6,,,,6,,,false,,"",common morning-glory,Ipomoea purpurea,common morning-glory,Plantae,52344,Convolvulaceae,Ipomoea
334625396,2025-08-05 10:43:02,2025-08-05,Mountain Time (US & Canada),4547933,casual,0,true,"Denver County, US-CO, US",39.6854783333,-105.00615,8,,,,8,,,false,,"",Scarlet Sage,Salvia splendens,Scarlet Sage,Plantae,143203,Lamiaceae,Salvia
334625408,2025-08-05 10:43:35,2025-08-05,Mountain Time (US & Canada),4547933,casual,0,true,"Denver County, US-CO, US",39.685475,-105.0060972167,5,,,,5,,,false,,"","",Cucurbita,gourds,Plantae,55425,Cucurbitaceae,Cucurbita
334625417,2025-08-05 10:42:59,2025-08-05,Mountain Time (US & Canada),4547933,casual,0,true,"Denver County, US-CO, US",39.6854783333,-105.00615,8,,,,8,,,false,,"","",Cosmos bipinnatus,garden cosmos,Plantae,68562,Asteraceae,Cosmos
334625422,2025-08-05 10:42:49,2025-08-05,Mountain Time (US & Canada),4547933,casual,0,true,"Denver County, US-CO, US",39.6854833333,-105.00615,10,,,,10,,,false,,"","",Ipomoea purpurea,common morning-glory,Plantae,52344,Convolvulaceae,Ipomoea
334625437,2025-08-05 10:42:43,2025-08-05,Mountain Time (US & Canada),4547933,casual,0,true,"Denver County, US-CO, US",39.6854833333,-105.00615555,11,,,,11,,open,false,,"","",Mentha spicata,spearmint,Plantae,62652,Lamiaceae,Mentha
334625464,2025-08-05 10:42:33,2025-08-05,Mountain Time (US & Canada),4547933,casual,0,true,"Denver County, US-CO, US",39.6854783333,-105.0061638833,13,,,,13,,,false,,"","",Antirrhinum majus,Snapdragon,Plantae,48969,Plantaginaceae,Antirrhinum
334625477,2025-08-05 10:42:29,2025-08-05,Mountain Time (US & Canada),4547933,casual,0,true,"Denver County, US-CO, US",39.6854783333,-105.0061638833,12,,,,12,,,false,,"","",Salvia,Sages,Plantae,50644,Lamiaceae,Salvia
334625488,2025-08-05 10:42:18,2025-08-05,Mountain Time (US & Canada),4547933,casual,0,true,"Denver County, US-CO, US",39.6854633333,-105.0061638833,14,,,,14,,open,false,,"","",Helianthus annuus,Common Sunflower,Plantae,57983,Asteraceae,Helianthus
334625495,2025-08-05 10:42:01,2025-08-05,Mountain Time (US & Canada),4547933,casual,1,true,"Denver County, US-CO, US",39.6854583333,-105.0061333333,4,,,,4,,,false,,"",Malvoideae,Malvoideae,,Plantae,860115,Malvaceae,
334625511,2025-08-05 10:41:52,2025-08-05,Mountain Time (US & Canada),4547933,casual,0,true,"Denver County, US-CO, US",39.6854833333,-105.00611945,4,,,,4,,open,false,,"","",Lavandula angustifolia,Common Lavender,Plantae,133395,Lamiaceae,Lavandula
334625518,2025-08-05 10:41:38,2025-08-05,Mountain Time (US & Canada),4547933,casual,0,true,"Denver County, US-CO, US",39.685525,-105.0061277833,14,,,,14,,,false,,"","",Ipomoea purpurea,common morning-glory,Plantae,52344,Convolvulaceae,Ipomoea
334625523,2025-08-05 10:41:30,2025-08-05,Mountain Time (US & Canada),4547933,casual,0,true,"Denver County, US-CO, US",39.6855,-105.0061638833,16,,,,16,,,false,,"","",Convolvulus arvensis,field bindweed,Plantae,53021,Convolvulaceae,Convolvulus
334625531,2025-08-05 10:41:21,2025-08-05,Mountain Time (US & Canada),4547933,casual,0,true,"Denver County, US-CO, US",39.68547,-105.00615,11,,,,11,,,false,,"","",Cucumis melo,Muskmelon,Plantae,76538,Cucurbitaceae,Cucumis
334625543,2025-08-05 10:41:17,2025-08-05,Mountain Time (US & Canada),4547933,casual,0,true,"Denver County, US-CO, US",39.68547,-105.00615,11,,,,11,,open,false,,"","",Portulaca oleracea,Common Purslane,Plantae,58991,Portulacaceae,Portulaca
334626179,2025-07-31 13:58:09,2025-07-31,Mountain Time (US & Canada),4547933,casual,0,true,"W Wells Pl, Denver, CO, US",39.7351533333,-105.0456861667,6,,,,6,,,false,,"","",Helianthus,sunflowers,Plantae,56955,Asteraceae,Helianthus
334626184,2025-08-01 11:03:45,2025-08-01,Mountain Time (US & Canada),4547933,casual,0,true,"Denver County, US-CO, US",39.6854866667,-105.0061277833,13,,,,13,,,false,,"","",Malvaceae,Mallow and Hibiscus Family,Plantae,48797,Malvaceae,
334626252,2025-07-31 12:00:05,2025-07-31,Mountain Time (US & Canada),4547933,casual,0,true,"Jefferson County, US-CO, US",39.7369533333,-105.1063221667,11,,,,11,,,false,,"","",Tagetes,Marigolds,Plantae,72389,Asteraceae,Tagetes
334626266,2025-07-31 11:59:50,2025-07-31,Mountain Time (US & Canada),4547933,casual,0,true,"Jefferson County, US-CO, US",39.7369466667,-105.1063528333,10,,,,10,,,false,,"","",Delphinium ajacis,doubtful knight's-spur,Plantae,401314,Ranunculaceae,Delphinium
334626277,2025-07-31 11:58:43,2025-07-31,Mountain Time (US & Canada),4547933,casual,0,true,"Jefferson County, US-CO, US",39.7369383333,-105.1063,4,,,,4,,,false,,"","",Tagetes erecta,Mexican Marigold,Plantae,79312,Asteraceae,Tagetes
334626281,2025-07-31 11:58:35,2025-07-31,Mountain Time (US & Canada),4547933,casual,0,true,"Jefferson County, US-CO, US",39.73695,-105.1063166667,5,,,,5,,open,false,,"","",Cucurbita pepo,American pumpkin,Plantae,76541,Cucurbitaceae,Cucurbita
334626294,2025-07-31 11:58:26,2025-07-31,Mountain Time (US & Canada),4547933,casual,0,true,"Jefferson County, US-CO, US",39.7369633333,-105.1063221667,4,,,,4,,open,false,,"","",Helianthus annuus,Common Sunflower,Plantae,57983,Asteraceae,Helianthus
334626299,2025-07-31 11:58:14,2025-07-31,Mountain Time (US & Canada),4547933,casual,0,true,"Jefferson County, US-CO, US",39.73702,-105.1063528333,14,,,,14,,,false,,"",Hedgenettles,Stachys,Hedgenettles,Plantae,51229,Lamiaceae,Stachys
334626308,2025-07-31 11:57:24,2025-07-31,Mountain Time (US & Canada),4547933,casual,0,true,"Jefferson County, US-CO, US",39.7369916667,-105.1063471667,12,,,,12,,open,false,,"","",Helianthus annuus,Common Sunflower,Plantae,57983,Asteraceae,Helianthus
334626314,2025-07-31 11:57:18,2025-07-31,Mountain Time (US & Canada),4547933,casual,0,true,"Jefferson County, US-CO, US",39.7369883333,-105.1063528333,11,,,,11,,,false,,"","",Zinnia,Zinnias,Plantae,132450,Asteraceae,Zinnia
334626328,2025-07-31 11:57:08,2025-07-31,Mountain Time (US & Canada),4547933,casual,0,true,"Jefferson County, US-CO, US",39.73697,-105.1063528333,11,,,,11,,,false,,"","",Tagetes,Marigolds,Plantae,72389,Asteraceae,Tagetes
334626333,2025-07-31 11:57:00,2025-07-31,Mountain Time (US & Canada),4547933,casual,0,true,"Jefferson County, US-CO, US",39.7369633333,-105.1063611667,11,,,,11,,,false,,"","",Cucurbitaceae,gourd family,Plantae,48620,Cucurbitaceae,
334626345,2025-07-31 11:56:50,2025-07-31,Mountain Time (US & Canada),4547933,casual,0,true,"Jefferson County, US-CO, US",39.73698,-105.1063778333,10,,,,10,,,false,,"","",Allium sativum,Garlic,Plantae,75363,Amaryllidaceae,Allium
334626351,2025-07-31 11:56:35,2025-07-31,Mountain Time (US & Canada),4547933,casual,0,true,"Jefferson County, US-CO, US",39.736995,-105.1063833333,9,,,,9,,,false,,"","",Cynoglossum amabile,Chinese forget-me-not,Plantae,161415,Boraginaceae,Cynoglossum
334626360,2025-07-31 11:56:23,2025-07-31,Mountain Time (US & Canada),4547933,casual,0,true,"Jefferson County, US-CO, US",39.7369883333,-105.1063611667,8,,,,8,,,false,,"",California poppy,Eschscholzia californica,California poppy,Plantae,48225,Papaveraceae,Eschscholzia
334626369,2025-07-31 11:56:13,2025-07-31,Mountain Time (US & Canada),4547933,casual,0,true,"Jefferson County, US-CO, US",39.7370133333,-105.1063916667,7,,,,7,,,false,,"",horseweed,Erigeron canadensis,horseweed,Plantae,76907,Asteraceae,Erigeron
334626379,2025-07-31 11:55:33,2025-07-31,Mountain Time (US & Canada),4547933,casual,0,true,"Jefferson County, US-CO, US",39.73702,-105.1063528333,6,,,,6,,,false,,"","",Echinacea,coneflowers,Plantae,48628,Asteraceae,Echinacea
334626394,2025-07-31 11:55:25,2025-07-31,Mountain Time (US & Canada),4547933,casual,0,true,"Jefferson County, US-CO, US",39.7370383333,-105.1063471667,7,,,,7,,,false,,"","",Delphinium ajacis,doubtful knight's-spur,Plantae,401314,Ranunculaceae,Delphinium
334626405,2025-07-31 11:55:14,2025-07-31,Mountain Time (US & Canada),4547933,casual,0,true,"Jefferson County, US-CO, US",39.7370383333,-105.1063221667,8,,,,8,,,false,,"","",Allium,onions,Plantae,47357,Amaryllidaceae,Allium
334626412,2025-07-31 11:54:53,2025-07-31,Mountain Time (US & Canada),4547933,casual,0,true,"Jefferson County, US-CO, US",39.73703,-105.1063695,10,,,,10,,,false,,"",creeping thistle,Cirsium arvense,creeping thistle,Plantae,60132,Asteraceae,Cirsium
334626416,2025-07-31 11:54:48,2025-07-31,Mountain Time (US & Canada),4547933,casual,0,true,"Jefferson County, US-CO, US",39.7370383333,-105.1063611667,9,,,,9,,open,false,,"","",Helianthus annuus,Common Sunflower,Plantae,57983,Asteraceae,Helianthus
334626426,2025-07-31 11:54:42,2025-07-31,Mountain Time (US & Canada),4547933,casual,0,true,"Jefferson County, US-CO, US",39.7370416667,-105.1063695,9,,,,9,,,false,,"","",Daucus carota,wild carrot,Plantae,76610,Apiaceae,Daucus
334626433,2025-07-31 11:54:25,2025-07-31,Mountain Time (US & Canada),4547933,casual,0,true,"Jefferson County, US-CO, US",39.737055,-105.1064083333,9,,,,9,,,false,,"",Brassicoideae,Brassicoideae,,Plantae,1473853,Brassicaceae,
334626442,2025-07-31 11:54:01,2025-07-31,Mountain Time (US & Canada),4547933,casual,0,true,"Jefferson County, US-CO, US",39.7370616667,-105.1063611667,9,,,,9,,,false,,"","",Daucus,carrots,Plantae,56727,Apiaceae,Daucus
334626451,2025-07-31 11:53:53,2025-07-31,Mountain Time (US & Canada),4547933,casual,0,true,"Jefferson County, US-CO, US",39.7370633333,-105.1063611667,9,,,,9,,,false,,"","",Delphinium,larkspurs,Plantae,48493,Ranunculaceae,Delphinium
334626462,2025-07-31 11:53:43,2025-07-31,Mountain Time (US & Canada),4547933,casual,0,true,"Jefferson County, US-CO, US",39.7370716667,-105.1063695,8,,,,8,,,false,,"","",Eschscholzia californica,California poppy,Plantae,48225,Papaveraceae,Eschscholzia
334626474,2025-07-31 11:53:34,2025-07-31,Mountain Time (US & Canada),4547933,casual,0,true,"Jefferson County, US-CO, US",39.73708,-105.1063695,8,,,,8,,open,false,,"","",Helianthus annuus,Common Sunflower,Plantae,57983,Asteraceae,Helianthus
334626480,2025-07-31 11:53:08,2025-07-31,Mountain Time (US & Canada),4547933,casual,0,true,"Jefferson County, US-CO, US",39.7371216667,-105.1063778333,4,,,,4,,,false,,"","",Tagetes patula,French marigold,Plantae,777243,Asteraceae,Tagetes
334626488,2025-07-31 11:52:58,2025-07-31,Mountain Time (US & Canada),4547933,casual,0,true,"Jefferson County, US-CO, US",39.7371166667,-105.1063916667,6,,,,6,,,false,,"",Poppies,Papaver,Poppies,Plantae,52504,Papaveraceae,Papaver
334626491,2025-07-31 11:52:41,2025-07-31,Mountain Time (US & Canada),4547933,casual,0,true,"Jefferson County, US-CO, US",39.737155,-105.1063305,14,,,,14,,,false,,"","",Cosmos bipinnatus,garden cosmos,Plantae,68562,Asteraceae,Cosmos
334626497,2025-07-31 11:52:10,2025-07-31,Mountain Time (US & Canada),4547933,casual,0,true,"Jefferson County, US-CO, US",39.7371333333,-105.1063528333,8,,,,8,,,false,,"",field bindweed,Convolvulus arvensis,field bindweed,Plantae,53021,Convolvulaceae,Convolvulus
334626504,2025-07-31 11:51:48,2025-07-31,Mountain Time (US & Canada),4547933,casual,0,true,"Jefferson County, US-CO, US",39.7371466667,-105.1064221667,14,,,,14,,,false,,"","",Lavandula,Lavenders,Plantae,61905,Lamiaceae,Lavandula
334626522,2025-07-31 11:51:20,2025-07-31,Mountain Time (US & Canada),4547933,casual,0,true,"Jefferson County, US-CO, US",39.7371033333,-105.1063916667,4,,,,4,,,false,,"","",Daucus carota,wild carrot,Plantae,76610,Apiaceae,Daucus
334626549,2025-07-31 11:51:07,2025-07-31,Mountain Time (US & Canada),4547933,casual,0,true,"Jefferson County, US-CO, US",39.737095,-105.1064138333,4,,,,4,,,false,,"","",Zinnia elegans,Elegant Zinnia,Plantae,181901,Asteraceae,Zinnia
334626574,2025-07-31 11:51:02,2025-07-31,Mountain Time (US & Canada),4547933,casual,0,true,"Jefferson County, US-CO, US",39.7370916667,-105.1064083333,4,,,,4,,,false,,"","",Cynoglossum amabile,Chinese forget-me-not,Plantae,161415,Boraginaceae,Cynoglossum
334626597,2025-07-31 11:49:49,2025-07-31,Mountain Time (US & Canada),4547933,casual,0,true,"Jefferson County, US-CO, US",39.73713,-105.1062555,14,,,,14,,,false,,"","",Helianthus,sunflowers,Plantae,56955,Asteraceae,Helianthus
334626627,2025-07-31 11:49:18,2025-07-31,Mountain Time (US & Canada),4547933,casual,0,true,"Jefferson County, US-CO, US",39.7370833333,-105.1062695,5,,,,5,,,false,,"","",Daucus,carrots,Plantae,56727,Apiaceae,Daucus
334626655,2025-07-31 11:49:01,2025-07-31,Mountain Time (US & Canada),4547933,casual,0,true,"Jefferson County, US-CO, US",39.7370833333,-105.1062611667,5,,,,5,,,false,,"","",Echinacea purpurea,purple coneflower,Plantae,48627,Asteraceae,Echinacea
334626669,2025-07-31 11:48:37,2025-07-31,Mountain Time (US & Canada),4547933,casual,0,true,"Jefferson County, US-CO, US",39.737055,-105.1063,7,,,,7,,,false,,"","",Delphinium,larkspurs,Plantae,48493,Ranunculaceae,Delphinium
334626674,2025-07-31 11:48:26,2025-07-31,Mountain Time (US & Canada),4547933,casual,0,true,"Jefferson County, US-CO, US",39.7370716667,-105.1062778333,14,,,,14,,,false,,"","",Calendula officinalis,pot marigold,Plantae,75931,Asteraceae,Calendula
334626681,2025-07-31 11:48:04,2025-07-31,Mountain Time (US & Canada),4547933,casual,0,true,"Jefferson County, US-CO, US",39.7371033333,-105.1062861667,5,,,,5,,,false,,"",field bindweed,Convolvulus arvensis,field bindweed,Plantae,53021,Convolvulaceae,Convolvulus
334626691,2025-07-31 11:47:53,2025-07-31,Mountain Time (US & Canada),4547933,casual,0,true,"Jefferson County, US-CO, US",39.7371166667,-105.1062695,4,,,,4,,,false,,"","",Helianthus,sunflowers,Plantae,56955,Asteraceae,Helianthus
334626696,2025-07-31 11:47:42,2025-07-31,Mountain Time (US & Canada),4547933,casual,0,true,"Jefferson County, US-CO, US",39.7371,-105.1062388333,4,,,,4,,,false,,"","",Delphinium ajacis,doubtful knight's-spur,Plantae,401314,Ranunculaceae,Delphinium
334626700,2025-07-31 11:47:28,2025-07-31,Mountain Time (US & Canada),4547933,casual,0,true,"Jefferson County, US-CO, US",39.7370866667,-105.106225,5,,,,5,,,false,,"","",Solanum lycopersicum,tomato,Plantae,51737,Solanaceae,Solanum
334626708,2025-07-31 11:47:23,2025-07-31,Mountain Time (US & Canada),4547933,casual,0,true,"Jefferson County, US-CO, US",39.7370833333,-105.1062166667,5,,,,5,,,false,,"","",Cucumis melo,Muskmelon,Plantae,76538,Cucurbitaceae,Cucumis
334626715,2025-07-31 11:47:02,2025-07-31,Mountain Time (US & Canada),4547933,casual,0,true,"Jefferson County, US-CO, US",39.7370866667,-105.1062166667,5,,,,5,,,false,,"",wild carrot,Daucus carota,wild carrot,Plantae,76610,Apiaceae,Daucus
334626723,2025-07-31 11:46:40,2025-07-31,Mountain Time (US & Canada),4547933,casual,0,true,"Jefferson County, US-CO, US",39.7370716667,-105.1062305,5,,,,5,,open,false,,"",spearmint,Mentha spicata,spearmint,Plantae,62652,Lamiaceae,Mentha
334626732,2025-07-30 15:49:53,2025-07-30,Mountain Time (US & Canada),4547933,casual,0,true,"Denver County, US-CO, US",39.68603,-104.92035,4,,,,4,,,false,,"",Coriandrum,Coriandrum,,Plantae,67758,Apiaceae,Coriandrum
334626740,2025-07-30 15:49:28,2025-07-30,Mountain Time (US & Canada),4547933,casual,0,true,"Denver County, US-CO, US",39.68605,-104.92035,4,,,,4,,,false,,"",gourds,Cucurbita,gourds,Plantae,55425,Cucurbitaceae,Cucurbita
334626756,2025-07-30 15:49:24,2025-07-30,Mountain Time (US & Canada),4547933,casual,0,true,"Denver County, US-CO, US",39.6860583333,-104.9203633333,10,,,,10,,,false,,"","",Coriandrum sativum,coriander,Plantae,67759,Apiaceae,Coriandrum
334626763,2025-07-30 15:48:32,2025-07-30,Mountain Time (US & Canada),4547933,casual,0,true,"Denver County, US-CO, US",39.6860083333,-104.92038,8,,,,8,,,false,,"",Marigolds,Tagetes,Marigolds,Plantae,72389,Asteraceae,Tagetes
334626775,2025-07-30 11:25:49,2025-07-30,Mountain Time (US & Canada),4547933,casual,0,true,"Denver County, US-CO, US",39.744705,-104.9288166667,7,,,,7,,,false,,"",sunflowers,Helianthus,sunflowers,Plantae,56955,Asteraceae,Helianthus
334987226,2025/07/30,2025-07-30,Mountain Time (US & Canada),9595056,casual,0,true,"5050 E 19th Ave, Denver, CO 80220, USA",39.7454513,-104.9296098,204,,,,204,,open,false,,,Helianthus annuus,Helianthus annuus,Common Sunflower,Plantae,57983,Asteraceae,Helianthus
334987227,2025/07/30 10:59 AM,2025-07-30,Mountain Time (US & Canada),9595056,casual,0,true,"5050 E 19th Ave, Denver, CO 80220, USA",39.7454513,-104.9296098,204,,,,204,,,false,,,Cosmos bipinnatus,Cosmos bipinnatus,garden cosmos,Plantae,68562,Asteraceae,Cosmos
334987228,2025/07/30 11:00 AM,2025-07-30,Mountain Time (US & Canada),9595056,casual,0,true,"5050 E 19th Ave, Denver, CO 80220, USA",39.7454513,-104.9296098,204,,,,204,,,false,,,Zinnia elegans,Zinnia elegans,Elegant Zinnia,Plantae,181901,Asteraceae,Zinnia
334987230,2025/07/30 11:00 AM,2025-07-30,Mountain Time (US & Canada),9595056,casual,0,true,"5050 E 19th Ave, Denver, CO 80220, USA",39.7454513,-104.9296098,204,,,,204,,,false,,,Tagetes patula,Tagetes patula,French marigold,Plantae,777243,Asteraceae,Tagetes
334987232,2025/07/30 11:00 AM,2025-07-30,Mountain Time (US & Canada),9595056,casual,0,true,"5050 E 19th Ave, Denver, CO 80220, USA",39.7454513,-104.9296098,204,,,,204,,open,false,,,Linaria dalmatica,Linaria dalmatica,Balkan toadflax,Plantae,77776,Plantaginaceae,Linaria
334987233,2025/07/30 11:01 AM,2025-07-30,Mountain Time (US & Canada),9595056,casual,0,true,"5050 E 19th Ave, Denver, CO 80220, USA",39.7454513,-104.9296098,204,,,,204,,open,false,,,Helianthus annuus,Helianthus annuus,Common Sunflower,Plantae,57983,Asteraceae,Helianthus
334987235,2025/07/30 11:01 AM,2025-07-30,Mountain Time (US & Canada),9595056,casual,0,true,"5050 E 19th Ave, Denver, CO 80220, USA",39.7454513,-104.9296098,204,,,,204,,,false,,,Allium sativum,Allium sativum,Garlic,Plantae,75363,Amaryllidaceae,Allium
334987236,2025/07/30 11:01 AM,2025-07-30,Mountain Time (US & Canada),9595056,casual,0,true,"5050 E 19th Ave, Denver, CO 80220, USA",39.7454513,-104.9296098,204,,,,204,,,false,,,Cucurbita maxima,Cucurbita maxima,winter squash,Plantae,122866,Cucurbitaceae,Cucurbita
334987237,2025/07/30 11:02 AM,2025-07-30,Mountain Time (US & Canada),9595056,casual,0,true,"5050 E 19th Ave, Denver, CO 80220, USA",39.7454513,-104.9296098,204,,,,204,,,false,,,common morning-glory,Ipomoea purpurea,common morning-glory,Plantae,52344,Convolvulaceae,Ipomoea
334987238,2025/07/30 11:02 AM,2025-07-30,Mountain Time (US & Canada),9595056,casual,0,true,"5050 E 19th Ave, Denver, CO 80220, USA",39.7454513,-104.9296098,204,,,,204,,,false,,,Cucumis sativus,Cucumis sativus,Cucumber,Plantae,54919,Cucurbitaceae,Cucumis
334987239,2025/07/30 11:03 AM,2025-07-30,Mountain Time (US & Canada),9595056,casual,0,true,"5050 E 19th Ave, Denver, CO 80220, USA",39.7454513,-104.9296098,204,,,,204,,,false,,,Zinnia,Zinnia,Zinnias,Plantae,132450,Asteraceae,Zinnia
334987241,2025/07/30 11:03 AM,2025-07-30,Mountain Time (US & Canada),9595056,casual,0,true,"5050 E 19th Ave, Denver, CO 80220, USA",39.7454513,-104.9296098,204,,,,204,,,false,,,Capsicum,Capsicum,peppers,Plantae,48517,Solanaceae,Capsicum
334987243,2025/07/30 11:03 AM,2025-07-30,Mountain Time (US & Canada),9595056,casual,0,true,"5050 E 19th Ave, Denver, CO 80220, USA",39.7454513,-104.9296098,204,,,,204,,,false,,,Cucumis sativus,Cucumis sativus,Cucumber,Plantae,54919,Cucurbitaceae,Cucumis
334987245,2025/07/30 11:03 AM,2025-07-30,Mountain Time (US & Canada),9595056,casual,0,true,"5050 E 19th Ave, Denver, CO 80220, USA",39.7454513,-104.9296098,204,,,,204,,,false,,,Zinnia elegans,Zinnia elegans,Elegant Zinnia,Plantae,181901,Asteraceae,Zinnia
334987246,2025/07/30 11:03 AM,2025-07-30,Mountain Time (US & Canada),9595056,casual,0,true,"5050 E 19th Ave, Denver, CO 80220, USA",39.7454513,-104.9296098,204,,,,204,,,false,,,Zinnia elegans,Zinnia elegans,Elegant Zinnia,Plantae,181901,Asteraceae,Zinnia
334987249,2025/07/30 11:04 AM,2025-07-30,Mountain Time (US & Canada),9595056,casual,0,true,"5050 E 19th Ave, Denver, CO 80220, USA",39.7454513,-104.9296098,204,,,,204,,,false,,,Cosmos bipinnatus,Cosmos bipinnatus,garden cosmos,Plantae,68562,Asteraceae,Cosmos
334987250,2025/07/30 11:04 AM,2025-07-30,Mountain Time (US & Canada),9595056,casual,0,true,"5050 E 19th Ave, Denver, CO 80220, USA",39.7454513,-104.9296098,204,,,,204,,,false,,,Cosmos bipinnatus,Cosmos bipinnatus,garden cosmos,Plantae,68562,Asteraceae,Cosmos
334987251,2025/07/30 11:04 AM,2025-07-30,Mountain Time (US & Canada),9595056,casual,0,true,"5050 E 19th Ave, Denver, CO 80220, USA",39.7454513,-104.9296098,204,,,,204,,,false,,,Convolvulus arvensis,Convolvulus arvensis,field bindweed,Plantae,53021,Convolvulaceae,Convolvulus
334987257,2025/07/30 11:04 AM,2025-07-30,Mountain Time (US & Canada),9595056,casual,0,true,"5050 E 19th Ave, Denver, CO 80220, USA",39.7454513,-104.9296098,204,,,,204,,,false,,,Antirrhinum,Antirrhinum,Snapdragon Complex,Plantae,1654329,Plantaginaceae,Antirrhinum
334987261,2025/07/30 11:04 AM,2025-07-30,Mountain Time (US & Canada),9595056,casual,0,true,"5050 E 19th Ave, Denver, CO 80220, USA",39.7454513,-104.9296098,204,,,,204,,open,false,,,Helianthus annuus,Helianthus annuus,Common Sunflower,Plantae,57983,Asteraceae,Helianthus
334987262,2025/07/30 11:04 AM,2025-07-30,Mountain Time (US & Canada),9595056,casual,0,true,"5050 E 19th Ave, Denver, CO 80220, USA",39.7454513,-104.9296098,204,,,,204,,,false,,,Cucurbita moschata,Cucurbita moschata,Squash,Plantae,122869,Cucurbitaceae,Cucurbita
334987269,2025/07/30 11:04 AM,2025-07-30,Mountain Time (US & Canada),9595056,casual,0,true,"5050 E 19th Ave, Denver, CO 80220, USA",39.7454513,-104.9296098,204,,,,204,,open,false,,,Helianthus annuus,Helianthus annuus,Common Sunflower,Plantae,57983,Asteraceae,Helianthus
334987270,2025/07/30 11:05 AM,2025-07-30,Mountain Time (US & Canada),9595056,casual,0,true,"5050 E 19th Ave, Denver, CO 80220, USA",39.7454513,-104.9296098,204,,,,204,,,false,,,Trifolium,Trifolium,clovers,Plantae,51876,Fabaceae,Trifolium
334987271,2025/07/30 11:06 AM,2025-07-30,Mountain Time (US & Canada),9595056,casual,0,true,"5050 E 19th Ave, Denver, CO 80220, USA",39.7454513,-104.9296098,204,,,,204,,,false,,,Origanum vulgare,Origanum vulgare,Oregano,Plantae,61396,Lamiaceae,Origanum
334987275,2025/07/30 11:06 AM,2025-07-30,Mountain Time (US & Canada),9595056,casual,0,true,"5050 E 19th Ave, Denver, CO 80220, USA",39.7454513,-104.9296098,204,,,,204,,,false,,,Cucurbita,Cucurbita,gourds,Plantae,55425,Cucurbitaceae,Cucurbita
334987276,2025/07/30 11:07 AM,2025-07-30,Mountain Time (US & Canada),9595056,casual,0,true,"5050 E 19th Ave, Denver, CO 80220, USA",39.7454513,-104.9296098,204,,,,204,,,false,,,Cosmos,Cosmos,Cosmoses,Plantae,68563,Asteraceae,Cosmos
334987277,2025/07/30 11:07 AM,2025-07-30,Mountain Time (US & Canada),9595056,casual,0,true,"5050 E 19th Ave, Denver, CO 80220, USA",39.7454513,-104.9296098,204,,,,204,,,false,,,Lactuca sativa,Lactuca sativa,lettuce,Plantae,122976,Asteraceae,Lactuca
334987284,2025/07/30 11:07 AM,2025-07-30,Mountain Time (US & Canada),9595056,casual,0,true,"5050 E 19th Ave, Denver, CO 80220, USA",39.7454513,-104.9296098,204,,,,204,,,false,,,Cucumis sativus,Cucumis sativus,Cucumber,Plantae,54919,Cucurbitaceae,Cucumis
334987285,2025/07/30 11:07 AM,2025-07-30,Mountain Time (US & Canada),9595056,casual,0,true,"5050 E 19th Ave, Denver, CO 80220, USA",39.7454513,-104.9296098,204,,,,204,,open,false,,,Zea mays,Zea mays,Maize,Plantae,48448,Poaceae,Zea
334987287,2025/07/30 11:07 AM,2025-07-30,Mountain Time (US & Canada),9595056,casual,0,true,"5050 E 19th Ave, Denver, CO 80220, USA",39.7454513,-104.9296098,204,,,,204,,open,false,,,Zea mays,Zea mays,Maize,Plantae,48448,Poaceae,Zea
334987295,2025/07/30 11:08 AM,2025-07-30,Mountain Time (US & Canada),9595056,casual,0,true,"5050 E 19th Ave, Denver, CO 80220, USA",39.7454513,-104.9296098,204,,,,204,,,false,,,Cosmos bipinnatus,Cosmos bipinnatus,garden cosmos,Plantae,68562,Asteraceae,Cosmos
334987296,2025/07/30 11:08 AM,2025-07-30,Mountain Time (US & Canada),9595056,casual,0,true,"5050 E 19th Ave, Denver, CO 80220, USA",39.7454513,-104.9296098,204,,,,204,,,false,,,Daucus,Daucus,carrots,Plantae,56727,Apiaceae,Daucus
334987299,2025/07/30 11:08 AM,2025-07-30,Mountain Time (US & Canada),9595056,casual,0,true,"5050 E 19th Ave, Denver, CO 80220, USA",39.7454513,-104.9296098,204,,,,204,,,false,,,Atocion armeria,Atocion armeria,Sweet William Catchfly,Plantae,204246,Caryophyllaceae,Atocion
334987300,2025/07/30 11:08 AM,2025-07-30,Mountain Time (US & Canada),9595056,casual,0,true,"5050 E 19th Ave, Denver, CO 80220, USA",39.7454513,-104.9296098,204,,,,204,,open,false,,,Halerpestes cymbalaria,Halerpestes cymbalaria,Alkali Buttercup,Plantae,941891,Ranunculaceae,Halerpestes
334987301,2025/07/30 11:08 AM,2025-07-30,Mountain Time (US & Canada),9595056,casual,0,true,"5050 E 19th Ave, Denver, CO 80220, USA",39.7454513,-104.9296098,204,,,,204,,,false,,,Asteroideae,Asteroideae,,Plantae,632790,Asteraceae,
334987305,2025/07/30 11:08 AM,2025-07-30,Mountain Time (US & Canada),9595056,casual,0,true,"5050 E 19th Ave, Denver, CO 80220, USA",39.7454513,-104.9296098,204,,,,204,,,false,,,Cucurbita moschata,Cucurbita moschata,Squash,Plantae,122869,Cucurbitaceae,Cucurbita
334987306,2025/07/30 11:08 AM,2025-07-30,Mountain Time (US & Canada),9595056,casual,0,true,"5050 E 19th Ave, Denver, CO 80220, USA",39.7454513,-104.9296098,204,,,,204,,open,false,,,Halerpestes cymbalaria,Halerpestes cymbalaria,Alkali Buttercup,Plantae,941891,Ranunculaceae,Halerpestes
334987307,2025/07/30 11:08 AM,2025-07-30,Mountain Time (US & Canada),9595056,casual,1,true,"5050 E 19th Ave, Denver, CO 80220, USA",39.7454513,-104.9296098,204,,,,204,,,false,,,Asteroideae,Asteroideae,,Plantae,632790,Asteraceae,
334987309,2025/07/30 11:09 AM,2025-07-30,Mountain Time (US & Canada),9595056,casual,0,true,"5050 E 19th Ave, Denver, CO 80220, USA",39.7454513,-104.9296098,204,,,,204,,,false,,,Gaillardia,Gaillardia,Blanketflowers,Plantae,51769,Asteraceae,Gaillardia
334987310,2025/07/30 11:08 AM,2025-07-30,Mountain Time (US & Canada),9595056,casual,0,true,"5050 E 19th Ave, Denver, CO 80220, USA",39.7454513,-104.9296098,204,,,,204,,,false,,,Zinnia elegans,Zinnia elegans,Elegant Zinnia,Plantae,181901,Asteraceae,Zinnia
334987311,2025/07/30 11:08 AM,2025-07-30,Mountain Time (US & Canada),9595056,casual,0,true,"5050 E 19th Ave, Denver, CO 80220, USA",39.7454513,-104.9296098,204,,,,204,,,false,,,Montiaceae,Montiaceae,Pussypaw Family,Plantae,71417,Montiaceae,
334987317,2025/07/30 11:09 AM,2025-07-30,Mountain Time (US & Canada),9595056,casual,0,true,"5050 E 19th Ave, Denver, CO 80220, USA",39.7454513,-104.9296098,204,,,,204,,,false,,,Anethum graveolens,Anethum graveolens,Dill,Plantae,75445,Apiaceae,Anethum
334987320,2025/07/30 11:09 AM,2025-07-30,Mountain Time (US & Canada),9595056,casual,0,true,"5050 E 19th Ave, Denver, CO 80220, USA",39.7454513,-104.9296098,204,,,,204,,,false,,,Origanum vulgare,Origanum vulgare,Oregano,Plantae,61396,Lamiaceae,Origanum
334987321,2025/07/30 11:09 AM,2025-07-30,Mountain Time (US & Canada),9595056,casual,0,true,"5050 E 19th Ave, Denver, CO 80220, USA",39.7454513,-104.9296098,204,,,,204,,,false,,,Allium cepa,Allium cepa,Common Onion,Plantae,48592,Amaryllidaceae,Allium
334987324,2025/07/30 11:09 AM,2025-07-30,Mountain Time (US & Canada),9595056,casual,0,true,"5050 E 19th Ave, Denver, CO 80220, USA",39.7454513,-104.9296098,204,,,,204,,open,false,,,Helianthus annuus,Helianthus annuus,Common Sunflower,Plantae,57983,Asteraceae,Helianthus
334987327,2025/07/30 11:09 AM,2025-07-30,Mountain Time (US & Canada),9595056,casual,0,true,"5050 E 19th Ave, Denver, CO 80220, USA",39.7454513,-104.9296098,204,,,,204,,,false,,,Cosmos,Cosmos,Cosmoses,Plantae,68563,Asteraceae,Cosmos
334987328,2025/07/30 11:09 AM,2025-07-30,Mountain Time (US & Canada),9595056,casual,0,true,"5050 E 19th Ave, Denver, CO 80220, USA",39.7454513,-104.9296098,204,,,,204,,,false,,,common morning-glory,Ipomoea purpurea,common morning-glory,Plantae,52344,Convolvulaceae,Ipomoea
334987329,2025/07/30 11:10 AM,2025-07-30,Mountain Time (US & Canada),9595056,casual,0,true,"5050 E 19th Ave, Denver, CO 80220, USA",39.7454513,-104.9296098,204,,,,204,,open,false,,,Helianthus annuus,Helianthus annuus,Common Sunflower,Plantae,57983,Asteraceae,Helianthus
334987330,2025/07/30 11:10 AM,2025-07-30,Mountain Time (US & Canada),9595056,casual,0,true,"5050 E 19th Ave, Denver, CO 80220, USA",39.7454513,-104.9296098,204,,,,204,,open,false,,,Verbesina encelioides,Verbesina encelioides,cowpen daisy,Plantae,79495,Asteraceae,Verbesina
334987333,2025/07/30 11:10 AM,2025-07-30,Mountain Time (US & Canada),9595056,casual,0,true,"5050 E 19th Ave, Denver, CO 80220, USA",39.7454513,-104.9296098,204,,,,204,,,false,,,Calendula,Calendula,marigolds,Plantae,59261,Asteraceae,Calendula
334987337,2025/07/30 11:10 AM,2025-07-30,Mountain Time (US & Canada),9595056,casual,0,true,"5050 E 19th Ave, Denver, CO 80220, USA",39.7454513,-104.9296098,204,,,,204,,,false,,,Hyssopus officinalis,Hyssopus officinalis,Hyssop,Plantae,164026,Lamiaceae,Hyssopus
334987338,2025/07/30 11:11 AM,2025-07-30,Mountain Time (US & Canada),9595056,casual,0,true,"5050 E 19th Ave, Denver, CO 80220, USA",39.7454513,-104.9296098,204,,,,204,,,false,,,Hyssopus officinalis,Hyssopus officinalis,Hyssop,Plantae,164026,Lamiaceae,Hyssopus
334987341,2025/07/30 11:11 AM,2025-07-30,Mountain Time (US & Canada),9595056,casual,0,true,"5050 E 19th Ave, Denver, CO 80220, USA",39.7454513,-104.9296098,204,,,,204,,,false,,,Cosmos,Cosmos,Cosmoses,Plantae,68563,Asteraceae,Cosmos
334987343,2025/07/30 11:11 AM,2025-07-30,Mountain Time (US & Canada),9595056,casual,0,true,"5050 E 19th Ave, Denver, CO 80220, USA",39.7454513,-104.9296098,204,,,,204,,,false,,,Cosmos,Cosmos,Cosmoses,Plantae,68563,Asteraceae,Cosmos
334987344,2025/07/30 11:12 AM,2025-07-30,Mountain Time (US & Canada),9595056,casual,0,true,"5050 E 19th Ave, Denver, CO 80220, USA",39.7454513,-104.9296098,204,,,,204,,,false,,,Verbascum thapsus,Verbascum thapsus,great mullein,Plantae,59029,Scrophulariaceae,Verbascum
334987345,2025/07/30 11:12 AM,2025-07-30,Mountain Time (US & Canada),9595056,casual,0,true,"5050 E 19th Ave, Denver, CO 80220, USA",39.7454513,-104.9296098,204,,,,204,,,false,,,Allium,Allium,onions,Plantae,47357,Amaryllidaceae,Allium
334987348,2025/07/30 11:12 AM,2025-07-30,Mountain Time (US & Canada),9595056,casual,0,true,"5050 E 19th Ave, Denver, CO 80220, USA",39.7454513,-104.9296098,204,,,,204,,,false,,,Zinnia elegans,Zinnia elegans,Elegant Zinnia,Plantae,181901,Asteraceae,Zinnia
334987350,2025/07/30 11:12 AM,2025-07-30,Mountain Time (US & Canada),9595056,casual,0,true,"5050 E 19th Ave, Denver, CO 80220, USA",39.7454513,-104.9296098,204,,,,204,,,false,,,Solanum lycopersicum,Solanum lycopersicum,tomato,Plantae,51737,Solanaceae,Solanum
334987352,2025/07/30 11:12 AM,2025-07-30,Mountain Time (US & Canada),9595056,casual,0,true,"5050 E 19th Ave, Denver, CO 80220, USA",39.7454513,-104.9296098,204,,,,204,,,false,,,Heterotheca villosa,Heterotheca villosa,Hairy False Goldenaster,Plantae,77399,Asteraceae,Heterotheca
334987357,2025/07/30 11:13 AM,2025-07-30,Mountain Time (US & Canada),9595056,casual,0,true,"5050 E 19th Ave, Denver, CO 80220, USA",39.7454513,-104.9296098,204,,,,204,,open,false,,,Helianthus annuus,Helianthus annuus,Common Sunflower,Plantae,57983,Asteraceae,Helianthus
334987358,2025/07/30 11:13 AM,2025-07-30,Mountain Time (US & Canada),9595056,casual,0,true,"5050 E 19th Ave, Denver, CO 80220, USA",39.7454513,-104.9296098,204,,,,204,,,false,,,Ipomoea,Ipomoea,morning-glories,Plantae,52346,Convolvulaceae,Ipomoea
334987359,2025/07/30 11:13 AM,2025-07-30,Mountain Time (US & Canada),9595056,casual,0,true,"5050 E 19th Ave, Denver, CO 80220, USA",39.7454513,-104.9296098,204,,,,204,,,false,,,Cucurbita moschata,Cucurbita moschata,Squash,Plantae,122869,Cucurbitaceae,Cucurbita
334987361,2025/07/30 11:13 AM,2025-07-30,Mountain Time (US & Canada),9595056,casual,0,true,"5050 E 19th Ave, Denver, CO 80220, USA",39.7454513,-104.9296098,204,,,,204,,,false,,,Calendula officinalis,Calendula officinalis,pot marigold,Plantae,75931,Asteraceae,Calendula
334987362,2025/07/30 11:13 AM,2025-07-30,Mountain Time (US & Canada),9595056,casual,0,true,"5050 E 19th Ave, Denver, CO 80220, USA",39.7454513,-104.9296098,204,,,,204,,,false,,,Cucurbita maxima,Cucurbita maxima,winter squash,Plantae,122866,Cucurbitaceae,Cucurbita
334987363,2025/07/30 11:13 AM,2025-07-30,Mountain Time (US & Canada),9595056,casual,0,true,"5050 E 19th Ave, Denver, CO 80220, USA",39.7454513,-104.9296098,204,,,,204,,,false,,,Coleus scutellarioides,Coleus scutellarioides,Coleus,Plantae,291284,Lamiaceae,Coleus
334987365,2025/07/30 11:15 AM,2025-07-30,Mountain Time (US & Canada),9595056,casual,0,true,"5050 E 19th Ave, Denver, CO 80220, USA",39.7454513,-104.9296098,204,,,,204,,,false,,,Cosmos,Cosmos,Cosmoses,Plantae,68563,Asteraceae,Cosmos
334987366,2025/07/30 11:14 AM,2025-07-30,Mountain Time (US & Canada),9595056,casual,0,true,"5050 E 19th Ave, Denver, CO 80220, USA",39.7454513,-104.9296098,204,,,,204,,,false,,,Solanum lycopersicum,Solanum lycopersicum,tomato,Plantae,51737,Solanaceae,Solanum
334987367,2025/07/30 11:15 AM,2025-07-30,Mountain Time (US & Canada),9595056,casual,0,true,"5050 E 19th Ave, Denver, CO 80220, USA",39.7454513,-104.9296098,204,,,,204,,open,false,,,Asclepias tuberosa,Asclepias tuberosa,butterfly milkweed,Plantae,47912,Apocynaceae,Asclepias
334987369,2025/07/30 11:15 AM,2025-07-30,Mountain Time (US & Canada),9595056,casual,0,true,"5050 E 19th Ave, Denver, CO 80220, USA",39.7454513,-104.9296098,204,,,,204,,,false,,,Monarda,Monarda,beebalms and bergamots,Plantae,52736,Lamiaceae,Monarda
334987370,2025/07/30 11:15 AM,2025-07-30,Mountain Time (US & Canada),9595056,casual,0,true,"5050 E 19th Ave, Denver, CO 80220, USA",39.7454513,-104.9296098,204,,,,204,,,false,,,Cosmos bipinnatus,Cosmos bipinnatus,garden cosmos,Plantae,68562,Asteraceae,Cosmos
334987373,2025/07/30 11:16 AM,2025-07-30,Mountain Time (US & Canada),9595056,casual,0,true,"5050 E 19th Ave, Denver, CO 80220, USA",39.7454513,-104.9296098,204,,,,204,,,false,,,Penstemon,Penstemon,beardtongues,Plantae,48367,Plantaginaceae,Penstemon
334987379,2025/07/30 11:16 AM,2025-07-30,Mountain Time (US & Canada),9595056,casual,0,true,"5050 E 19th Ave, Denver, CO 80220, USA",39.7454513,-104.9296098,204,,,,204,,,false,,,Tagetes,Tagetes,Marigolds,Plantae,72389,Asteraceae,Tagetes
334987380,2025/07/30 11:16 AM,2025-07-30,Mountain Time (US & Canada),9595056,casual,0,true,"5050 E 19th Ave, Denver, CO 80220, USA",39.7454513,-104.9296098,204,,,,204,,open,false,,,Helianthus annuus,Helianthus annuus,Common Sunflower,Plantae,57983,Asteraceae,Helianthus
334987383,2025/07/30 11:16 AM,2025-07-30,Mountain Time (US & Canada),9595056,casual,0,true,"5050 E 19th Ave, Denver, CO 80220, USA",39.7454513,-104.9296098,204,,,,204,,,false,,,Tagetes patula,Tagetes patula,French marigold,Plantae,777243,Asteraceae,Tagetes
334987387,2025/07/30 11:17 AM,2025-07-30,Mountain Time (US & Canada),9595056,casual,0,true,"5050 E 19th Ave, Denver, CO 80220, USA",39.7454513,-104.9296098,204,,,,204,,,false,,,Callirhoe involucrata,Callirhoe involucrata,winecup mallow,Plantae,127941,Malvaceae,Callirhoe
334987388,2025/07/30 11:17 AM,2025-07-30,Mountain Time (US & Canada),9595056,casual,0,true,"5050 E 19th Ave, Denver, CO 80220, USA",39.7454513,-104.9296098,204,,,,204,,,false,,,Achillea filipendulina,Achillea filipendulina,Fern-leaf Yarrow,Plantae,157924,Asteraceae,Achillea
334987389,2025/07/30 11:18 AM,2025-07-30,Mountain Time (US & Canada),9595056,casual,0,true,"5050 E 19th Ave, Denver, CO 80220, USA",39.7454513,-104.9296098,204,,,,204,,,false,,,Chamaebatiaria millefolium,Chamaebatiaria millefolium,fernbush,Plantae,76236,Rosaceae,Chamaebatiaria
334988902,2025/07/30,2025-07-30,Mountain Time (US & Canada),9595056,casual,0,true,"450 Albion St, Denver, CO 80220, USA",39.7236221,-104.938517,202,,,,202,,open,false,,,Helianthus annuus,Helianthus annuus,Common Sunflower,Plantae,57983,Asteraceae,Helianthus
334988904,2025/07/30 12:14 PM,2025-07-30,Mountain Time (US & Canada),9595056,casual,0,true,"450 Albion St, Denver, CO 80220, USA",39.7236221,-104.938517,202,,,,202,,,false,,,Alcea,Alcea,hollyhocks,Plantae,62206,Malvaceae,Alcea
334988906,2025/07/30 12:14 PM,2025-07-30,Mountain Time (US & Canada),9595056,casual,0,true,"450 Albion St, Denver, CO 80220, USA",39.7236221,-104.938517,202,,,,202,,,false,,,Centranthus ruber,Centranthus ruber,Red Valerian,Plantae,57283,Caprifoliaceae,Centranthus
334988907,2025/07/30 12:14 PM,2025-07-30,Mountain Time (US & Canada),9595056,casual,0,true,"450 Albion St, Denver, CO 80220, USA",39.7236221,-104.938517,202,,,,202,,,false,,,Echinacea,Echinacea,coneflowers,Plantae,48628,Asteraceae,Echinacea
334988908,2025/07/30 12:15 PM,2025-07-30,Mountain Time (US & Canada),9595056,casual,0,true,"450 Albion St, Denver, CO 80220, USA",39.7236221,-104.938517,202,,,,202,,,false,,,Campanula,Campanula,bellflowers,Plantae,48596,Campanulaceae,Campanula
334988909,2025/07/30 12:15 PM,2025-07-30,Mountain Time (US & Canada),9595056,casual,0,true,"450 Albion St, Denver, CO 80220, USA",39.7236221,-104.938517,202,,,,202,,,false,,,Cosmos,Cosmos,Cosmoses,Plantae,68563,Asteraceae,Cosmos
334988910,2025/07/30 12:15 PM,2025-07-30,Mountain Time (US & Canada),9595056,casual,0,true,"450 Albion St, Denver, CO 80220, USA",39.7236221,-104.938517,202,,,,202,,,false,,,Solanum lycopersicum,Solanum lycopersicum,tomato,Plantae,51737,Solanaceae,Solanum
334988911,2025/07/30 12:15 PM,2025-07-30,Mountain Time (US & Canada),9595056,casual,0,true,"450 Albion St, Denver, CO 80220, USA",39.7236221,-104.938517,202,,,,202,,,false,,,Cosmos bipinnatus,Cosmos bipinnatus,garden cosmos,Plantae,68562,Asteraceae,Cosmos
334988912,2025/07/30 12:15 PM,2025-07-30,Mountain Time (US & Canada),9595056,casual,0,true,"450 Albion St, Denver, CO 80220, USA",39.7236221,-104.938517,202,,,,202,,,false,,,Tagetes erecta,Tagetes erecta,Mexican Marigold,Plantae,79312,Asteraceae,Tagetes
334988914,2025/07/30 12:15 PM,2025-07-30,Mountain Time (US & Canada),9595056,casual,0,true,"450 Albion St, Denver, CO 80220, USA",39.7236221,-104.938517,202,,,,202,,,false,,,Solanum lycopersicum,Solanum lycopersicum,tomato,Plantae,51737,Solanaceae,Solanum
334988915,2025/07/30 12:15 PM,2025-07-30,Mountain Time (US & Canada),9595056,casual,0,true,"450 Albion St, Denver, CO 80220, USA",39.7236221,-104.938517,202,,,,202,,,false,,,Ipomoea,Ipomoea,morning-glories,Plantae,52346,Convolvulaceae,Ipomoea
334988916,2025/07/30 12:15 PM,2025-07-30,Mountain Time (US & Canada),9595056,casual,0,true,"450 Albion St, Denver, CO 80220, USA",39.7236221,-104.938517,202,,,,202,,,false,,,Cucumis sativus,Cucumis sativus,Cucumber,Plantae,54919,Cucurbitaceae,Cucumis
334988917,2025/07/30 12:15 PM,2025-07-30,Mountain Time (US & Canada),9595056,casual,0,true,"450 Albion St, Denver, CO 80220, USA",39.7236221,-104.938517,202,,,,202,,,false,,,Tagetes,Tagetes,Marigolds,Plantae,72389,Asteraceae,Tagetes
334988918,2025/07/30 12:16 PM,2025-07-30,Mountain Time (US & Canada),9595056,casual,0,true,"450 Albion St, Denver, CO 80220, USA",39.7236221,-104.938517,202,,,,202,,,false,,,Cucumis sativus,Cucumis sativus,Cucumber,Plantae,54919,Cucurbitaceae,Cucumis
334988919,2025/07/30 12:16 PM,2025-07-30,Mountain Time (US & Canada),9595056,casual,0,true,"450 Albion St, Denver, CO 80220, USA",39.7236221,-104.938517,202,,,,202,,,false,,,Solanum melongena,Solanum melongena,eggplant,Plantae,63190,Solanaceae,Solanum
334988920,2025/07/30 12:16 PM,2025-07-30,Mountain Time (US & Canada),9595056,casual,0,true,"450 Albion St, Denver, CO 80220, USA",39.7236221,-104.938517,202,,,,202,,,false,,,Tagetes patula,Tagetes patula,French marigold,Plantae,777243,Asteraceae,Tagetes
334988921,2025/07/30 12:16 PM,2025-07-30,Mountain Time (US & Canada),9595056,casual,0,true,"450 Albion St, Denver, CO 80220, USA",39.7236221,-104.938517,202,,,,202,,,false,,,Alcea,Alcea,hollyhocks,Plantae,62206,Malvaceae,Alcea
334988922,2025/07/30 12:16 PM,2025-07-30,Mountain Time (US & Canada),9595056,casual,0,true,"450 Albion St, Denver, CO 80220, USA",39.7236221,-104.938517,202,,,,202,,open,false,,,Helianthus annuus,Helianthus annuus,Common Sunflower,Plantae,57983,Asteraceae,Helianthus
334988923,2025/07/30 12:16 PM,2025-07-30,Mountain Time (US & Canada),9595056,casual,0,true,"450 Albion St, Denver, CO 80220, USA",39.7236221,-104.938517,202,,,,202,,,false,,,Origanum vulgare,Origanum vulgare,Oregano,Plantae,61396,Lamiaceae,Origanum
334988924,2025/07/30 12:16 PM,2025-07-30,Mountain Time (US & Canada),9595056,casual,0,true,"450 Albion St, Denver, CO 80220, USA",39.7236221,-104.938517,202,,,,202,,,false,,,Callianthe,Callianthe,,Plantae,508220,Malvaceae,Callianthe
334988925,2025/07/30 12:16 PM,2025-07-30,Mountain Time (US & Canada),9595056,casual,0,true,"450 Albion St, Denver, CO 80220, USA",39.7236221,-104.938517,202,,,,202,,,false,,,Cosmos,Cosmos,Cosmoses,Plantae,68563,Asteraceae,Cosmos
334988927,2025/07/30 12:17 PM,2025-07-30,Mountain Time (US & Canada),9595056,casual,0,true,"450 Albion St, Denver, CO 80220, USA",39.7236221,-104.938517,202,,,,202,,,false,,,Tagetes,Tagetes,Marigolds,Plantae,72389,Asteraceae,Tagetes
334988928,2025/07/30 12:17 PM,2025-07-30,Mountain Time (US & Canada),9595056,casual,0,true,"450 Albion St, Denver, CO 80220, USA",39.7236221,-104.938517,202,,,,202,,,false,,,Cosmos bipinnatus,Cosmos bipinnatus,garden cosmos,Plantae,68562,Asteraceae,Cosmos
334988929,2025/07/30 12:17 PM,2025-07-30,Mountain Time (US & Canada),9595056,casual,0,true,"450 Albion St, Denver, CO 80220, USA",39.7236221,-104.938517,202,,,,202,,,false,,,Centaurea cyanus,Centaurea cyanus,Cornflower,Plantae,933404,Asteraceae,Centaurea
334988930,2025/07/30 12:17 PM,2025-07-30,Mountain Time (US & Canada),9595056,casual,0,true,"450 Albion St, Denver, CO 80220, USA",39.7236221,-104.938517,202,,,,202,,,false,,,Tagetes erecta,Tagetes erecta,Mexican Marigold,Plantae,79312,Asteraceae,Tagetes
334988931,2025/07/30 12:17 PM,2025-07-30,Mountain Time (US & Canada),9595056,casual,0,true,"450 Albion St, Denver, CO 80220, USA",39.7236221,-104.938517,202,,,,202,,,false,,,Gypsophila,Gypsophila,,Plantae,72156,Caryophyllaceae,Gypsophila
334988932,2025/07/30 12:17 PM,2025-07-30,Mountain Time (US & Canada),9595056,casual,0,true,"450 Albion St, Denver, CO 80220, USA",39.7236221,-104.938517,202,,,,202,,,false,,,Linaria,Linaria,Toadflaxes,Plantae,50791,Plantaginaceae,Linaria
334988938,2025/07/30 12:17 PM,2025-07-30,Mountain Time (US & Canada),9595056,casual,0,true,"450 Albion St, Denver, CO 80220, USA",39.7236221,-104.938517,202,,,,202,,,false,,,Tagetes,Tagetes,Marigolds,Plantae,72389,Asteraceae,Tagetes
334988939,2025/07/30 12:17 PM,2025-07-30,Mountain Time (US & Canada),9595056,casual,0,true,"450 Albion St, Denver, CO 80220, USA",39.7236221,-104.938517,202,,,,202,,,false,,,Phacelia tanacetifolia,Phacelia tanacetifolia,Lacy phacelia,Plantae,58185,Boraginaceae,Phacelia
334988940,2025/07/30 12:17 PM,2025-07-30,Mountain Time (US & Canada),9595056,casual,0,true,"450 Albion St, Denver, CO 80220, USA",39.7236221,-104.938517,202,,,,202,,,false,,,Alcea rosea,Alcea rosea,Hollyhock,Plantae,62205,Malvaceae,Alcea
334988946,2025/07/30 12:17 PM,2025-07-30,Mountain Time (US & Canada),9595056,casual,0,true,"450 Albion St, Denver, CO 80220, USA",39.7236221,-104.938517,202,,,,202,,open,false,,,Helianthus annuus,Helianthus annuus,Common Sunflower,Plantae,57983,Asteraceae,Helianthus
334988947,2025/07/30 12:18 PM,2025-07-30,Mountain Time (US & Canada),9595056,casual,0,true,"450 Albion St, Denver, CO 80220, USA",39.7236221,-104.938517,202,,,,202,,,false,,,Phlox paniculata,Phlox paniculata,fall phlox,Plantae,117437,Polemoniaceae,Phlox
335407778,2025/07/31 10:21 AM,2025-07-31,Mountain Time (US & Canada),9595056,casual,0,true,"Applewood West, CO 80401, USA",39.7613167451,-105.1441673779,39,,,,39,,,false,,,Cucumis sativus,Cucumis sativus,Cucumber,Plantae,54919,Cucurbitaceae,Cucumis
335407779,2025/07/31 10:21 AM,2025-07-31,Mountain Time (US & Canada),9595056,casual,0,true,"Applewood West, CO 80401, USA",39.7613167451,-105.1441673779,39,,,,39,,,false,,,Cucurbita moschata,Cucurbita moschata,Squash,Plantae,122869,Cucurbitaceae,Cucurbita
335407780,2025/07/31 10:21 AM,2025-07-31,Mountain Time (US & Canada),9595056,casual,0,true,"Applewood West, CO 80401, USA",39.7613167451,-105.1441673779,39,,,,39,,,false,,,Fragaria virginiana,Fragaria virginiana,Virginia strawberry,Plantae,77155,Rosaceae,Fragaria
335407782,2025/07/31 10:21 AM,2025-07-31,Mountain Time (US & Canada),9595056,casual,0,true,"Applewood West, CO 80401, USA",39.7613167451,-105.1441673779,39,,,,39,,,false,,,Fragaria virginiana,Fragaria virginiana,Virginia strawberry,Plantae,77155,Rosaceae,Fragaria
335407783,2025/07/30 12:55 PM,2025-07-30,Mountain Time (US & Canada),9595056,casual,0,true,"Applewood West, CO 80401, USA",39.7613167451,-105.1441673779,39,,,,39,,,false,,,Echinacea purpurea,Echinacea purpurea,purple coneflower,Plantae,48627,Asteraceae,Echinacea
335407784,2025/07/30 12:55 PM,2025-07-30,Mountain Time (US & Canada),9595056,casual,0,true,"Colorado, US",39.6190681739,-105.1603070361,39,,,,28060,,obscured,true,,,Allium schoenoprasum,Allium schoenoprasum,Chives,Plantae,59254,Amaryllidaceae,Allium
335407785,2025/07/30 12:56 PM,2025-07-30,Mountain Time (US & Canada),9595056,casual,0,true,"Applewood West, CO 80401, USA",39.7613167451,-105.1441673779,39,,,,39,,,false,,,Foeniculum vulgare,Foeniculum vulgare,fennel,Plantae,53052,Apiaceae,Foeniculum
335407786,2025/07/30 12:56 PM,2025-07-30,Mountain Time (US & Canada),9595056,casual,0,true,"Applewood West, CO 80401, USA",39.7613167451,-105.1441673779,39,,,,39,,,false,,,Nepeta cataria,Nepeta cataria,Catnip,Plantae,48622,Lamiaceae,Nepeta
335407787,2025/07/30 12:56 PM,2025-07-30,Mountain Time (US & Canada),9595056,casual,0,true,"Applewood West, CO 80401, USA",39.7613167451,-105.1441673779,39,,,,39,,,false,,,Solanum melongena,Solanum melongena,eggplant,Plantae,63190,Solanaceae,Solanum
335407790,2025/07/30 12:56 PM,2025-07-30,Mountain Time (US & Canada),9595056,casual,0,true,"Applewood West, CO 80401, USA",39.7613167451,-105.1441673779,39,,,,39,,open,false,,,Cucurbita pepo,Cucurbita pepo,American pumpkin,Plantae,76541,Cucurbitaceae,Cucurbita
335407791,2025/07/30 12:56 PM,2025-07-30,Mountain Time (US & Canada),9595056,casual,0,true,"Applewood West, CO 80401, USA",39.7613167451,-105.1441673779,39,,,,39,,,false,,,Cucumis melo,Cucumis melo,Muskmelon,Plantae,76538,Cucurbitaceae,Cucumis
335407792,2025/07/30 12:57 PM,2025-07-30,Mountain Time (US & Canada),9595056,casual,0,true,"Applewood West, CO 80401, USA",39.7613167451,-105.1441673779,39,,,,39,,,false,,,Solanum lycopersicum,Solanum lycopersicum,tomato,Plantae,51737,Solanaceae,Solanum
335407793,2025/07/30 12:57 PM,2025-07-30,Mountain Time (US & Canada),9595056,casual,0,true,"Applewood West, CO 80401, USA",39.7613167451,-105.1441673779,39,,,,39,,,false,,,Cucurbita maxima,Cucurbita maxima,winter squash,Plantae,122866,Cucurbitaceae,Cucurbita
335407794,2025/07/30 12:57 PM,2025-07-30,Mountain Time (US & Canada),9595056,casual,0,true,"Applewood West, CO 80401, USA",39.7613167451,-105.1441673779,39,,,,39,,,false,,,Tagetes,Tagetes,Marigolds,Plantae,72389,Asteraceae,Tagetes
335407795,2025/07/30 12:57 PM,2025-07-30,Mountain Time (US & Canada),9595056,casual,0,true,"Applewood West, CO 80401, USA",39.7613167451,-105.1441673779,39,,,,39,,,false,,,Tagetes erecta,Tagetes erecta,Mexican Marigold,Plantae,79312,Asteraceae,Tagetes
335407796,2025/07/30 12:57 PM,2025-07-30,Mountain Time (US & Canada),9595056,casual,0,true,"Applewood West, CO 80401, USA",39.7613167451,-105.1441673779,39,,,,39,,,false,,,Silene coronaria,Silene coronaria,Rose campion,Plantae,485191,Caryophyllaceae,Silene
335407797,2025/07/30 12:57 PM,2025-07-30,Mountain Time (US & Canada),9595056,casual,0,true,"Applewood West, CO 80401, USA",39.7613167451,-105.1441673779,39,,,,39,,,false,,,Fragaria virginiana,Fragaria virginiana,Virginia strawberry,Plantae,77155,Rosaceae,Fragaria
335407798,2025/07/30 12:57 PM,2025-07-30,Mountain Time (US & Canada),9595056,casual,0,true,"Applewood West, CO 80401, USA",39.7613167451,-105.1441673779,39,,,,39,,,false,,,Tagetes,Tagetes,Marigolds,Plantae,72389,Asteraceae,Tagetes
335407799,2025/07/30 12:57 PM,2025-07-30,Mountain Time (US & Canada),9595056,casual,0,true,"Applewood West, CO 80401, USA",39.7613167451,-105.1441673779,39,,,,39,,,false,,,Tagetes patula,Tagetes patula,French marigold,Plantae,777243,Asteraceae,Tagetes
335407800,2025/07/30 12:57 PM,2025-07-30,Mountain Time (US & Canada),9595056,casual,0,true,"Applewood West, CO 80401, USA",39.7613167451,-105.1441673779,39,,,,39,,open,false,,,Veronica anagallis-aquatica,Veronica anagallis-aquatica,blue water-speedwell,Plantae,57858,Plantaginaceae,Veronica
335407801,2025/07/30 12:58 PM,2025-07-30,Mountain Time (US & Canada),9595056,casual,0,true,"Applewood West, CO 80401, USA",39.7613167451,-105.1441673779,39,,,,39,,open,false,,,Lavandula angustifolia,Lavandula angustifolia,Common Lavender,Plantae,133395,Lamiaceae,Lavandula
335407803,2025/07/30 12:58 PM,2025-07-30,Mountain Time (US & Canada),9595056,casual,0,true,"Applewood West, CO 80401, USA",39.7613167451,-105.1441673779,39,,,,39,,,false,,,Cosmos,Cosmos,Cosmoses,Plantae,68563,Asteraceae,Cosmos
335407804,2025/07/30 12:58 PM,2025-07-30,Mountain Time (US & Canada),9595056,casual,0,true,"Applewood West, CO 80401, USA",39.7613167451,-105.1441673779,39,,,,39,,,false,,,Amaranthus cruentus,Amaranthus cruentus,Red amaranth,Plantae,52328,Amaranthaceae,Amaranthus
335407805,2025/07/30 12:58 PM,2025-07-30,Mountain Time (US & Canada),9595056,casual,0,true,"Applewood West, CO 80401, USA",39.7613167451,-105.1441673779,39,,,,39,,,false,,,Nicotiana alata,Nicotiana alata,jasmine tobacco,Plantae,165703,Solanaceae,Nicotiana
335407806,2025/07/30 12:59 PM,2025-07-30,Mountain Time (US & Canada),9595056,casual,0,true,"Applewood West, CO 80401, USA",39.7613167451,-105.1441673779,39,,,,39,,,false,,,Cosmos,Cosmos,Cosmoses,Plantae,68563,Asteraceae,Cosmos
335407809,2025/07/30 12:59 PM,2025-07-30,Mountain Time (US & Canada),9595056,casual,0,true,"Applewood West, CO 80401, USA",39.7613167451,-105.1441673779,39,,,,39,,,false,,,Antirrhinum,Antirrhinum,Snapdragons,Plantae,48970,Plantaginaceae,Antirrhinum
335407810,2025/07/30 12:59 PM,2025-07-30,Mountain Time (US & Canada),9595056,casual,0,true,"Applewood West, CO 80401, USA",39.7613167451,-105.1441673779,39,,,,39,,,false,,,Achillea,Achillea,yarrows,Plantae,52818,Asteraceae,Achillea
335407811,2025/07/30 12:59 PM,2025-07-30,Mountain Time (US & Canada),9595056,casual,0,true,"Applewood West, CO 80401, USA",39.7613167451,-105.1441673779,39,,,,39,,,false,,,Nicotiana,Nicotiana,tobaccos,Plantae,58335,Solanaceae,Nicotiana
335407812,2025/07/30 12:59 PM,2025-07-30,Mountain Time (US & Canada),9595056,casual,0,true,"Applewood West, CO 80401, USA",39.7613167451,-105.1441673779,39,,,,39,,,false,,,Eupatorieae,Eupatorieae,"bonesets, blazingstars, and allies",Plantae,153419,Asteraceae,
335407813,2025/07/30 3:49 PM,2025-07-30,Mountain Time (US & Canada),9595056,casual,0,true,"Applewood West, CO 80401, USA",39.7613167451,-105.1441673779,39,,,,39,,open,false,,,Zea mays,Zea mays,Maize,Plantae,48448,Poaceae,Zea
335407814,2025/07/30 3:49 PM,2025-07-30,Mountain Time (US & Canada),9595056,casual,0,true,"Applewood West, CO 80401, USA",39.7613167451,-105.1441673779,39,,,,39,,,false,,,Cucurbita,Cucurbita,gourds,Plantae,55425,Cucurbitaceae,Cucurbita
335407815,2025/07/30 3:49 PM,2025-07-30,Mountain Time (US & Canada),9595056,casual,0,true,"Applewood West, CO 80401, USA",39.7613167451,-105.1441673779,39,,,,39,,,false,,,Antirrhinum majus,Antirrhinum majus,Snapdragon,Plantae,48969,Plantaginaceae,Antirrhinum
335407816,2025/07/30 3:49 PM,2025-07-30,Mountain Time (US & Canada),9595056,casual,0,true,"Applewood West, CO 80401, USA",39.7613167451,-105.1441673779,39,,,,39,,,false,,,Calendula,Calendula,marigolds,Plantae,59261,Asteraceae,Calendula
335407819,2025/07/30 3:49 PM,2025-07-30,Mountain Time (US & Canada),9595056,casual,0,true,"Applewood West, CO 80401, USA",39.7613167451,-105.1441673779,39,,,,39,,,false,,,Benincaseae,Benincaseae,,Plantae,1335676,Cucurbitaceae,
335407820,2025/07/30 3:50 PM,2025-07-30,Mountain Time (US & Canada),9595056,casual,0,true,"Applewood West, CO 80401, USA",39.7613167451,-105.1441673779,39,,,,39,,,false,,,Solanum lycopersicum,Solanum lycopersicum,tomato,Plantae,51737,Solanaceae,Solanum
335407821,2025/07/30 3:50 PM,2025-07-30,Mountain Time (US & Canada),9595056,casual,0,true,"Applewood West, CO 80401, USA",39.7613167451,-105.1441673779,39,,,,39,,,false,,,Tagetes erecta,Tagetes erecta,Mexican Marigold,Plantae,79312,Asteraceae,Tagetes
335407822,2025/07/30 3:50 PM,2025-07-30,Mountain Time (US & Canada),9595056,casual,0,true,"Applewood West, CO 80401, USA",39.7613167451,-105.1441673779,39,,,,39,,open,false,,,Zea mays,Zea mays,Maize,Plantae,48448,Poaceae,Zea
335407823,2025/07/30 3:50 PM,2025-07-30,Mountain Time (US & Canada),9595056,casual,0,true,"Applewood West, CO 80401, USA",39.7613167451,-105.1441673779,39,,,,39,,open,false,,,Cucurbita pepo,Cucurbita pepo,American pumpkin,Plantae,76541,Cucurbitaceae,Cucurbita
335407824,2025/07/30 3:50 PM,2025-07-30,Mountain Time (US & Canada),9595056,casual,0,true,"Applewood West, CO 80401, USA",39.7613167451,-105.1441673779,39,,,,39,,open,false,,,Helianthus annuus,Helianthus annuus,Common Sunflower,Plantae,57983,Asteraceae,Helianthus
335407825,2025/07/30 3:51 PM,2025-07-30,Mountain Time (US & Canada),9595056,casual,0,true,"Applewood West, CO 80401, USA",39.7613167451,-105.1441673779,39,,,,39,,open,false,,,Zea mays,Zea mays,Maize,Plantae,48448,Poaceae,Zea
335407826,2025/07/30 3:51 PM,2025-07-30,Mountain Time (US & Canada),9595056,casual,0,true,"Applewood West, CO 80401, USA",39.7613167451,-105.1441673779,39,,,,39,,,false,,,Cosmos bipinnatus,Cosmos bipinnatus,garden cosmos,Plantae,68562,Asteraceae,Cosmos
335407827,2025/07/30 3:51 PM,2025-07-30,Mountain Time (US & Canada),9595056,casual,0,true,"Applewood West, CO 80401, USA",39.7613167451,-105.1441673779,39,,,,39,,,false,,,Asteroideae,Asteroideae,,Plantae,632790,Asteraceae,
335407828,2025/07/30 3:51 PM,2025-07-30,Mountain Time (US & Canada),9595056,casual,0,true,"Applewood West, CO 80401, USA",39.7613167451,-105.1441673779,39,,,,39,,open,false,,,Achillea millefolium,Achillea millefolium,common yarrow,Plantae,52821,Asteraceae,Achillea
335407829,2025/07/30 3:51 PM,2025-07-30,Mountain Time (US & Canada),9595056,casual,0,true,"Applewood West, CO 80401, USA",39.7613167451,-105.1441673779,39,,,,39,,,false,,,Eruca vesicaria,Eruca vesicaria,rocketsalad,Plantae,77058,Brassicaceae,Eruca
335407830,2025/07/30 3:51 PM,2025-07-30,Mountain Time (US & Canada),9595056,casual,0,true,"Applewood West, CO 80401, USA",39.7613167451,-105.1441673779,39,,,,39,,,false,,,Calendula,Calendula,marigolds,Plantae,59261,Asteraceae,Calendula
335407831,2025/07/30 3:51 PM,2025-07-30,Mountain Time (US & Canada),9595056,casual,0,true,"Applewood West, CO 80401, USA",39.7613167451,-105.1441673779,39,,,,39,,,false,,,Tagetes patula,Tagetes patula,French marigold,Plantae,777243,Asteraceae,Tagetes
335407832,2025/07/30 3:51 PM,2025-07-30,Mountain Time (US & Canada),9595056,casual,0,true,"Applewood West, CO 80401, USA",39.7613167451,-105.1441673779,39,,,,39,,,false,,,Borago officinalis,Borago officinalis,Borage,Plantae,52287,Boraginaceae,Borago
335407833,2025/07/30 3:52 PM,2025-07-30,Mountain Time (US & Canada),9595056,casual,0,true,"Applewood West, CO 80401, USA",39.7613167451,-105.1441673779,39,,,,39,,,false,,,Cucumis melo,Cucumis melo,Muskmelon,Plantae,76538,Cucurbitaceae,Cucumis
335407834,2025/07/30 3:52 PM,2025-07-30,Mountain Time (US & Canada),9595056,casual,0,true,"Applewood West, CO 80401, USA",39.7613167451,-105.1441673779,39,,,,39,,,false,,,Zinnia elegans,Zinnia elegans,Elegant Zinnia,Plantae,181901,Asteraceae,Zinnia
335407835,2025/07/30 3:52 PM,2025-07-30,Mountain Time (US & Canada),9595056,casual,0,true,"Applewood West, CO 80401, USA",39.7613167451,-105.1441673779,39,,,,39,,,false,,,Zinnia elegans,Zinnia elegans,Elegant Zinnia,Plantae,181901,Asteraceae,Zinnia
335407836,2025/07/30 3:52 PM,2025-07-30,Mountain Time (US & Canada),9595056,casual,0,true,"Applewood West, CO 80401, USA",39.7613167451,-105.1441673779,39,,,,39,,,false,,,Abutilon theophrasti,Abutilon theophrasti,velvetleaf,Plantae,60214,Malvaceae,Abutilon
335407838,2025/07/30 3:53 PM,2025-07-30,Mountain Time (US & Canada),9595056,casual,0,true,"Applewood West, CO 80401, USA",39.7613167451,-105.1441673779,39,,,,39,,,false,,,Cucumis sativus,Cucumis sativus,Cucumber,Plantae,54919,Cucurbitaceae,Cucumis
335407839,2025/07/30 3:53 PM,2025-07-30,Mountain Time (US & Canada),9595056,casual,0,true,"Applewood West, CO 80401, USA",39.7613167451,-105.1441673779,39,,,,39,,,false,,,Phaseolus,Phaseolus,beans,Plantae,72293,Fabaceae,Phaseolus
335407840,2025/07/31 10:17 AM,2025-07-31,Mountain Time (US & Canada),9595056,casual,0,true,"Applewood West, CO 80401, USA",39.7613167451,-105.1441673779,39,,,,39,,,false,,,Zinnia grandiflora,Zinnia grandiflora,Rocky Mountain zinnia,Plantae,170440,Asteraceae,Zinnia
335407841,2025/07/31 10:17 AM,2025-07-31,Mountain Time (US & Canada),9595056,casual,0,true,"Applewood West, CO 80401, USA",39.7613167451,-105.1441673779,39,,,,39,,,false,,,common morning-glory,Ipomoea purpurea,common morning-glory,Plantae,52344,Convolvulaceae,Ipomoea
335407842,2025/07/31 10:18 AM,2025-07-31,Mountain Time (US & Canada),9595056,casual,0,true,"Applewood West, CO 80401, USA",39.7613167451,-105.1441673779,39,,,,39,,,false,,,Borago officinalis,Borago officinalis,Borage,Plantae,52287,Boraginaceae,Borago
335407843,2025/07/31 10:18 AM,2025-07-31,Mountain Time (US & Canada),9595056,casual,0,true,"Applewood West, CO 80401, USA",39.7613167451,-105.1441673779,39,,,,39,,,false,,,Delphinium ajacis,Delphinium ajacis,doubtful knight's-spur,Plantae,401314,Ranunculaceae,Delphinium
335407844,2025/07/31 10:18 AM,2025-07-31,Mountain Time (US & Canada),9595056,casual,0,true,"Applewood West, CO 80401, USA",39.7613167451,-105.1441673779,39,,,,39,,open,false,,,Helianthus annuus,Helianthus annuus,Common Sunflower,Plantae,57983,Asteraceae,Helianthus
335407845,2025/07/31 10:18 AM,2025-07-31,Mountain Time (US & Canada),9595056,casual,0,true,"Applewood West, CO 80401, USA",39.7613167451,-105.1441673779,39,,,,39,,,false,,,Centaurea cyanus,Centaurea cyanus,Cornflower,Plantae,933404,Asteraceae,Centaurea
335407846,2025/07/31 10:19 AM,2025-07-31,Mountain Time (US & Canada),9595056,casual,0,true,"Applewood West, CO 80401, USA",39.7613167451,-105.1441673779,39,,,,39,,,false,,,Daucus carota,Daucus carota,wild carrot,Plantae,76610,Apiaceae,Daucus
335407850,2025/07/31 10:19 AM,2025-07-31,Mountain Time (US & Canada),9595056,casual,0,true,"Applewood West, CO 80401, USA",39.7613167451,-105.1441673779,39,,,,39,,,false,,,Eschscholzia californica,Eschscholzia californica,California poppy,Plantae,48225,Papaveraceae,Eschscholzia
335407851,2025/07/31 10:19 AM,2025-07-31,Mountain Time (US & Canada),9595056,research,0,false,"Applewood West, CO 80401, USA",39.7613167451,-105.1441673779,39,,,,39,,,false,,,field bindweed,Convolvulus arvensis,field bindweed,Plantae,53021,Convolvulaceae,Convolvulus
335407852,2025/07/31 10:19 AM,2025-07-31,Mountain Time (US & Canada),9595056,casual,0,true,"Applewood West, CO 80401, USA",39.7613167451,-105.1441673779,39,,,,39,,open,false,,,Helianthus annuus,Helianthus annuus,Common Sunflower,Plantae,57983,Asteraceae,Helianthus
335407856,2025/07/31 10:19 AM,2025-07-31,Mountain Time (US & Canada),9595056,casual,0,true,"Applewood West, CO 80401, USA",39.7613167451,-105.1441673779,39,,,,39,,,false,,,Helianthus,Helianthus,sunflowers,Plantae,56955,Asteraceae,Helianthus
335407857,2025/07/31 10:19 AM,2025-07-31,Mountain Time (US & Canada),9595056,casual,0,true,"Applewood West, CO 80401, USA",39.7613167451,-105.1441673779,39,,,,39,,,false,,,Calendula officinalis,Calendula officinalis,pot marigold,Plantae,75931,Asteraceae,Calendula
335407862,2025/07/31 10:20 AM,2025-07-31,Mountain Time (US & Canada),9595056,casual,0,true,"Applewood West, CO 80401, USA",39.7613167451,-105.1441673779,39,,,,39,,,false,,,Delphinium ajacis,Delphinium ajacis,doubtful knight's-spur,Plantae,401314,Ranunculaceae,Delphinium
335407863,2025/07/31 10:20 AM,2025-07-31,Mountain Time (US & Canada),9595056,casual,0,true,"Applewood West, CO 80401, USA",39.7613167451,-105.1441673779,39,,,,39,,open,false,,,Helianthus maximiliani,Helianthus maximiliani,Maximilian sunflower,Plantae,130192,Asteraceae,Helianthus
335407864,2025/07/31 10:20 AM,2025-07-31,Mountain Time (US & Canada),9595056,casual,0,true,"Applewood West, CO 80401, USA",39.7613167451,-105.1441673779,39,,,,39,,,false,,,Calendula,Calendula,marigolds,Plantae,59261,Asteraceae,Calendula
335407866,2025/07/31 10:20 AM,2025-07-31,Mountain Time (US & Canada),9595056,casual,0,true,"Applewood West, CO 80401, USA",39.7613167451,-105.1441673779,39,,,,39,,,false,,,Tagetes,Tagetes,Marigolds,Plantae,72389,Asteraceae,Tagetes
335407867,2025/07/31 10:20 AM,2025-07-31,Mountain Time (US & Canada),9595056,casual,0,true,"Applewood West, CO 80401, USA",39.7613167451,-105.1441673779,39,,,,39,,,false,,,Tagetes patula,Tagetes patula,French marigold,Plantae,777243,Asteraceae,Tagetes
335407868,2025/07/31 10:20 AM,2025-07-31,Mountain Time (US & Canada),9595056,casual,0,true,"Applewood West, CO 80401, USA",39.7613167451,-105.1441673779,39,,,,39,,,false,,,Borago officinalis,Borago officinalis,Borage,Plantae,52287,Boraginaceae,Borago
335407869,2025/07/31 10:20 AM,2025-07-31,Mountain Time (US & Canada),9595056,casual,0,true,"Applewood West, CO 80401, USA",39.7613167451,-105.1441673779,39,,,,39,,,false,,,Allium tuberosum,Allium tuberosum,Garlic Chives,Plantae,122343,Amaryllidaceae,Allium
335407870,2025/07/31 10:20 AM,2025-07-31,Mountain Time (US & Canada),9595056,casual,0,true,"Applewood West, CO 80401, USA",39.7613167451,-105.1441673779,39,,,,39,,,false,,,Solanum lycopersicum,Solanum lycopersicum,tomato,Plantae,51737,Solanaceae,Solanum
335407871,2025/07/31 10:20 AM,2025-07-31,Mountain Time (US & Canada),9595056,casual,0,true,"Applewood West, CO 80401, USA",39.7613167451,-105.1441673779,39,,,,39,,,false,,,Leucanthemum maximum,Leucanthemum maximum,max chrysanthemum,Plantae,77719,Asteraceae,Leucanthemum
335407873,2025/07/31 10:20 AM,2025-07-31,Mountain Time (US & Canada),9595056,casual,0,true,"Applewood West, CO 80401, USA",39.7613167451,-105.1441673779,39,,,,39,,open,false,,,Helianthus annuus,Helianthus annuus,Common Sunflower,Plantae,57983,Asteraceae,Helianthus
335512292,2025-08-05 13:54:01,2025-08-05,Mountain Time (US & Canada),9595148,casual,0,true,"S Field St, Lakewood, CO, US",39.6570126107,-105.098377755,7,,,,7,,,false,,,,Tagetes,Marigolds,Plantae,72389,Asteraceae,Tagetes
335512307,2025-08-05 13:54:07,2025-08-05,Mountain Time (US & Canada),9595148,casual,1,true,"S Field St, Lakewood, CO, US",39.6570399776,-105.0983890706,4,,,,4,,,false,,,Petunias,Petunia,petunias,Plantae,55406,Solanaceae,Petunia
335512325,2025-08-05 13:54:20,2025-08-05,Mountain Time (US & Canada),9595148,casual,0,true,"S Field St, Lakewood, CO, US",39.6571032191,-105.0984119532,4,,,,4,,,false,,,,Centaurea cyanus,Cornflower,Plantae,933404,Asteraceae,Centaurea
335512342,2025-08-05 13:55:02,2025-08-05,Mountain Time (US & Canada),9595148,casual,0,true,"S Field St, Lakewood, CO, US",39.6571050861,-105.0984223689,3,,,,3,,,false,,,,Allium tuberosum,Garlic Chives,Plantae,122343,Amaryllidaceae,Allium
335512362,2025-08-05 13:55:10,2025-08-05,Mountain Time (US & Canada),9595148,casual,0,true,"S Field St, Lakewood, CO, US",39.6570922739,-105.0984247141,3,,,,3,,,false,,,,Cosmos bipinnatus,garden cosmos,Plantae,68562,Asteraceae,Cosmos
335512383,2025-08-05 13:55:19,2025-08-05,Mountain Time (US & Canada),9595148,casual,0,true,"S Field St, Lakewood, CO, US",39.6570948632,-105.0984289737,9,,,,9,,,false,,,,Helianthus,sunflowers,Plantae,56955,Asteraceae,Helianthus
335512417,2025-08-05 13:55:29,2025-08-05,Mountain Time (US & Canada),9595148,casual,0,true,"S Field St, Lakewood, CO, US",39.6571125495,-105.0984319928,7,,,,7,,,false,,,,Dianthus,carnations,Plantae,60001,Caryophyllaceae,Dianthus
335512482,2025-08-05 13:55:39,2025-08-05,Mountain Time (US & Canada),9595148,casual,0,true,"S Field St, Lakewood, CO, US",39.6570944954,-105.0984190234,3,,,,3,,,false,,,,Centaurea cyanus,Cornflower,Plantae,933404,Asteraceae,Centaurea
335512882,2025-08-05 13:55:48,2025-08-05,Mountain Time (US & Canada),9595148,casual,0,true,"S Field St, Lakewood, CO, US",39.657086006,-105.0984225758,3,,,,3,,,false,,,,Tagetes patula,French marigold,Plantae,777243,Asteraceae,Tagetes
335512926,2025-08-05 13:56:04,2025-08-05,Mountain Time (US & Canada),9595148,casual,0,true,"S Field St, Lakewood, CO, US",39.6570822643,-105.0984486659,3,,,,3,,,false,,,,Origanum,,Plantae,61397,Lamiaceae,Origanum
335513140,2025-08-05 13:56:22,2025-08-05,Mountain Time (US & Canada),9595148,casual,0,true,"S Field St, Lakewood, CO, US",39.6570996987,-105.0984241908,3,,,,3,,,false,,,,Alcea rosea,Hollyhock,Plantae,62205,Malvaceae,Alcea
335513154,2025-08-05 13:56:30,2025-08-05,Mountain Time (US & Canada),9595148,research,0,false,"S Field St, Lakewood, CO, US",39.6570753074,-105.0984407869,3,,,,3,,,false,,,Correhuela de Eurasia,Convolvulus arvensis,field bindweed,Plantae,53021,Convolvulaceae,Convolvulus
335513164,2025-08-05 13:56:42,2025-08-05,Mountain Time (US & Canada),9595148,casual,0,true,"S Field St, Lakewood, CO, US",39.6570974356,-105.0984502585,4,,,,4,,open,false,,,,Cucurbita pepo,American pumpkin,Plantae,76541,Cucurbitaceae,Cucurbita
335513213,2025-08-05 13:56:54,2025-08-05,Mountain Time (US & Canada),9595148,casual,0,true,"S Field St, Lakewood, CO, US",39.6570618627,-105.0984640126,4,,,,4,,open,false,,,,Physalis philadelphica,Large-flowered Tomatillo,Plantae,51734,Solanaceae,Physalis
335513306,2025-08-05 13:57:04,2025-08-05,Mountain Time (US & Canada),9595148,casual,0,true,"S Field St, Lakewood, CO, US",39.657074235,-105.0984799979,3,,,,3,,,false,,,,Allium tuberosum,Garlic Chives,Plantae,122343,Amaryllidaceae,Allium
335513351,2025-08-05 13:57:16,2025-08-05,Mountain Time (US & Canada),9595148,casual,0,true,"S Field St, Lakewood, CO, US",39.657074235,-105.0984799979,3,,,,3,,,false,,,,Cucumis,Melons & Cucumbers,Plantae,54916,Cucurbitaceae,Cucumis
335513375,2025-08-05 13:57:35,2025-08-05,Mountain Time (US & Canada),9595148,casual,0,true,"S Field St, Lakewood, CO, US",39.6570725736,-105.0984799125,3,,,,3,,,false,,,,Solanum,nightshades,Plantae,50641,Solanaceae,Solanum
335513386,2025-08-05 13:57:51,2025-08-05,Mountain Time (US & Canada),9595148,casual,0,true,"S Field St, Lakewood, CO, US",39.6570695713,-105.0984848905,3,,,,3,,,false,,,,Tagetes erecta,Mexican Marigold,Plantae,79312,Asteraceae,Tagetes
335513405,2025-08-05 13:58:13,2025-08-05,Mountain Time (US & Canada),9595148,casual,0,true,"S Field St, Lakewood, CO, US",39.6570687325,-105.0985149494,3,,,,3,,,false,,,,Mentheae,,Plantae,918917,Lamiaceae,
335513442,2025-08-05 13:58:36,2025-08-05,Mountain Time (US & Canada),9595148,casual,0,true,"S Field St, Lakewood, CO, US",39.657081089,-105.098544758,3,,,,3,,,false,,,Claveles y parientes,Dianthus,carnations,Plantae,60001,Caryophyllaceae,Dianthus
335513538,2025-08-05 13:58:59,2025-08-05,Mountain Time (US & Canada),9595148,casual,0,true,"S Field St, Lakewood, CO, US",39.6570842936,-105.0985870204,3,,,,3,,,false,,,,Solanum,nightshades,Plantae,50641,Solanaceae,Solanum
335513554,2025-08-05 13:59:16,2025-08-05,Mountain Time (US & Canada),9595148,casual,0,true,"S Field St, Lakewood, CO, US",39.6571556207,-105.0986548891,6,,,,6,,,false,,,,Helianthus,sunflowers,Plantae,56955,Asteraceae,Helianthus
335513567,2025-08-05 13:59:33,2025-08-05,Mountain Time (US & Canada),9595148,casual,0,true,"S Field St, Lakewood, CO, US",39.6570953184,-105.0985860966,3,,,,3,,,false,,,,Cucurbitaceae,gourd family,Plantae,48620,Cucurbitaceae,
335513584,2025-08-05 14:00:03,2025-08-05,Mountain Time (US & Canada),9595148,casual,0,true,"S Garrison St, Lakewood, CO, US",39.6570997915,-105.0985724902,3,,,,3,,,false,,,,Pentas,,Plantae,68318,Rubiaceae,Pentas
335513600,2025-08-05 14:00:25,2025-08-05,Mountain Time (US & Canada),9595148,casual,0,true,"W Floyd Ave, Lakewood, CO, US",39.6570641757,-105.0986400416,4,,,,4,,,false,,,,Sonchus,sow thistles,Plantae,53270,Asteraceae,Sonchus
335513653,2025/07/31 11:57 AM,2025-07-31,Mountain Time (US & Canada),9595056,casual,0,true,"8605 W 23rd Ave, Lakewood, CO 80215, USA",39.7518415,-105.0937454,189,,,,189,,open,false,,,Helianthus annuus,Helianthus annuus,Common Sunflower,Plantae,57983,Asteraceae,Helianthus
335513654,2025/07/31 11:57 AM,2025-07-31,Mountain Time (US & Canada),9595056,casual,0,true,"8605 W 23rd Ave, Lakewood, CO 80215, USA",39.7518415,-105.0937454,189,,,,189,,,false,,,Rosaceae,Rosaceae,rose family,Plantae,47148,Rosaceae,
335513658,2025/07/31 11:57 AM,2025-07-31,Mountain Time (US & Canada),9595056,casual,0,true,"8605 W 23rd Ave, Lakewood, CO 80215, USA",39.7518415,-105.0937454,189,,,,189,,,false,,,Delphinium ajacis,Delphinium ajacis,doubtful knight's-spur,Plantae,401314,Ranunculaceae,Delphinium
335513661,2025/07/31 11:01 AM,2025-07-31,Mountain Time (US & Canada),9595056,casual,0,true,"8605 W 23rd Ave, Lakewood, CO 80215, USA",39.7518415,-105.0937454,189,,,,189,,,false,,,Helianthus,Helianthus,sunflowers,Plantae,56955,Asteraceae,Helianthus
335513663,2025/07/31 11:01 AM,2025-07-31,Mountain Time (US & Canada),9595056,casual,0,true,"8605 W 23rd Ave, Lakewood, CO 80215, USA",39.7518415,-105.0937454,189,,,,189,,,false,,,Solanum lycopersicum,Solanum lycopersicum,tomato,Plantae,51737,Solanaceae,Solanum
335513665,2025/07/31 11:01 AM,2025-07-31,Mountain Time (US & Canada),9595056,casual,0,true,"8605 W 23rd Ave, Lakewood, CO 80215, USA",39.7518415,-105.0937454,189,,,,189,,,false,,,Anethum graveolens,Anethum graveolens,Dill,Plantae,75445,Apiaceae,Anethum
335513667,2025/07/31 11:01 AM,2025-07-31,Mountain Time (US & Canada),9595056,casual,0,true,"Colorado, US",39.7878293702,-105.1095143861,189,,,,28060,,obscured,true,,,Chives,Allium schoenoprasum,Chives,Plantae,59254,Amaryllidaceae,Allium
335513668,2025/07/31 11:01 AM,2025-07-31,Mountain Time (US & Canada),9595056,casual,0,true,"8605 W 23rd Ave, Lakewood, CO 80215, USA",39.7518415,-105.0937454,189,,,,189,,,false,,,Cucumis sativus,Cucumis sativus,Cucumber,Plantae,54919,Cucurbitaceae,Cucumis
335513669,2025/07/31 11:01 AM,2025-07-31,Mountain Time (US & Canada),9595056,casual,0,true,"8605 W 23rd Ave, Lakewood, CO 80215, USA",39.7518415,-105.0937454,189,,,,189,,,false,,,Asteraceae,Asteraceae,"Sunflowers, Daisies, Asters, and Allies",Plantae,47604,Asteraceae,
335513670,2025/07/31 11:02 AM,2025-07-31,Mountain Time (US & Canada),9595056,casual,0,true,"8605 W 23rd Ave, Lakewood, CO 80215, USA",39.7518415,-105.0937454,189,,,,189,,,false,,,Coreopsis lanceolata,Coreopsis lanceolata,Lance-leaved Coreopsis,Plantae,76444,Asteraceae,Coreopsis
335513671,2025/07/31 11:02 AM,2025-07-31,Mountain Time (US & Canada),9595056,casual,0,true,"8605 W 23rd Ave, Lakewood, CO 80215, USA",39.7518415,-105.0937454,189,,,,189,,,false,,,Delphinium ajacis,Delphinium ajacis,doubtful knight's-spur,Plantae,401314,Ranunculaceae,Delphinium
335513672,2025/07/31 11:02 AM,2025-07-31,Mountain Time (US & Canada),9595056,casual,0,true,"8605 W 23rd Ave, Lakewood, CO 80215, USA",39.7518415,-105.0937454,189,,,,189,,,false,,,Tagetes patula,Tagetes patula,French marigold,Plantae,777243,Asteraceae,Tagetes
335513673,2025/07/31 11:02 AM,2025-07-31,Mountain Time (US & Canada),9595056,casual,0,true,"8605 W 23rd Ave, Lakewood, CO 80215, USA",39.7518415,-105.0937454,189,,,,189,,open,false,,,Helianthus annuus,Helianthus annuus,Common Sunflower,Plantae,57983,Asteraceae,Helianthus
335513674,2025/07/31 11:02 AM,2025-07-31,Mountain Time (US & Canada),9595056,casual,0,true,"8605 W 23rd Ave, Lakewood, CO 80215, USA",39.7518415,-105.0937454,189,,,,189,,,false,,,Delphinium,Delphinium,larkspurs,Plantae,48493,Ranunculaceae,Delphinium
335513677,2025/07/31 11:02 AM,2025-07-31,Mountain Time (US & Canada),9595056,casual,0,true,"8605 W 23rd Ave, Lakewood, CO 80215, USA",39.7518415,-105.0937454,189,,,,189,,,false,,,Tagetes patula,Tagetes patula,French marigold,Plantae,777243,Asteraceae,Tagetes
335513679,2025/07/31 11:02 AM,2025-07-31,Mountain Time (US & Canada),9595056,casual,0,true,"Colorado, US",39.6649826064,-105.0752767304,189,,,,28060,,obscured,true,,,Allium schoenoprasum,Allium schoenoprasum,Chives,Plantae,59254,Amaryllidaceae,Allium
335513680,2025/07/31 11:02 AM,2025-07-31,Mountain Time (US & Canada),9595056,casual,0,true,"8605 W 23rd Ave, Lakewood, CO 80215, USA",39.7518415,-105.0937454,189,,,,189,,,false,,,Nepeta cataria,Nepeta cataria,Catnip,Plantae,48622,Lamiaceae,Nepeta
335513682,2025/07/31 11:03 AM,2025-07-31,Mountain Time (US & Canada),9595056,casual,0,true,"8605 W 23rd Ave, Lakewood, CO 80215, USA",39.7518415,-105.0937454,189,,,,189,,,false,,,Cucurbita maxima,Cucurbita maxima,winter squash,Plantae,122866,Cucurbitaceae,Cucurbita
335513683,2025/07/31 11:03 AM,2025-07-31,Mountain Time (US & Canada),9595056,casual,0,true,"Colorado, US",39.6167865637,-105.0622433754,189,,,,28060,,obscured,true,,,Allium schoenoprasum,Allium schoenoprasum,Chives,Plantae,59254,Amaryllidaceae,Allium
335513684,2025/07/31 11:03 AM,2025-07-31,Mountain Time (US & Canada),9595056,casual,0,true,"8605 W 23rd Ave, Lakewood, CO 80215, USA",39.7518415,-105.0937454,189,,,,189,,,false,,,Solanum lycopersicum,Solanum lycopersicum,tomato,Plantae,51737,Solanaceae,Solanum
335513687,2025/07/31 11:53 AM,2025-07-31,Mountain Time (US & Canada),9595056,casual,0,true,"8605 W 23rd Ave, Lakewood, CO 80215, USA",39.7518415,-105.0937454,189,,,,189,,open,false,,,Helianthus annuus,Helianthus annuus,Common Sunflower,Plantae,57983,Asteraceae,Helianthus
335513688,2025/07/31 11:52 AM,2025-07-31,Mountain Time (US & Canada),9595056,casual,0,true,"8605 W 23rd Ave, Lakewood, CO 80215, USA",39.7518415,-105.0937454,189,,,,189,,,false,,,Nepeta,Nepeta,catmints,Plantae,48624,Lamiaceae,Nepeta
335513689,2025/07/31 11:52 AM,2025-07-31,Mountain Time (US & Canada),9595056,research,0,false,"8605 W 23rd Ave, Lakewood, CO 80215, USA",39.7518415,-105.0937454,189,,,,189,,,false,,,field bindweed,Convolvulus arvensis,field bindweed,Plantae,53021,Convolvulaceae,Convolvulus
335513690,2025/07/31 11:53 AM,2025-07-31,Mountain Time (US & Canada),9595056,research,0,false,"8605 W 23rd Ave, Lakewood, CO 80215, USA",39.7518415,-105.0937454,189,,,,189,,,false,,,field bindweed,Convolvulus arvensis,field bindweed,Plantae,53021,Convolvulaceae,Convolvulus
335513691,2025/07/31 11:53 AM,2025-07-31,Mountain Time (US & Canada),9595056,casual,0,true,"8605 W 23rd Ave, Lakewood, CO 80215, USA",39.7518415,-105.0937454,189,,,,189,,,false,,,Delphinium ajacis,Delphinium ajacis,doubtful knight's-spur,Plantae,401314,Ranunculaceae,Delphinium
335513692,2025/07/31 11:53 AM,2025-07-31,Mountain Time (US & Canada),9595056,casual,0,true,"8605 W 23rd Ave, Lakewood, CO 80215, USA",39.7518415,-105.0937454,189,,,,189,,open,false,,,Helianthus annuus,Helianthus annuus,Common Sunflower,Plantae,57983,Asteraceae,Helianthus
335513694,2025/07/31 11:54 AM,2025-07-31,Mountain Time (US & Canada),9595056,casual,0,true,"8605 W 23rd Ave, Lakewood, CO 80215, USA",39.7518415,-105.0937454,189,,,,189,,,false,,,Cucumis sativus,Cucumis sativus,Cucumber,Plantae,54919,Cucurbitaceae,Cucumis
335513695,2025/07/31 11:53 AM,2025-07-31,Mountain Time (US & Canada),9595056,casual,0,true,"8605 W 23rd Ave, Lakewood, CO 80215, USA",39.7518415,-105.0937454,189,,,,189,,,false,,,Common Sow-thistle,Sonchus oleraceus,Common Sow-thistle,Plantae,53294,Asteraceae,Sonchus
335513697,2025/07/31 11:54 AM,2025-07-31,Mountain Time (US & Canada),9595056,casual,0,true,"8605 W 23rd Ave, Lakewood, CO 80215, USA",39.7518415,-105.0937454,189,,,,189,,open,false,,,Maize,Zea mays,Maize,Plantae,48448,Poaceae,Zea
335513703,2025/07/31 11:54 AM,2025-07-31,Mountain Time (US & Canada),9595056,research,0,false,"8605 W 23rd Ave, Lakewood, CO 80215, USA",39.7518415,-105.0937454,189,,,,189,,,false,,,horseweed,Erigeron canadensis,horseweed,Plantae,76907,Asteraceae,Erigeron
335513704,2025/07/31 11:54 AM,2025-07-31,Mountain Time (US & Canada),9595056,casual,0,true,"8605 W 23rd Ave, Lakewood, CO 80215, USA",39.7518415,-105.0937454,189,,,,189,,,false,,,Cucumis sativus,Cucumis sativus,Cucumber,Plantae,54919,Cucurbitaceae,Cucumis
335513705,2025/07/31 11:54 AM,2025-07-31,Mountain Time (US & Canada),9595056,casual,0,true,"8605 W 23rd Ave, Lakewood, CO 80215, USA",39.7518415,-105.0937454,189,,,,189,,,false,,,Stachys byzantina,Stachys byzantina,woolly hedgenettle,Plantae,127480,Lamiaceae,Stachys
335513709,2025/07/31 11:55 AM,2025-07-31,Mountain Time (US & Canada),9595056,casual,0,true,"8605 W 23rd Ave, Lakewood, CO 80215, USA",39.7518415,-105.0937454,189,,,,189,,,false,,,Eschscholzia californica,Eschscholzia californica,California poppy,Plantae,48225,Papaveraceae,Eschscholzia
335513710,2025/07/31 11:54 AM,2025-07-31,Mountain Time (US & Canada),9595056,casual,0,true,"8605 W 23rd Ave, Lakewood, CO 80215, USA",39.7518415,-105.0937454,189,,,,189,,,false,,,Cynoglossum amabile,Cynoglossum amabile,Chinese forget-me-not,Plantae,161415,Boraginaceae,Cynoglossum
335513711,2025/07/31 11:55 AM,2025-07-31,Mountain Time (US & Canada),9595056,casual,0,true,"8605 W 23rd Ave, Lakewood, CO 80215, USA",39.7518415,-105.0937454,189,,,,189,,,false,,,Delphinium ajacis,Delphinium ajacis,doubtful knight's-spur,Plantae,401314,Ranunculaceae,Delphinium
335513714,2025/07/31 11:55 AM,2025-07-31,Mountain Time (US & Canada),9595056,casual,0,true,"8605 W 23rd Ave, Lakewood, CO 80215, USA",39.7518415,-105.0937454,189,,,,189,,open,false,,,Helianthus annuus,Helianthus annuus,Common Sunflower,Plantae,57983,Asteraceae,Helianthus
335513715,2025/07/31 11:55 AM,2025-07-31,Mountain Time (US & Canada),9595056,casual,0,true,"8605 W 23rd Ave, Lakewood, CO 80215, USA",39.7518415,-105.0937454,189,,,,189,,,false,,,Eschscholzia californica,Eschscholzia californica,California poppy,Plantae,48225,Papaveraceae,Eschscholzia
335513716,2025/07/31 11:56 AM,2025-07-31,Mountain Time (US & Canada),9595056,casual,0,true,"8605 W 23rd Ave, Lakewood, CO 80215, USA",39.7518415,-105.0937454,189,,,,189,,,false,,,Daucus,Daucus,carrots,Plantae,56727,Apiaceae,Daucus
335513718,2025/07/31 11:56 AM,2025-07-31,Mountain Time (US & Canada),9595056,casual,0,true,"8605 W 23rd Ave, Lakewood, CO 80215, USA",39.7518415,-105.0937454,189,,,,189,,,false,,,Cucurbita maxima,Cucurbita maxima,winter squash,Plantae,122866,Cucurbitaceae,Cucurbita
335513719,2025/07/31 11:56 AM,2025-07-31,Mountain Time (US & Canada),9595056,casual,0,true,"8605 W 23rd Ave, Lakewood, CO 80215, USA",39.7518415,-105.0937454,189,,,,189,,,false,,,Cucumis sativus,Cucumis sativus,Cucumber,Plantae,54919,Cucurbitaceae,Cucumis
335513720,2025/07/31 11:56 AM,2025-07-31,Mountain Time (US & Canada),9595056,casual,0,true,"8605 W 23rd Ave, Lakewood, CO 80215, USA",39.7518415,-105.0937454,189,,,,189,,,false,,,Eschscholzia californica,Eschscholzia californica,California poppy,Plantae,48225,Papaveraceae,Eschscholzia
335513722,2025/07/31 11:57 AM,2025-07-31,Mountain Time (US & Canada),9595056,needs_id,0,false,"8605 W 23rd Ave, Lakewood, CO 80215, USA",39.7518415,-105.0937454,189,,,,189,,,false,,,Convolvulus arvensis,Convolvulus arvensis,field bindweed,Plantae,53021,Convolvulaceae,Convolvulus
335513723,2025/07/31 11:56 AM,2025-07-31,Mountain Time (US & Canada),9595056,casual,0,true,"8605 W 23rd Ave, Lakewood, CO 80215, USA",39.7518415,-105.0937454,189,,,,189,,,false,,,Nigella damascena,Nigella damascena,love-in-a-mist,Plantae,62313,Ranunculaceae,Nigella
335513724,2025/07/31 11:57 AM,2025-07-31,Mountain Time (US & Canada),9595056,casual,0,true,"8605 W 23rd Ave, Lakewood, CO 80215, USA",39.7518415,-105.0937454,189,,,,189,,,false,,,Eschscholzia californica,Eschscholzia californica,California poppy,Plantae,48225,Papaveraceae,Eschscholzia
335513726,2025/07/31 11:57 AM,2025-07-31,Mountain Time (US & Canada),9595056,casual,0,true,"8605 W 23rd Ave, Lakewood, CO 80215, USA",39.7518415,-105.0937454,189,,,,189,,,false,,,Solanum lycopersicum,Solanum lycopersicum,tomato,Plantae,51737,Solanaceae,Solanum
335513727,2025/07/31 11:57 AM,2025-07-31,Mountain Time (US & Canada),9595056,casual,0,true,"8605 W 23rd Ave, Lakewood, CO 80215, USA",39.7518415,-105.0937454,189,,,,189,,,false,,,Allium tuberosum,Allium tuberosum,Garlic Chives,Plantae,122343,Amaryllidaceae,Allium
335513728,2025/07/31 11:57 AM,2025-07-31,Mountain Time (US & Canada),9595056,casual,0,true,"8605 W 23rd Ave, Lakewood, CO 80215, USA",39.7518415,-105.0937454,189,,,,189,,,false,,,Centaurea cyanus,Centaurea cyanus,Cornflower,Plantae,933404,Asteraceae,Centaurea
335513915,2025-08-05 14:01:00,2025-08-05,Mountain Time (US & Canada),9595148,casual,0,true,"W Floyd Ave, Lakewood, CO, US",39.6570765647,-105.0985715446,4,,,,4,,,false,,,,Helianthus,sunflowers,Plantae,56955,Asteraceae,Helianthus
335514017,2025-08-05 14:01:36,2025-08-05,Mountain Time (US & Canada),9595148,casual,0,true,"S Field St, Lakewood, CO, US",39.6571076697,-105.0985652166,4,,,,4,,,false,,,,Tagetes erecta,Mexican Marigold,Plantae,79312,Asteraceae,Tagetes
335514031,2025-08-05 14:01:51,2025-08-05,Mountain Time (US & Canada),9595148,casual,0,true,"S Field St, Lakewood, CO, US",39.6571174433,-105.0985512066,3,,,,3,,,false,,,Milenrama dorada,Achillea filipendulina,Fern-leaf Yarrow,Plantae,157924,Asteraceae,Achillea
335514039,2025-08-05 14:02:12,2025-08-05,Mountain Time (US & Canada),9595148,casual,0,true,"W Floyd Ave, Lakewood, CO, US",39.6571211716,-105.0985506631,3,,,,3,,,false,,,Escobillas,Dalea,prairie clovers,Plantae,63552,Fabaceae,Dalea
335514047,2025-08-05 14:02:30,2025-08-05,Mountain Time (US & Canada),9595148,casual,0,true,"S Field St, Lakewood, CO, US",39.657146723,-105.0985515144,3,,,,3,,,false,,,,Solanum lycopersicum,tomato,Plantae,51737,Solanaceae,Solanum
335514065,2025-08-05 14:03:05,2025-08-05,Mountain Time (US & Canada),9595148,casual,0,true,"S Field St, Lakewood, CO, US",39.657265305,-105.0984798606,8,,,,8,,,false,,,,Dahlia pinnata,Garden Dahlia,Plantae,161582,Asteraceae,Dahlia
335514637,2025-08-05 14:00:42,2025-08-05,Mountain Time (US & Canada),9595148,casual,0,true,"S Field St, Lakewood, CO, US",39.6570598847,-105.0986264461,3,,,,3,,,false,,,,Borago officinalis,Borage,Plantae,52287,Boraginaceae,Borago
335514652,2025-08-05 14:03:25,2025-08-05,Mountain Time (US & Canada),9595148,casual,0,true,"S Field St, Lakewood, CO, US",39.6570733476,-105.0984804209,3,,,,3,,,false,,,,Gazania,Treasure Flowers,Plantae,56151,Asteraceae,Gazania
335514676,2025-08-05 14:03:44,2025-08-05,Mountain Time (US & Canada),9595148,casual,0,true,"W Floyd Ave, Lakewood, CO, US",39.6571453215,-105.0984728389,3,,,,3,,,false,,,,Dianthus gratianopolitanus,Cheddar Pink,Plantae,85439,Caryophyllaceae,Dianthus
335514696,2025-08-05 14:04:03,2025-08-05,Mountain Time (US & Canada),9595148,casual,0,true,"S Field St, Lakewood, CO, US",39.6571443152,-105.0984825676,3,,,,3,,,false,,,,Nepeta racemosa,Eastern Cat-mint,Plantae,165681,Lamiaceae,Nepeta
335514716,2025-08-05 14:04:22,2025-08-05,Mountain Time (US & Canada),9595148,casual,0,true,"S Field St, Lakewood, CO, US",39.6570926686,-105.098564887,9,,,,9,,,false,,,,Plantaginaceae,Plantain Family,Plantae,50638,Plantaginaceae,
335514752,2025-08-05 14:04:48,2025-08-05,Mountain Time (US & Canada),9595148,casual,0,true,"S Field St, Lakewood, CO, US",39.6571784202,-105.0984927173,5,,,,5,,open,false,,,,Phaseolus vulgaris,Common Bean,Plantae,122850,Fabaceae,Phaseolus
335514971,2025-08-05 14:05:01,2025-08-05,Mountain Time (US & Canada),9595148,casual,0,true,"W Floyd Ave, Lakewood, CO, US",39.657148858,-105.0985123639,4,,,,4,,,false,,,,Solanum lycopersicum,tomato,Plantae,51737,Solanaceae,Solanum
335514980,2025-08-05 14:05:21,2025-08-05,Mountain Time (US & Canada),9595148,casual,0,true,"S Field St, Lakewood, CO, US",39.6571521272,-105.0984941896,3,,,,3,,open,false,,,,Helianthus annuus,Common Sunflower,Plantae,57983,Asteraceae,Helianthus
335515000,2025-08-05 14:13:42,2025-08-05,Mountain Time (US & Canada),9595148,casual,0,true,"W Floyd Ave, Lakewood, CO, US",39.6572698513,-105.0984874741,9,,,,9,,,false,,,,Cosmos bipinnatus,garden cosmos,Plantae,68562,Asteraceae,Cosmos
335515016,2025-08-05 14:13:52,2025-08-05,Mountain Time (US & Canada),9595148,casual,0,true,"S Field St, Lakewood, CO, US",39.6571692266,-105.0985283778,3,,,,3,,,false,,,,Petunia,petunias,Plantae,55406,Solanaceae,Petunia
335515035,2025-08-05 14:14:02,2025-08-05,Mountain Time (US & Canada),9595148,casual,0,true,"S Field St, Lakewood, CO, US",39.6571802907,-105.0985388552,4,,,,4,,,false,,,Tomate,Solanum lycopersicum,tomato,Plantae,51737,Solanaceae,Solanum
335515049,2025-08-05 14:14:13,2025-08-05,Mountain Time (US & Canada),9595148,casual,0,true,"S Field St, Lakewood, CO, US",39.6571957553,-105.0984960237,5,,,,5,,,false,,,,Cosmos,Cosmoses,Plantae,68563,Asteraceae,Cosmos
335515972,2025/07/31 1:56 PM,2025-07-31,Mountain Time (US & Canada),9595056,casual,0,true,"4515 W Wells Pl, Denver, CO 80204, USA",39.735605,-105.0458764,185,,,,185,,,false,,,Ageratum houstonianum,Ageratum houstonianum,bluemink,Plantae,120944,Asteraceae,Ageratum
335515973,2025/07/31 1:57 PM,2025-07-31,Mountain Time (US & Canada),9595056,casual,0,true,"4515 W Wells Pl, Denver, CO 80204, USA",39.735605,-105.0458764,185,,,,185,,open,false,,,Helianthus annuus,Helianthus annuus,Common Sunflower,Plantae,57983,Asteraceae,Helianthus
335515975,2025/07/31 1:57 PM,2025-07-31,Mountain Time (US & Canada),9595056,casual,1,true,"4515 W Wells Pl, Denver, CO 80204, USA",39.735605,-105.0458764,185,,,,185,,,false,,,strawberries,Fragaria,strawberries,Plantae,50299,Rosaceae,Fragaria
335515978,2025/07/31 1:58 PM,2025-07-31,Mountain Time (US & Canada),9595056,casual,0,true,"4515 W Wells Pl, Denver, CO 80204, USA",39.735605,-105.0458764,185,,,,185,,,false,,,Coriandrum sativum,Coriandrum sativum,coriander,Plantae,67759,Apiaceae,Coriandrum
335515979,2025/07/31 1:58 PM,2025-07-31,Mountain Time (US & Canada),9595056,casual,0,true,"4515 W Wells Pl, Denver, CO 80204, USA",39.735605,-105.0458764,185,,,,185,,,false,,,Tagetes erecta,Tagetes erecta,Mexican Marigold,Plantae,79312,Asteraceae,Tagetes
335515980,2025/07/31 1:58 PM,2025-07-31,Mountain Time (US & Canada),9595056,casual,0,true,"4515 W Wells Pl, Denver, CO 80204, USA",39.735605,-105.0458764,185,,,,185,,,false,,,Antirrhinum majus,Antirrhinum majus,Snapdragon,Plantae,48969,Plantaginaceae,Antirrhinum
335515981,2025/07/31 1:58 PM,2025-07-31,Mountain Time (US & Canada),9595056,casual,0,true,"4515 W Wells Pl, Denver, CO 80204, USA",39.735605,-105.0458764,185,,,,185,,,false,,,Zinnia elegans,Zinnia elegans,Elegant Zinnia,Plantae,181901,Asteraceae,Zinnia
335515982,2025/07/31 1:58 PM,2025-07-31,Mountain Time (US & Canada),9595056,casual,0,true,"4515 W Wells Pl, Denver, CO 80204, USA",39.735605,-105.0458764,185,,,,185,,,false,,,Solanum lycopersicum,Solanum lycopersicum,tomato,Plantae,51737,Solanaceae,Solanum
335515983,2025/07/31 1:58 PM,2025-07-31,Mountain Time (US & Canada),9595056,casual,0,true,"4515 W Wells Pl, Denver, CO 80204, USA",39.735605,-105.0458764,185,,,,185,,,false,,,Antirrhinum majus,Antirrhinum majus,Snapdragon,Plantae,48969,Plantaginaceae,Antirrhinum
335515985,2025/07/31 1:58 PM,2025-07-31,Mountain Time (US & Canada),9595056,casual,0,true,"4515 W Wells Pl, Denver, CO 80204, USA",39.735605,-105.0458764,185,,,,185,,,false,,,Zinnia elegans,Zinnia elegans,Elegant Zinnia,Plantae,181901,Asteraceae,Zinnia
335515986,2025/07/31 2:00 PM,2025-07-31,Mountain Time (US & Canada),9595056,casual,0,true,"4515 W Wells Pl, Denver, CO 80204, USA",39.735605,-105.0458764,185,,,,185,,open,false,,,Helianthus annuus,Helianthus annuus,Common Sunflower,Plantae,57983,Asteraceae,Helianthus
335515987,2025/07/31 2:01 PM,2025-07-31,Mountain Time (US & Canada),9595056,casual,0,true,"4515 W Wells Pl, Denver, CO 80204, USA",39.735605,-105.0458764,185,,,,185,,,false,,,Phaseolus,Phaseolus,beans,Plantae,72293,Fabaceae,Phaseolus
335515991,2025/07/31 1:45 PM,2025-07-31,Mountain Time (US & Canada),9595056,casual,0,true,"4515 W Wells Pl, Denver, CO 80204, USA",39.735605,-105.0458764,185,,,,185,,open,false,,,Helianthus annuus,Helianthus annuus,Common Sunflower,Plantae,57983,Asteraceae,Helianthus
335515992,2025/07/31 1:45 PM,2025-07-31,Mountain Time (US & Canada),9595056,research,0,false,"4515 W Wells Pl, Denver, CO 80204, USA",39.735605,-105.0458764,185,,,,185,,,false,,,field bindweed,Convolvulus arvensis,field bindweed,Plantae,53021,Convolvulaceae,Convolvulus
335515993,2025/07/31 1:45 PM,2025-07-31,Mountain Time (US & Canada),9595056,casual,0,true,"4515 W Wells Pl, Denver, CO 80204, USA",39.735605,-105.0458764,185,,,,185,,,false,,,Nepeta cataria,Nepeta cataria,Catnip,Plantae,48622,Lamiaceae,Nepeta
335515995,2025/07/31 1:45 PM,2025-07-31,Mountain Time (US & Canada),9595056,casual,0,true,"4515 W Wells Pl, Denver, CO 80204, USA",39.735605,-105.0458764,185,,,,185,,,false,,,Xerochrysum bracteatum,Xerochrysum bracteatum,Golden Everlasting,Plantae,147467,Asteraceae,Xerochrysum
335515997,2025/07/31 1:46 PM,2025-07-31,Mountain Time (US & Canada),9595056,casual,0,true,"4515 W Wells Pl, Denver, CO 80204, USA",39.735605,-105.0458764,185,,,,185,,,false,,,Tagetes erecta,Tagetes erecta,Mexican Marigold,Plantae,79312,Asteraceae,Tagetes
335515999,2025/07/31 1:46 PM,2025-07-31,Mountain Time (US & Canada),9595056,casual,0,true,"4515 W Wells Pl, Denver, CO 80204, USA",39.735605,-105.0458764,185,,,,185,,,false,,,Phaseolus,Phaseolus,beans,Plantae,72293,Fabaceae,Phaseolus
335516001,2025/07/31 1:46 PM,2025-07-31,Mountain Time (US & Canada),9595056,casual,0,true,"4515 W Wells Pl, Denver, CO 80204, USA",39.735605,-105.0458764,185,,,,185,,,false,,,Allium cepa,Allium cepa,Common Onion,Plantae,48592,Amaryllidaceae,Allium
335516003,2025/07/31 1:46 PM,2025-07-31,Mountain Time (US & Canada),9595056,casual,0,true,"4515 W Wells Pl, Denver, CO 80204, USA",39.735605,-105.0458764,185,,,,185,,,false,,,Raphanus raphanistrum,Raphanus raphanistrum,Wild radish,Plantae,55411,Brassicaceae,Raphanus
335516004,2025/07/31 1:46 PM,2025-07-31,Mountain Time (US & Canada),9595056,casual,0,true,"4515 W Wells Pl, Denver, CO 80204, USA",39.735605,-105.0458764,185,,,,185,,,false,,,Zinnia elegans,Zinnia elegans,Elegant Zinnia,Plantae,181901,Asteraceae,Zinnia
335516005,2025/07/31 1:46 PM,2025-07-31,Mountain Time (US & Canada),9595056,casual,0,true,"4515 W Wells Pl, Denver, CO 80204, USA",39.735605,-105.0458764,185,,,,185,,,false,,,Eschscholzia californica,Eschscholzia californica,California poppy,Plantae,48225,Papaveraceae,Eschscholzia
335516006,2025/07/31 1:46 PM,2025-07-31,Mountain Time (US & Canada),9595056,casual,0,true,"4515 W Wells Pl, Denver, CO 80204, USA",39.735605,-105.0458764,185,,,,185,,,false,,,Raphanus raphanistrum,Raphanus raphanistrum,Wild radish,Plantae,55411,Brassicaceae,Raphanus
335516007,2025/07/31 1:46 PM,2025-07-31,Mountain Time (US & Canada),9595056,research,0,false,"4515 W Wells Pl, Denver, CO 80204, USA",39.735605,-105.0458764,185,,,,185,,,false,,,field bindweed,Convolvulus arvensis,field bindweed,Plantae,53021,Convolvulaceae,Convolvulus
335516010,2025/07/31 1:47 PM,2025-07-31,Mountain Time (US & Canada),9595056,casual,0,true,"4515 W Wells Pl, Denver, CO 80204, USA",39.735605,-105.0458764,185,,,,185,,,false,,,Solanum lycopersicum,Solanum lycopersicum,tomato,Plantae,51737,Solanaceae,Solanum
335516011,2025/07/31 1:47 PM,2025-07-31,Mountain Time (US & Canada),9595056,casual,0,true,"4515 W Wells Pl, Denver, CO 80204, USA",39.735605,-105.0458764,185,,,,185,,,false,,,Cucurbita maxima,Cucurbita maxima,winter squash,Plantae,122866,Cucurbitaceae,Cucurbita
335516012,2025/07/31 1:47 PM,2025-07-31,Mountain Time (US & Canada),9595056,casual,0,true,"4515 W Wells Pl, Denver, CO 80204, USA",39.735605,-105.0458764,185,,,,185,,,false,,,Solanum lycopersicum,Solanum lycopersicum,tomato,Plantae,51737,Solanaceae,Solanum
335516013,2025/07/31 1:47 PM,2025-07-31,Mountain Time (US & Canada),9595056,casual,0,true,"4515 W Wells Pl, Denver, CO 80204, USA",39.735605,-105.0458764,185,,,,185,,,false,,,Cucumis sativus,Cucumis sativus,Cucumber,Plantae,54919,Cucurbitaceae,Cucumis
335516014,2025/07/31 1:47 PM,2025-07-31,Mountain Time (US & Canada),9595056,casual,0,true,"4515 W Wells Pl, Denver, CO 80204, USA",39.735605,-105.0458764,185,,,,185,,,false,,,Zinnia elegans,Zinnia elegans,Elegant Zinnia,Plantae,181901,Asteraceae,Zinnia
335516015,2025/07/31 1:47 PM,2025-07-31,Mountain Time (US & Canada),9595056,casual,0,true,"4515 W Wells Pl, Denver, CO 80204, USA",39.735605,-105.0458764,185,,,,185,,,false,,,Antirrhinum majus,Antirrhinum majus,Snapdragon,Plantae,48969,Plantaginaceae,Antirrhinum
335516018,2025/07/31 1:47 PM,2025-07-31,Mountain Time (US & Canada),9595056,casual,0,true,"4515 W Wells Pl, Denver, CO 80204, USA",39.735605,-105.0458764,185,,,,185,,open,false,,,Phaseolus coccineus,Phaseolus coccineus,Runner bean,Plantae,122860,Fabaceae,Phaseolus
335516019,2025/07/31 1:47 PM,2025-07-31,Mountain Time (US & Canada),9595056,casual,0,true,"4515 W Wells Pl, Denver, CO 80204, USA",39.735605,-105.0458764,185,,,,185,,,false,,,strawberries,Fragaria,strawberries,Plantae,50299,Rosaceae,Fragaria
335516025,2025/07/31 1:48 PM,2025-07-31,Mountain Time (US & Canada),9595056,casual,0,true,"4515 W Wells Pl, Denver, CO 80204, USA",39.735605,-105.0458764,185,,,,185,,open,false,,,Helianthus annuus,Helianthus annuus,Common Sunflower,Plantae,57983,Asteraceae,Helianthus
335516026,2025/07/31 1:48 PM,2025-07-31,Mountain Time (US & Canada),9595056,casual,0,true,"4515 W Wells Pl, Denver, CO 80204, USA",39.735605,-105.0458764,185,,,,185,,,false,,,Tagetes patula,Tagetes patula,French marigold,Plantae,777243,Asteraceae,Tagetes
335516028,2025/07/31 1:48 PM,2025-07-31,Mountain Time (US & Canada),9595056,casual,0,true,"4515 W Wells Pl, Denver, CO 80204, USA",39.735605,-105.0458764,185,,,,185,,,false,,,Cucurbita,Cucurbita,gourds,Plantae,55425,Cucurbitaceae,Cucurbita
335516033,2025/07/31 1:49 PM,2025-07-31,Mountain Time (US & Canada),9595056,casual,0,true,"4515 W Wells Pl, Denver, CO 80204, USA",39.735605,-105.0458764,185,,,,185,,,false,,,Rudbeckia,Rudbeckia,black-eyed Susans and coneflowers,Plantae,62742,Asteraceae,Rudbeckia
335516034,2025/07/31 1:49 PM,2025-07-31,Mountain Time (US & Canada),9595056,casual,0,true,"4515 W Wells Pl, Denver, CO 80204, USA",39.735605,-105.0458764,185,,,,185,,open,false,,,Helianthus annuus,Helianthus annuus,Common Sunflower,Plantae,57983,Asteraceae,Helianthus
335516035,2025/07/31 1:49 PM,2025-07-31,Mountain Time (US & Canada),9595056,casual,0,true,"4515 W Wells Pl, Denver, CO 80204, USA",39.735605,-105.0458764,185,,,,185,,,false,,,Allium,Allium,onions,Plantae,47357,Amaryllidaceae,Allium
335516036,2025/07/31 1:49 PM,2025-07-31,Mountain Time (US & Canada),9595056,casual,0,true,"4515 W Wells Pl, Denver, CO 80204, USA",39.735605,-105.0458764,185,,,,185,,,false,,,Solanum lycopersicum,Solanum lycopersicum,tomato,Plantae,51737,Solanaceae,Solanum
335516037,2025/07/31 1:49 PM,2025-07-31,Mountain Time (US & Canada),9595056,casual,0,true,"4515 W Wells Pl, Denver, CO 80204, USA",39.735605,-105.0458764,185,,,,185,,,false,,,Tagetes erecta,Tagetes erecta,Mexican Marigold,Plantae,79312,Asteraceae,Tagetes
335516038,2025/07/31 1:49 PM,2025-07-31,Mountain Time (US & Canada),9595056,casual,0,true,"4515 W Wells Pl, Denver, CO 80204, USA",39.735605,-105.0458764,185,,,,185,,open,false,,,Mentha spicata,Mentha spicata,spearmint,Plantae,62652,Lamiaceae,Mentha
335516040,2025/07/31 1:49 PM,2025-07-31,Mountain Time (US & Canada),9595056,casual,0,true,"4515 W Wells Pl, Denver, CO 80204, USA",39.735605,-105.0458764,185,,,,185,,,false,,,Zinnia elegans,Zinnia elegans,Elegant Zinnia,Plantae,181901,Asteraceae,Zinnia
335516041,2025/07/31 1:53 PM,2025-07-31,Mountain Time (US & Canada),9595056,casual,0,true,"4515 W Wells Pl, Denver, CO 80204, USA",39.735605,-105.0458764,185,,,,185,,open,false,,,Helianthus annuus,Helianthus annuus,Common Sunflower,Plantae,57983,Asteraceae,Helianthus
335516043,2025/07/31 1:53 PM,2025-07-31,Mountain Time (US & Canada),9595056,casual,0,true,"4515 W Wells Pl, Denver, CO 80204, USA",39.735605,-105.0458764,185,,,,185,,,false,,,Eschscholzia californica,Eschscholzia californica,California poppy,Plantae,48225,Papaveraceae,Eschscholzia
335516045,2025/07/31 1:53 PM,2025-07-31,Mountain Time (US & Canada),9595056,research,0,false,"4515 W Wells Pl, Denver, CO 80204, USA",39.735605,-105.0458764,185,,,,185,,,false,,,field bindweed,Convolvulus arvensis,field bindweed,Plantae,53021,Convolvulaceae,Convolvulus
335516047,2025/07/31 1:54 PM,2025-07-31,Mountain Time (US & Canada),9595056,casual,0,true,"4515 W Wells Pl, Denver, CO 80204, USA",39.735605,-105.0458764,185,,,,185,,,false,,,Cucurbita,Cucurbita,gourds,Plantae,55425,Cucurbitaceae,Cucurbita
335516048,2025/07/31 1:54 PM,2025-07-31,Mountain Time (US & Canada),9595056,casual,0,true,"4515 W Wells Pl, Denver, CO 80204, USA",39.735605,-105.0458764,185,,,,185,,,false,,,Tagetes erecta,Tagetes erecta,Mexican Marigold,Plantae,79312,Asteraceae,Tagetes
335516049,2025/07/31 1:54 PM,2025-07-31,Mountain Time (US & Canada),9595056,casual,0,true,"4515 W Wells Pl, Denver, CO 80204, USA",39.735605,-105.0458764,185,,,,185,,open,false,,,Mentha spicata,Mentha spicata,spearmint,Plantae,62652,Lamiaceae,Mentha
335516050,2025/07/31 1:54 PM,2025-07-31,Mountain Time (US & Canada),9595056,research,0,false,"4515 W Wells Pl, Denver, CO 80204, USA",39.735605,-105.0458764,185,,,,185,,,false,,,field bindweed,Convolvulus arvensis,field bindweed,Plantae,53021,Convolvulaceae,Convolvulus
335516051,2025/07/31 1:54 PM,2025-07-31,Mountain Time (US & Canada),9595056,casual,0,true,"4515 W Wells Pl, Denver, CO 80204, USA",39.735605,-105.0458764,185,,,,185,,,false,,,Solanum lycopersicum,Solanum lycopersicum,tomato,Plantae,51737,Solanaceae,Solanum
335516052,2025/07/31 1:54 PM,2025-07-31,Mountain Time (US & Canada),9595056,casual,0,true,"4515 W Wells Pl, Denver, CO 80204, USA",39.735605,-105.0458764,185,,,,185,,,false,,,Tithonia rotundifolia,Tithonia rotundifolia,Red Sunflower,Plantae,169780,Asteraceae,Tithonia
335516053,2025/07/31 1:54 PM,2025-07-31,Mountain Time (US & Canada),9595056,casual,0,true,"4515 W Wells Pl, Denver, CO 80204, USA",39.735605,-105.0458764,185,,,,185,,,false,,,Solanum lycopersicum,Solanum lycopersicum,tomato,Plantae,51737,Solanaceae,Solanum
335516055,2025/07/31 1:55 PM,2025-07-31,Mountain Time (US & Canada),9595056,casual,0,true,"4515 W Wells Pl, Denver, CO 80204, USA",39.735605,-105.0458764,185,,,,185,,,false,,,Zinnia elegans,Zinnia elegans,Elegant Zinnia,Plantae,181901,Asteraceae,Zinnia
335516056,2025/07/31 1:55 PM,2025-07-31,Mountain Time (US & Canada),9595056,casual,0,true,"4515 W Wells Pl, Denver, CO 80204, USA",39.735605,-105.0458764,185,,,,185,,open,false,,,Helianthus annuus,Helianthus annuus,Common Sunflower,Plantae,57983,Asteraceae,Helianthus
335516057,2025/07/31 1:55 PM,2025-07-31,Mountain Time (US & Canada),9595056,casual,0,true,"4515 W Wells Pl, Denver, CO 80204, USA",39.735605,-105.0458764,185,,,,185,,,false,,,Cosmos bipinnatus,Cosmos bipinnatus,garden cosmos,Plantae,68562,Asteraceae,Cosmos
335516059,2025/07/31 1:56 PM,2025-07-31,Mountain Time (US & Canada),9595056,research,0,false,"4515 W Wells Pl, Denver, CO 80204, USA",39.735605,-105.0458764,185,,,,185,,,false,,,creeping thistle,Cirsium arvense,creeping thistle,Plantae,60132,Asteraceae,Cirsium
335516062,2025/07/31 1:56 PM,2025-07-31,Mountain Time (US & Canada),9595056,casual,0,true,"4515 W Wells Pl, Denver, CO 80204, USA",39.735605,-105.0458764,185,,,,185,,,false,,,Tagetes erecta,Tagetes erecta,Mexican Marigold,Plantae,79312,Asteraceae,Tagetes
335516063,2025/07/31 1:56 PM,2025-07-31,Mountain Time (US & Canada),9595056,casual,0,true,"4515 W Wells Pl, Denver, CO 80204, USA",39.735605,-105.0458764,185,,,,185,,,false,,,Solanum lycopersicum,Solanum lycopersicum,tomato,Plantae,51737,Solanaceae,Solanum
335516064,2025/07/31 1:56 PM,2025-07-31,Mountain Time (US & Canada),9595056,casual,0,true,"4515 W Wells Pl, Denver, CO 80204, USA",39.735605,-105.0458764,185,,,,185,,,false,,,Eruca vesicaria,Eruca vesicaria,rocketsalad,Plantae,77058,Brassicaceae,Eruca
335516071,2025-08-05 14:14:26,2025-08-05,Mountain Time (US & Canada),9595148,casual,0,true,"S Field St, Lakewood, CO, US",39.6572159557,-105.0984937605,3,,,,3,,,false,,,,Rudbeckia,black-eyed Susans and coneflowers,Plantae,62742,Asteraceae,Rudbeckia
335516089,2025-08-05 14:14:35,2025-08-05,Mountain Time (US & Canada),9595148,casual,0,true,"S Field St, Lakewood, CO, US",39.6572343959,-105.0985672698,5,,,,5,,,false,,,,Zinnia,Zinnias,Plantae,132450,Asteraceae,Zinnia
335516105,2025-08-05 14:14:48,2025-08-05,Mountain Time (US & Canada),9595148,casual,0,true,"S Field St, Lakewood, CO, US",39.657226936,-105.0984944311,3,,,,3,,,false,,,,Solanum,nightshades,Plantae,50641,Solanaceae,Solanum
335516121,2025-08-05 14:14:58,2025-08-05,Mountain Time (US & Canada),9595148,casual,0,true,"S Field St, Lakewood, CO, US",39.6572451666,-105.098486133,7,,,,7,,,false,,,,Achillea filipendulina,Fern-leaf Yarrow,Plantae,157924,Asteraceae,Achillea
335516161,2025-08-05 14:15:06,2025-08-05,Mountain Time (US & Canada),9595148,casual,0,true,"S Field St, Lakewood, CO, US",39.6572201886,-105.0984853786,3,,,,3,,,false,,,,Tagetes,Marigolds,Plantae,72389,Asteraceae,Tagetes
335516186,2025-08-05 14:15:22,2025-08-05,Mountain Time (US & Canada),9595148,casual,0,true,"S Field St, Lakewood, CO, US",39.657226936,-105.0985112787,4,,,,4,,,false,,,,Zinnia elegans,Elegant Zinnia,Plantae,181901,Asteraceae,Zinnia
335516205,2025-08-05 14:15:31,2025-08-05,Mountain Time (US & Canada),9595148,casual,0,true,"S Field St, Lakewood, CO, US",39.65727509,-105.0985895657,7,,,,7,,,false,,,Liatris,Liatris,blazing-stars,Plantae,48690,Asteraceae,Liatris
335516231,2025-08-05 14:15:42,2025-08-05,Mountain Time (US & Canada),9595148,casual,0,true,"S Field St, Lakewood, CO, US",39.6572655347,-105.0985423756,3,,,,3,,,false,,,,Tagetes,Marigolds,Plantae,72389,Asteraceae,Tagetes
335516246,2025-08-05 14:15:50,2025-08-05,Mountain Time (US & Canada),9595148,casual,0,true,"S Field St, Lakewood, CO, US",39.6572611761,-105.0985313115,4,,,,4,,,false,,,,Cosmos bipinnatus,garden cosmos,Plantae,68562,Asteraceae,Cosmos
335516276,2025-08-05 14:16:04,2025-08-05,Mountain Time (US & Canada),9595148,casual,0,true,"W Floyd Ave, Lakewood, CO, US",39.6572699947,-105.0984936171,3,,,,3,,,false,,,,Petunia integrifolia,violetflower petunia,Plantae,181815,Solanaceae,Petunia
335516311,2025-08-05 14:16:11,2025-08-05,Mountain Time (US & Canada),9595148,casual,0,true,"S Field St, Lakewood, CO, US",39.6572530875,-105.0985154697,3,,,,3,,,false,,,,Brassica,cabbages and mustards,Plantae,53113,Brassicaceae,Brassica
335516407,2025-08-05 14:16:23,2025-08-05,Mountain Time (US & Canada),9595148,casual,0,true,"S Field St, Lakewood, CO, US",39.657243155,-105.0985044894,4,,,,4,,,false,,,Monardella,Monardella,Monardellas,Plantae,52182,Lamiaceae,Monardella
335516456,2025-08-05 14:16:34,2025-08-05,Mountain Time (US & Canada),9595148,casual,0,true,"S Field St, Lakewood, CO, US",39.6572844778,-105.0985140448,5,,,,5,,,false,,,eneldo,Anethum graveolens,Dill,Plantae,75445,Apiaceae,Anethum
335516474,2025-08-05 14:16:47,2025-08-05,Mountain Time (US & Canada),9595148,casual,0,true,"S Field St, Lakewood, CO, US",39.6572815441,-105.0985061658,3,,,,3,,open,false,,,,Cucurbita pepo,American pumpkin,Plantae,76541,Cucurbitaceae,Cucurbita
335516500,2025-08-05 14:16:58,2025-08-05,Mountain Time (US & Canada),9595148,casual,0,true,"S Field St, Lakewood, CO, US",39.6572777303,-105.0984983706,3,,,,3,,,false,,,,Cucurbita,gourds,Plantae,55425,Cucurbitaceae,Cucurbita
335516514,2025-08-05 14:17:17,2025-08-05,Mountain Time (US & Canada),9595148,casual,0,true,"S Field St, Lakewood, CO, US",39.6572784009,-105.0985021425,3,,,,3,,,false,,,,Allium tuberosum,Garlic Chives,Plantae,122343,Amaryllidaceae,Allium
335516531,2025-08-05 14:17:41,2025-08-05,Mountain Time (US & Canada),9595148,casual,0,true,"W Floyd Ave, Lakewood, CO, US",39.6572808735,-105.0985052438,3,,,,3,,,false,,,,Cucurbitaceae,gourd family,Plantae,48620,Cucurbitaceae,
335516545,2025-08-05 14:17:59,2025-08-05,Mountain Time (US & Canada),9595148,casual,0,true,"S Field St, Lakewood, CO, US",39.6572730784,-105.0985156373,3,,,,3,,open,false,,,,Physalis philadelphica,Large-flowered Tomatillo,Plantae,51734,Solanaceae,Physalis
335516561,2025-08-05 14:18:22,2025-08-05,Mountain Time (US & Canada),9595148,casual,0,true,"S Field St, Lakewood, CO, US",39.6572742938,-105.0985117816,3,,,,3,,,false,,,,Allium,onions,Plantae,47357,Amaryllidaceae,Allium
335516576,2025-08-05 14:18:39,2025-08-05,Mountain Time (US & Canada),9595148,casual,0,true,"S Field St, Lakewood, CO, US",39.6573032532,-105.0985286293,3,,,,3,,,false,,,,Solanum lycopersicum,tomato,Plantae,51737,Solanaceae,Solanum
335516588,2025-08-05 14:19:04,2025-08-05,Mountain Time (US & Canada),9595148,casual,0,true,"W Floyd Ave, Lakewood, CO, US",39.6573781345,-105.0985000579,5,,,,5,,,false,,,,Tagetes erecta,Mexican Marigold,Plantae,79312,Asteraceae,Tagetes
335516605,2025-08-05 14:19:22,2025-08-05,Mountain Time (US & Canada),9595148,casual,0,true,"S Field St, Lakewood, CO, US",39.6573393422,-105.0984851292,3,,,,3,,,false,,,,Ocimum basilicum,Sweet basil,Plantae,61398,Lamiaceae,Ocimum
335516625,2025-08-05 14:19:38,2025-08-05,Mountain Time (US & Canada),9595148,casual,0,true,"W Floyd Ave, Lakewood, CO, US",39.6573788127,-105.098508157,5,,,,5,,,false,,,,Diplotaxis,Wall-Rockets,Plantae,72097,Brassicaceae,Diplotaxis
335516664,2025-08-05 14:19:57,2025-08-05,Mountain Time (US & Canada),9595148,needs_id,0,false,"W Floyd Ave, Lakewood, CO, US",39.6573263604,-105.0984506897,3,,,,3,,,false,,,Correhuela de Eurasia,Convolvulus arvensis,field bindweed,Plantae,53021,Convolvulaceae,Convolvulus
335516680,2025-08-05 14:20:27,2025-08-05,Mountain Time (US & Canada),9595148,casual,0,true,"W Floyd Ave, Lakewood, CO, US",39.6573719848,-105.0984377694,3,,,,3,,open,false,,,,Lavandula angustifolia,Common Lavender,Plantae,133395,Lamiaceae,Lavandula
335516695,2025-08-05 14:20:39,2025-08-05,Mountain Time (US & Canada),9595148,casual,0,true,"S Field St, Lakewood, CO, US",39.6573253815,-105.098376833,3,,,,3,,,false,,,Tomate,Solanum lycopersicum,tomato,Plantae,51737,Solanaceae,Solanum
335516707,2025-08-05 14:20:58,2025-08-05,Mountain Time (US & Canada),9595148,casual,0,true,"W Floyd Ave, Lakewood, CO, US",39.657380702,-105.0983664394,3,,,,3,,open,false,,,,Phaseolus vulgaris,Common Bean,Plantae,122850,Fabaceae,Phaseolus
335516722,2025-08-05 14:21:10,2025-08-05,Mountain Time (US & Canada),9595148,casual,0,true,"S Field St, Lakewood, CO, US",39.6573937778,-105.0983728097,3,,,,3,,,false,,,,Cucumis sativus,Cucumber,Plantae,54919,Cucurbitaceae,Cucumis
335516759,2025-08-05 14:21:24,2025-08-05,Mountain Time (US & Canada),9595148,casual,0,true,"S Field St, Lakewood, CO, US",39.6573689254,-105.098372223,4,,,,4,,,false,,,,Petunia integrifolia,violetflower petunia,Plantae,181815,Solanaceae,Petunia
335516780,2025-08-05 14:21:42,2025-08-05,Mountain Time (US & Canada),9595148,casual,0,true,"W Floyd Ave, Lakewood, CO, US",39.6573655308,-105.098374989,3,,,,3,,,false,,,,Lantana,Lantanas,Plantae,50334,Verbenaceae,Lantana
335516790,2025-08-05 14:22:06,2025-08-05,Mountain Time (US & Canada),9595148,casual,0,true,"W Floyd Ave, Lakewood, CO, US",39.6573508798,-105.0983265926,7,,,,7,,,false,,,,Portulaca grandiflora,moss rose,Plantae,167309,Portulacaceae,Portulaca
335516801,2025-08-05 14:22:26,2025-08-05,Mountain Time (US & Canada),9595148,casual,0,true,"S Field St, Lakewood, CO, US",39.6573559224,-105.0982902153,5,,,,5,,,false,,,,Petunia integrifolia,violetflower petunia,Plantae,181815,Solanaceae,Petunia
335516827,2025-08-05 14:22:49,2025-08-05,Mountain Time (US & Canada),9595148,casual,0,true,"S Field St, Lakewood, CO, US",39.6573359007,-105.0983184111,3,,,,3,,,false,,,,Aquilegia,columbines,Plantae,48245,Ranunculaceae,Aquilegia
335516843,2025-08-05 14:23:17,2025-08-05,Mountain Time (US & Canada),9595148,casual,0,true,"S Field St, Lakewood, CO, US",39.6573624714,-105.0982717239,8,,,,8,,,false,,,,Solanum lycopersicum,tomato,Plantae,51737,Solanaceae,Solanum
335516871,2025-08-05 14:23:43,2025-08-05,Mountain Time (US & Canada),9595148,casual,0,true,"S Field St, Lakewood, CO, US",39.6573233914,-105.0983166307,3,,,,3,,,false,,,,Cucurbita,gourds,Plantae,55425,Cucurbitaceae,Cucurbita
335516897,2025-08-05 14:23:59,2025-08-05,Mountain Time (US & Canada),9595148,casual,0,true,"S Field St, Lakewood, CO, US",39.6573585646,-105.0983599895,3,,,,3,,,false,,,,Solanum,nightshades,Plantae,50641,Solanaceae,Solanum
335516979,2025-08-05 14:24:19,2025-08-05,Mountain Time (US & Canada),9595148,casual,0,true,"S Field St, Lakewood, CO, US",39.6573583748,-105.0984127332,3,,,,3,,,false,,,,Pelargonium,geraniums and storksbills,Plantae,72281,Geraniaceae,Pelargonium
335517002,2025-08-05 14:24:43,2025-08-05,Mountain Time (US & Canada),9595148,casual,0,true,"S Field St, Lakewood, CO, US",39.6574014444,-105.098320862,5,,,,5,,,false,,,,Helianthus,sunflowers,Plantae,56955,Asteraceae,Helianthus
335517019,2025-08-05 14:24:58,2025-08-05,Mountain Time (US & Canada),9595148,research,0,false,"W Floyd Ave, Lakewood, CO, US",39.6573206897,-105.0982905502,3,,,,3,,,false,,,Correhuela de Eurasia,Convolvulus arvensis,field bindweed,Plantae,53021,Convolvulaceae,Convolvulus
335517046,2025-08-05 14:25:25,2025-08-05,Mountain Time (US & Canada),9595148,casual,0,true,"W Floyd Ave, Lakewood, CO, US",39.6572559558,-105.0983054929,2,,,,2,,,false,,,,Tagetes,Marigolds,Plantae,72389,Asteraceae,Tagetes
335517063,2025-08-05 14:25:44,2025-08-05,Mountain Time (US & Canada),9595148,casual,0,true,"S Field St, Lakewood, CO, US",39.6572960029,-105.0982962829,4,,,,4,,,false,,,,Solanum,nightshades,Plantae,50641,Solanaceae,Solanum
335517078,2025-08-05 14:26:00,2025-08-05,Mountain Time (US & Canada),9595148,casual,0,true,"S Field St, Lakewood, CO, US",39.6572631039,-105.0983392821,3,,,,3,,,false,,,,Helianthus,sunflowers,Plantae,56955,Asteraceae,Helianthus
335517092,2025-08-05 14:26:25,2025-08-05,Mountain Time (US & Canada),9595148,casual,0,true,"S Field St, Lakewood, CO, US",39.6572563565,-105.0983420481,3,,,,3,,,false,,,,Borago officinalis,Borage,Plantae,52287,Boraginaceae,Borago
335517103,2025-08-05 14:26:54,2025-08-05,Mountain Time (US & Canada),9595148,casual,0,true,"W Floyd Ave, Lakewood, CO, US",39.6572556008,-105.098334333,3,,,,3,,,false,,,,Tagetes,Marigolds,Plantae,72389,Asteraceae,Tagetes
335517112,2025-08-05 14:27:25,2025-08-05,Mountain Time (US & Canada),9595148,casual,0,true,"W Floyd Ave, Lakewood, CO, US",39.6571854744,-105.0983014357,3,,,,3,,,false,,,,Solanum,nightshades,Plantae,50641,Solanaceae,Solanum
335517123,2025-08-05 14:27:48,2025-08-05,Mountain Time (US & Canada),9595148,casual,0,true,"S Field St, Lakewood, CO, US",39.6572083701,-105.0983363484,4,,,,4,,,false,,,,Brassiceae,,Plantae,574731,Brassicaceae,
335517158,2025-08-05 14:28:29,2025-08-05,Mountain Time (US & Canada),9595148,casual,0,true,"W Floyd Ave, Lakewood, CO, US",39.6572356567,-105.0984054009,3,,,,3,,,false,,,,Cosmos bipinnatus,garden cosmos,Plantae,68562,Asteraceae,Cosmos
335517186,2025-08-05 14:28:43,2025-08-05,Mountain Time (US & Canada),9595148,casual,0,true,"S Field St, Lakewood, CO, US",39.6572432834,-105.0983951594,3,,,,3,,,false,,,,Cucurbita,gourds,Plantae,55425,Cucurbitaceae,Cucurbita
335517194,2025-08-05 14:52:03,2025-08-05,Mountain Time (US & Canada),9595148,casual,0,true,"W Woodard Dr, Lakewood, CO, US",39.6793135442,-105.0934394729,3,,,,3,,open,false,,,,Helianthus annuus,Common Sunflower,Plantae,57983,Asteraceae,Helianthus
335517211,2025-08-05 14:52:17,2025-08-05,Mountain Time (US & Canada),9595148,casual,0,true,"W Woodard Dr, Lakewood, CO, US",39.6793246922,-105.0934425742,3,,,,3,,,false,,,Fragariinae,Fragariinae,strawberry subtribe,Plantae,975959,Rosaceae,
335517220,2025-08-05 14:52:24,2025-08-05,Mountain Time (US & Canada),9595148,casual,0,true,"W Woodard Dr, Lakewood, CO, US",39.6793236025,-105.0934439153,3,,,,3,,,false,,,Tomate,Solanum lycopersicum,tomato,Plantae,51737,Solanaceae,Solanum
335517234,2025-08-05 14:52:30,2025-08-05,Mountain Time (US & Canada),9595148,casual,0,true,"W Woodard Dr, Lakewood, CO, US",39.6793206239,-105.0934585909,3,,,,3,,,false,,,,Tagetes patula,French marigold,Plantae,777243,Asteraceae,Tagetes
335517246,2025-08-05 14:52:55,2025-08-05,Mountain Time (US & Canada),9595148,casual,0,true,"W Woodard Dr, Lakewood, CO, US",39.6793617402,-105.0934437477,3,,,,3,,,false,,,,Ricinus,Castor Beans,Plantae,56740,Euphorbiaceae,Ricinus
335517272,2025-08-05 14:53:31,2025-08-05,Mountain Time (US & Canada),9595148,casual,0,true,"W Woodard Dr, Lakewood, CO, US",39.6793526636,-105.0934365054,3,,,,3,,,false,,,,Cucumis sativus,Cucumber,Plantae,54919,Cucurbitaceae,Cucumis
335517295,2025-08-05 14:53:42,2025-08-05,Mountain Time (US & Canada),9595148,casual,0,true,"W Woodard Dr, Lakewood, CO, US",39.6793535416,-105.0934759723,3,,,,3,,open,false,,,,Helianthus annuus,Common Sunflower,Plantae,57983,Asteraceae,Helianthus
335517322,2025-08-05 14:53:52,2025-08-05,Mountain Time (US & Canada),9595148,casual,0,true,"W Woodard Dr, Lakewood, CO, US",39.6793335342,-105.0934220416,3,,,,3,,,false,,,,Solanum,nightshades,Plantae,50641,Solanaceae,Solanum
335517337,2025-08-05 14:54:04,2025-08-05,Mountain Time (US & Canada),9595148,casual,0,true,"W Woodard Dr, Lakewood, CO, US",39.6793280946,-105.0934694065,3,,,,3,,,false,,,,Salvia,Sages,Plantae,50644,Lamiaceae,Salvia
335517361,2025-08-05 14:54:16,2025-08-05,Mountain Time (US & Canada),9595148,research,0,false,"W Woodard Dr, Lakewood, CO, US",39.679332954,-105.0934740049,3,,,,3,,,false,,,Correhuela de Eurasia,Convolvulus arvensis,field bindweed,Plantae,53021,Convolvulaceae,Convolvulus
335517369,2025-08-05 14:54:35,2025-08-05,Mountain Time (US & Canada),9595148,casual,0,true,"W Woodard Dr, Lakewood, CO, US",39.679353484,-105.0935133175,4,,,,4,,,false,,,,Cucurbita,gourds,Plantae,55425,Cucurbitaceae,Cucurbita
335517378,2025-08-05 14:54:49,2025-08-05,Mountain Time (US & Canada),9595148,casual,0,true,"W Woodard Dr, Lakewood, CO, US",39.6793453116,-105.0935528801,3,,,,3,,,false,,,,Gerbera jamesonii,Barberton Daisy,Plantae,349270,Asteraceae,Gerbera
335517388,2025-08-05 14:55:00,2025-08-05,Mountain Time (US & Canada),9595148,casual,0,true,"W Woodard Dr, Lakewood, CO, US",39.6793290927,-105.0935633575,3,,,,3,,open,false,,,,Physalis philadelphica,Large-flowered Tomatillo,Plantae,51734,Solanaceae,Physalis
335517403,2025-08-05 14:55:10,2025-08-05,Mountain Time (US & Canada),9595148,casual,0,true,"W Woodard Dr, Lakewood, CO, US",39.6793257791,-105.0935940395,4,,,,4,,,false,,,,Cosmos bipinnatus,garden cosmos,Plantae,68562,Asteraceae,Cosmos
335517425,2025-08-05 14:55:19,2025-08-05,Mountain Time (US & Canada),9595148,casual,0,true,"W Woodard Dr, Lakewood, CO, US",39.6793311043,-105.0935988129,3,,,,3,,open,false,,,,Helianthus annuus,Common Sunflower,Plantae,57983,Asteraceae,Helianthus
335517438,2025-08-05 14:55:35,2025-08-05,Mountain Time (US & Canada),9595148,casual,0,true,"W Woodard Dr, Lakewood, CO, US",39.6793480358,-105.0935926103,3,,,,3,,,false,,,,Erigeron divergens,spreading fleabane,Plantae,59752,Asteraceae,Erigeron
335517449,2025-08-05 14:55:50,2025-08-05,Mountain Time (US & Canada),9595148,casual,0,true,"W Woodard Dr, Lakewood, CO, US",39.6793275001,-105.0935930294,3,,,,3,,,false,,,,Amaranthus,amaranths,Plantae,52326,Amaranthaceae,Amaranthus
335517460,2025-08-05 14:56:00,2025-08-05,Mountain Time (US & Canada),9595148,casual,0,true,"W Woodard Dr, Lakewood, CO, US",39.6793296375,-105.0936050155,3,,,,3,,,false,,,Amapola de California,Eschscholzia californica,California poppy,Plantae,48225,Papaveraceae,Eschscholzia
335517485,2025-08-05 14:56:23,2025-08-05,Mountain Time (US & Canada),9595148,research,0,false,"W Woodard Dr, Lakewood, CO, US",39.6793419928,-105.093598415,3,,,,3,,,false,,,Correhuela de Eurasia,Convolvulus arvensis,field bindweed,Plantae,53021,Convolvulaceae,Convolvulus
335517506,2025-08-05 14:56:33,2025-08-05,Mountain Time (US & Canada),9595148,casual,0,true,"W Woodard Dr, Lakewood, CO, US",39.6793422522,-105.0935895928,3,,,,3,,,false,,,,Cynoglossum amabile,Chinese forget-me-not,Plantae,161415,Boraginaceae,Cynoglossum
335517518,2025-08-05 14:56:49,2025-08-05,Mountain Time (US & Canada),9595148,casual,0,true,"W Woodard Dr, Lakewood, CO, US",39.679354867,-105.093609877,3,,,,3,,,false,,,,Allium,onions,Plantae,47357,Amaryllidaceae,Allium
335517530,2025-08-05 14:57:35,2025-08-05,Mountain Time (US & Canada),9595148,casual,0,true,"W Woodard Dr, Lakewood, CO, US",39.6793181124,-105.0936181751,3,,,,3,,,false,,,,Anthemidinae,,Plantae,900982,Asteraceae,
335517541,2025-08-05 14:57:50,2025-08-05,Mountain Time (US & Canada),9595148,casual,0,true,"W Woodard Dr, Lakewood, CO, US",39.6793254948,-105.0936047285,3,,,,3,,,false,,,,Eruca,,Plantae,72123,Brassicaceae,Eruca
335517561,2025-08-05 14:58:14,2025-08-05,Mountain Time (US & Canada),9595148,casual,0,true,"W Woodard Dr, Lakewood, CO, US",39.6793329394,-105.0936132531,3,,,,3,,,false,,,,Tagetes erecta,Mexican Marigold,Plantae,79312,Asteraceae,Tagetes
335517573,2025-08-05 14:58:30,2025-08-05,Mountain Time (US & Canada),9595148,casual,0,true,"W Woodard Dr, Lakewood, CO, US",39.6793457725,-105.0936399676,3,,,,3,,,false,,,,Leucanthemum,Oxeye Daisies,Plantae,56058,Asteraceae,Leucanthemum
335517587,2025-08-05 14:58:55,2025-08-05,Mountain Time (US & Canada),9595148,casual,0,true,"W Woodard Dr, Lakewood, CO, US",39.6793018185,-105.0937153576,3,,,,3,,,false,,,,Coriandrum,,Plantae,67758,Apiaceae,Coriandrum
335517608,2025-08-05 14:59:30,2025-08-05,Mountain Time (US & Canada),9595148,casual,0,true,"W Woodard Dr, Lakewood, CO, US",39.6793273782,-105.0937827274,3,,,,3,,,false,,,,Solanum lycopersicum,tomato,Plantae,51737,Solanaceae,Solanum
335517629,2025-08-05 15:00:14,2025-08-05,Mountain Time (US & Canada),9595148,casual,0,true,"W Woodard Dr, Lakewood, CO, US",39.6792967932,-105.0938687172,4,,,,4,,,false,,,,Zinnia elegans,Elegant Zinnia,Plantae,181901,Asteraceae,Zinnia
335517654,2025-08-05 15:00:38,2025-08-05,Mountain Time (US & Canada),9595148,casual,0,true,"W Woodard Dr, Lakewood, CO, US",39.6793168441,-105.0939169965,3,,,,3,,,false,,,,Brassicoideae,,Plantae,1473853,Brassicaceae,
335517683,2025-08-05 15:01:06,2025-08-05,Mountain Time (US & Canada),9595148,casual,0,true,"W Woodard Dr, Lakewood, CO, US",39.6792998817,-105.0939278864,3,,,,3,,,false,,,,Petunia integrifolia,violetflower petunia,Plantae,181815,Solanaceae,Petunia
335517705,2025-08-05 15:02:01,2025-08-05,Mountain Time (US & Canada),9595148,casual,0,true,"W Woodard Dr, Lakewood, CO, US",39.6793217585,-105.0939659403,3,,,,3,,,false,,,rábanos,Raphanus,Radishes,Plantae,55412,Brassicaceae,Raphanus
335517721,2025-08-05 15:02:21,2025-08-05,Mountain Time (US & Canada),9595148,research,0,false,"W Woodard Dr, Lakewood, CO, US",39.6793079703,-105.0939698798,4,,,,4,,,false,,,Correhuela de Eurasia,Convolvulus arvensis,field bindweed,Plantae,53021,Convolvulaceae,Convolvulus
335517787,2025-08-05 15:03:01,2025-08-05,Mountain Time (US & Canada),9595148,casual,0,true,"W Woodard Dr, Lakewood, CO, US",39.6792693716,-105.0939642639,5,,,,5,,open,false,,,,Helianthus annuus,Common Sunflower,Plantae,57983,Asteraceae,Helianthus
335517813,2025-08-05 15:03:20,2025-08-05,Mountain Time (US & Canada),9595148,casual,0,true,"W Woodard Dr, Lakewood, CO, US",39.6792534988,-105.0939924109,4,,,,4,,,false,,,,Achillea,yarrows,Plantae,52818,Asteraceae,Achillea
335517834,2025-08-05 15:03:40,2025-08-05,Mountain Time (US & Canada),9595148,casual,0,true,"W Woodard Dr, Lakewood, CO, US",39.6792313955,-105.0940490057,6,,,,6,,,false,,,Sombrero mexicano,Ratibida columnifera,upright prairie coneflower,Plantae,78836,Asteraceae,Ratibida
335517864,2025-08-05 15:04:03,2025-08-05,Mountain Time (US & Canada),9595148,casual,0,true,"W Woodard Dr, Lakewood, CO, US",39.6792470379,-105.0940292228,3,,,,3,,,false,,,,Tagetes,Marigolds,Plantae,72389,Asteraceae,Tagetes
335517924,2025-08-05 15:04:16,2025-08-05,Mountain Time (US & Canada),9595148,casual,0,true,"W Woodard Dr, Lakewood, CO, US",39.6792490029,-105.0940279664,3,,,,3,,,false,,,,Cosmos bipinnatus,garden cosmos,Plantae,68562,Asteraceae,Cosmos
335517961,2025-08-05 15:04:43,2025-08-05,Mountain Time (US & Canada),9595148,casual,0,true,"W Woodard Dr, Lakewood, CO, US",39.6792689403,-105.0940288878,3,,,,3,,,false,,,Sombrero mexicano,Ratibida columnifera,upright prairie coneflower,Plantae,78836,Asteraceae,Ratibida
335517980,2025-08-05 15:05:02,2025-08-05,Mountain Time (US & Canada),9595148,casual,1,true,"W Woodard Dr, Lakewood, CO, US",39.6792882073,-105.0940792502,4,,,,4,,,false,,,Gaillardia,Gaillardia,Blanketflowers,Plantae,51769,Asteraceae,Gaillardia
335517995,2025-08-05 15:05:44,2025-08-05,Mountain Time (US & Canada),9595148,casual,0,true,"W Woodard Dr, Lakewood, CO, US",39.6792871681,-105.0940772703,4,,,,4,,,false,,,,Echinacea purpurea,purple coneflower,Plantae,48627,Asteraceae,Echinacea
335518022,2025-08-05 15:06:04,2025-08-05,Mountain Time (US & Canada),9595148,casual,0,true,"S Dudley St, Lakewood, CO, US",39.679287372,-105.0940818735,3,,,,3,,,false,,,Achillea millefolium,Achillea millefolium,common yarrow complex,Plantae,1105043,Asteraceae,Achillea
335518039,2025-08-06 10:41:11,2025-08-06,Mountain Time (US & Canada),9595148,casual,0,true,"E Eastman Ave, Englewood, CO, US",39.6584577766,-104.9720238336,45,,,,45,,,false,,,,Tagetes patula,French marigold,Plantae,777243,Asteraceae,Tagetes
335518096,2025-08-06 10:41:31,2025-08-06,Mountain Time (US & Canada),9595148,casual,0,true,"E Eastman Ave, Englewood, CO, US",39.6583673777,-104.9722244126,4,,,,4,,,false,,,Campanilla morada,Ipomoea purpurea,common morning-glory,Plantae,52344,Convolvulaceae,Ipomoea
335518173,2025-08-06 10:41:39,2025-08-06,Mountain Time (US & Canada),9595148,casual,0,true,"E Eastman Ave, Englewood, CO, US",39.6583997738,-104.9721861911,4,,,,4,,,false,,,,Solanum,nightshades,Plantae,50641,Solanaceae,Solanum
335518215,2025-08-06 10:41:46,2025-08-06,Mountain Time (US & Canada),9595148,casual,0,true,"E Eastman Ave, Englewood, CO, US",39.6584089939,-104.972243188,3,,,,3,,open,false,,,,Physalis philadelphica,Large-flowered Tomatillo,Plantae,51734,Solanaceae,Physalis
335518234,2025-08-06 10:42:06,2025-08-06,Mountain Time (US & Canada),9595148,casual,0,true,"E Eastman Ave, Englewood, CO, US",39.6583915595,-104.9722150249,4,,,,4,,,false,,,,Cucurbita,gourds,Plantae,55425,Cucurbitaceae,Cucurbita
335518272,2025-08-06 10:42:25,2025-08-06,Mountain Time (US & Canada),9595148,casual,0,true,"E Eastman Ave, Englewood, CO, US",39.6584540885,-104.9721607939,6,,,,6,,,false,,,,Amaranthus retroflexus,Redroot Amaranth,Plantae,58776,Amaranthaceae,Amaranthus
335518314,2025-08-06 10:42:36,2025-08-06,Mountain Time (US & Canada),9595148,casual,0,true,"E Eastman Ave, Englewood, CO, US",39.6584296134,-104.9721843471,3,,,,3,,,false,,,,Helianthus,sunflowers,Plantae,56955,Asteraceae,Helianthus
335518323,2025-08-06 10:42:50,2025-08-06,Mountain Time (US & Canada),9595148,casual,0,true,"E Eastman Ave, Englewood, CO, US",39.6584258415,-104.9722280168,5,,,,5,,,false,,,,Eruca vesicaria,rocketsalad,Plantae,77058,Brassicaceae,Eruca
335518336,2025-08-06 10:43:03,2025-08-06,Mountain Time (US & Canada),9595148,casual,0,true,"E Eastman Ave, Englewood, CO, US",39.6584212315,-104.9722515699,3,,,,3,,,false,,,,Lactuca,wild lettuces,Plantae,53106,Asteraceae,Lactuca
335518345,2025-08-06 10:43:14,2025-08-06,Mountain Time (US & Canada),9595148,casual,0,true,"E Eastman Ave, Englewood, CO, US",39.6583880391,-104.9721953274,7,,,,7,,,false,,,,Tagetes erecta,Mexican Marigold,Plantae,79312,Asteraceae,Tagetes
335518368,2025-08-06 10:43:27,2025-08-06,Mountain Time (US & Canada),9595148,casual,0,true,"E Eastman Ave, Englewood, CO, US",39.6584208543,-104.9722060562,3,,,,3,,,false,,,,Solanum,nightshades,Plantae,50641,Solanaceae,Solanum
335518376,2025-08-06 10:44:01,2025-08-06,Mountain Time (US & Canada),9595148,casual,0,true,"E Eastman Ave, Englewood, CO, US",39.6584043838,-104.9722208084,4,,,,4,,open,false,,,,Physalis philadelphica,Large-flowered Tomatillo,Plantae,51734,Solanaceae,Physalis
335518399,2025-08-06 10:44:12,2025-08-06,Mountain Time (US & Canada),9595148,casual,0,true,"E Eastman Ave, Englewood, CO, US",39.6584314155,-104.9722028711,3,,,,3,,,false,,,,Allium,onions,Plantae,47357,Amaryllidaceae,Allium
335518434,2025-08-06 10:44:20,2025-08-06,Mountain Time (US & Canada),9595148,casual,0,true,"E Eastman Ave, Englewood, CO, US",39.6584884124,-104.9722456188,3,,,,3,,,false,,,Campanilla morada,Ipomoea purpurea,common morning-glory,Plantae,52344,Convolvulaceae,Ipomoea
335518461,2025-08-06 10:44:49,2025-08-06,Mountain Time (US & Canada),9595148,casual,0,true,"S Marion St, Englewood, CO, US",39.6584996861,-104.9722256699,3,,,,3,,open,false,,,,Helianthus annuus,Common Sunflower,Plantae,57983,Asteraceae,Helianthus
335518486,2025-08-06 10:44:57,2025-08-06,Mountain Time (US & Canada),9595148,casual,0,true,"E Eastman Ave, Englewood, CO, US",39.65850065,-104.972233465,3,,,,3,,,false,,,,Cosmos bipinnatus,garden cosmos,Plantae,68562,Asteraceae,Cosmos
335518503,2025-08-06 10:45:06,2025-08-06,Mountain Time (US & Canada),9595148,casual,0,true,"E Eastman Ave, Englewood, CO, US",39.65850065,-104.972233465,3,,,,3,,,false,,,,Alcea rosea,Hollyhock,Plantae,62205,Malvaceae,Alcea
335518527,2025-08-06 10:45:16,2025-08-06,Mountain Time (US & Canada),9595148,casual,0,true,"E Eastman Ave, Englewood, CO, US",39.6584996442,-104.9722241611,3,,,,3,,,false,,,,Physalis,groundcherries,Plantae,51733,Solanaceae,Physalis
335518826,2025/07/31 3:52 PM,2025-07-31,Mountain Time (US & Canada),9595056,casual,0,true,"Lower Highland, Denver, CO 80211, USA",39.763037905,-105.0092049663,15,,,,15,,,false,,,Phlox paniculata,Phlox paniculata,fall phlox,Plantae,117437,Polemoniaceae,Phlox
335518827,2025/07/31 3:52 PM,2025-07-31,Mountain Time (US & Canada),9595056,casual,0,true,"Lower Highland, Denver, CO 80211, USA",39.763037905,-105.0092049663,15,,,,15,,,false,,,Rudbeckia fulgida,Rudbeckia fulgida,orange coneflower,Plantae,142654,Asteraceae,Rudbeckia
335518828,2025/07/31 3:52 PM,2025-07-31,Mountain Time (US & Canada),9595056,casual,0,true,"Lower Highland, Denver, CO 80211, USA",39.763037905,-105.0092049663,15,,,,15,,,false,,,Tanacetum parthenium,Tanacetum parthenium,feverfew,Plantae,54520,Asteraceae,Tanacetum
335518829,2025/07/31 3:52 PM,2025-07-31,Mountain Time (US & Canada),9595056,casual,0,true,"Lower Highland, Denver, CO 80211, USA",39.763037905,-105.0092049663,15,,,,15,,,false,,,Tanacetum parthenium,Tanacetum parthenium,feverfew,Plantae,54520,Asteraceae,Tanacetum
335518831,2025/07/31 3:52 PM,2025-07-31,Mountain Time (US & Canada),9595056,casual,0,true,"Lower Highland, Denver, CO 80211, USA",39.763037905,-105.0092049663,15,,,,15,,,false,,,Centranthus,Centranthus,Valerian,Plantae,57286,Caprifoliaceae,Centranthus
335518832,2025/07/31 3:52 PM,2025-07-31,Mountain Time (US & Canada),9595056,casual,0,true,"Lower Highland, Denver, CO 80211, USA",39.763037905,-105.0092049663,15,,,,15,,,false,,,Rudbeckia,Rudbeckia,black-eyed Susans and coneflowers,Plantae,62742,Asteraceae,Rudbeckia
335518833,2025/07/31 3:52 PM,2025-07-31,Mountain Time (US & Canada),9595056,casual,0,true,"Lower Highland, Denver, CO 80211, USA",39.763037905,-105.0092049663,15,,,,15,,,false,,,Dianthus,Dianthus,carnations,Plantae,60001,Caryophyllaceae,Dianthus
335518834,2025/07/31 3:52 PM,2025-07-31,Mountain Time (US & Canada),9595056,casual,0,true,"Lower Highland, Denver, CO 80211, USA",39.763037905,-105.0092049663,15,,,,15,,,false,,,Tagetes erecta,Tagetes erecta,Mexican Marigold,Plantae,79312,Asteraceae,Tagetes
335518836,2025/07/31 3:53 PM,2025-07-31,Mountain Time (US & Canada),9595056,casual,0,true,"Lower Highland, Denver, CO 80211, USA",39.763037905,-105.0092049663,15,,,,15,,open,false,,,Lavandula angustifolia,Lavandula angustifolia,Common Lavender,Plantae,133395,Lamiaceae,Lavandula
335518837,2025/07/31 3:53 PM,2025-07-31,Mountain Time (US & Canada),9595056,casual,0,true,"Lower Highland, Denver, CO 80211, USA",39.763037905,-105.0092049663,15,,,,15,,,false,,,Dianthus plumarius,Dianthus plumarius,Garden Pink,Plantae,76648,Caryophyllaceae,Dianthus
335518839,2025/07/31 3:48 PM,2025-07-31,Mountain Time (US & Canada),9595056,casual,0,true,"Lower Highland, Denver, CO 80211, USA",39.763037905,-105.0092049663,15,,,,15,,,false,,,Tagetes erecta,Tagetes erecta,Mexican Marigold,Plantae,79312,Asteraceae,Tagetes
335518840,2025/07/31 3:48 PM,2025-07-31,Mountain Time (US & Canada),9595056,casual,0,true,"Lower Highland, Denver, CO 80211, USA",39.763037905,-105.0092049663,15,,,,15,,,false,,,Delphinium,Delphinium,larkspurs,Plantae,48493,Ranunculaceae,Delphinium
335518842,2025/07/31 3:48 PM,2025-07-31,Mountain Time (US & Canada),9595056,casual,0,true,"Lower Highland, Denver, CO 80211, USA",39.763037905,-105.0092049663,15,,,,15,,,false,,,Asteroideae,Asteroideae,,Plantae,632790,Asteraceae,
335518843,2025/07/31 3:48 PM,2025-07-31,Mountain Time (US & Canada),9595056,casual,0,true,"Lower Highland, Denver, CO 80211, USA",39.763037905,-105.0092049663,15,,,,15,,,false,,,Nepeta racemosa,Nepeta racemosa,Eastern Cat-mint,Plantae,165681,Lamiaceae,Nepeta
335518844,2025/07/31 3:48 PM,2025-07-31,Mountain Time (US & Canada),9595056,casual,0,true,"Lower Highland, Denver, CO 80211, USA",39.763037905,-105.0092049663,15,,,,15,,,false,,,Zinnia elegans,Zinnia elegans,Elegant Zinnia,Plantae,181901,Asteraceae,Zinnia
335518845,2025/07/31 3:48 PM,2025-07-31,Mountain Time (US & Canada),9595056,casual,0,true,"Lower Highland, Denver, CO 80211, USA",39.763037905,-105.0092049663,15,,,,15,,,false,,,Tagetes erecta,Tagetes erecta,Mexican Marigold,Plantae,79312,Asteraceae,Tagetes
335518848,2025/07/31 3:48 PM,2025-07-31,Mountain Time (US & Canada),9595056,casual,0,true,"Lower Highland, Denver, CO 80211, USA",39.763037905,-105.0092049663,15,,,,15,,,false,,,Eruca vesicaria,Eruca vesicaria,rocketsalad,Plantae,77058,Brassicaceae,Eruca
335518850,2025/07/31 3:48 PM,2025-07-31,Mountain Time (US & Canada),9595056,casual,0,true,"Lower Highland, Denver, CO 80211, USA",39.763037905,-105.0092049663,15,,,,15,,,false,,,Tagetes erecta,Tagetes erecta,Mexican Marigold,Plantae,79312,Asteraceae,Tagetes
335518851,2025/07/31 3:48 PM,2025-07-31,Mountain Time (US & Canada),9595056,casual,0,true,"Lower Highland, Denver, CO 80211, USA",39.763037905,-105.0092049663,15,,,,15,,,false,,,Origanum vulgare,Origanum vulgare,Oregano,Plantae,61396,Lamiaceae,Origanum
335518854,2025/07/31 3:48 PM,2025-07-31,Mountain Time (US & Canada),9595056,casual,0,true,"Colorado, US",39.7845585078,-105.1018577849,15,,,,28060,,obscured,true,,,Allium schoenoprasum,Allium schoenoprasum,Chives,Plantae,59254,Amaryllidaceae,Allium
335518857,2025/07/31 3:48 PM,2025-07-31,Mountain Time (US & Canada),9595056,casual,0,true,"Lower Highland, Denver, CO 80211, USA",39.763037905,-105.0092049663,15,,,,15,,,false,,,Tagetes erecta,Tagetes erecta,Mexican Marigold,Plantae,79312,Asteraceae,Tagetes
335518858,2025/07/31 3:49 PM,2025-07-31,Mountain Time (US & Canada),9595056,casual,0,true,"Lower Highland, Denver, CO 80211, USA",39.763037905,-105.0092049663,15,,,,15,,,false,,,Tagetes erecta,Tagetes erecta,Mexican Marigold,Plantae,79312,Asteraceae,Tagetes
335518859,2025/07/31 3:49 PM,2025-07-31,Mountain Time (US & Canada),9595056,research,0,false,"Lower Highland, Denver, CO 80211, USA",39.763037905,-105.0092049663,15,,,,15,,,false,,,field bindweed,Convolvulus arvensis,field bindweed,Plantae,53021,Convolvulaceae,Convolvulus
335518861,2025/07/31 3:49 PM,2025-07-31,Mountain Time (US & Canada),9595056,casual,0,true,"Lower Highland, Denver, CO 80211, USA",39.763037905,-105.0092049663,15,,,,15,,,false,,,Tanacetum parthenium,Tanacetum parthenium,feverfew,Plantae,54520,Asteraceae,Tanacetum
335518862,2025/07/31 3:49 PM,2025-07-31,Mountain Time (US & Canada),9595056,casual,0,true,"Lower Highland, Denver, CO 80211, USA",39.763037905,-105.0092049663,15,,,,15,,,false,,,Daucus carota,Daucus carota,wild carrot,Plantae,76610,Apiaceae,Daucus
335518864,2025/07/31 3:49 PM,2025-07-31,Mountain Time (US & Canada),9595056,casual,0,true,"Lower Highland, Denver, CO 80211, USA",39.763037905,-105.0092049663,15,,,,15,,open,false,,,Helianthus annuus,Helianthus annuus,Common Sunflower,Plantae,57983,Asteraceae,Helianthus
335518866,2025/07/31 3:50 PM,2025-07-31,Mountain Time (US & Canada),9595056,casual,0,true,"Lower Highland, Denver, CO 80211, USA",39.763037905,-105.0092049663,15,,,,15,,,false,,,Delphinium,Delphinium,larkspurs,Plantae,48493,Ranunculaceae,Delphinium
335518867,2025/07/31 3:49 PM,2025-07-31,Mountain Time (US & Canada),9595056,casual,0,true,"Lower Highland, Denver, CO 80211, USA",39.763037905,-105.0092049663,15,,,,15,,open,false,,,Helianthus petiolaris,Helianthus petiolaris,prairie sunflower,Plantae,77360,Asteraceae,Helianthus
335518868,2025/07/31 3:50 PM,2025-07-31,Mountain Time (US & Canada),9595056,casual,0,true,"Lower Highland, Denver, CO 80211, USA",39.763037905,-105.0092049663,15,,,,15,,,false,,,Zinnia elegans,Zinnia elegans,Elegant Zinnia,Plantae,181901,Asteraceae,Zinnia
335518869,2025/07/31 3:50 PM,2025-07-31,Mountain Time (US & Canada),9595056,casual,0,true,"Lower Highland, Denver, CO 80211, USA",39.763037905,-105.0092049663,15,,,,15,,,false,,,Zinnia elegans,Zinnia elegans,Elegant Zinnia,Plantae,181901,Asteraceae,Zinnia
335518870,2025/07/31 3:50 PM,2025-07-31,Mountain Time (US & Canada),9595056,casual,0,true,"Lower Highland, Denver, CO 80211, USA",39.763037905,-105.0092049663,15,,,,15,,,false,,,Salvia farinacea,Salvia farinacea,Mealy Blue Sage,Plantae,148006,Lamiaceae,Salvia
335518871,2025/07/31 3:50 PM,2025-07-31,Mountain Time (US & Canada),9595056,casual,0,true,"Lower Highland, Denver, CO 80211, USA",39.763037905,-105.0092049663,15,,,,15,,,false,,,Rudbeckia,Rudbeckia,black-eyed Susans and coneflowers,Plantae,62742,Asteraceae,Rudbeckia
335518872,2025/07/31 3:50 PM,2025-07-31,Mountain Time (US & Canada),9595056,casual,0,true,"Lower Highland, Denver, CO 80211, USA",39.763037905,-105.0092049663,15,,,,15,,open,false,,,Maize,Zea mays,Maize,Plantae,48448,Poaceae,Zea
335518873,2025/07/31 3:50 PM,2025-07-31,Mountain Time (US & Canada),9595056,casual,0,true,"Lower Highland, Denver, CO 80211, USA",39.763037905,-105.0092049663,15,,,,15,,,false,,,Tagetes erecta,Tagetes erecta,Mexican Marigold,Plantae,79312,Asteraceae,Tagetes
335518874,2025/07/31 3:50 PM,2025-07-31,Mountain Time (US & Canada),9595056,casual,0,true,"Lower Highland, Denver, CO 80211, USA",39.763037905,-105.0092049663,15,,,,15,,,false,,,Asteraceae,Asteraceae,"Sunflowers, Daisies, Asters, and Allies",Plantae,47604,Asteraceae,
335518875,2025/07/31 3:50 PM,2025-07-31,Mountain Time (US & Canada),9595056,casual,0,true,"Lower Highland, Denver, CO 80211, USA",39.763037905,-105.0092049663,15,,,,15,,open,false,,,Helianthus annuus,Helianthus annuus,Common Sunflower,Plantae,57983,Asteraceae,Helianthus
335518876,2025/07/31 3:51 PM,2025-07-31,Mountain Time (US & Canada),9595056,casual,0,true,"Lower Highland, Denver, CO 80211, USA",39.763037905,-105.0092049663,15,,,,15,,,false,,,Tagetes erecta,Tagetes erecta,Mexican Marigold,Plantae,79312,Asteraceae,Tagetes
335518877,2025/07/31 3:51 PM,2025-07-31,Mountain Time (US & Canada),9595056,casual,0,true,"Lower Highland, Denver, CO 80211, USA",39.763037905,-105.0092049663,15,,,,15,,,false,,,Phedimus spurius,Phedimus spurius,Caucasian Stonecrop,Plantae,204380,Crassulaceae,Phedimus
335518881,2025/07/31 3:51 PM,2025-07-31,Mountain Time (US & Canada),9595056,casual,0,true,"Lower Highland, Denver, CO 80211, USA",39.763037905,-105.0092049663,15,,,,15,,,false,,,Coriandrum sativum,Coriandrum sativum,coriander,Plantae,67759,Apiaceae,Coriandrum
335518882,2025/07/31 3:51 PM,2025-07-31,Mountain Time (US & Canada),9595056,casual,0,true,"Lower Highland, Denver, CO 80211, USA",39.763037905,-105.0092049663,15,,,,15,,,false,,,Tagetes erecta,Tagetes erecta,Mexican Marigold,Plantae,79312,Asteraceae,Tagetes
335518883,2025/07/31 3:51 PM,2025-07-31,Mountain Time (US & Canada),9595056,casual,0,true,"Lower Highland, Denver, CO 80211, USA",39.763037905,-105.0092049663,15,,,,15,,,false,,,Zinnia elegans,Zinnia elegans,Elegant Zinnia,Plantae,181901,Asteraceae,Zinnia
335518886,2025/07/31 3:51 PM,2025-07-31,Mountain Time (US & Canada),9595056,casual,0,true,"Lower Highland, Denver, CO 80211, USA",39.763037905,-105.0092049663,15,,,,15,,,false,,,Petunia,Petunia,petunias,Plantae,55406,Solanaceae,Petunia
335518887,2025/07/31 3:51 PM,2025-07-31,Mountain Time (US & Canada),9595056,casual,0,true,"Lower Highland, Denver, CO 80211, USA",39.763037905,-105.0092049663,15,,,,15,,,false,,,Calendula officinalis,Calendula officinalis,pot marigold,Plantae,75931,Asteraceae,Calendula
335518889,2025/07/31 3:51 PM,2025-07-31,Mountain Time (US & Canada),9595056,casual,0,true,"Lower Highland, Denver, CO 80211, USA",39.763037905,-105.0092049663,15,,,,15,,,false,,,Zinnia elegans,Zinnia elegans,Elegant Zinnia,Plantae,181901,Asteraceae,Zinnia
335518891,2025/07/31 3:51 PM,2025-07-31,Mountain Time (US & Canada),9595056,casual,0,true,"Lower Highland, Denver, CO 80211, USA",39.763037905,-105.0092049663,15,,,,15,,,false,,,New Guinea Impatiens,Impatiens hawkeri,New Guinea Impatiens,Plantae,349271,Balsaminaceae,Impatiens
335519455,2025-08-06 10:45:24,2025-08-06,Mountain Time (US & Canada),9595148,casual,0,true,"E Eastman Ave, Englewood, CO, US",39.658499728,-104.9722239935,3,,,,3,,,false,,,,Malcolmia,,Plantae,81755,Brassicaceae,Malcolmia
335519467,2025-08-06 10:45:37,2025-08-06,Mountain Time (US & Canada),9595148,casual,0,true,"E Eastman Ave, Englewood, CO, US",39.6585044638,-104.9722225686,4,,,,4,,,false,,,,Diplotaxis tenuifolia,Perennial Wall-rocket,Plantae,76665,Brassicaceae,Diplotaxis
335519504,2025-08-06 10:46:00,2025-08-06,Mountain Time (US & Canada),9595148,casual,0,true,"E Eastman Ave, Englewood, CO, US",39.6585065367,-104.9722140573,3,,,,3,,,false,,,,Tagetes,Marigolds,Plantae,72389,Asteraceae,Tagetes
335519520,2025-08-06 10:46:12,2025-08-06,Mountain Time (US & Canada),9595148,research,0,false,"E Eastman Ave, Englewood, CO, US",39.6585159962,-104.9721760517,2,,,,2,,,false,,,Hierba del gato,Nepeta cataria,Catnip,Plantae,48622,Lamiaceae,Nepeta
335519535,2025-08-06 10:46:24,2025-08-06,Mountain Time (US & Canada),9595148,research,0,false,"E Eastman Ave, Englewood, CO, US",39.6585159962,-104.9721760517,2,,,,2,,,false,,,Bola  mediterránea de hilo,Lobularia maritima,sweet alyssum,Plantae,56992,Brassicaceae,Lobularia
335519546,2025-08-06 10:46:38,2025-08-06,Mountain Time (US & Canada),9595148,casual,0,true,"S Marion St, Englewood, CO, US",39.6584949682,-104.9721461702,3,,,,3,,,false,,,,Tagetes,Marigolds,Plantae,72389,Asteraceae,Tagetes
335519574,2025-08-06 10:47:00,2025-08-06,Mountain Time (US & Canada),9595148,casual,0,true,"E Eastman Ave, Englewood, CO, US",39.658498716,-104.9721523954,3,,,,3,,open,false,,,,Lavandula angustifolia,Common Lavender,Plantae,133395,Lamiaceae,Lavandula
335519631,2025-08-06 10:47:12,2025-08-06,Mountain Time (US & Canada),9595148,casual,0,true,"E Eastman Ave, Englewood, CO, US",39.6585082128,-104.9721136248,5,,,,5,,,false,,,,Cucumis sativus,Cucumber,Plantae,54919,Cucurbitaceae,Cucumis
335519669,2025-08-06 10:47:22,2025-08-06,Mountain Time (US & Canada),9595148,casual,0,true,"E Eastman Ave, Englewood, CO, US",39.6584892131,-104.9721315355,3,,,,3,,,false,,,,Cucumis sativus,Cucumber,Plantae,54919,Cucurbitaceae,Cucumis
335519682,2025-08-06 10:47:29,2025-08-06,Mountain Time (US & Canada),9595148,casual,0,true,"E Eastman Ave, Englewood, CO, US",39.6584926105,-104.9721456051,4,,,,4,,,false,,,,Centaurea cyanus,Cornflower,Plantae,933404,Asteraceae,Centaurea
335519696,2025-08-06 10:47:42,2025-08-06,Mountain Time (US & Canada),9595148,casual,0,true,"E Eastman Ave, Englewood, CO, US",39.6584926105,-104.9721456051,4,,,,4,,,false,,,Campanilla morada,Ipomoea purpurea,common morning-glory,Plantae,52344,Convolvulaceae,Ipomoea
335519708,2025-08-06 10:47:51,2025-08-06,Mountain Time (US & Canada),9595148,casual,0,true,"E Eastman Ave, Englewood, CO, US",39.6584942805,-104.9721088553,3,,,,3,,,false,,,,Solanoideae,nightshades and allies,Plantae,634936,Solanaceae,
335519741,2025-08-06 10:48:01,2025-08-06,Mountain Time (US & Canada),9595148,casual,0,true,"E Eastman Ave, Englewood, CO, US",39.65848577,-104.9721125995,3,,,,3,,open,false,,,Girasol de pradera,Helianthus petiolaris,prairie sunflower,Plantae,77360,Asteraceae,Helianthus
335519778,2025-08-06 10:48:32,2025-08-06,Mountain Time (US & Canada),9595148,research,0,false,"E Eastman Ave, Englewood, CO, US",39.658426496,-104.9721348932,3,,,,3,,,false,,,Campanula rapunculoides,Campanula rapunculoides,Creeping Bellflower,Plantae,85321,Campanulaceae,Campanula
335519790,2025-08-06 10:48:44,2025-08-06,Mountain Time (US & Canada),9595148,casual,0,true,"Colorado, US",39.7687962405,-104.8776629692,3,,,,28060,,obscured,true,,,,Allium schoenoprasum,Chives,Plantae,59254,Amaryllidaceae,Allium
335519810,2025-08-06 10:48:57,2025-08-06,Mountain Time (US & Canada),9595148,casual,0,true,"E Eastman Ave, Englewood, CO, US",39.6583829681,-104.9721570221,3,,,,3,,,false,,,,Cucumis,Melons & Cucumbers,Plantae,54916,Cucurbitaceae,Cucumis
335519821,2025-08-06 10:49:13,2025-08-06,Mountain Time (US & Canada),9595148,casual,0,true,"S Marion St, Englewood, CO, US",39.6583846026,-104.9721518253,3,,,,3,,open,false,,,,Helianthus annuus,Common Sunflower,Plantae,57983,Asteraceae,Helianthus
335519832,2025-08-06 10:49:32,2025-08-06,Mountain Time (US & Canada),9595148,casual,0,true,"E Eastman Ave, Englewood, CO, US",39.6583837644,-104.97215149,3,,,,3,,,false,,,,Solanum nitidibaccatum,Green Nightshade,Plantae,406080,Solanaceae,Solanum
335519840,2025-08-06 10:49:45,2025-08-06,Mountain Time (US & Canada),9595148,casual,0,true,"E Eastman Ave, Englewood, CO, US",39.6580523569,-104.9719831611,66,,,,66,,,false,,,Campanilla morada,Ipomoea purpurea,common morning-glory,Plantae,52344,Convolvulaceae,Ipomoea
335519853,2025-08-06 10:50:01,2025-08-06,Mountain Time (US & Canada),9595148,casual,0,true,"E Eastman Ave, Englewood, CO, US",39.6583116381,-104.9720900507,4,,,,4,,,false,,,,Cosmos bipinnatus,garden cosmos,Plantae,68562,Asteraceae,Cosmos
335519873,2025-08-06 10:50:16,2025-08-06,Mountain Time (US & Canada),9595148,casual,0,true,"E Eastman Ave, Englewood, CO, US",39.6583647794,-104.9720988517,4,,,,4,,open,false,,,,Helianthus annuus,Common Sunflower,Plantae,57983,Asteraceae,Helianthus
335519883,2025-08-06 10:50:32,2025-08-06,Mountain Time (US & Canada),9595148,casual,0,true,"E Eastman Ave, Englewood, CO, US",39.6583964012,-104.9721121194,3,,,,3,,,false,,,,Eschscholzia californica,California poppy,Plantae,48225,Papaveraceae,Eschscholzia
335519894,2025-08-06 10:50:48,2025-08-06,Mountain Time (US & Canada),9595148,casual,0,true,"E Eastman Ave, Englewood, CO, US",39.6584052134,-104.9720899056,3,,,,3,,,false,,,,Coreopsis tinctoria,plains coreopsis,Plantae,76445,Asteraceae,Coreopsis
335519922,2025-08-06 10:51:02,2025-08-06,Mountain Time (US & Canada),9595148,casual,0,true,"E Eastman Ave, Englewood, CO, US",39.6584094574,-104.9720840946,3,,,,3,,,false,,,,Anethum graveolens,Dill,Plantae,75445,Apiaceae,Anethum
335519934,2025-08-06 10:51:16,2025-08-06,Mountain Time (US & Canada),9595148,research,0,false,"E Eastman Ave, Englewood, CO, US",39.6584343855,-104.9720923412,3,,,,3,,open,false,,,Verdolaga euroasiática,Portulaca oleracea,Common Purslane,Plantae,58991,Portulacaceae,Portulaca
335520017,2025-08-06 10:51:51,2025-08-06,Mountain Time (US & Canada),9595148,casual,0,true,"E Eastman Ave, Englewood, CO, US",39.6584113398,-104.9720886984,3,,,,3,,,false,,,,Achillea,yarrows,Plantae,52818,Asteraceae,Achillea
335520049,2025-08-06 10:52:31,2025-08-06,Mountain Time (US & Canada),9595148,casual,0,true,"E Eastman Ave, Englewood, CO, US",39.6585177491,-104.9721501489,5,,,,5,,open,false,,,,Phaseolus vulgaris,Common Bean,Plantae,122850,Fabaceae,Phaseolus
335520064,2025-08-06 10:52:55,2025-08-06,Mountain Time (US & Canada),9595148,research,0,false,"E Eastman Ave, Englewood, CO, US",39.6584319299,-104.9720775547,5,,,,5,,open,false,,,Girasol,Helianthus annuus,Common Sunflower,Plantae,57983,Asteraceae,Helianthus
335520091,2025-08-06 10:53:06,2025-08-06,Mountain Time (US & Canada),9595148,casual,0,true,"E Eastman Ave, Englewood, CO, US",39.6589376622,-104.9714960508,52,,,,52,,,false,,,,Cucumis sativus,Cucumber,Plantae,54919,Cucurbitaceae,Cucumis
335520127,2025-08-06 10:53:40,2025-08-06,Mountain Time (US & Canada),9595148,casual,0,true,"E Eastman Ave, Englewood, CO, US",39.6584275486,-104.972094505,3,,,,3,,,false,,,,Cucurbita,gourds,Plantae,55425,Cucurbitaceae,Cucurbita
335520140,2025-08-06 10:53:56,2025-08-06,Mountain Time (US & Canada),9595148,casual,0,true,"Downing St S, Englewood, CO, US",39.6584326309,-104.9721048866,3,,,,3,,,false,,,,Cosmos bipinnatus,garden cosmos,Plantae,68562,Asteraceae,Cosmos
335520155,2025-08-06 10:54:11,2025-08-06,Mountain Time (US & Canada),9595148,casual,0,true,"E Eastman Ave, Englewood, CO, US",39.6584536275,-104.9721088261,3,,,,3,,,false,,,,Solanum lycopersicum,tomato,Plantae,51737,Solanaceae,Solanum
335520167,2025-08-06 10:54:26,2025-08-06,Mountain Time (US & Canada),9595148,casual,0,true,"E Eastman Ave, Englewood, CO, US",39.6584545495,-104.9721068983,3,,,,3,,,false,,,,Asteraceae,"Sunflowers, Daisies, Asters, and Allies",Plantae,47604,Asteraceae,
335520944,2025-08-06 10:51:31,2025-08-06,Mountain Time (US & Canada),9595148,casual,0,true,"E Eastman Ave, Englewood, CO, US",39.6584114672,-104.9720871169,3,,,,3,,,false,,,,Salvia farinacea,Mealy Blue Sage,Plantae,148006,Lamiaceae,Salvia
335520955,2025-08-06 10:53:22,2025-08-06,Mountain Time (US & Canada),9595148,casual,0,true,"E Eastman Ave, Englewood, CO, US",39.6584236621,-104.9720768058,3,,,,3,,,false,,,,Tagetes,Marigolds,Plantae,72389,Asteraceae,Tagetes
335520977,2025-08-06 10:54:42,2025-08-06,Mountain Time (US & Canada),9595148,casual,0,true,"E Eastman Ave, Englewood, CO, US",39.6584516159,-104.9720991031,3,,,,3,,,false,,,,Cosmos sulphureus,Yellow Cosmos,Plantae,48651,Asteraceae,Cosmos
335520985,2025-08-06 10:54:58,2025-08-06,Mountain Time (US & Canada),9595148,casual,0,true,"E Eastman Ave, Englewood, CO, US",39.6584498695,-104.9720094487,3,,,,3,,,false,,,,Centaurea cyanus,Cornflower,Plantae,933404,Asteraceae,Centaurea
335521350,2025-08-06 10:55:41,2025-08-06,Mountain Time (US & Canada),9595148,casual,0,true,"E Eastman Ave, Englewood, CO, US",39.65846645,-104.9720697595,3,,,,3,,,false,,,,Solanum lycopersicum,tomato,Plantae,51737,Solanaceae,Solanum
335521380,2025-08-06 10:56:25,2025-08-06,Mountain Time (US & Canada),9595148,casual,0,true,"E Eastman Ave, Englewood, CO, US",39.6584678053,-104.9720754061,3,,,,3,,,false,,,,Petroselinum,,Plantae,72290,Apiaceae,Petroselinum
335521410,2025-08-06 10:56:46,2025-08-06,Mountain Time (US & Canada),9595148,casual,0,true,"Colorado, US",39.7948937563,-104.9575026603,3,,,,28060,,obscured,true,,,,Allium schoenoprasum,Chives,Plantae,59254,Amaryllidaceae,Allium
335521426,2025-08-06 10:57:03,2025-08-06,Mountain Time (US & Canada),9595148,casual,0,true,"E Eastman Ave, Englewood, CO, US",39.6584786188,-104.972061203,3,,,,3,,,false,,,,Callistephus chinensis,Chinese Aster,Plantae,159684,Asteraceae,Callistephus
335521439,2025-08-06 10:58:00,2025-08-06,Mountain Time (US & Canada),9595148,casual,0,true,"E Eastman Ave, Englewood, CO, US",39.6584733397,-104.9720823915,3,,,,3,,,false,,,,Echinacea purpurea,purple coneflower,Plantae,48627,Asteraceae,Echinacea
335521444,2025-08-06 10:58:12,2025-08-06,Mountain Time (US & Canada),9595148,casual,0,true,"E Eastman Ave, Englewood, CO, US",39.6584873629,-104.9720778117,3,,,,3,,,false,,,,Hylotelephium,Live-forever,Plantae,84036,Crassulaceae,Hylotelephium
335521449,2025-08-06 10:59:36,2025-08-06,Mountain Time (US & Canada),9595148,research,0,false,"E Eastman Ave, Englewood, CO, US",39.6583931264,-104.9720197883,5,,,,5,,open,false,,,Girasol,Helianthus annuus,Common Sunflower,Plantae,57983,Asteraceae,Helianthus
335521459,2025-08-06 10:59:46,2025-08-06,Mountain Time (US & Canada),9595148,casual,0,true,"E Eastman Ave, Englewood, CO, US",39.6583898488,-104.9720568569,3,,,,3,,,false,,,,Amaranthus,amaranths,Plantae,52326,Amaranthaceae,Amaranthus
335521472,2025-08-06 11:00:10,2025-08-06,Mountain Time (US & Canada),9595148,casual,0,true,"E Eastman Ave, Englewood, CO, US",39.6583984193,-104.9720708583,4,,,,4,,open,false,,,,Physalis philadelphica,Large-flowered Tomatillo,Plantae,51734,Solanaceae,Physalis
335521493,2025-08-06 11:00:22,2025-08-06,Mountain Time (US & Canada),9595148,casual,0,true,"E Eastman Ave, Englewood, CO, US",39.6584589593,-104.9720790993,5,,,,5,,,false,,,,Solanum nitidibaccatum,Green Nightshade,Plantae,406080,Solanaceae,Solanum
335521524,2025-08-06 11:00:35,2025-08-06,Mountain Time (US & Canada),9595148,casual,0,true,"E Eastman Ave, Englewood, CO, US",39.658427671,-104.972036635,3,,,,3,,,false,,,,Solanum,nightshades,Plantae,50641,Solanaceae,Solanum
335521822,2025-08-06 10:55:26,2025-08-06,Mountain Time (US & Canada),9595148,casual,0,true,"E Eastman Ave, Englewood, CO, US",39.6584507821,-104.9720490378,3,,,,3,,open,false,,,,Phaseolus vulgaris,Common Bean,Plantae,122850,Fabaceae,Phaseolus
335521827,2025-08-06 11:43:36,2025-08-06,Mountain Time (US & Canada),9595148,casual,0,true,"S Vincennes Ct, Denver, CO, US",39.6436913358,-104.8923027982,18,,,,18,,open,false,,,,Helianthus annuus,Common Sunflower,Plantae,57983,Asteraceae,Helianthus
335521833,2025-08-06 11:43:43,2025-08-06,Mountain Time (US & Canada),9595148,casual,0,true,"S Vincennes Ct, Denver, CO, US",39.6436629212,-104.8923685123,3,,,,3,,,false,,,,Dahlia pinnata,Garden Dahlia,Plantae,161582,Asteraceae,Dahlia
335521838,2025-08-06 11:43:51,2025-08-06,Mountain Time (US & Canada),9595148,casual,0,true,"S Vincennes Ct, Denver, CO, US",39.6436629212,-104.8923939095,3,,,,3,,,false,,,,Tagetes,Marigolds,Plantae,72389,Asteraceae,Tagetes
335521862,2025-08-06 11:44:09,2025-08-06,Mountain Time (US & Canada),9595148,casual,0,true,"S Vincennes Ct, Denver, CO, US",39.6436624602,-104.8924089131,3,,,,3,,,false,,,,Cucumis,Melons & Cucumbers,Plantae,54916,Cucurbitaceae,Cucumis
335521871,2025-08-06 11:44:18,2025-08-06,Mountain Time (US & Canada),9595148,research,0,false,"S Vincennes Ct, Denver, CO, US",39.6436529886,-104.8924129364,3,,,,3,,,false,,,Correhuela de Eurasia,Convolvulus arvensis,field bindweed,Plantae,53021,Convolvulaceae,Convolvulus
335521877,2025-08-06 11:44:40,2025-08-06,Mountain Time (US & Canada),9595148,casual,0,true,"S Vincennes Ct, Denver, CO, US",39.6436003922,-104.8923944124,6,,,,6,,,false,,,,Allium tuberosum,Garlic Chives,Plantae,122343,Amaryllidaceae,Allium
335521890,2025-08-06 11:44:49,2025-08-06,Mountain Time (US & Canada),9595148,casual,0,true,"S Vincennes Ct, Denver, CO, US",39.6436301899,-104.8923913949,3,,,,3,,,false,,,,Cosmos bipinnatus,garden cosmos,Plantae,68562,Asteraceae,Cosmos
335521912,2025-08-06 11:45:09,2025-08-06,Mountain Time (US & Canada),9595148,casual,0,true,"S Vincennes Ct, Denver, CO, US",39.6436362281,-104.8923877848,3,,,,3,,,false,,,,Tropaeolum majus,garden nasturtium,Plantae,54329,Tropaeolaceae,Tropaeolum
335521918,2025-08-06 11:45:40,2025-08-06,Mountain Time (US & Canada),9595148,casual,0,true,"S Vincennes Ct, Denver, CO, US",39.6436682437,-104.8925120943,5,,,,5,,,false,,,,Allium,onions,Plantae,47357,Amaryllidaceae,Allium
335521923,2025-08-06 11:45:48,2025-08-06,Mountain Time (US & Canada),9595148,casual,0,true,"S Vincennes Ct, Denver, CO, US",39.643645403,-104.8924746272,3,,,,3,,open,false,,,,Helianthus annuus,Common Sunflower,Plantae,57983,Asteraceae,Helianthus
335521932,2025-08-06 11:46:10,2025-08-06,Mountain Time (US & Canada),9595148,research,0,false,"S Vincennes Ct, Denver, CO, US",39.643633646,-104.8924617388,3,,,,3,,,false,,,Euphorbia davidii,Euphorbia davidii,David's spurge,Plantae,77110,Euphorbiaceae,Euphorbia
335521938,2025-08-06 11:46:19,2025-08-06,Mountain Time (US & Canada),9595148,research,0,false,"S Vincennes Ct, Denver, CO, US",39.643628262,-104.8924687599,3,,,,3,,,false,,,Correhuela de Eurasia,Convolvulus arvensis,field bindweed,Plantae,53021,Convolvulaceae,Convolvulus
335521947,2025-08-06 11:46:28,2025-08-06,Mountain Time (US & Canada),9595148,casual,0,true,"S Vincennes Ct, Denver, CO, US",39.643628262,-104.8924687599,3,,,,3,,,false,,,,Anethum graveolens,Dill,Plantae,75445,Apiaceae,Anethum
335521957,2025-08-06 11:46:36,2025-08-06,Mountain Time (US & Canada),9595148,casual,0,true,"S Vincennes Ct, Denver, CO, US",39.6435927228,-104.8923856952,4,,,,4,,,false,,,,Citrullus,Watermelons,Plantae,70055,Cucurbitaceae,Citrullus
335521968,2025-08-06 11:46:50,2025-08-06,Mountain Time (US & Canada),9595148,research,0,false,"S Vincennes Ct, Denver, CO, US",39.6435928904,-104.8924434465,3,,,,3,,,false,,,Correhuela de Eurasia,Convolvulus arvensis,field bindweed,Plantae,53021,Convolvulaceae,Convolvulus
335521985,2025-08-06 11:47:00,2025-08-06,Mountain Time (US & Canada),9595148,casual,0,true,"S Vincennes Ct, Denver, CO, US",39.6435860172,-104.8925145251,3,,,,3,,,false,,,,Capsicum,peppers,Plantae,48517,Solanaceae,Capsicum
335522009,2025-08-06 11:47:10,2025-08-06,Mountain Time (US & Canada),9595148,casual,0,true,"S Vincennes Ct, Denver, CO, US",39.643600476,-104.8924903014,3,,,,3,,,false,,,,Cucurbitaceae,gourd family,Plantae,48620,Cucurbitaceae,
335522019,2025-08-06 11:47:23,2025-08-06,Mountain Time (US & Canada),9595148,casual,0,true,"S Vincennes Ct, Denver, CO, US",39.6436179523,-104.8924835959,3,,,,3,,,false,,,,Solanoideae,nightshades and allies,Plantae,634936,Solanaceae,
335522025,2025-08-06 11:47:30,2025-08-06,Mountain Time (US & Canada),9595148,casual,0,true,"S Vincennes Ct, Denver, CO, US",39.6436146414,-104.8924856075,3,,,,3,,,false,,,,Borago officinalis,Borage,Plantae,52287,Boraginaceae,Borago
335522034,2025-08-06 11:47:39,2025-08-06,Mountain Time (US & Canada),9595148,casual,0,true,"S Vincennes Ct, Denver, CO, US",39.6436146414,-104.8924856075,3,,,,3,,,false,,,,Abelmoschus esculentus,Okra,Plantae,157765,Malvaceae,Abelmoschus
335522048,2025-08-06 11:47:51,2025-08-06,Mountain Time (US & Canada),9595148,casual,0,true,"S Vincennes Ct, Denver, CO, US",39.6436133841,-104.8924896308,3,,,,3,,open,false,,,,Phaseolus vulgaris,Common Bean,Plantae,122850,Fabaceae,Phaseolus
335522053,2025-08-06 11:47:57,2025-08-06,Mountain Time (US & Canada),9595148,casual,0,true,"S Vincennes Ct, Denver, CO, US",39.6436132584,-104.8924897985,3,,,,3,,,false,,,,Lablab purpureus,Hyacinth bean,Plantae,146816,Fabaceae,Lablab
335522062,2025-08-06 11:48:10,2025-08-06,Mountain Time (US & Canada),9595148,casual,0,true,"S Vincennes Ct, Denver, CO, US",39.6436021105,-104.8925158662,3,,,,3,,,false,,,,Zinnia elegans,Elegant Zinnia,Plantae,181901,Asteraceae,Zinnia
335522089,2025-08-06 11:48:16,2025-08-06,Mountain Time (US & Canada),9595148,casual,0,true,"S Vincennes Ct, Denver, CO, US",39.6436119598,-104.8925195546,3,,,,3,,,false,,,,Cucurbita,gourds,Plantae,55425,Cucurbitaceae,Cucurbita
335522112,2025-08-06 11:48:27,2025-08-06,Mountain Time (US & Canada),9595148,casual,0,true,"S Vincennes Ct, Denver, CO, US",39.643627868,-104.8925130911,3,,,,3,,open,false,,,,Physalis philadelphica,Large-flowered Tomatillo,Plantae,51734,Solanaceae,Physalis
335522137,2025-08-06 11:48:45,2025-08-06,Mountain Time (US & Canada),9595148,casual,0,true,"S Vincennes Ct, Denver, CO, US",39.6435956566,-104.8925235146,3,,,,3,,,false,,,,Solanum lycopersicum,tomato,Plantae,51737,Solanaceae,Solanum
335522142,2025-08-06 11:48:58,2025-08-06,Mountain Time (US & Canada),9595148,casual,0,true,"S Vincennes Ct, Denver, CO, US",39.6435862534,-104.8925199045,3,,,,3,,,false,,,,Fragaria × ananassa,garden strawberry,Plantae,55366,Rosaceae,Fragaria
335522158,2025-08-06 11:49:23,2025-08-06,Mountain Time (US & Canada),9595148,casual,0,true,"S Vincennes Ct, Denver, CO, US",39.6435750369,-104.8925379106,3,,,,3,,,false,,,,Tagetes,Marigolds,Plantae,72389,Asteraceae,Tagetes
335522172,2025-08-06 11:49:33,2025-08-06,Mountain Time (US & Canada),9595148,casual,0,true,"S Vincennes Ct, Denver, CO, US",39.6435838379,-104.8925602065,4,,,,4,,,false,,,,Dahlia pinnata,Garden Dahlia,Plantae,161582,Asteraceae,Dahlia
335522187,2025-08-06 11:49:43,2025-08-06,Mountain Time (US & Canada),9595148,casual,0,true,"S Vincennes Ct, Denver, CO, US",39.6435839637,-104.8925585301,4,,,,4,,,false,,,,Cucumis melo,Muskmelon,Plantae,76538,Cucurbitaceae,Cucumis
335522193,2025-08-06 11:49:53,2025-08-06,Mountain Time (US & Canada),9595148,casual,0,true,"S Vincennes Ct, Denver, CO, US",39.6436450677,-104.892574288,3,,,,3,,,false,,,,Solanum lycopersicum,tomato,Plantae,51737,Solanaceae,Solanum
335522221,2025-08-06 11:50:01,2025-08-06,Mountain Time (US & Canada),9595148,casual,0,true,"S Vincennes Ct, Denver, CO, US",39.6436026134,-104.8925740366,3,,,,3,,,false,,,,Leucantheminae,,Plantae,900981,Asteraceae,
335522234,2025-08-06 11:50:18,2025-08-06,Mountain Time (US & Canada),9595148,casual,0,true,"S Vincennes Ct, Denver, CO, US",39.6436003084,-104.8925921415,3,,,,3,,open,false,,,,Phaseolus vulgaris,Common Bean,Plantae,122850,Fabaceae,Phaseolus
335522243,2025-08-06 11:50:32,2025-08-06,Mountain Time (US & Canada),9595148,casual,0,true,"E Mansfield Ave, Denver, CO, US",39.6435503522,-104.892638242,4,,,,4,,open,false,,,,Cucurbita pepo,American pumpkin,Plantae,76541,Cucurbitaceae,Cucurbita
335522257,2025-08-06 11:50:41,2025-08-06,Mountain Time (US & Canada),9595148,casual,0,true,"S Vincennes Ct, Denver, CO, US",39.6435604105,-104.8926050496,3,,,,3,,,false,,,eneldo,Anethum graveolens,Dill,Plantae,75445,Apiaceae,Anethum
335522297,2025-08-06 11:50:48,2025-08-06,Mountain Time (US & Canada),9595148,casual,0,true,"S Vincennes Ct, Denver, CO, US",39.6435623803,-104.8926072289,3,,,,3,,open,false,,,,Zea mays,Maize,Plantae,48448,Poaceae,Zea
335522324,2025-08-06 11:51:24,2025-08-06,Mountain Time (US & Canada),9595148,casual,0,true,"S Vincennes Ct, Denver, CO, US",39.6435508071,-104.8927008219,3,,,,3,,,false,,,,Anethum graveolens,Dill,Plantae,75445,Apiaceae,Anethum
335523060,2025-08-06 11:44:01,2025-08-06,Mountain Time (US & Canada),9595148,casual,0,true,"S Vincennes Ct, Denver, CO, US",39.6436629212,-104.8923939095,3,,,,3,,,false,,,,Solanum,nightshades,Plantae,50641,Solanaceae,Solanum
335523144,2025-08-06 11:49:16,2025-08-06,Mountain Time (US & Canada),9595148,casual,0,true,"S Vincennes Ct, Denver, CO, US",39.6435622911,-104.892470356,3,,,,3,,,false,,,,Petunia,petunias,Plantae,55406,Solanaceae,Petunia
335523835,2025-08-06 11:51:51,2025-08-06,Mountain Time (US & Canada),9595148,casual,0,true,"S Vincennes Ct, Denver, CO, US",39.6435508071,-104.8927008219,3,,,,3,,,false,,,,Fragariinae,strawberry subtribe,Plantae,975959,Rosaceae,
335523845,2025-08-06 11:52:10,2025-08-06,Mountain Time (US & Canada),9595148,casual,0,true,"E Mansfield Ave, Denver, CO, US",39.6435165614,-104.8926779975,3,,,,3,,,false,,,,Phaseolinae,,Plantae,533399,Fabaceae,
335523851,2025-08-06 11:52:29,2025-08-06,Mountain Time (US & Canada),9595148,casual,0,true,"S Vincennes Ct, Denver, CO, US",39.6435075303,-104.8926835315,3,,,,3,,,false,,,,Solanum melongena,eggplant,Plantae,63190,Solanaceae,Solanum
335523866,2025-08-06 11:52:41,2025-08-06,Mountain Time (US & Canada),9595148,casual,0,true,"S Vincennes Ct, Denver, CO, US",39.643508923,-104.8926826879,3,,,,3,,,false,,,,Solanum,nightshades,Plantae,50641,Solanaceae,Solanum
335523876,2025-08-06 11:53:08,2025-08-06,Mountain Time (US & Canada),9595148,research,0,false,"S Vincennes Ct, Denver, CO, US",39.6435062134,-104.8926820464,3,,,,3,,,false,,,Correhuela de Eurasia,Convolvulus arvensis,field bindweed,Plantae,53021,Convolvulaceae,Convolvulus
335523894,2025-08-06 11:53:48,2025-08-06,Mountain Time (US & Canada),9595148,casual,0,true,"S Vincennes Ct, Denver, CO, US",39.6434909673,-104.8926555101,3,,,,3,,,false,,,,Capsicum,peppers,Plantae,48517,Solanaceae,Capsicum
335523905,2025-08-06 11:54:05,2025-08-06,Mountain Time (US & Canada),9595148,casual,0,true,"S Vincennes Ct, Denver, CO, US",39.6434435157,-104.8926791623,4,,,,4,,open,false,,,,Monarda citriodora,lemon beebalm,Plantae,122587,Lamiaceae,Monarda
335523921,2025-08-06 11:54:25,2025-08-06,Mountain Time (US & Canada),9595148,casual,0,true,"S Vincennes Ct, Denver, CO, US",39.6434841086,-104.8926563469,3,,,,3,,,false,,,,Cucurbita,gourds,Plantae,55425,Cucurbitaceae,Cucurbita
335523953,2025-08-06 11:54:51,2025-08-06,Mountain Time (US & Canada),9595148,casual,0,true,"S Vincennes Ct, Denver, CO, US",39.6434716056,-104.8926462878,3,,,,3,,,false,,,Crisantemos,Chrysanthemum,chrysanthemums,Plantae,53808,Asteraceae,Chrysanthemum
335523961,2025-08-06 11:55:09,2025-08-06,Mountain Time (US & Canada),9595148,casual,0,true,"S Vincennes Ct, Denver, CO, US",39.6434659046,-104.8926431035,4,,,,4,,,false,,,,Brassicodae,,Plantae,1473856,Brassicaceae,
335523969,2025-08-06 11:55:35,2025-08-06,Mountain Time (US & Canada),9595148,casual,0,true,"S Vincennes Ct, Denver, CO, US",39.6434641444,-104.8926435226,3,,,,3,,,false,,,,Zinnia elegans,Elegant Zinnia,Plantae,181901,Asteraceae,Zinnia
335523979,2025-08-06 11:55:57,2025-08-06,Mountain Time (US & Canada),9595148,casual,0,true,"S Vincennes Ct, Denver, CO, US",39.6434620489,-104.8926220649,4,,,,4,,,false,,,,Xerochrysum bracteatum,Golden Everlasting,Plantae,147467,Asteraceae,Xerochrysum
335524009,2025-08-06 11:56:17,2025-08-06,Mountain Time (US & Canada),9595148,casual,0,true,"S Vincennes Ct, Denver, CO, US",39.6434039645,-104.8927263678,4,,,,4,,,false,,,,Callistephus chinensis,Chinese Aster,Plantae,159684,Asteraceae,Callistephus
335524034,2025-08-06 11:56:35,2025-08-06,Mountain Time (US & Canada),9595148,casual,0,true,"S Vincennes Ct, Denver, CO, US",39.6434460381,-104.8926493842,5,,,,5,,,false,,,,Calendula officinalis,pot marigold,Plantae,75931,Asteraceae,Calendula
335524052,2025-08-06 11:56:50,2025-08-06,Mountain Time (US & Canada),9595148,casual,0,true,"S Vincennes Ct, Denver, CO, US",39.643374558,-104.8926852083,3,,,,3,,open,false,,,,Capsicum annuum,chili pepper,Plantae,48514,Solanaceae,Capsicum
335524072,2025-08-06 11:57:08,2025-08-06,Mountain Time (US & Canada),9595148,casual,0,true,"S Vincennes Ct, Denver, CO, US",39.6433692195,-104.8927103252,3,,,,3,,,false,,,,Coreopsideae,Coreopsis and allies,Plantae,568277,Asteraceae,
335524087,2025-08-06 11:57:20,2025-08-06,Mountain Time (US & Canada),9595148,casual,0,true,"S Vincennes Ct, Denver, CO, US",39.6433707612,-104.8927029287,3,,,,3,,,false,,,,Brassicoideae,,Plantae,1473853,Brassicaceae,
335524095,2025-08-06 11:57:39,2025-08-06,Mountain Time (US & Canada),9595148,casual,0,true,"S Vincennes Ct, Denver, CO, US",39.6434058134,-104.8926280499,3,,,,3,,,false,,,,Helianthus,sunflowers,Plantae,56955,Asteraceae,Helianthus
335524106,2025-08-06 11:57:54,2025-08-06,Mountain Time (US & Canada),9595148,casual,0,true,"S Vincennes Ct, Denver, CO, US",39.6433945327,-104.892623406,4,,,,4,,open,false,,,,Lavandula angustifolia,Common Lavender,Plantae,133395,Lamiaceae,Lavandula
335524114,2025-08-06 11:58:30,2025-08-06,Mountain Time (US & Canada),9595148,casual,0,true,"S Vincennes Ct, Denver, CO, US",39.6433910587,-104.89262757,3,,,,3,,,false,,,,Calendula officinalis,pot marigold,Plantae,75931,Asteraceae,Calendula
335524123,2025-08-06 11:58:46,2025-08-06,Mountain Time (US & Canada),9595148,casual,0,true,"S Vincennes Ct, Denver, CO, US",39.6433902998,-104.8926455328,3,,,,3,,,false,,,,Origanum,,Plantae,61397,Lamiaceae,Origanum
335524141,2025-08-06 11:59:17,2025-08-06,Mountain Time (US & Canada),9595148,casual,0,true,"S Vincennes Ct, Denver, CO, US",39.643470678,-104.8927070637,6,,,,6,,,false,,,,Tagetes,Marigolds,Plantae,72389,Asteraceae,Tagetes
335524158,2025-08-06 11:59:53,2025-08-06,Mountain Time (US & Canada),9595148,casual,0,true,"S Vincennes Ct, Denver, CO, US",39.6433999019,-104.8926206403,3,,,,3,,,false,,,,Solanoideae,nightshades and allies,Plantae,634936,Solanaceae,
335524169,2025-08-06 12:01:01,2025-08-06,Mountain Time (US & Canada),9595148,casual,0,true,"S Vincennes Ct, Denver, CO, US",39.6432599417,-104.8926750662,3,,,,3,,,false,,,,Rudbeckia,black-eyed Susans and coneflowers,Plantae,62742,Asteraceae,Rudbeckia
335524187,2025-08-06 12:01:36,2025-08-06,Mountain Time (US & Canada),9595148,casual,0,true,"S Vincennes Ct, Denver, CO, US",39.6434274565,-104.8923528836,5,,,,5,,,false,,,,Lilium,true lilies,Plantae,48928,Liliaceae,Lilium
335524198,2025-08-06 12:01:51,2025-08-06,Mountain Time (US & Canada),9595148,casual,0,true,"S Vincennes Ct, Denver, CO, US",39.6434242465,-104.8923625612,3,,,,3,,,false,,,,Agastache foeniculum,anise hyssop,Plantae,158076,Lamiaceae,Agastache
335524209,2025-08-06 12:02:08,2025-08-06,Mountain Time (US & Canada),9595148,casual,0,true,"S Vincennes Ct, Denver, CO, US",39.6433488094,-104.89242794,3,,,,3,,,false,,,,Callistephus,,Plantae,156955,Asteraceae,Callistephus
335524227,2025-08-06 12:02:20,2025-08-06,Mountain Time (US & Canada),9595148,casual,0,true,"S Vincennes Ct, Denver, CO, US",39.6433797805,-104.8924053927,3,,,,3,,,false,,,"Cebollas, Ajos y Parientes",Allium,onions,Plantae,47357,Amaryllidaceae,Allium
335524237,2025-08-06 12:02:36,2025-08-06,Mountain Time (US & Canada),9595148,casual,0,true,"S Vincennes Ct, Denver, CO, US",39.6433914313,-104.8923667521,3,,,,3,,,false,,,,Achillea filipendulina,Fern-leaf Yarrow,Plantae,157924,Asteraceae,Achillea
335524269,2025-08-06 12:02:54,2025-08-06,Mountain Time (US & Canada),9595148,casual,0,true,"S Vincennes Ct, Denver, CO, US",39.6433839295,-104.8924669159,6,,,,6,,,false,,,Dragón,Antirrhinum majus,Snapdragon,Plantae,48969,Plantaginaceae,Antirrhinum
335524352,2025-08-06 12:03:20,2025-08-06,Mountain Time (US & Canada),9595148,casual,0,true,"S Vincennes Ct, Denver, CO, US",39.6433816245,-104.8924167083,3,,,,3,,,false,,,,Rudbeckia hirta,black-eyed Susan,Plantae,62741,Asteraceae,Rudbeckia
335524371,2025-08-06 12:03:37,2025-08-06,Mountain Time (US & Canada),9595148,casual,0,true,"S Vincennes Ct, Denver, CO, US",39.6433865726,-104.8924059144,3,,,,3,,,false,,,,Petunia,petunias,Plantae,55406,Solanaceae,Petunia
335524393,2025-08-06 12:03:59,2025-08-06,Mountain Time (US & Canada),9595148,casual,0,true,"S Vincennes Ct, Denver, CO, US",39.643388795,-104.8924154243,3,,,,3,,,false,,,,Echinacea,coneflowers,Plantae,48628,Asteraceae,Echinacea
335524414,2025-08-06 12:04:23,2025-08-06,Mountain Time (US & Canada),9595148,casual,0,true,"S Vincennes Ct, Denver, CO, US",39.6434256029,-104.8923542427,5,,,,5,,open,false,,,,Hibiscus moscheutos,swamp rose mallow,Plantae,82317,Malvaceae,Hibiscus
335524449,2025-08-06 12:04:56,2025-08-06,Mountain Time (US & Canada),9595148,casual,0,true,"S Vincennes Ct, Denver, CO, US",39.6434599654,-104.8924953239,3,,,,3,,,false,,,,Hemerocallis lilioasphodelus,yellow daylily,Plantae,163663,Asphodelaceae,Hemerocallis
335524468,2025-08-06 12:05:10,2025-08-06,Mountain Time (US & Canada),9595148,casual,0,true,"S Vincennes Ct, Denver, CO, US",39.6434676954,-104.8924565452,4,,,,4,,,false,,,,Petunia integrifolia,violetflower petunia,Plantae,181815,Solanaceae,Petunia
335524488,2025-08-06 12:05:34,2025-08-06,Mountain Time (US & Canada),9595148,casual,0,true,"S Vincennes Ct, Denver, CO, US",39.6433919806,-104.8924602529,4,,,,4,,,false,,,,Hemerocallis,daylilies,Plantae,82826,Asphodelaceae,Hemerocallis
335524497,2025-08-06 12:05:45,2025-08-06,Mountain Time (US & Canada),9595148,casual,0,true,"S Vincennes Ct, Denver, CO, US",39.6434976301,-104.8923643214,6,,,,6,,,false,,,,Agastache,Hyssops,Plantae,52635,Lamiaceae,Agastache
335524536,2025-08-06 12:03:09,2025-08-06,Mountain Time (US & Canada),9595148,casual,0,true,"S Vincennes Ct, Denver, CO, US",39.643382337,-104.8924106733,3,,,,3,,,false,,,,Zinnia elegans,Elegant Zinnia,Plantae,181901,Asteraceae,Zinnia
335524548,2025-08-06 12:06:03,2025-08-06,Mountain Time (US & Canada),9595148,casual,0,true,"S Vincennes Ct, Denver, CO, US",39.6435015276,-104.892365411,3,,,,3,,,false,,,,Tagetes,Marigolds,Plantae,72389,Asteraceae,Tagetes
335524559,2025-08-06 12:06:17,2025-08-06,Mountain Time (US & Canada),9595148,casual,0,true,"S Vincennes Ct, Denver, CO, US",39.6434889338,-104.8925056543,4,,,,4,,,false,,,,Phlox paniculata,fall phlox,Plantae,117437,Polemoniaceae,Phlox
335524568,2025-08-06 12:43:28,2025-08-06,Mountain Time (US & Canada),9595148,research,0,false,"E Fifth Ave, Aurora, CO, US",39.7238301672,-104.8310324271,5,,,,5,,,false,,,Correhuela de Eurasia,Convolvulus arvensis,field bindweed,Plantae,53021,Convolvulaceae,Convolvulus
335524591,2025-08-06 12:43:54,2025-08-06,Mountain Time (US & Canada),9595148,casual,0,true,"Vaughn St, Aurora, CO, US",39.7239235836,-104.8309734185,3,,,,3,,open,false,,,,Helianthus annuus,Common Sunflower,Plantae,57983,Asteraceae,Helianthus
335524614,2025-08-06 12:44:20,2025-08-06,Mountain Time (US & Canada),9595148,research,0,false,"Vaughn St, Aurora, CO, US",39.7238759743,-104.8309837283,3,,,,3,,,false,,,Correhuela de Eurasia,Convolvulus arvensis,field bindweed,Plantae,53021,Convolvulaceae,Convolvulus
335524626,2025-08-06 12:44:45,2025-08-06,Mountain Time (US & Canada),9595148,research,0,false,"Vaughn St, Aurora, CO, US",39.7238684306,-104.8309841474,3,,,,3,,open,false,,,Hierba de la bruja,Verbesina encelioides,cowpen daisy,Plantae,79495,Asteraceae,Verbesina
335524639,2025-08-06 12:45:31,2025-08-06,Mountain Time (US & Canada),9595148,research,0,false,"E Fifth Ave, Aurora, CO, US",39.7238563607,-104.8309877516,3,,,,3,,,false,,,Correhuela de Eurasia,Convolvulus arvensis,field bindweed,Plantae,53021,Convolvulaceae,Convolvulus
335524650,2025-08-06 12:45:51,2025-08-06,Mountain Time (US & Canada),9595148,casual,0,true,"Vaughn St, Aurora, CO, US",39.7237668839,-104.8309768551,4,,,,4,,open,false,,,,Helianthus annuus,Common Sunflower,Plantae,57983,Asteraceae,Helianthus
335524671,2025-08-06 12:46:15,2025-08-06,Mountain Time (US & Canada),9595148,research,0,false,"Vaughn St, Aurora, CO, US",39.7237525508,-104.8309581635,4,,,,4,,,false,,,Correhuela de Eurasia,Convolvulus arvensis,field bindweed,Plantae,53021,Convolvulaceae,Convolvulus
335524695,2025-08-06 12:46:31,2025-08-06,Mountain Time (US & Canada),9595148,casual,0,true,"Vaughn St, Aurora, CO, US",39.7237693565,-104.8309634441,4,,,,4,,,false,,,,Heliantheae,Sunflowers and Allies,Plantae,605446,Asteraceae,
335524718,2025-08-06 12:46:59,2025-08-06,Mountain Time (US & Canada),9595148,casual,0,true,"Vaughn St, Aurora, CO, US",39.7237014212,-104.8309649528,7,,,,7,,,false,,,,Cucurbita,gourds,Plantae,55425,Cucurbitaceae,Cucurbita
335524725,2025-08-06 12:47:17,2025-08-06,Mountain Time (US & Canada),9595148,research,0,false,"Vaughn St, Aurora, CO, US",39.7237463063,-104.8309707363,3,,,,3,,,false,,,cardo cundidor,Cirsium arvense,creeping thistle,Plantae,60132,Asteraceae,Cirsium
335524730,2025-08-06 12:47:46,2025-08-06,Mountain Time (US & Canada),9595148,casual,0,true,"Vaughn St, Aurora, CO, US",39.7237469349,-104.8309734185,3,,,,3,,,false,,,,Solanum,nightshades,Plantae,50641,Solanaceae,Solanum
335524739,2025-08-06 12:48:29,2025-08-06,Mountain Time (US & Canada),9595148,casual,0,true,"E Fifth Ave, Aurora, CO, US",39.7237462644,-104.8309641146,3,,,,3,,,false,,,,Solanoideae,nightshades and allies,Plantae,634936,Solanaceae,
335524744,2025-08-06 12:49:02,2025-08-06,Mountain Time (US & Canada),9595148,casual,0,true,"E Fifth Ave, Aurora, CO, US",39.7238380462,-104.8309476023,3,,,,3,,,false,,,,Fabaceae,Legumes,Plantae,47122,Fabaceae,
335524770,2025-08-06 12:49:38,2025-08-06,Mountain Time (US & Canada),9595148,research,0,false,"E Fifth Ave, Aurora, CO, US",39.7238715738,-104.8309700658,3,,,,3,,,false,,,Correhuela de Eurasia,Convolvulus arvensis,field bindweed,Plantae,53021,Convolvulaceae,Convolvulus
335524787,2025-08-06 12:50:06,2025-08-06,Mountain Time (US & Canada),9595148,casual,0,true,"Vaughn St, Aurora, CO, US",39.7238712386,-104.8309108057,8,,,,8,,,false,,,,Salvia farinacea,Mealy Blue Sage,Plantae,148006,Lamiaceae,Salvia
335524796,2025-08-06 12:50:21,2025-08-06,Mountain Time (US & Canada),9595148,research,0,false,"Vaughn St, Aurora, CO, US",39.7239087057,-104.8309227918,3,,,,3,,,false,,,Correhuela de Eurasia,Convolvulus arvensis,field bindweed,Plantae,53021,Convolvulaceae,Convolvulus
335524830,2025-08-06 12:50:32,2025-08-06,Mountain Time (US & Canada),9595148,needs_id,0,false,"E Fifth Ave, Aurora, CO, US",39.7238929058,-104.8309104704,3,,,,3,,open,false,,,,Verbesina encelioides,cowpen daisy,Plantae,79495,Asteraceae,Verbesina
335524855,2025-08-06 12:50:53,2025-08-06,Mountain Time (US & Canada),9595148,research,0,false,"Vaughn St, Aurora, CO, US",39.7239362821,-104.8307807186,5,,,,5,,,false,,,Correhuela de Eurasia,Convolvulus arvensis,field bindweed,Plantae,53021,Convolvulaceae,Convolvulus
335524866,2025-08-06 12:51:08,2025-08-06,Mountain Time (US & Canada),9595148,research,0,false,"Vaughn St, Aurora, CO, US",39.7239062749,-104.8308267352,3,,,,3,,,false,,,Correhuela de Eurasia,Convolvulus arvensis,field bindweed,Plantae,53021,Convolvulaceae,Convolvulus
335524871,2025-08-06 12:51:19,2025-08-06,Mountain Time (US & Canada),9595148,casual,0,true,"Vaughn St, Aurora, CO, US",39.723990555,-104.8308818881,5,,,,5,,open,false,,,Girasol,Helianthus annuus,Common Sunflower,Plantae,57983,Asteraceae,Helianthus
335524877,2025-08-06 12:51:30,2025-08-06,Mountain Time (US & Canada),9595148,needs_id,0,false,"Vaughn St, Aurora, CO, US",39.7239279841,-104.8308423256,3,,,,3,,open,false,,,,Verbesina encelioides,cowpen daisy,Plantae,79495,Asteraceae,Verbesina
335524886,2025-08-06 12:51:39,2025-08-06,Mountain Time (US & Canada),9595148,research,0,false,"Vaughn St, Aurora, CO, US",39.7238957975,-104.8308324349,4,,,,4,,open,false,,,Girasol,Helianthus annuus,Common Sunflower,Plantae,57983,Asteraceae,Helianthus
335524895,2025-08-06 12:51:48,2025-08-06,Mountain Time (US & Canada),9595148,research,0,false,"Vaughn St, Aurora, CO, US",39.7238957975,-104.8308324349,4,,,,4,,,false,,,Correhuela de Eurasia,Convolvulus arvensis,field bindweed,Plantae,53021,Convolvulaceae,Convolvulus
335524903,2025-08-06 12:52:29,2025-08-06,Mountain Time (US & Canada),9595148,casual,0,true,"Vaughn St, Aurora, CO, US",39.7236793768,-104.8307948002,5,,,,5,,,false,,,,Cardueae,,Plantae,632883,Asteraceae,
335524909,2025-08-06 12:52:39,2025-08-06,Mountain Time (US & Canada),9595148,research,0,false,"Vaughn St, Aurora, CO, US",39.7236890998,-104.8307919503,3,,,,3,,,false,,,Correhuela de Eurasia,Convolvulus arvensis,field bindweed,Plantae,53021,Convolvulaceae,Convolvulus
335524914,2025-08-06 12:54:03,2025-08-06,Mountain Time (US & Canada),9595148,casual,0,true,"E Fifth Ave, Aurora, CO, US",39.7238707776,-104.8308996578,3,,,,3,,,false,,,Petunias,Petunia,petunias,Plantae,55406,Solanaceae,Petunia
335524926,2025-08-06 12:54:14,2025-08-06,Mountain Time (US & Canada),9595148,casual,0,true,"Vaughn St, Aurora, CO, US",39.7238615156,-104.8308996578,3,,,,3,,,false,,,amor de un día,Portulaca grandiflora,moss rose,Plantae,167309,Portulacaceae,Portulaca
335524954,2025-08-06 12:54:24,2025-08-06,Mountain Time (US & Canada),9595148,casual,0,true,"Vaughn St, Aurora, CO, US",39.7238506191,-104.8308698182,4,,,,4,,,false,,,,Asteraceae,"Sunflowers, Daisies, Asters, and Allies",Plantae,47604,Asteraceae,
335524974,2025-08-06 12:54:47,2025-08-06,Mountain Time (US & Canada),9595148,casual,0,true,"E Fifth Ave, Aurora, CO, US",39.7238525469,-104.8308704049,6,,,,6,,open,false,,,,Helianthus annuus,Common Sunflower,Plantae,57983,Asteraceae,Helianthus
335524993,2025-08-06 12:55:03,2025-08-06,Mountain Time (US & Canada),9595148,casual,0,true,"Vaughn St, Aurora, CO, US",39.7238623118,-104.8308528868,3,,,,3,,,false,,,,Dianthus,carnations,Plantae,60001,Caryophyllaceae,Dianthus
335525001,2025-08-06 14:54:28,2025-08-06,Mountain Time (US & Canada),9595148,casual,0,true,"E 23rd Ave, Denver, CO, US",39.7506577066,-104.8971136785,4,,,,4,,open,false,,,,Mentha spicata,spearmint,Plantae,62652,Lamiaceae,Mentha
335525017,2025-08-06 14:54:39,2025-08-06,Mountain Time (US & Canada),9595148,casual,0,true,"E 23rd Ave, Denver, CO, US",39.7506645362,-104.8971115416,3,,,,3,,,false,,,eneldo,Anethum graveolens,Dill,Plantae,75445,Apiaceae,Anethum
335525029,2025-08-06 14:54:50,2025-08-06,Mountain Time (US & Canada),9595148,casual,0,true,"E 23rd Ave, Denver, CO, US",39.7506519862,-104.8970857068,2,,,,2,,,false,,,,Asteraceae,"Sunflowers, Daisies, Asters, and Allies",Plantae,47604,Asteraceae,
335525040,2025-08-06 14:54:59,2025-08-06,Mountain Time (US & Canada),9595148,casual,0,true,"E 23rd Ave, Denver, CO, US",39.7506771081,-104.8971120192,3,,,,3,,,false,,,eneldo,Anethum graveolens,Dill,Plantae,75445,Apiaceae,Anethum
335525059,2025-08-06 14:55:11,2025-08-06,Mountain Time (US & Canada),9595148,casual,0,true,"E 23rd Ave, Denver, CO, US",39.7506804625,-104.8971274217,3,,,,3,,open,false,,,,Physalis philadelphica,Large-flowered Tomatillo,Plantae,51734,Solanaceae,Physalis
335525089,2025-08-06 14:55:29,2025-08-06,Mountain Time (US & Canada),9595148,casual,0,true,"E 23rd Ave, Denver, CO, US",39.7506801272,-104.8971253262,3,,,,3,,,false,,,,Tagetes erecta,Mexican Marigold,Plantae,79312,Asteraceae,Tagetes
335525097,2025-08-06 14:55:41,2025-08-06,Mountain Time (US & Canada),9595148,casual,0,true,"E 23rd Ave, Denver, CO, US",39.7506991122,-104.8971240689,3,,,,3,,,false,,,,Andropogoneae,"bluestems, lemon grasses, silvergrasses, and allies",Plantae,635417,Poaceae,
335525112,2025-08-06 14:56:11,2025-08-06,Mountain Time (US & Canada),9595148,casual,0,true,"E 23rd Ave, Denver, CO, US",39.7506863725,-104.8970858205,4,,,,4,,,false,,,,Tagetes erecta,Mexican Marigold,Plantae,79312,Asteraceae,Tagetes
335525121,2025-08-06 14:56:32,2025-08-06,Mountain Time (US & Canada),9595148,casual,0,true,"E 23rd Ave, Denver, CO, US",39.7507035023,-104.8970849678,3,,,,3,,,false,,,,Tithonia rotundifolia,Red Sunflower,Plantae,169780,Asteraceae,Tithonia
335525128,2025-08-06 14:56:40,2025-08-06,Mountain Time (US & Canada),9595148,casual,0,true,"E 23rd Ave, Denver, CO, US",39.7507138839,-104.8970898717,3,,,,3,,,false,,,,Cosmos bipinnatus,garden cosmos,Plantae,68562,Asteraceae,Cosmos
335525148,2025-08-06 14:57:00,2025-08-06,Mountain Time (US & Canada),9595148,casual,0,true,"E 23rd Ave, Denver, CO, US",39.7507241322,-104.8970956543,3,,,,3,,,false,,,,Antirrhinum majus,Snapdragon,Plantae,48969,Plantaginaceae,Antirrhinum
335525172,2025-08-06 14:57:12,2025-08-06,Mountain Time (US & Canada),9595148,casual,0,true,"E 23rd Ave, Denver, CO, US",39.7507326818,-104.8970948999,3,,,,3,,,false,,,,Origanum,,Plantae,61397,Lamiaceae,Origanum
335525192,2025-08-06 14:57:25,2025-08-06,Mountain Time (US & Canada),9595148,casual,0,true,"E 23rd Ave, Denver, CO, US",39.7507602582,-104.8970750348,3,,,,3,,,false,,,,Asteroideae,,Plantae,632790,Asteraceae,
335525235,2025-08-06 14:57:47,2025-08-06,Mountain Time (US & Canada),9595148,casual,0,true,"E 23rd Ave, Denver, CO, US",39.7507085419,-104.8970572651,3,,,,3,,,false,,,,Solanum lycopersicum,tomato,Plantae,51737,Solanaceae,Solanum
335525280,2025-08-06 14:57:57,2025-08-06,Mountain Time (US & Canada),9595148,casual,0,true,"E 23rd Ave, Denver, CO, US",39.7507107212,-104.8970310298,3,,,,3,,,false,,,,Coriandrum sativum,coriander,Plantae,67759,Apiaceae,Coriandrum
335525291,2025-08-06 14:58:08,2025-08-06,Mountain Time (US & Canada),9595148,casual,0,true,"E 23rd Ave, Denver, CO, US",39.750740435,-104.8970556726,3,,,,3,,,false,,,,Centaurea cyanus,Cornflower,Plantae,933404,Asteraceae,Centaurea
335525296,2025-08-06 14:58:31,2025-08-06,Mountain Time (US & Canada),9595148,casual,0,true,"E 23rd Ave, Denver, CO, US",39.750740435,-104.8970556726,3,,,,3,,,false,,,,Tropaeolum majus,garden nasturtium,Plantae,54329,Tropaeolaceae,Tropaeolum
335525455,2025-08-06 14:56:22,2025-08-06,Mountain Time (US & Canada),9595148,casual,0,true,"E 23rd Ave, Denver, CO, US",39.7506999486,-104.8970827533,3,,,,3,,,false,,,,Allium tuberosum,Garlic Chives,Plantae,122343,Amaryllidaceae,Allium
335525483,2025-08-06 14:58:50,2025-08-06,Mountain Time (US & Canada),9595148,casual,0,true,"E 23rd Ave, Denver, CO, US",39.7507474651,-104.8970792008,4,,,,4,,,false,,,,Asteraceae,"Sunflowers, Daisies, Asters, and Allies",Plantae,47604,Asteraceae,
335525501,2025-08-06 14:59:01,2025-08-06,Mountain Time (US & Canada),9595148,casual,0,true,"E 23rd Ave, Denver, CO, US",39.7507631538,-104.8970856392,3,,,,3,,,false,,,,Delphinium,larkspurs,Plantae,48493,Ranunculaceae,Delphinium
335525509,2025-08-06 14:59:10,2025-08-06,Mountain Time (US & Canada),9595148,casual,0,true,"E 23rd Ave, Denver, CO, US",39.7507666724,-104.8970695122,4,,,,4,,,false,,,,Delphinium ajacis,doubtful knight's-spur,Plantae,401314,Ranunculaceae,Delphinium
335525538,2025-08-06 14:59:18,2025-08-06,Mountain Time (US & Canada),9595148,casual,0,true,"E 23rd Ave, Denver, CO, US",39.7507725377,-104.8970724364,4,,,,4,,,false,,,,Salvia nemorosa,Purple Wood Sage,Plantae,168387,Lamiaceae,Salvia
335525595,2025-08-06 14:59:27,2025-08-06,Mountain Time (US & Canada),9595148,casual,0,true,"E 23rd Ave, Denver, CO, US",39.7507725377,-104.8970724364,4,,,,4,,,false,,,,Gaillardia,Blanketflowers,Plantae,51769,Asteraceae,Gaillardia
335525626,2025-08-06 14:59:37,2025-08-06,Mountain Time (US & Canada),9595148,casual,0,true,"E 23rd Ave, Denver, CO, US",39.7507739207,-104.8970696704,4,,,,4,,,false,,,,Antirrhinum majus,Snapdragon,Plantae,48969,Plantaginaceae,Antirrhinum
335525637,2025-08-06 14:59:52,2025-08-06,Mountain Time (US & Canada),9595148,casual,0,true,"E 23rd Ave, Denver, CO, US",39.7507669637,-104.8970706762,4,,,,4,,,false,,,milamores y parientes,Centranthus,Valerian,Plantae,57286,Caprifoliaceae,Centranthus
335525643,2025-08-06 15:00:03,2025-08-06,Mountain Time (US & Canada),9595148,casual,0,true,"E 23rd Ave, Denver, CO, US",39.7507669637,-104.8970706762,4,,,,4,,,false,,,,Zinnia elegans,Elegant Zinnia,Plantae,181901,Asteraceae,Zinnia
335525656,2025-08-06 15:00:16,2025-08-06,Mountain Time (US & Canada),9595148,casual,0,true,"E 23rd Ave, Denver, CO, US",39.7507174237,-104.8970580731,3,,,,3,,,false,,,Lythrum,Lythrum,Lythrum Loosestrifes,Plantae,58937,Lythraceae,Lythrum
335525670,2025-08-06 15:00:32,2025-08-06,Mountain Time (US & Canada),9595148,casual,0,true,"E 23rd Ave, Denver, CO, US",39.7507645305,-104.8970504016,3,,,,3,,,false,,,,Asteroideae,,Plantae,632790,Asteraceae,
335525705,2025-08-06 15:00:57,2025-08-06,Mountain Time (US & Canada),9595148,casual,0,true,"Syracuse St, Denver, CO, US",39.7507924282,-104.8970218679,3,,,,3,,,false,,,,Cosmos bipinnatus,garden cosmos,Plantae,68562,Asteraceae,Cosmos
335525789,2025-08-06 15:01:21,2025-08-06,Mountain Time (US & Canada),9595148,casual,0,true,"E 23rd Ave, Denver, CO, US",39.7507786605,-104.8970194848,5,,,,5,,,false,,,,Delphinium ajacis,doubtful knight's-spur,Plantae,401314,Ranunculaceae,Delphinium
335525805,2025-08-06 15:01:45,2025-08-06,Mountain Time (US & Canada),9595148,casual,0,true,"E 23rd Ave, Denver, CO, US",39.7507942321,-104.8970227271,4,,,,4,,,false,,,,Cucumis,Melons & Cucumbers,Plantae,54916,Cucurbitaceae,Cucumis
335525821,2025-08-06 15:02:18,2025-08-06,Mountain Time (US & Canada),9595148,casual,0,true,"E 23rd Ave, Denver, CO, US",39.7507762194,-104.897036889,3,,,,3,,,false,,,Tomate,Solanum lycopersicum,tomato,Plantae,51737,Solanaceae,Solanum
335525840,2025-08-06 15:02:36,2025-08-06,Mountain Time (US & Canada),9595148,casual,0,true,"E 23rd Ave, Denver, CO, US",39.750783743,-104.8970281452,5,,,,5,,,false,,,,Calendula,marigolds,Plantae,59261,Asteraceae,Calendula
335525866,2025-08-06 15:03:27,2025-08-06,Mountain Time (US & Canada),9595148,casual,0,true,"E 23rd Ave, Denver, CO, US",39.7507899431,-104.8970295398,3,,,,3,,,false,,,,Tagetes,Marigolds,Plantae,72389,Asteraceae,Tagetes
335525877,2025-08-06 15:03:46,2025-08-06,Mountain Time (US & Canada),9595148,casual,0,true,"Syracuse St, Denver, CO, US",39.7508294804,-104.8970124027,3,,,,3,,,false,,,Tomate,Solanum lycopersicum,tomato,Plantae,51737,Solanaceae,Solanum
335525890,2025-08-06 15:04:16,2025-08-06,Mountain Time (US & Canada),9595148,casual,0,true,"E 23rd Ave, Denver, CO, US",39.7508043889,-104.8970436026,4,,,,4,,,false,,,,Cucurbita,gourds,Plantae,55425,Cucurbitaceae,Cucurbita
335525910,2025-08-06 15:04:45,2025-08-06,Mountain Time (US & Canada),9595148,casual,0,true,"E 23rd Ave, Denver, CO, US",39.7508625174,-104.8970560079,3,,,,3,,,false,,,,Cosmos bipinnatus,garden cosmos,Plantae,68562,Asteraceae,Cosmos
335525921,2025-08-06 15:05:11,2025-08-06,Mountain Time (US & Canada),9595148,casual,0,true,"E 23rd Ave, Denver, CO, US",39.7509374097,-104.89707076,5,,,,5,,,false,,,,Zinnia elegans,Elegant Zinnia,Plantae,181901,Asteraceae,Zinnia
335525940,2025-08-06 15:05:26,2025-08-06,Mountain Time (US & Canada),9595148,casual,0,true,"E 23rd Ave, Denver, CO, US",39.7508408921,-104.8970287667,6,,,,6,,,false,,,Clarkia,Clarkia,Clarkias,Plantae,47789,Onagraceae,Clarkia
335525973,2025-08-06 15:05:48,2025-08-06,Mountain Time (US & Canada),9595148,casual,0,true,"E 23rd Ave, Denver, CO, US",39.7508781497,-104.8970608694,4,,,,4,,,false,,,,Centaurea,knapweeds,Plantae,48160,Asteraceae,Centaurea
335526056,2025-08-06 15:06:37,2025-08-06,Mountain Time (US & Canada),9595148,casual,0,true,"E 23rd Ave, Denver, CO, US",39.7508792348,-104.8970536883,6,,,,6,,,false,,,,Tropaeolum majus,garden nasturtium,Plantae,54329,Tropaeolaceae,Tropaeolum
335526435,2025-08-06 12:49:52,2025-08-06,Mountain Time (US & Canada),9595148,casual,0,true,"Vaughn St, Aurora, CO, US",39.7238833504,-104.8309543916,3,,,,3,,,false,,,,Eruca vesicaria,rocketsalad,Plantae,77058,Brassicaceae,Eruca
335526480,2025-08-06 15:07:26,2025-08-06,Mountain Time (US & Canada),9595148,casual,0,true,"E 23rd Ave, Denver, CO, US",39.7507502457,-104.8971375783,3,,,,3,,,false,,,,Tagetes erecta,Mexican Marigold,Plantae,79312,Asteraceae,Tagetes
335526510,2025-08-06 15:07:40,2025-08-06,Mountain Time (US & Canada),9595148,casual,0,true,"E 23rd Ave, Denver, CO, US",39.750660663,-104.8971394148,3,,,,3,,,false,,,eneldo,Anethum graveolens,Dill,Plantae,75445,Apiaceae,Anethum
335526541,2025-08-06 15:07:58,2025-08-06,Mountain Time (US & Canada),9595148,casual,0,true,"E 23rd Ave, Denver, CO, US",39.7506423733,-104.8970900543,3,,,,3,,,false,,,,Solanum lycopersicum,tomato,Plantae,51737,Solanaceae,Solanum
335526574,2025-08-06 15:08:10,2025-08-06,Mountain Time (US & Canada),9595148,casual,0,true,"E 23rd Ave, Denver, CO, US",39.7506112699,-104.8971617037,3,,,,3,,,false,,,Origanum,Origanum,,Plantae,61397,Lamiaceae,Origanum
335526607,2025-08-06 15:08:20,2025-08-06,Mountain Time (US & Canada),9595148,casual,0,true,"E 23rd Ave, Denver, CO, US",39.750631135,-104.8971264158,3,,,,3,,,false,,,,Allium tuberosum,Garlic Chives,Plantae,122343,Amaryllidaceae,Allium
